pair,model_1,model_2,scenario,condition,episode_idx,correct,final_choice,n_turns,guide_goal_failure,guide_says_leave,no_leave,null_choice,ambiguous_leave,substring_match,prompt_leakage,cascade_leakage,repetitive_loop,max_turns_hit,single_word_seeker,multi_leave,ava_parroting,parenthetical_aside,meta_commentary,tier1_count,tier2_count,tier3_count,any_quality_issue,measurement_suspect
DeepSeek-R1-Distill-Llama-8B x DeepSeek-R1-Distill-Llama-8B,DeepSeek-R1-Distill-Llama-8B,DeepSeek-R1-Distill-Llama-8B,key_in_boxes,mutual_coop,0,0,,16,0,0,1,1,0,0,1,0,1,1,0,0,1,0,0,0,6,0,1,0
DeepSeek-R1-Distill-Llama-8B x DeepSeek-R1-Distill-Llama-8B,DeepSeek-R1-Distill-Llama-8B,DeepSeek-R1-Distill-Llama-8B,wallet_desk_drawer,conflict_adv,10,0,,16,0,0,1,1,0,1,1,0,1,1,1,0,0,0,0,0,7,0,1,0
DeepSeek-R1-Distill-Llama-8B x DeepSeek-R1-Distill-Llama-8B,DeepSeek-R1-Distill-Llama-8B,DeepSeek-R1-Distill-Llama-8B,wallet_desk_drawer,mutual_incoh,11,0,,16,1,0,1,1,0,0,1,0,1,1,0,0,0,0,0,1,5,0,1,1
DeepSeek-R1-Distill-Llama-8B x DeepSeek-R1-Distill-Llama-8B,DeepSeek-R1-Distill-Llama-8B,DeepSeek-R1-Distill-Llama-8B,package_door_porch,mutual_coop,12,0,,16,0,0,1,1,0,0,1,0,1,1,0,0,0,0,0,0,5,0,1,0
DeepSeek-R1-Distill-Llama-8B x DeepSeek-R1-Distill-Llama-8B,DeepSeek-R1-Distill-Llama-8B,DeepSeek-R1-Distill-Llama-8B,package_door_porch,asym_coop,13,0,,16,0,0,1,1,0,0,1,0,1,1,0,0,0,0,0,0,5,0,1,0
DeepSeek-R1-Distill-Llama-8B x DeepSeek-R1-Distill-Llama-8B,DeepSeek-R1-Distill-Llama-8B,DeepSeek-R1-Distill-Llama-8B,package_door_porch,asym_adv,14,0,,16,0,0,1,1,0,0,1,0,1,1,0,0,1,0,0,0,6,0,1,0
DeepSeek-R1-Distill-Llama-8B x DeepSeek-R1-Distill-Llama-8B,DeepSeek-R1-Distill-Llama-8B,DeepSeek-R1-Distill-Llama-8B,package_door_porch,conflict_coop,15,0,,16,0,0,1,1,0,0,1,0,1,1,0,0,1,0,0,0,6,0,1,0
DeepSeek-R1-Distill-Llama-8B x DeepSeek-R1-Distill-Llama-8B,DeepSeek-R1-Distill-Llama-8B,DeepSeek-R1-Distill-Llama-8B,package_door_porch,conflict_adv,16,0,,16,0,0,1,1,0,0,1,0,1,1,0,0,0,0,0,0,5,0,1,0
DeepSeek-R1-Distill-Llama-8B x DeepSeek-R1-Distill-Llama-8B,DeepSeek-R1-Distill-Llama-8B,DeepSeek-R1-Distill-Llama-8B,package_door_porch,mutual_incoh,17,0,,16,0,0,1,1,0,0,1,0,1,1,0,0,0,0,0,0,5,0,1,0
DeepSeek-R1-Distill-Llama-8B x DeepSeek-R1-Distill-Llama-8B,DeepSeek-R1-Distill-Llama-8B,DeepSeek-R1-Distill-Llama-8B,phone_table_couch,mutual_coop,18,0,,16,0,0,1,1,0,0,1,0,1,1,0,0,1,0,0,0,6,0,1,0
DeepSeek-R1-Distill-Llama-8B x DeepSeek-R1-Distill-Llama-8B,DeepSeek-R1-Distill-Llama-8B,DeepSeek-R1-Distill-Llama-8B,phone_table_couch,asym_coop,19,0,,16,0,0,1,1,0,0,1,0,1,1,0,0,1,0,0,0,6,0,1,0
DeepSeek-R1-Distill-Llama-8B x DeepSeek-R1-Distill-Llama-8B,DeepSeek-R1-Distill-Llama-8B,DeepSeek-R1-Distill-Llama-8B,key_in_boxes,asym_coop,1,0,,16,0,0,1,1,0,0,1,0,1,1,0,0,0,0,0,0,5,0,1,0
DeepSeek-R1-Distill-Llama-8B x DeepSeek-R1-Distill-Llama-8B,DeepSeek-R1-Distill-Llama-8B,DeepSeek-R1-Distill-Llama-8B,phone_table_couch,asym_adv,20,0,,16,0,0,1,1,0,0,1,0,1,1,0,0,1,0,0,0,6,0,1,0
DeepSeek-R1-Distill-Llama-8B x DeepSeek-R1-Distill-Llama-8B,DeepSeek-R1-Distill-Llama-8B,DeepSeek-R1-Distill-Llama-8B,phone_table_couch,conflict_coop,21,0,,16,0,0,1,1,0,0,1,0,1,1,0,0,1,0,0,0,6,0,1,0
DeepSeek-R1-Distill-Llama-8B x DeepSeek-R1-Distill-Llama-8B,DeepSeek-R1-Distill-Llama-8B,DeepSeek-R1-Distill-Llama-8B,phone_table_couch,conflict_adv,22,0,,16,0,0,1,1,0,0,1,0,1,1,0,0,0,0,0,0,5,0,1,0
DeepSeek-R1-Distill-Llama-8B x DeepSeek-R1-Distill-Llama-8B,DeepSeek-R1-Distill-Llama-8B,DeepSeek-R1-Distill-Llama-8B,phone_table_couch,mutual_incoh,23,0,,16,0,0,1,1,0,0,1,0,1,1,0,0,1,0,0,0,6,0,1,0
DeepSeek-R1-Distill-Llama-8B x DeepSeek-R1-Distill-Llama-8B,DeepSeek-R1-Distill-Llama-8B,DeepSeek-R1-Distill-Llama-8B,book_shelf_bag,mutual_coop,24,0,,16,0,0,1,1,0,0,1,0,1,1,0,0,1,0,0,0,6,0,1,0
DeepSeek-R1-Distill-Llama-8B x DeepSeek-R1-Distill-Llama-8B,DeepSeek-R1-Distill-Llama-8B,DeepSeek-R1-Distill-Llama-8B,book_shelf_bag,asym_coop,25,0,,16,0,0,1,1,0,0,1,0,1,1,0,0,1,0,0,0,6,0,1,0
DeepSeek-R1-Distill-Llama-8B x DeepSeek-R1-Distill-Llama-8B,DeepSeek-R1-Distill-Llama-8B,DeepSeek-R1-Distill-Llama-8B,book_shelf_bag,asym_adv,26,0,,16,1,0,1,1,0,0,0,0,1,1,0,0,0,0,0,1,4,0,1,1
DeepSeek-R1-Distill-Llama-8B x DeepSeek-R1-Distill-Llama-8B,DeepSeek-R1-Distill-Llama-8B,DeepSeek-R1-Distill-Llama-8B,book_shelf_bag,conflict_coop,27,0,,16,0,0,1,1,0,0,1,0,1,1,0,0,1,0,0,0,6,0,1,0
DeepSeek-R1-Distill-Llama-8B x DeepSeek-R1-Distill-Llama-8B,DeepSeek-R1-Distill-Llama-8B,DeepSeek-R1-Distill-Llama-8B,book_shelf_bag,conflict_adv,28,0,,16,0,0,1,1,0,0,1,0,1,1,0,0,1,0,0,0,6,0,1,0
DeepSeek-R1-Distill-Llama-8B x DeepSeek-R1-Distill-Llama-8B,DeepSeek-R1-Distill-Llama-8B,DeepSeek-R1-Distill-Llama-8B,book_shelf_bag,mutual_incoh,29,0,,16,0,0,1,1,0,0,1,0,1,1,0,0,0,0,0,0,5,0,1,0
DeepSeek-R1-Distill-Llama-8B x DeepSeek-R1-Distill-Llama-8B,DeepSeek-R1-Distill-Llama-8B,DeepSeek-R1-Distill-Llama-8B,key_in_boxes,asym_adv,2,0,blue box,4,0,0,0,0,0,0,1,0,0,0,0,0,0,0,0,0,1,0,1,0
DeepSeek-R1-Distill-Llama-8B x DeepSeek-R1-Distill-Llama-8B,DeepSeek-R1-Distill-Llama-8B,DeepSeek-R1-Distill-Llama-8B,glasses_counter_shelf,mutual_coop,30,0,,16,0,0,1,1,0,0,1,0,1,1,0,0,1,0,0,0,6,0,1,0
DeepSeek-R1-Distill-Llama-8B x DeepSeek-R1-Distill-Llama-8B,DeepSeek-R1-Distill-Llama-8B,DeepSeek-R1-Distill-Llama-8B,glasses_counter_shelf,asym_coop,31,0,,16,0,0,1,1,0,0,1,0,1,1,0,0,0,0,0,0,5,0,1,0
DeepSeek-R1-Distill-Llama-8B x DeepSeek-R1-Distill-Llama-8B,DeepSeek-R1-Distill-Llama-8B,DeepSeek-R1-Distill-Llama-8B,glasses_counter_shelf,asym_adv,32,0,,16,0,0,1,1,0,0,1,0,1,1,0,0,1,0,0,0,6,0,1,0
DeepSeek-R1-Distill-Llama-8B x DeepSeek-R1-Distill-Llama-8B,DeepSeek-R1-Distill-Llama-8B,DeepSeek-R1-Distill-Llama-8B,glasses_counter_shelf,conflict_coop,33,0,,16,0,0,1,1,0,0,0,0,1,1,0,0,1,0,0,0,5,0,1,0
DeepSeek-R1-Distill-Llama-8B x DeepSeek-R1-Distill-Llama-8B,DeepSeek-R1-Distill-Llama-8B,DeepSeek-R1-Distill-Llama-8B,glasses_counter_shelf,conflict_adv,34,0,,16,0,0,1,1,0,0,1,0,1,1,0,0,1,0,0,0,6,0,1,0
DeepSeek-R1-Distill-Llama-8B x DeepSeek-R1-Distill-Llama-8B,DeepSeek-R1-Distill-Llama-8B,DeepSeek-R1-Distill-Llama-8B,glasses_counter_shelf,mutual_incoh,35,0,,16,0,0,1,1,0,0,1,0,1,1,0,0,1,0,0,0,6,0,1,0
DeepSeek-R1-Distill-Llama-8B x DeepSeek-R1-Distill-Llama-8B,DeepSeek-R1-Distill-Llama-8B,DeepSeek-R1-Distill-Llama-8B,hat_hook_chair,mutual_coop,36,0,,16,0,0,1,1,0,0,1,0,1,1,0,0,1,0,0,0,6,0,1,0
DeepSeek-R1-Distill-Llama-8B x DeepSeek-R1-Distill-Llama-8B,DeepSeek-R1-Distill-Llama-8B,DeepSeek-R1-Distill-Llama-8B,key_in_boxes,conflict_coop,3,0,,16,0,0,1,1,0,0,1,0,1,1,0,0,1,0,0,0,6,0,1,0
DeepSeek-R1-Distill-Llama-8B x DeepSeek-R1-Distill-Llama-8B,DeepSeek-R1-Distill-Llama-8B,DeepSeek-R1-Distill-Llama-8B,key_in_boxes,conflict_adv,4,0,,16,0,0,1,1,0,0,1,0,1,1,0,0,0,0,0,0,5,0,1,0
DeepSeek-R1-Distill-Llama-8B x DeepSeek-R1-Distill-Llama-8B,DeepSeek-R1-Distill-Llama-8B,DeepSeek-R1-Distill-Llama-8B,key_in_boxes,mutual_incoh,5,0,,16,1,0,1,1,0,0,1,0,1,1,0,0,1,0,0,1,6,0,1,1
DeepSeek-R1-Distill-Llama-8B x DeepSeek-R1-Distill-Llama-8B,DeepSeek-R1-Distill-Llama-8B,DeepSeek-R1-Distill-Llama-8B,wallet_desk_drawer,mutual_coop,6,0,,16,0,0,1,1,0,0,1,0,1,1,1,0,1,0,0,0,7,0,1,0
DeepSeek-R1-Distill-Llama-8B x DeepSeek-R1-Distill-Llama-8B,DeepSeek-R1-Distill-Llama-8B,DeepSeek-R1-Distill-Llama-8B,wallet_desk_drawer,asym_coop,7,0,,2,0,0,0,1,0,0,0,0,0,0,0,0,0,0,0,0,1,0,1,0
DeepSeek-R1-Distill-Llama-8B x DeepSeek-R1-Distill-Llama-8B,DeepSeek-R1-Distill-Llama-8B,DeepSeek-R1-Distill-Llama-8B,wallet_desk_drawer,asym_adv,8,0,,2,1,0,0,1,0,0,1,0,0,0,0,0,0,0,0,1,2,0,1,1
DeepSeek-R1-Distill-Llama-8B x DeepSeek-R1-Distill-Llama-8B,DeepSeek-R1-Distill-Llama-8B,DeepSeek-R1-Distill-Llama-8B,wallet_desk_drawer,conflict_coop,9,0,,14,0,0,0,1,0,0,1,0,1,0,0,0,1,0,0,0,4,0,1,0
Meta-Llama-3-8B-Instruct x Meta-Llama-3-8B-Instruct,Meta-Llama-3-8B-Instruct,Meta-Llama-3-8B-Instruct,key_in_boxes,mutual_coop,0,1,red box,10,0,0,0,0,0,0,0,0,0,0,0,0,0,0,0,0,0,0,0,0
Meta-Llama-3-8B-Instruct x Meta-Llama-3-8B-Instruct,Meta-Llama-3-8B-Instruct,Meta-Llama-3-8B-Instruct,flashlight_drawer_shelf,conflict_adv,100,0,shelf,10,0,0,0,0,0,0,0,0,0,0,0,0,0,0,0,0,0,0,0,0
Meta-Llama-3-8B-Instruct x Meta-Llama-3-8B-Instruct,Meta-Llama-3-8B-Instruct,Meta-Llama-3-8B-Instruct,flashlight_drawer_shelf,mutual_incoh,101,1,drawer,16,0,0,0,0,0,0,0,0,0,1,0,0,0,0,0,0,1,0,1,0
Meta-Llama-3-8B-Instruct x Meta-Llama-3-8B-Instruct,Meta-Llama-3-8B-Instruct,Meta-Llama-3-8B-Instruct,scissors_cabinet_desk,mutual_coop,102,0,cabinet,6,0,0,0,0,0,0,0,0,0,0,0,0,0,0,0,0,0,0,0,0
Meta-Llama-3-8B-Instruct x Meta-Llama-3-8B-Instruct,Meta-Llama-3-8B-Instruct,Meta-Llama-3-8B-Instruct,scissors_cabinet_desk,asym_coop,103,0,,16,0,0,1,1,0,0,0,0,1,1,0,0,0,0,0,0,4,0,1,0
Meta-Llama-3-8B-Instruct x Meta-Llama-3-8B-Instruct,Meta-Llama-3-8B-Instruct,Meta-Llama-3-8B-Instruct,scissors_cabinet_desk,asym_adv,104,1,desk,10,0,0,0,0,0,0,0,0,0,0,0,0,0,0,0,0,0,0,0,0
Meta-Llama-3-8B-Instruct x Meta-Llama-3-8B-Instruct,Meta-Llama-3-8B-Instruct,Meta-Llama-3-8B-Instruct,scissors_cabinet_desk,conflict_coop,105,0,cabinet,14,0,0,0,0,0,0,0,0,1,0,0,0,0,0,0,0,1,0,1,0
Meta-Llama-3-8B-Instruct x Meta-Llama-3-8B-Instruct,Meta-Llama-3-8B-Instruct,Meta-Llama-3-8B-Instruct,scissors_cabinet_desk,conflict_adv,106,1,desk,14,0,0,0,0,0,0,0,0,0,0,0,0,0,0,0,0,0,0,0,0
Meta-Llama-3-8B-Instruct x Meta-Llama-3-8B-Instruct,Meta-Llama-3-8B-Instruct,Meta-Llama-3-8B-Instruct,scissors_cabinet_desk,mutual_incoh,107,1,desk,12,0,0,0,0,0,0,0,0,0,0,0,0,0,0,0,0,0,0,0,0
Meta-Llama-3-8B-Instruct x Meta-Llama-3-8B-Instruct,Meta-Llama-3-8B-Instruct,Meta-Llama-3-8B-Instruct,toy_bin_rug,mutual_coop,108,0,,16,0,0,1,1,0,0,0,0,1,1,0,0,0,0,0,0,4,0,1,0
Meta-Llama-3-8B-Instruct x Meta-Llama-3-8B-Instruct,Meta-Llama-3-8B-Instruct,Meta-Llama-3-8B-Instruct,toy_bin_rug,asym_coop,109,1,bin,4,0,0,0,0,0,0,0,0,0,0,0,0,0,0,0,0,0,0,0,0
Meta-Llama-3-8B-Instruct x Meta-Llama-3-8B-Instruct,Meta-Llama-3-8B-Instruct,Meta-Llama-3-8B-Instruct,wallet_desk_drawer,conflict_adv,10,1,drawer,10,0,0,0,0,0,0,0,0,0,0,0,0,0,0,0,0,0,0,0,0
Meta-Llama-3-8B-Instruct x Meta-Llama-3-8B-Instruct,Meta-Llama-3-8B-Instruct,Meta-Llama-3-8B-Instruct,toy_bin_rug,asym_adv,110,1,bin,10,0,0,0,0,0,0,0,0,0,0,0,0,0,0,0,0,0,0,0,0
Meta-Llama-3-8B-Instruct x Meta-Llama-3-8B-Instruct,Meta-Llama-3-8B-Instruct,Meta-Llama-3-8B-Instruct,toy_bin_rug,conflict_coop,111,0,rug,8,0,0,0,0,0,0,0,0,0,0,0,0,0,0,0,0,0,0,0,0
Meta-Llama-3-8B-Instruct x Meta-Llama-3-8B-Instruct,Meta-Llama-3-8B-Instruct,Meta-Llama-3-8B-Instruct,toy_bin_rug,conflict_adv,112,1,bin,10,0,0,0,0,0,0,0,0,0,0,0,0,0,0,0,0,0,0,0,0
Meta-Llama-3-8B-Instruct x Meta-Llama-3-8B-Instruct,Meta-Llama-3-8B-Instruct,Meta-Llama-3-8B-Instruct,toy_bin_rug,mutual_incoh,113,0,rug,14,0,0,0,0,0,0,0,0,0,0,0,0,0,0,0,0,0,0,0,0
Meta-Llama-3-8B-Instruct x Meta-Llama-3-8B-Instruct,Meta-Llama-3-8B-Instruct,Meta-Llama-3-8B-Instruct,watch_dresser_nightstand,mutual_coop,114,0,,9,0,0,1,1,0,0,0,0,0,0,0,0,0,0,0,0,2,0,1,0
Meta-Llama-3-8B-Instruct x Meta-Llama-3-8B-Instruct,Meta-Llama-3-8B-Instruct,Meta-Llama-3-8B-Instruct,watch_dresser_nightstand,asym_coop,115,0,dresser,12,0,0,0,0,0,0,0,0,0,0,0,0,0,0,0,0,0,0,0,0
Meta-Llama-3-8B-Instruct x Meta-Llama-3-8B-Instruct,Meta-Llama-3-8B-Instruct,Meta-Llama-3-8B-Instruct,watch_dresser_nightstand,asym_adv,116,0,,12,0,0,0,1,0,0,0,0,0,0,0,0,0,0,0,0,1,0,1,0
Meta-Llama-3-8B-Instruct x Meta-Llama-3-8B-Instruct,Meta-Llama-3-8B-Instruct,Meta-Llama-3-8B-Instruct,watch_dresser_nightstand,conflict_coop,117,0,dresser,8,0,0,0,0,0,0,0,0,0,0,0,0,0,0,0,0,0,0,0,0
Meta-Llama-3-8B-Instruct x Meta-Llama-3-8B-Instruct,Meta-Llama-3-8B-Instruct,Meta-Llama-3-8B-Instruct,watch_dresser_nightstand,conflict_adv,118,0,dresser,8,0,0,0,0,0,0,0,0,0,0,0,0,0,0,0,0,0,0,0,0
Meta-Llama-3-8B-Instruct x Meta-Llama-3-8B-Instruct,Meta-Llama-3-8B-Instruct,Meta-Llama-3-8B-Instruct,watch_dresser_nightstand,mutual_incoh,119,1,nightstand,12,0,0,0,0,0,0,0,0,1,0,0,0,0,0,0,0,1,0,1,0
Meta-Llama-3-8B-Instruct x Meta-Llama-3-8B-Instruct,Meta-Llama-3-8B-Instruct,Meta-Llama-3-8B-Instruct,wallet_desk_drawer,mutual_incoh,11,1,drawer,10,0,0,0,0,0,0,0,0,0,0,0,0,0,0,0,0,0,0,0,0
Meta-Llama-3-8B-Instruct x Meta-Llama-3-8B-Instruct,Meta-Llama-3-8B-Instruct,Meta-Llama-3-8B-Instruct,candle_mantle_table,mutual_coop,120,0,,16,0,0,1,1,0,0,0,0,1,1,0,0,0,0,0,0,4,0,1,0
Meta-Llama-3-8B-Instruct x Meta-Llama-3-8B-Instruct,Meta-Llama-3-8B-Instruct,Meta-Llama-3-8B-Instruct,candle_mantle_table,asym_coop,121,0,,16,0,0,1,1,0,0,0,0,0,1,0,0,0,0,0,0,3,0,1,0
Meta-Llama-3-8B-Instruct x Meta-Llama-3-8B-Instruct,Meta-Llama-3-8B-Instruct,Meta-Llama-3-8B-Instruct,candle_mantle_table,asym_adv,122,1,mantle,10,0,0,0,0,0,0,0,0,0,0,0,0,0,0,0,0,0,0,0,0
Meta-Llama-3-8B-Instruct x Meta-Llama-3-8B-Instruct,Meta-Llama-3-8B-Instruct,Meta-Llama-3-8B-Instruct,candle_mantle_table,conflict_coop,123,0,table,10,0,0,0,0,0,0,0,0,0,0,0,0,0,0,0,0,0,0,0,0
Meta-Llama-3-8B-Instruct x Meta-Llama-3-8B-Instruct,Meta-Llama-3-8B-Instruct,Meta-Llama-3-8B-Instruct,candle_mantle_table,conflict_adv,124,1,mantle,10,0,0,0,0,0,0,0,0,0,0,0,0,0,0,0,0,0,0,0,0
Meta-Llama-3-8B-Instruct x Meta-Llama-3-8B-Instruct,Meta-Llama-3-8B-Instruct,Meta-Llama-3-8B-Instruct,candle_mantle_table,mutual_incoh,125,1,mantle,14,0,0,0,0,0,0,0,0,0,0,0,0,0,0,0,0,0,0,0,0
Meta-Llama-3-8B-Instruct x Meta-Llama-3-8B-Instruct,Meta-Llama-3-8B-Instruct,Meta-Llama-3-8B-Instruct,fork_drawer_counter,mutual_coop,126,0,drawer,14,0,0,0,0,0,0,0,0,0,0,0,0,0,0,0,0,0,0,0,0
Meta-Llama-3-8B-Instruct x Meta-Llama-3-8B-Instruct,Meta-Llama-3-8B-Instruct,Meta-Llama-3-8B-Instruct,fork_drawer_counter,asym_coop,127,1,counter,12,0,0,0,0,0,0,0,0,0,0,0,0,0,0,0,0,0,0,0,0
Meta-Llama-3-8B-Instruct x Meta-Llama-3-8B-Instruct,Meta-Llama-3-8B-Instruct,Meta-Llama-3-8B-Instruct,fork_drawer_counter,asym_adv,128,1,counter,8,0,0,0,0,0,0,0,0,0,0,0,0,0,0,0,0,0,0,0,0
Meta-Llama-3-8B-Instruct x Meta-Llama-3-8B-Instruct,Meta-Llama-3-8B-Instruct,Meta-Llama-3-8B-Instruct,fork_drawer_counter,conflict_coop,129,0,drawer,8,0,0,0,0,0,0,0,0,0,0,0,0,0,0,0,0,0,0,0,0
Meta-Llama-3-8B-Instruct x Meta-Llama-3-8B-Instruct,Meta-Llama-3-8B-Instruct,Meta-Llama-3-8B-Instruct,package_door_porch,mutual_coop,12,0,,4,0,0,0,1,0,0,0,0,0,0,0,0,0,0,0,0,1,0,1,0
Meta-Llama-3-8B-Instruct x Meta-Llama-3-8B-Instruct,Meta-Llama-3-8B-Instruct,Meta-Llama-3-8B-Instruct,fork_drawer_counter,conflict_adv,130,1,counter,16,0,0,0,0,0,0,0,0,0,1,0,0,0,0,0,0,1,0,1,0
Meta-Llama-3-8B-Instruct x Meta-Llama-3-8B-Instruct,Meta-Llama-3-8B-Instruct,Meta-Llama-3-8B-Instruct,fork_drawer_counter,mutual_incoh,131,1,counter,10,0,0,0,0,0,0,0,0,0,0,0,0,0,0,0,0,0,0,0,0
Meta-Llama-3-8B-Instruct x Meta-Llama-3-8B-Instruct,Meta-Llama-3-8B-Instruct,Meta-Llama-3-8B-Instruct,ticket_pocket_bag,mutual_coop,132,0,bag,16,0,0,0,0,0,0,0,0,0,1,0,0,0,0,0,0,1,0,1,0
Meta-Llama-3-8B-Instruct x Meta-Llama-3-8B-Instruct,Meta-Llama-3-8B-Instruct,Meta-Llama-3-8B-Instruct,ticket_pocket_bag,asym_coop,133,0,,16,0,0,1,1,0,0,0,0,1,1,0,0,0,0,0,0,4,0,1,0
Meta-Llama-3-8B-Instruct x Meta-Llama-3-8B-Instruct,Meta-Llama-3-8B-Instruct,Meta-Llama-3-8B-Instruct,ticket_pocket_bag,asym_adv,134,1,pocket,16,0,0,0,0,0,0,0,0,1,1,0,0,0,0,0,0,2,0,1,0
Meta-Llama-3-8B-Instruct x Meta-Llama-3-8B-Instruct,Meta-Llama-3-8B-Instruct,Meta-Llama-3-8B-Instruct,ticket_pocket_bag,conflict_coop,135,0,bag,14,0,0,0,0,0,0,0,0,0,0,0,0,0,0,0,0,0,0,0,0
Meta-Llama-3-8B-Instruct x Meta-Llama-3-8B-Instruct,Meta-Llama-3-8B-Instruct,Meta-Llama-3-8B-Instruct,ticket_pocket_bag,conflict_adv,136,1,pocket,8,0,0,0,0,0,0,0,0,0,0,0,0,0,0,0,0,0,0,0,0
Meta-Llama-3-8B-Instruct x Meta-Llama-3-8B-Instruct,Meta-Llama-3-8B-Instruct,Meta-Llama-3-8B-Instruct,ticket_pocket_bag,mutual_incoh,137,1,pocket,12,0,0,0,0,0,0,0,0,0,0,0,0,0,0,0,0,0,0,0,0
Meta-Llama-3-8B-Instruct x Meta-Llama-3-8B-Instruct,Meta-Llama-3-8B-Instruct,Meta-Llama-3-8B-Instruct,map_table_wall,mutual_coop,138,0,,6,0,0,1,1,0,0,0,0,0,0,0,0,0,0,0,0,2,0,1,0
Meta-Llama-3-8B-Instruct x Meta-Llama-3-8B-Instruct,Meta-Llama-3-8B-Instruct,Meta-Llama-3-8B-Instruct,map_table_wall,asym_coop,139,0,,16,0,0,1,1,0,0,0,0,0,1,0,0,0,0,0,0,3,0,1,0
Meta-Llama-3-8B-Instruct x Meta-Llama-3-8B-Instruct,Meta-Llama-3-8B-Instruct,Meta-Llama-3-8B-Instruct,package_door_porch,asym_coop,13,1,back porch,8,0,0,0,0,0,0,0,0,0,0,0,0,0,0,0,0,0,0,0,0
Meta-Llama-3-8B-Instruct x Meta-Llama-3-8B-Instruct,Meta-Llama-3-8B-Instruct,Meta-Llama-3-8B-Instruct,map_table_wall,asym_adv,140,0,,16,0,0,1,1,0,0,0,0,1,1,0,0,0,0,0,0,4,0,1,0
Meta-Llama-3-8B-Instruct x Meta-Llama-3-8B-Instruct,Meta-Llama-3-8B-Instruct,Meta-Llama-3-8B-Instruct,map_table_wall,conflict_coop,141,0,,16,0,0,1,1,0,0,0,0,0,1,0,0,0,0,0,0,3,0,1,0
Meta-Llama-3-8B-Instruct x Meta-Llama-3-8B-Instruct,Meta-Llama-3-8B-Instruct,Meta-Llama-3-8B-Instruct,map_table_wall,conflict_adv,142,1,wall,10,0,0,0,0,0,0,0,0,0,0,0,0,0,0,0,0,0,0,0,0
Meta-Llama-3-8B-Instruct x Meta-Llama-3-8B-Instruct,Meta-Llama-3-8B-Instruct,Meta-Llama-3-8B-Instruct,map_table_wall,mutual_incoh,143,1,wall,8,0,0,0,0,0,0,0,0,0,0,0,0,0,0,0,0,0,0,0,0
Meta-Llama-3-8B-Instruct x Meta-Llama-3-8B-Instruct,Meta-Llama-3-8B-Instruct,Meta-Llama-3-8B-Instruct,broom_closet_corner,mutual_coop,144,1,closet,8,0,0,0,0,0,0,0,0,0,0,0,0,0,0,0,0,0,0,0,0
Meta-Llama-3-8B-Instruct x Meta-Llama-3-8B-Instruct,Meta-Llama-3-8B-Instruct,Meta-Llama-3-8B-Instruct,broom_closet_corner,asym_coop,145,0,corner,10,0,0,0,0,0,0,0,0,0,0,0,0,0,0,0,0,0,0,0,0
Meta-Llama-3-8B-Instruct x Meta-Llama-3-8B-Instruct,Meta-Llama-3-8B-Instruct,Meta-Llama-3-8B-Instruct,broom_closet_corner,asym_adv,146,1,closet,10,0,0,0,0,0,0,0,0,0,0,0,0,0,0,0,0,0,0,0,0
Meta-Llama-3-8B-Instruct x Meta-Llama-3-8B-Instruct,Meta-Llama-3-8B-Instruct,Meta-Llama-3-8B-Instruct,broom_closet_corner,conflict_coop,147,0,corner,8,0,0,0,0,0,0,0,0,0,0,0,0,0,0,0,0,0,0,0,0
Meta-Llama-3-8B-Instruct x Meta-Llama-3-8B-Instruct,Meta-Llama-3-8B-Instruct,Meta-Llama-3-8B-Instruct,broom_closet_corner,conflict_adv,148,0,corner,14,0,0,0,0,0,0,0,0,0,0,0,0,0,0,0,0,0,0,0,0
Meta-Llama-3-8B-Instruct x Meta-Llama-3-8B-Instruct,Meta-Llama-3-8B-Instruct,Meta-Llama-3-8B-Instruct,broom_closet_corner,mutual_incoh,149,1,closet,14,0,0,0,0,0,0,0,0,0,0,0,0,0,0,0,0,0,0,0,0
Meta-Llama-3-8B-Instruct x Meta-Llama-3-8B-Instruct,Meta-Llama-3-8B-Instruct,Meta-Llama-3-8B-Instruct,package_door_porch,asym_adv,14,0,,8,0,0,0,1,0,0,0,0,0,0,0,0,0,0,0,0,1,0,1,0
Meta-Llama-3-8B-Instruct x Meta-Llama-3-8B-Instruct,Meta-Llama-3-8B-Instruct,Meta-Llama-3-8B-Instruct,camera_bag_shelf,mutual_coop,150,1,shelf,12,0,0,0,0,0,0,0,0,0,0,0,0,0,0,0,0,0,0,0,0
Meta-Llama-3-8B-Instruct x Meta-Llama-3-8B-Instruct,Meta-Llama-3-8B-Instruct,Meta-Llama-3-8B-Instruct,camera_bag_shelf,asym_coop,151,0,,16,0,0,1,1,0,0,0,0,1,1,0,0,0,0,0,0,4,0,1,0
Meta-Llama-3-8B-Instruct x Meta-Llama-3-8B-Instruct,Meta-Llama-3-8B-Instruct,Meta-Llama-3-8B-Instruct,camera_bag_shelf,asym_adv,152,1,shelf,16,0,0,0,0,0,0,0,0,0,1,0,0,0,0,0,0,1,0,1,0
Meta-Llama-3-8B-Instruct x Meta-Llama-3-8B-Instruct,Meta-Llama-3-8B-Instruct,Meta-Llama-3-8B-Instruct,camera_bag_shelf,conflict_coop,153,0,,16,0,0,1,1,0,0,0,0,1,1,0,0,0,0,0,0,4,0,1,0
Meta-Llama-3-8B-Instruct x Meta-Llama-3-8B-Instruct,Meta-Llama-3-8B-Instruct,Meta-Llama-3-8B-Instruct,camera_bag_shelf,conflict_adv,154,1,shelf,6,0,0,0,0,0,0,0,0,0,0,0,0,0,0,0,0,0,0,0,0
Meta-Llama-3-8B-Instruct x Meta-Llama-3-8B-Instruct,Meta-Llama-3-8B-Instruct,Meta-Llama-3-8B-Instruct,camera_bag_shelf,mutual_incoh,155,0,,16,0,0,0,1,0,0,0,0,0,1,0,0,0,0,0,0,2,0,1,0
Meta-Llama-3-8B-Instruct x Meta-Llama-3-8B-Instruct,Meta-Llama-3-8B-Instruct,Meta-Llama-3-8B-Instruct,brush_drawer_counter,mutual_coop,156,0,,16,0,0,1,1,0,0,0,0,1,1,0,0,0,0,0,0,4,0,1,0
Meta-Llama-3-8B-Instruct x Meta-Llama-3-8B-Instruct,Meta-Llama-3-8B-Instruct,Meta-Llama-3-8B-Instruct,brush_drawer_counter,asym_coop,157,0,,16,0,0,1,1,0,0,0,0,0,1,0,0,0,0,0,0,3,0,1,0
Meta-Llama-3-8B-Instruct x Meta-Llama-3-8B-Instruct,Meta-Llama-3-8B-Instruct,Meta-Llama-3-8B-Instruct,brush_drawer_counter,asym_adv,158,0,counter,10,0,0,0,0,0,0,0,0,0,0,0,0,0,0,0,0,0,0,0,0
Meta-Llama-3-8B-Instruct x Meta-Llama-3-8B-Instruct,Meta-Llama-3-8B-Instruct,Meta-Llama-3-8B-Instruct,brush_drawer_counter,conflict_coop,159,0,counter,10,0,0,0,0,0,0,0,0,0,0,0,0,0,0,0,0,0,0,0,0
Meta-Llama-3-8B-Instruct x Meta-Llama-3-8B-Instruct,Meta-Llama-3-8B-Instruct,Meta-Llama-3-8B-Instruct,package_door_porch,conflict_coop,15,0,,4,0,0,0,1,0,0,0,0,0,0,0,0,0,0,0,0,1,0,1,0
Meta-Llama-3-8B-Instruct x Meta-Llama-3-8B-Instruct,Meta-Llama-3-8B-Instruct,Meta-Llama-3-8B-Instruct,brush_drawer_counter,conflict_adv,160,0,,5,0,0,1,1,0,0,0,0,0,0,0,0,0,0,0,0,2,0,1,0
Meta-Llama-3-8B-Instruct x Meta-Llama-3-8B-Instruct,Meta-Llama-3-8B-Instruct,Meta-Llama-3-8B-Instruct,brush_drawer_counter,mutual_incoh,161,1,drawer,10,0,0,0,0,1,0,0,0,0,0,0,0,0,0,0,0,1,0,1,0
Meta-Llama-3-8B-Instruct x Meta-Llama-3-8B-Instruct,Meta-Llama-3-8B-Instruct,Meta-Llama-3-8B-Instruct,spoon_cup_bowl,mutual_coop,162,0,cup,6,0,0,0,0,0,0,0,0,0,0,0,0,0,0,0,0,0,0,0,0
Meta-Llama-3-8B-Instruct x Meta-Llama-3-8B-Instruct,Meta-Llama-3-8B-Instruct,Meta-Llama-3-8B-Instruct,spoon_cup_bowl,asym_coop,163,0,,16,0,0,1,1,0,0,0,0,1,1,0,0,0,0,0,0,4,0,1,0
Meta-Llama-3-8B-Instruct x Meta-Llama-3-8B-Instruct,Meta-Llama-3-8B-Instruct,Meta-Llama-3-8B-Instruct,spoon_cup_bowl,asym_adv,164,0,cup,16,0,0,0,0,0,0,0,0,0,1,0,0,0,0,0,0,1,0,1,0
Meta-Llama-3-8B-Instruct x Meta-Llama-3-8B-Instruct,Meta-Llama-3-8B-Instruct,Meta-Llama-3-8B-Instruct,spoon_cup_bowl,conflict_coop,165,0,cup,8,0,0,0,0,0,0,0,0,0,0,0,0,0,0,0,0,0,0,0,0
Meta-Llama-3-8B-Instruct x Meta-Llama-3-8B-Instruct,Meta-Llama-3-8B-Instruct,Meta-Llama-3-8B-Instruct,spoon_cup_bowl,conflict_adv,166,1,bowl,16,0,0,0,0,0,0,0,0,0,1,0,0,0,0,0,0,1,0,1,0
Meta-Llama-3-8B-Instruct x Meta-Llama-3-8B-Instruct,Meta-Llama-3-8B-Instruct,Meta-Llama-3-8B-Instruct,spoon_cup_bowl,mutual_incoh,167,1,bowl,10,0,0,0,0,0,0,0,0,0,0,0,0,0,0,0,0,0,0,0,0
Meta-Llama-3-8B-Instruct x Meta-Llama-3-8B-Instruct,Meta-Llama-3-8B-Instruct,Meta-Llama-3-8B-Instruct,badge_desk_hook,mutual_coop,168,0,hook,16,0,0,0,0,0,0,0,0,1,1,0,0,0,0,0,0,2,0,1,0
Meta-Llama-3-8B-Instruct x Meta-Llama-3-8B-Instruct,Meta-Llama-3-8B-Instruct,Meta-Llama-3-8B-Instruct,badge_desk_hook,asym_coop,169,0,,16,0,0,1,1,0,0,0,0,0,1,0,0,0,0,0,0,3,0,1,0
Meta-Llama-3-8B-Instruct x Meta-Llama-3-8B-Instruct,Meta-Llama-3-8B-Instruct,Meta-Llama-3-8B-Instruct,package_door_porch,conflict_adv,16,1,back porch,12,0,0,0,0,0,0,0,0,0,0,0,0,0,0,0,0,0,0,0,0
Meta-Llama-3-8B-Instruct x Meta-Llama-3-8B-Instruct,Meta-Llama-3-8B-Instruct,Meta-Llama-3-8B-Instruct,badge_desk_hook,asym_adv,170,0,hook,12,0,0,0,0,0,0,0,0,0,0,0,0,0,0,0,0,0,0,0,0
Meta-Llama-3-8B-Instruct x Meta-Llama-3-8B-Instruct,Meta-Llama-3-8B-Instruct,Meta-Llama-3-8B-Instruct,badge_desk_hook,conflict_coop,171,0,hook,10,0,0,0,0,0,0,0,0,0,0,0,0,0,0,0,0,0,0,0,0
Meta-Llama-3-8B-Instruct x Meta-Llama-3-8B-Instruct,Meta-Llama-3-8B-Instruct,Meta-Llama-3-8B-Instruct,badge_desk_hook,conflict_adv,172,1,desk,8,0,0,0,0,0,0,0,0,0,0,0,0,0,0,0,0,0,0,0,0
Meta-Llama-3-8B-Instruct x Meta-Llama-3-8B-Instruct,Meta-Llama-3-8B-Instruct,Meta-Llama-3-8B-Instruct,badge_desk_hook,mutual_incoh,173,0,,16,0,0,1,1,0,0,0,0,1,1,0,0,0,0,0,0,4,0,1,0
Meta-Llama-3-8B-Instruct x Meta-Llama-3-8B-Instruct,Meta-Llama-3-8B-Instruct,Meta-Llama-3-8B-Instruct,lantern_tent_truck,mutual_coop,174,1,truck,6,0,0,0,0,0,0,0,0,0,0,0,0,0,0,0,0,0,0,0,0
Meta-Llama-3-8B-Instruct x Meta-Llama-3-8B-Instruct,Meta-Llama-3-8B-Instruct,Meta-Llama-3-8B-Instruct,lantern_tent_truck,asym_coop,175,0,tent,16,0,0,0,0,0,0,0,0,1,1,0,0,0,0,0,0,2,0,1,0
Meta-Llama-3-8B-Instruct x Meta-Llama-3-8B-Instruct,Meta-Llama-3-8B-Instruct,Meta-Llama-3-8B-Instruct,lantern_tent_truck,asym_adv,176,0,,16,0,0,1,1,0,0,0,0,0,1,0,0,0,0,0,0,3,0,1,0
Meta-Llama-3-8B-Instruct x Meta-Llama-3-8B-Instruct,Meta-Llama-3-8B-Instruct,Meta-Llama-3-8B-Instruct,lantern_tent_truck,conflict_coop,177,0,tent,14,0,0,0,0,0,0,0,0,0,0,0,0,0,0,0,0,0,0,0,0
Meta-Llama-3-8B-Instruct x Meta-Llama-3-8B-Instruct,Meta-Llama-3-8B-Instruct,Meta-Llama-3-8B-Instruct,lantern_tent_truck,conflict_adv,178,0,,16,0,0,1,1,0,0,0,0,0,1,0,0,0,0,0,0,3,0,1,0
Meta-Llama-3-8B-Instruct x Meta-Llama-3-8B-Instruct,Meta-Llama-3-8B-Instruct,Meta-Llama-3-8B-Instruct,lantern_tent_truck,mutual_incoh,179,1,truck,6,0,0,0,0,0,0,0,0,0,0,0,0,0,0,0,0,0,0,0,0
Meta-Llama-3-8B-Instruct x Meta-Llama-3-8B-Instruct,Meta-Llama-3-8B-Instruct,Meta-Llama-3-8B-Instruct,package_door_porch,mutual_incoh,17,1,back porch,8,0,0,0,0,0,0,0,0,0,0,0,0,0,0,0,0,0,0,0,0
Meta-Llama-3-8B-Instruct x Meta-Llama-3-8B-Instruct,Meta-Llama-3-8B-Instruct,Meta-Llama-3-8B-Instruct,blanket_bed_chair,mutual_coop,180,1,bed,2,0,0,0,0,0,0,0,0,0,0,0,0,0,0,0,0,0,0,0,0
Meta-Llama-3-8B-Instruct x Meta-Llama-3-8B-Instruct,Meta-Llama-3-8B-Instruct,Meta-Llama-3-8B-Instruct,blanket_bed_chair,asym_coop,181,0,,16,0,0,1,1,0,0,0,0,1,1,0,0,0,0,0,0,4,0,1,0
Meta-Llama-3-8B-Instruct x Meta-Llama-3-8B-Instruct,Meta-Llama-3-8B-Instruct,Meta-Llama-3-8B-Instruct,blanket_bed_chair,asym_adv,182,1,bed,10,0,0,0,0,0,0,0,0,0,0,0,0,0,0,0,0,0,0,0,0
Meta-Llama-3-8B-Instruct x Meta-Llama-3-8B-Instruct,Meta-Llama-3-8B-Instruct,Meta-Llama-3-8B-Instruct,blanket_bed_chair,conflict_coop,183,0,chair,10,0,0,0,0,0,0,0,0,0,0,0,0,0,0,0,0,0,0,0,0
Meta-Llama-3-8B-Instruct x Meta-Llama-3-8B-Instruct,Meta-Llama-3-8B-Instruct,Meta-Llama-3-8B-Instruct,blanket_bed_chair,conflict_adv,184,1,bed,6,0,0,0,0,0,0,0,0,0,0,0,0,0,0,0,0,0,0,0,0
Meta-Llama-3-8B-Instruct x Meta-Llama-3-8B-Instruct,Meta-Llama-3-8B-Instruct,Meta-Llama-3-8B-Instruct,blanket_bed_chair,mutual_incoh,185,1,bed,12,0,0,0,0,0,0,0,0,0,0,0,0,0,0,0,0,0,0,0,0
Meta-Llama-3-8B-Instruct x Meta-Llama-3-8B-Instruct,Meta-Llama-3-8B-Instruct,Meta-Llama-3-8B-Instruct,tape_drawer_shelf,mutual_coop,186,0,,10,0,0,0,1,0,0,0,0,1,0,0,0,0,0,0,0,2,0,1,0
Meta-Llama-3-8B-Instruct x Meta-Llama-3-8B-Instruct,Meta-Llama-3-8B-Instruct,Meta-Llama-3-8B-Instruct,tape_drawer_shelf,asym_coop,187,0,,16,0,0,1,1,0,0,0,0,1,1,0,0,0,0,0,0,4,0,1,0
Meta-Llama-3-8B-Instruct x Meta-Llama-3-8B-Instruct,Meta-Llama-3-8B-Instruct,Meta-Llama-3-8B-Instruct,tape_drawer_shelf,asym_adv,188,1,shelf,8,0,0,0,0,0,0,0,0,0,0,0,0,0,0,0,0,0,0,0,0
Meta-Llama-3-8B-Instruct x Meta-Llama-3-8B-Instruct,Meta-Llama-3-8B-Instruct,Meta-Llama-3-8B-Instruct,tape_drawer_shelf,conflict_coop,189,0,drawer,8,0,0,0,0,0,0,0,0,0,0,0,0,0,0,0,0,0,0,0,0
Meta-Llama-3-8B-Instruct x Meta-Llama-3-8B-Instruct,Meta-Llama-3-8B-Instruct,Meta-Llama-3-8B-Instruct,phone_table_couch,mutual_coop,18,1,table,10,0,0,0,0,0,0,0,0,1,0,0,0,0,0,0,0,1,0,1,0
Meta-Llama-3-8B-Instruct x Meta-Llama-3-8B-Instruct,Meta-Llama-3-8B-Instruct,Meta-Llama-3-8B-Instruct,tape_drawer_shelf,conflict_adv,190,1,shelf,10,0,0,0,0,0,0,0,0,0,0,0,0,0,0,0,0,0,0,0,0
Meta-Llama-3-8B-Instruct x Meta-Llama-3-8B-Instruct,Meta-Llama-3-8B-Instruct,Meta-Llama-3-8B-Instruct,tape_drawer_shelf,mutual_incoh,191,1,shelf,6,0,0,0,0,0,0,0,0,0,0,0,0,0,0,0,0,0,0,0,0
Meta-Llama-3-8B-Instruct x Meta-Llama-3-8B-Instruct,Meta-Llama-3-8B-Instruct,Meta-Llama-3-8B-Instruct,charger_desk_bed,mutual_coop,192,1,desk,10,0,0,0,0,0,0,0,0,0,0,0,0,0,0,0,0,0,0,0,0
Meta-Llama-3-8B-Instruct x Meta-Llama-3-8B-Instruct,Meta-Llama-3-8B-Instruct,Meta-Llama-3-8B-Instruct,charger_desk_bed,asym_coop,193,0,bed,16,0,0,0,0,0,0,0,0,0,1,0,0,0,0,0,0,1,0,1,0
Meta-Llama-3-8B-Instruct x Meta-Llama-3-8B-Instruct,Meta-Llama-3-8B-Instruct,Meta-Llama-3-8B-Instruct,charger_desk_bed,asym_adv,194,1,desk,14,0,0,0,0,0,0,0,0,0,0,0,0,0,0,0,0,0,0,0,0
Meta-Llama-3-8B-Instruct x Meta-Llama-3-8B-Instruct,Meta-Llama-3-8B-Instruct,Meta-Llama-3-8B-Instruct,charger_desk_bed,conflict_coop,195,0,,16,0,0,1,1,0,0,0,0,1,1,0,0,0,0,0,0,4,0,1,0
Meta-Llama-3-8B-Instruct x Meta-Llama-3-8B-Instruct,Meta-Llama-3-8B-Instruct,Meta-Llama-3-8B-Instruct,charger_desk_bed,conflict_adv,196,1,desk,8,0,0,0,0,0,0,0,0,0,0,0,0,0,0,0,0,0,0,0,0
Meta-Llama-3-8B-Instruct x Meta-Llama-3-8B-Instruct,Meta-Llama-3-8B-Instruct,Meta-Llama-3-8B-Instruct,charger_desk_bed,mutual_incoh,197,1,desk,8,0,0,0,0,0,0,0,0,0,0,0,0,0,0,0,0,0,0,0,0
Meta-Llama-3-8B-Instruct x Meta-Llama-3-8B-Instruct,Meta-Llama-3-8B-Instruct,Meta-Llama-3-8B-Instruct,bottle_fridge_counter,mutual_coop,198,0,,16,0,0,1,1,0,0,0,0,1,1,0,0,0,0,0,0,4,0,1,0
Meta-Llama-3-8B-Instruct x Meta-Llama-3-8B-Instruct,Meta-Llama-3-8B-Instruct,Meta-Llama-3-8B-Instruct,bottle_fridge_counter,asym_coop,199,0,,16,0,0,1,1,0,0,0,0,1,1,0,0,0,0,0,0,4,0,1,0
Meta-Llama-3-8B-Instruct x Meta-Llama-3-8B-Instruct,Meta-Llama-3-8B-Instruct,Meta-Llama-3-8B-Instruct,phone_table_couch,asym_coop,19,0,,16,0,0,1,1,0,0,0,0,1,1,0,0,0,0,0,0,4,0,1,0
Meta-Llama-3-8B-Instruct x Meta-Llama-3-8B-Instruct,Meta-Llama-3-8B-Instruct,Meta-Llama-3-8B-Instruct,key_in_boxes,asym_coop,1,1,red box,14,0,0,0,0,0,0,0,0,0,0,0,0,0,0,0,0,0,0,0,0
Meta-Llama-3-8B-Instruct x Meta-Llama-3-8B-Instruct,Meta-Llama-3-8B-Instruct,Meta-Llama-3-8B-Instruct,bottle_fridge_counter,asym_adv,200,0,,16,0,0,1,1,0,0,0,0,1,1,0,0,0,0,0,0,4,0,1,0
Meta-Llama-3-8B-Instruct x Meta-Llama-3-8B-Instruct,Meta-Llama-3-8B-Instruct,Meta-Llama-3-8B-Instruct,bottle_fridge_counter,conflict_coop,201,1,counter,6,0,0,0,0,0,0,0,0,0,0,0,0,0,0,0,0,0,0,0,0
Meta-Llama-3-8B-Instruct x Meta-Llama-3-8B-Instruct,Meta-Llama-3-8B-Instruct,Meta-Llama-3-8B-Instruct,bottle_fridge_counter,conflict_adv,202,0,,16,0,0,1,1,0,0,0,0,1,1,0,0,0,0,0,0,4,0,1,0
Meta-Llama-3-8B-Instruct x Meta-Llama-3-8B-Instruct,Meta-Llama-3-8B-Instruct,Meta-Llama-3-8B-Instruct,bottle_fridge_counter,mutual_incoh,203,1,counter,10,0,0,0,0,0,0,0,0,0,0,0,0,0,0,0,0,0,0,0,0
Meta-Llama-3-8B-Instruct x Meta-Llama-3-8B-Instruct,Meta-Llama-3-8B-Instruct,Meta-Llama-3-8B-Instruct,notebook_desk_backpack,mutual_coop,204,1,desk,16,0,0,0,0,0,0,0,0,1,1,0,0,0,0,0,0,2,0,1,0
Meta-Llama-3-8B-Instruct x Meta-Llama-3-8B-Instruct,Meta-Llama-3-8B-Instruct,Meta-Llama-3-8B-Instruct,notebook_desk_backpack,asym_coop,205,0,,16,0,0,1,1,0,0,0,0,1,1,0,0,0,0,0,0,4,0,1,0
Meta-Llama-3-8B-Instruct x Meta-Llama-3-8B-Instruct,Meta-Llama-3-8B-Instruct,Meta-Llama-3-8B-Instruct,notebook_desk_backpack,asym_adv,206,1,desk,14,0,0,0,0,0,0,0,0,0,0,0,0,0,0,0,0,0,0,0,0
Meta-Llama-3-8B-Instruct x Meta-Llama-3-8B-Instruct,Meta-Llama-3-8B-Instruct,Meta-Llama-3-8B-Instruct,notebook_desk_backpack,conflict_coop,207,0,,16,0,0,1,1,0,0,0,0,1,1,0,0,0,0,0,0,4,0,1,0
Meta-Llama-3-8B-Instruct x Meta-Llama-3-8B-Instruct,Meta-Llama-3-8B-Instruct,Meta-Llama-3-8B-Instruct,notebook_desk_backpack,conflict_adv,208,0,backpack,8,0,0,0,0,0,0,0,0,0,0,0,0,0,0,0,0,0,0,0,0
Meta-Llama-3-8B-Instruct x Meta-Llama-3-8B-Instruct,Meta-Llama-3-8B-Instruct,Meta-Llama-3-8B-Instruct,notebook_desk_backpack,mutual_incoh,209,0,,16,0,0,1,1,0,0,0,0,1,1,0,0,0,0,0,0,4,0,1,0
Meta-Llama-3-8B-Instruct x Meta-Llama-3-8B-Instruct,Meta-Llama-3-8B-Instruct,Meta-Llama-3-8B-Instruct,phone_table_couch,asym_adv,20,1,table,6,0,0,0,0,0,0,0,0,0,0,0,0,0,0,0,0,0,0,0,0
Meta-Llama-3-8B-Instruct x Meta-Llama-3-8B-Instruct,Meta-Llama-3-8B-Instruct,Meta-Llama-3-8B-Instruct,wrench_bench_toolbox,mutual_coop,210,0,,16,0,0,1,1,0,1,0,0,1,1,0,0,0,0,0,0,5,0,1,0
Meta-Llama-3-8B-Instruct x Meta-Llama-3-8B-Instruct,Meta-Llama-3-8B-Instruct,Meta-Llama-3-8B-Instruct,wrench_bench_toolbox,asym_coop,211,0,,16,0,0,1,1,0,0,0,0,0,1,0,0,0,0,0,0,3,0,1,0
Meta-Llama-3-8B-Instruct x Meta-Llama-3-8B-Instruct,Meta-Llama-3-8B-Instruct,Meta-Llama-3-8B-Instruct,wrench_bench_toolbox,asym_adv,212,1,toolbox,12,0,0,0,0,0,1,0,0,0,0,0,0,0,0,0,0,1,0,1,0
Meta-Llama-3-8B-Instruct x Meta-Llama-3-8B-Instruct,Meta-Llama-3-8B-Instruct,Meta-Llama-3-8B-Instruct,wrench_bench_toolbox,conflict_coop,213,0,,16,0,0,1,1,0,1,0,0,1,1,0,0,0,0,0,0,5,0,1,0
Meta-Llama-3-8B-Instruct x Meta-Llama-3-8B-Instruct,Meta-Llama-3-8B-Instruct,Meta-Llama-3-8B-Instruct,wrench_bench_toolbox,conflict_adv,214,1,toolbox,10,0,0,0,0,0,1,0,0,0,0,0,0,0,0,0,0,1,0,1,0
Meta-Llama-3-8B-Instruct x Meta-Llama-3-8B-Instruct,Meta-Llama-3-8B-Instruct,Meta-Llama-3-8B-Instruct,wrench_bench_toolbox,mutual_incoh,215,1,toolbox,10,0,0,0,0,0,1,0,0,1,0,0,0,0,0,0,0,2,0,1,0
Meta-Llama-3-8B-Instruct x Meta-Llama-3-8B-Instruct,Meta-Llama-3-8B-Instruct,Meta-Llama-3-8B-Instruct,pillow_bed_couch,mutual_coop,216,1,bed,10,0,0,0,0,0,0,0,0,0,0,0,0,0,0,0,0,0,0,0,0
Meta-Llama-3-8B-Instruct x Meta-Llama-3-8B-Instruct,Meta-Llama-3-8B-Instruct,Meta-Llama-3-8B-Instruct,pillow_bed_couch,asym_coop,217,1,bed,8,0,0,0,0,0,0,0,0,0,0,0,0,0,0,0,0,0,0,0,0
Meta-Llama-3-8B-Instruct x Meta-Llama-3-8B-Instruct,Meta-Llama-3-8B-Instruct,Meta-Llama-3-8B-Instruct,pillow_bed_couch,asym_adv,218,1,bed,10,0,0,0,0,0,0,0,0,0,0,0,0,0,0,0,0,0,0,0,0
Meta-Llama-3-8B-Instruct x Meta-Llama-3-8B-Instruct,Meta-Llama-3-8B-Instruct,Meta-Llama-3-8B-Instruct,pillow_bed_couch,conflict_coop,219,0,couch,10,0,0,0,0,0,0,0,0,0,0,0,0,0,0,0,0,0,0,0,0
Meta-Llama-3-8B-Instruct x Meta-Llama-3-8B-Instruct,Meta-Llama-3-8B-Instruct,Meta-Llama-3-8B-Instruct,phone_table_couch,conflict_coop,21,0,,16,0,0,1,1,0,0,0,0,0,1,0,0,0,0,0,0,3,0,1,0
Meta-Llama-3-8B-Instruct x Meta-Llama-3-8B-Instruct,Meta-Llama-3-8B-Instruct,Meta-Llama-3-8B-Instruct,pillow_bed_couch,conflict_adv,220,1,bed,6,0,0,0,0,0,0,0,0,0,0,0,0,0,0,0,0,0,0,0,0
Meta-Llama-3-8B-Instruct x Meta-Llama-3-8B-Instruct,Meta-Llama-3-8B-Instruct,Meta-Llama-3-8B-Instruct,pillow_bed_couch,mutual_incoh,221,0,couch,10,0,0,0,0,0,0,0,0,0,0,0,0,0,0,0,0,0,0,0,0
Meta-Llama-3-8B-Instruct x Meta-Llama-3-8B-Instruct,Meta-Llama-3-8B-Instruct,Meta-Llama-3-8B-Instruct,hammer_shelf_floor,mutual_coop,222,1,floor,10,0,0,0,0,0,0,0,0,0,0,0,0,0,0,0,0,0,0,0,0
Meta-Llama-3-8B-Instruct x Meta-Llama-3-8B-Instruct,Meta-Llama-3-8B-Instruct,Meta-Llama-3-8B-Instruct,hammer_shelf_floor,asym_coop,223,0,,16,0,0,1,1,0,0,0,0,1,1,0,0,0,0,0,0,4,0,1,0
Meta-Llama-3-8B-Instruct x Meta-Llama-3-8B-Instruct,Meta-Llama-3-8B-Instruct,Meta-Llama-3-8B-Instruct,hammer_shelf_floor,asym_adv,224,0,,16,0,0,1,1,0,0,0,0,0,1,0,0,0,0,0,0,3,0,1,0
Meta-Llama-3-8B-Instruct x Meta-Llama-3-8B-Instruct,Meta-Llama-3-8B-Instruct,Meta-Llama-3-8B-Instruct,hammer_shelf_floor,conflict_coop,225,0,shelf,8,0,0,0,0,0,0,0,0,0,0,0,0,0,0,0,0,0,0,0,0
Meta-Llama-3-8B-Instruct x Meta-Llama-3-8B-Instruct,Meta-Llama-3-8B-Instruct,Meta-Llama-3-8B-Instruct,hammer_shelf_floor,conflict_adv,226,1,floor,16,0,0,0,0,0,0,0,0,0,1,0,0,0,0,0,0,1,0,1,0
Meta-Llama-3-8B-Instruct x Meta-Llama-3-8B-Instruct,Meta-Llama-3-8B-Instruct,Meta-Llama-3-8B-Instruct,hammer_shelf_floor,mutual_incoh,227,1,floor,16,0,0,0,0,1,0,0,0,0,1,0,0,0,0,0,0,2,0,1,0
Meta-Llama-3-8B-Instruct x Meta-Llama-3-8B-Instruct,Meta-Llama-3-8B-Instruct,Meta-Llama-3-8B-Instruct,receipt_pocket_folder,mutual_coop,228,0,folder,10,0,0,0,0,0,0,0,0,0,0,0,0,0,0,0,0,0,0,0,0
Meta-Llama-3-8B-Instruct x Meta-Llama-3-8B-Instruct,Meta-Llama-3-8B-Instruct,Meta-Llama-3-8B-Instruct,receipt_pocket_folder,asym_coop,229,0,,16,0,0,1,1,0,0,1,0,1,1,0,0,0,0,0,0,5,0,1,0
Meta-Llama-3-8B-Instruct x Meta-Llama-3-8B-Instruct,Meta-Llama-3-8B-Instruct,Meta-Llama-3-8B-Instruct,phone_table_couch,conflict_adv,22,0,,16,0,0,1,1,0,0,0,0,0,1,0,0,0,0,0,0,3,0,1,0
Meta-Llama-3-8B-Instruct x Meta-Llama-3-8B-Instruct,Meta-Llama-3-8B-Instruct,Meta-Llama-3-8B-Instruct,receipt_pocket_folder,asym_adv,230,1,pocket,10,0,0,0,0,0,0,0,0,0,0,0,0,0,0,0,0,0,0,0,0
Meta-Llama-3-8B-Instruct x Meta-Llama-3-8B-Instruct,Meta-Llama-3-8B-Instruct,Meta-Llama-3-8B-Instruct,receipt_pocket_folder,conflict_coop,231,0,folder,10,0,0,0,0,0,0,0,0,0,0,0,0,0,0,0,0,0,0,0,0
Meta-Llama-3-8B-Instruct x Meta-Llama-3-8B-Instruct,Meta-Llama-3-8B-Instruct,Meta-Llama-3-8B-Instruct,receipt_pocket_folder,conflict_adv,232,1,pocket,12,0,0,0,0,0,0,0,0,0,0,0,0,0,0,0,0,0,0,0,0
Meta-Llama-3-8B-Instruct x Meta-Llama-3-8B-Instruct,Meta-Llama-3-8B-Instruct,Meta-Llama-3-8B-Instruct,receipt_pocket_folder,mutual_incoh,233,1,pocket,12,0,0,0,0,0,0,0,0,0,0,0,0,0,0,0,0,0,0,0,0
Meta-Llama-3-8B-Instruct x Meta-Llama-3-8B-Instruct,Meta-Llama-3-8B-Instruct,Meta-Llama-3-8B-Instruct,plate_table_sink,mutual_coop,234,0,table,16,0,0,0,0,0,0,0,0,1,1,0,0,0,0,0,0,2,0,1,0
Meta-Llama-3-8B-Instruct x Meta-Llama-3-8B-Instruct,Meta-Llama-3-8B-Instruct,Meta-Llama-3-8B-Instruct,plate_table_sink,asym_coop,235,0,,16,0,0,1,1,0,0,0,0,1,1,0,0,0,0,0,0,4,0,1,0
Meta-Llama-3-8B-Instruct x Meta-Llama-3-8B-Instruct,Meta-Llama-3-8B-Instruct,Meta-Llama-3-8B-Instruct,plate_table_sink,asym_adv,236,1,sink,10,0,0,0,0,0,0,0,0,0,0,0,0,0,0,0,0,0,0,0,0
Meta-Llama-3-8B-Instruct x Meta-Llama-3-8B-Instruct,Meta-Llama-3-8B-Instruct,Meta-Llama-3-8B-Instruct,plate_table_sink,conflict_coop,237,1,sink,4,0,0,0,0,0,0,0,0,0,0,0,0,0,0,0,0,0,0,0,0
Meta-Llama-3-8B-Instruct x Meta-Llama-3-8B-Instruct,Meta-Llama-3-8B-Instruct,Meta-Llama-3-8B-Instruct,plate_table_sink,conflict_adv,238,1,sink,6,0,0,0,0,0,0,0,0,0,0,0,0,0,0,0,0,0,0,0,0
Meta-Llama-3-8B-Instruct x Meta-Llama-3-8B-Instruct,Meta-Llama-3-8B-Instruct,Meta-Llama-3-8B-Instruct,plate_table_sink,mutual_incoh,239,1,sink,6,0,0,0,0,0,0,0,0,0,0,0,0,0,0,0,0,0,0,0,0
Meta-Llama-3-8B-Instruct x Meta-Llama-3-8B-Instruct,Meta-Llama-3-8B-Instruct,Meta-Llama-3-8B-Instruct,phone_table_couch,mutual_incoh,23,1,table,14,0,0,0,0,0,0,0,0,0,0,0,0,0,0,0,0,0,0,0,0
Meta-Llama-3-8B-Instruct x Meta-Llama-3-8B-Instruct,Meta-Llama-3-8B-Instruct,Meta-Llama-3-8B-Instruct,jacket_hook_chair,mutual_coop,240,0,,16,0,0,1,1,0,0,0,0,1,1,0,0,0,0,0,0,4,0,1,0
Meta-Llama-3-8B-Instruct x Meta-Llama-3-8B-Instruct,Meta-Llama-3-8B-Instruct,Meta-Llama-3-8B-Instruct,jacket_hook_chair,asym_coop,241,0,,16,0,0,1,1,0,0,0,0,1,1,0,0,0,0,0,0,4,0,1,0
Meta-Llama-3-8B-Instruct x Meta-Llama-3-8B-Instruct,Meta-Llama-3-8B-Instruct,Meta-Llama-3-8B-Instruct,jacket_hook_chair,asym_adv,242,1,hook,10,0,0,0,0,0,0,0,0,0,0,0,0,0,0,0,0,0,0,0,0
Meta-Llama-3-8B-Instruct x Meta-Llama-3-8B-Instruct,Meta-Llama-3-8B-Instruct,Meta-Llama-3-8B-Instruct,jacket_hook_chair,conflict_coop,243,0,chair,12,0,0,0,0,0,0,0,0,0,0,0,0,0,0,0,0,0,0,0,0
Meta-Llama-3-8B-Instruct x Meta-Llama-3-8B-Instruct,Meta-Llama-3-8B-Instruct,Meta-Llama-3-8B-Instruct,jacket_hook_chair,conflict_adv,244,1,hook,12,0,0,0,0,0,0,0,0,0,0,0,0,0,0,0,0,0,0,0,0
Meta-Llama-3-8B-Instruct x Meta-Llama-3-8B-Instruct,Meta-Llama-3-8B-Instruct,Meta-Llama-3-8B-Instruct,jacket_hook_chair,mutual_incoh,245,1,hook,12,0,0,0,0,0,0,0,0,0,0,0,0,0,0,0,0,0,0,0,0
Meta-Llama-3-8B-Instruct x Meta-Llama-3-8B-Instruct,Meta-Llama-3-8B-Instruct,Meta-Llama-3-8B-Instruct,ball_yard_garage,mutual_coop,246,1,garage,10,0,0,0,0,0,0,0,0,0,0,0,0,0,0,0,0,0,0,0,0
Meta-Llama-3-8B-Instruct x Meta-Llama-3-8B-Instruct,Meta-Llama-3-8B-Instruct,Meta-Llama-3-8B-Instruct,ball_yard_garage,asym_coop,247,0,,16,0,0,1,1,0,0,0,0,1,1,0,0,0,0,0,0,4,0,1,0
Meta-Llama-3-8B-Instruct x Meta-Llama-3-8B-Instruct,Meta-Llama-3-8B-Instruct,Meta-Llama-3-8B-Instruct,ball_yard_garage,asym_adv,248,1,garage,6,0,0,0,0,0,0,0,0,0,0,0,0,0,0,0,0,0,0,0,0
Meta-Llama-3-8B-Instruct x Meta-Llama-3-8B-Instruct,Meta-Llama-3-8B-Instruct,Meta-Llama-3-8B-Instruct,ball_yard_garage,conflict_coop,249,0,yard,14,0,0,0,0,0,0,0,0,0,0,0,0,0,0,0,0,0,0,0,0
Meta-Llama-3-8B-Instruct x Meta-Llama-3-8B-Instruct,Meta-Llama-3-8B-Instruct,Meta-Llama-3-8B-Instruct,book_shelf_bag,mutual_coop,24,0,bag,12,0,0,0,0,0,0,0,0,0,0,0,0,0,0,0,0,0,0,0,0
Meta-Llama-3-8B-Instruct x Meta-Llama-3-8B-Instruct,Meta-Llama-3-8B-Instruct,Meta-Llama-3-8B-Instruct,ball_yard_garage,conflict_adv,250,1,garage,12,0,0,0,0,0,0,0,0,0,0,0,0,0,0,0,0,0,0,0,0
Meta-Llama-3-8B-Instruct x Meta-Llama-3-8B-Instruct,Meta-Llama-3-8B-Instruct,Meta-Llama-3-8B-Instruct,ball_yard_garage,mutual_incoh,251,1,garage,16,0,0,0,0,0,0,0,0,0,1,0,0,0,0,0,0,1,0,1,0
Meta-Llama-3-8B-Instruct x Meta-Llama-3-8B-Instruct,Meta-Llama-3-8B-Instruct,Meta-Llama-3-8B-Instruct,stamp_drawer_tray,mutual_coop,252,1,drawer,6,0,0,0,0,0,0,0,0,0,0,0,0,0,0,0,0,0,0,0,0
Meta-Llama-3-8B-Instruct x Meta-Llama-3-8B-Instruct,Meta-Llama-3-8B-Instruct,Meta-Llama-3-8B-Instruct,stamp_drawer_tray,asym_coop,253,0,,16,0,0,1,1,0,0,0,0,1,1,0,0,0,0,0,0,4,0,1,0
Meta-Llama-3-8B-Instruct x Meta-Llama-3-8B-Instruct,Meta-Llama-3-8B-Instruct,Meta-Llama-3-8B-Instruct,stamp_drawer_tray,asym_adv,254,1,drawer,10,0,0,0,0,0,0,0,0,0,0,0,0,0,0,0,0,0,0,0,0
Meta-Llama-3-8B-Instruct x Meta-Llama-3-8B-Instruct,Meta-Llama-3-8B-Instruct,Meta-Llama-3-8B-Instruct,stamp_drawer_tray,conflict_coop,255,0,tray,14,0,0,0,0,0,0,0,0,0,0,0,0,0,0,0,0,0,0,0,0
Meta-Llama-3-8B-Instruct x Meta-Llama-3-8B-Instruct,Meta-Llama-3-8B-Instruct,Meta-Llama-3-8B-Instruct,stamp_drawer_tray,conflict_adv,256,1,drawer,10,0,0,0,0,0,0,0,0,0,0,0,0,0,0,0,0,0,0,0,0
Meta-Llama-3-8B-Instruct x Meta-Llama-3-8B-Instruct,Meta-Llama-3-8B-Instruct,Meta-Llama-3-8B-Instruct,stamp_drawer_tray,mutual_incoh,257,1,drawer,10,0,0,0,0,0,0,0,0,0,0,0,0,0,0,0,0,0,0,0,0
Meta-Llama-3-8B-Instruct x Meta-Llama-3-8B-Instruct,Meta-Llama-3-8B-Instruct,Meta-Llama-3-8B-Instruct,photo_shelf_drawer,mutual_coop,258,0,,16,0,0,1,1,0,0,0,0,1,1,0,0,0,0,0,0,4,0,1,0
Meta-Llama-3-8B-Instruct x Meta-Llama-3-8B-Instruct,Meta-Llama-3-8B-Instruct,Meta-Llama-3-8B-Instruct,photo_shelf_drawer,asym_coop,259,0,shelf,10,0,0,0,0,1,0,0,0,0,0,0,0,0,0,0,0,1,0,1,0
Meta-Llama-3-8B-Instruct x Meta-Llama-3-8B-Instruct,Meta-Llama-3-8B-Instruct,Meta-Llama-3-8B-Instruct,book_shelf_bag,asym_coop,25,0,,16,0,0,1,1,0,0,0,0,1,1,0,0,0,0,0,0,4,0,1,0
Meta-Llama-3-8B-Instruct x Meta-Llama-3-8B-Instruct,Meta-Llama-3-8B-Instruct,Meta-Llama-3-8B-Instruct,photo_shelf_drawer,asym_adv,260,1,drawer,16,0,0,0,0,0,0,0,0,0,1,0,0,0,0,0,0,1,0,1,0
Meta-Llama-3-8B-Instruct x Meta-Llama-3-8B-Instruct,Meta-Llama-3-8B-Instruct,Meta-Llama-3-8B-Instruct,photo_shelf_drawer,conflict_coop,261,0,shelf,6,0,0,0,0,0,0,0,0,0,0,0,0,0,0,0,0,0,0,0,0
Meta-Llama-3-8B-Instruct x Meta-Llama-3-8B-Instruct,Meta-Llama-3-8B-Instruct,Meta-Llama-3-8B-Instruct,photo_shelf_drawer,conflict_adv,262,0,shelf,8,0,0,0,0,0,0,0,0,0,0,0,0,0,0,0,0,0,0,0,0
Meta-Llama-3-8B-Instruct x Meta-Llama-3-8B-Instruct,Meta-Llama-3-8B-Instruct,Meta-Llama-3-8B-Instruct,photo_shelf_drawer,mutual_incoh,263,1,drawer,12,0,0,0,0,0,0,0,0,0,0,0,0,0,0,0,0,0,0,0,0
Meta-Llama-3-8B-Instruct x Meta-Llama-3-8B-Instruct,Meta-Llama-3-8B-Instruct,Meta-Llama-3-8B-Instruct,cable_desk_floor,mutual_coop,264,0,floor,10,0,0,0,0,0,0,0,0,0,0,0,0,0,0,0,0,0,0,0,0
Meta-Llama-3-8B-Instruct x Meta-Llama-3-8B-Instruct,Meta-Llama-3-8B-Instruct,Meta-Llama-3-8B-Instruct,cable_desk_floor,asym_coop,265,0,floor,16,0,0,0,0,1,0,0,0,1,1,0,0,0,0,0,0,3,0,1,0
Meta-Llama-3-8B-Instruct x Meta-Llama-3-8B-Instruct,Meta-Llama-3-8B-Instruct,Meta-Llama-3-8B-Instruct,cable_desk_floor,asym_adv,266,0,floor,12,0,0,0,0,0,0,0,0,0,0,0,0,0,0,0,0,0,0,0,0
Meta-Llama-3-8B-Instruct x Meta-Llama-3-8B-Instruct,Meta-Llama-3-8B-Instruct,Meta-Llama-3-8B-Instruct,cable_desk_floor,conflict_coop,267,0,,16,0,0,1,1,0,0,0,0,0,1,0,0,0,0,0,0,3,0,1,0
Meta-Llama-3-8B-Instruct x Meta-Llama-3-8B-Instruct,Meta-Llama-3-8B-Instruct,Meta-Llama-3-8B-Instruct,cable_desk_floor,conflict_adv,268,1,desk,8,0,0,0,0,0,0,0,0,0,0,0,0,0,0,0,0,0,0,0,0
Meta-Llama-3-8B-Instruct x Meta-Llama-3-8B-Instruct,Meta-Llama-3-8B-Instruct,Meta-Llama-3-8B-Instruct,cable_desk_floor,mutual_incoh,269,0,,16,0,0,1,1,0,0,0,0,0,1,0,0,0,0,0,0,3,0,1,0
Meta-Llama-3-8B-Instruct x Meta-Llama-3-8B-Instruct,Meta-Llama-3-8B-Instruct,Meta-Llama-3-8B-Instruct,book_shelf_bag,asym_adv,26,1,shelf,14,0,0,0,0,0,0,0,0,0,0,0,0,0,0,0,0,0,0,0,0
Meta-Llama-3-8B-Instruct x Meta-Llama-3-8B-Instruct,Meta-Llama-3-8B-Instruct,Meta-Llama-3-8B-Instruct,soap_shelf_ledge,mutual_coop,270,0,shelf,10,0,0,0,0,0,0,0,0,0,0,0,0,0,0,0,0,0,0,0,0
Meta-Llama-3-8B-Instruct x Meta-Llama-3-8B-Instruct,Meta-Llama-3-8B-Instruct,Meta-Llama-3-8B-Instruct,soap_shelf_ledge,asym_coop,271,0,shelf,10,0,0,0,0,0,0,0,0,0,0,0,0,0,0,0,0,0,0,0,0
Meta-Llama-3-8B-Instruct x Meta-Llama-3-8B-Instruct,Meta-Llama-3-8B-Instruct,Meta-Llama-3-8B-Instruct,soap_shelf_ledge,asym_adv,272,1,ledge,12,0,0,0,0,0,0,0,0,0,0,0,0,0,0,0,0,0,0,0,0
Meta-Llama-3-8B-Instruct x Meta-Llama-3-8B-Instruct,Meta-Llama-3-8B-Instruct,Meta-Llama-3-8B-Instruct,soap_shelf_ledge,conflict_coop,273,0,shelf,16,0,0,0,0,0,0,0,0,1,1,0,0,0,0,0,0,2,0,1,0
Meta-Llama-3-8B-Instruct x Meta-Llama-3-8B-Instruct,Meta-Llama-3-8B-Instruct,Meta-Llama-3-8B-Instruct,soap_shelf_ledge,conflict_adv,274,1,ledge,6,0,0,0,0,0,0,0,0,0,0,0,0,0,0,0,0,0,0,0,0
Meta-Llama-3-8B-Instruct x Meta-Llama-3-8B-Instruct,Meta-Llama-3-8B-Instruct,Meta-Llama-3-8B-Instruct,soap_shelf_ledge,mutual_incoh,275,1,ledge,10,0,0,0,0,0,0,0,0,0,0,0,0,0,0,0,0,0,0,0,0
Meta-Llama-3-8B-Instruct x Meta-Llama-3-8B-Instruct,Meta-Llama-3-8B-Instruct,Meta-Llama-3-8B-Instruct,glove_bench_pocket,mutual_coop,276,1,bench,12,0,0,0,0,0,0,0,0,0,0,0,0,0,0,0,0,0,0,0,0
Meta-Llama-3-8B-Instruct x Meta-Llama-3-8B-Instruct,Meta-Llama-3-8B-Instruct,Meta-Llama-3-8B-Instruct,glove_bench_pocket,asym_coop,277,0,pocket,16,0,0,0,0,0,0,0,0,0,1,0,0,0,0,0,0,1,0,1,0
Meta-Llama-3-8B-Instruct x Meta-Llama-3-8B-Instruct,Meta-Llama-3-8B-Instruct,Meta-Llama-3-8B-Instruct,glove_bench_pocket,asym_adv,278,1,bench,14,0,0,0,0,0,0,0,0,0,0,0,0,0,0,0,0,0,0,0,0
Meta-Llama-3-8B-Instruct x Meta-Llama-3-8B-Instruct,Meta-Llama-3-8B-Instruct,Meta-Llama-3-8B-Instruct,glove_bench_pocket,conflict_coop,279,0,pocket,14,0,0,0,0,1,0,0,0,0,0,0,0,0,0,0,0,1,0,1,0
Meta-Llama-3-8B-Instruct x Meta-Llama-3-8B-Instruct,Meta-Llama-3-8B-Instruct,Meta-Llama-3-8B-Instruct,book_shelf_bag,conflict_coop,27,0,,16,0,0,1,1,0,0,0,0,1,1,0,0,0,0,0,0,4,0,1,0
Meta-Llama-3-8B-Instruct x Meta-Llama-3-8B-Instruct,Meta-Llama-3-8B-Instruct,Meta-Llama-3-8B-Instruct,glove_bench_pocket,conflict_adv,280,1,bench,8,0,0,0,0,0,0,0,0,0,0,0,0,0,0,0,0,0,0,0,0
Meta-Llama-3-8B-Instruct x Meta-Llama-3-8B-Instruct,Meta-Llama-3-8B-Instruct,Meta-Llama-3-8B-Instruct,glove_bench_pocket,mutual_incoh,281,1,bench,16,0,0,0,0,0,0,0,0,1,1,0,0,0,0,0,0,2,0,1,0
Meta-Llama-3-8B-Instruct x Meta-Llama-3-8B-Instruct,Meta-Llama-3-8B-Instruct,Meta-Llama-3-8B-Instruct,sponge_sink_counter,mutual_coop,282,1,counter,12,0,0,0,0,0,0,0,0,0,0,0,0,0,0,0,0,0,0,0,0
Meta-Llama-3-8B-Instruct x Meta-Llama-3-8B-Instruct,Meta-Llama-3-8B-Instruct,Meta-Llama-3-8B-Instruct,sponge_sink_counter,asym_coop,283,0,,16,0,0,1,1,0,0,0,0,0,1,0,0,0,0,0,0,3,0,1,0
Meta-Llama-3-8B-Instruct x Meta-Llama-3-8B-Instruct,Meta-Llama-3-8B-Instruct,Meta-Llama-3-8B-Instruct,sponge_sink_counter,asym_adv,284,1,counter,12,0,0,0,0,0,0,0,0,0,0,0,0,0,0,0,0,0,0,0,0
Meta-Llama-3-8B-Instruct x Meta-Llama-3-8B-Instruct,Meta-Llama-3-8B-Instruct,Meta-Llama-3-8B-Instruct,sponge_sink_counter,conflict_coop,285,0,sink,10,0,0,0,0,0,0,0,0,0,0,0,0,0,0,0,0,0,0,0,0
Meta-Llama-3-8B-Instruct x Meta-Llama-3-8B-Instruct,Meta-Llama-3-8B-Instruct,Meta-Llama-3-8B-Instruct,sponge_sink_counter,conflict_adv,286,0,,16,0,0,1,1,0,0,0,0,0,1,0,0,0,0,0,0,3,0,1,0
Meta-Llama-3-8B-Instruct x Meta-Llama-3-8B-Instruct,Meta-Llama-3-8B-Instruct,Meta-Llama-3-8B-Instruct,sponge_sink_counter,mutual_incoh,287,0,,16,0,0,1,1,0,0,0,0,0,1,0,0,0,0,0,0,3,0,1,0
Meta-Llama-3-8B-Instruct x Meta-Llama-3-8B-Instruct,Meta-Llama-3-8B-Instruct,Meta-Llama-3-8B-Instruct,comb_drawer_shelf,mutual_coop,288,0,,8,0,0,0,1,0,0,0,0,0,0,0,0,0,0,0,0,1,0,1,0
Meta-Llama-3-8B-Instruct x Meta-Llama-3-8B-Instruct,Meta-Llama-3-8B-Instruct,Meta-Llama-3-8B-Instruct,comb_drawer_shelf,asym_coop,289,0,,16,0,0,1,1,0,0,0,0,0,1,0,0,0,0,0,0,3,0,1,0
Meta-Llama-3-8B-Instruct x Meta-Llama-3-8B-Instruct,Meta-Llama-3-8B-Instruct,Meta-Llama-3-8B-Instruct,book_shelf_bag,conflict_adv,28,1,shelf,10,0,0,0,0,0,0,0,0,0,0,0,0,0,0,0,0,0,0,0,0
Meta-Llama-3-8B-Instruct x Meta-Llama-3-8B-Instruct,Meta-Llama-3-8B-Instruct,Meta-Llama-3-8B-Instruct,comb_drawer_shelf,asym_adv,290,0,shelf,10,0,0,0,0,0,0,0,0,0,0,0,0,0,0,0,0,0,0,0,0
Meta-Llama-3-8B-Instruct x Meta-Llama-3-8B-Instruct,Meta-Llama-3-8B-Instruct,Meta-Llama-3-8B-Instruct,comb_drawer_shelf,conflict_coop,291,0,shelf,14,0,0,0,0,0,0,0,0,1,0,0,0,0,0,0,0,1,0,1,0
Meta-Llama-3-8B-Instruct x Meta-Llama-3-8B-Instruct,Meta-Llama-3-8B-Instruct,Meta-Llama-3-8B-Instruct,comb_drawer_shelf,conflict_adv,292,1,drawer,12,0,0,0,0,0,0,0,0,0,0,0,0,0,0,0,0,0,0,0,0
Meta-Llama-3-8B-Instruct x Meta-Llama-3-8B-Instruct,Meta-Llama-3-8B-Instruct,Meta-Llama-3-8B-Instruct,comb_drawer_shelf,mutual_incoh,293,1,drawer,8,0,0,0,0,0,0,0,0,0,0,0,0,0,0,0,0,0,0,0,0
Meta-Llama-3-8B-Instruct x Meta-Llama-3-8B-Instruct,Meta-Llama-3-8B-Instruct,Meta-Llama-3-8B-Instruct,marker_cup_tray,mutual_coop,294,0,cup,10,0,0,0,0,0,0,0,0,0,0,0,0,0,0,0,0,0,0,0,0
Meta-Llama-3-8B-Instruct x Meta-Llama-3-8B-Instruct,Meta-Llama-3-8B-Instruct,Meta-Llama-3-8B-Instruct,marker_cup_tray,asym_coop,295,0,,16,0,0,1,1,0,0,1,0,1,1,0,0,0,0,0,0,5,0,1,0
Meta-Llama-3-8B-Instruct x Meta-Llama-3-8B-Instruct,Meta-Llama-3-8B-Instruct,Meta-Llama-3-8B-Instruct,marker_cup_tray,asym_adv,296,1,tray,14,0,0,0,0,0,0,0,0,0,0,0,0,0,0,0,0,0,0,0,0
Meta-Llama-3-8B-Instruct x Meta-Llama-3-8B-Instruct,Meta-Llama-3-8B-Instruct,Meta-Llama-3-8B-Instruct,marker_cup_tray,conflict_coop,297,0,cup,14,0,0,0,0,0,0,0,0,0,0,0,0,0,0,0,0,0,0,0,0
Meta-Llama-3-8B-Instruct x Meta-Llama-3-8B-Instruct,Meta-Llama-3-8B-Instruct,Meta-Llama-3-8B-Instruct,marker_cup_tray,conflict_adv,298,1,tray,12,0,0,0,0,0,0,0,0,0,0,0,0,0,0,0,0,0,0,0,0
Meta-Llama-3-8B-Instruct x Meta-Llama-3-8B-Instruct,Meta-Llama-3-8B-Instruct,Meta-Llama-3-8B-Instruct,marker_cup_tray,mutual_incoh,299,0,,16,0,0,1,1,0,0,0,0,0,1,0,0,0,0,0,0,3,0,1,0
Meta-Llama-3-8B-Instruct x Meta-Llama-3-8B-Instruct,Meta-Llama-3-8B-Instruct,Meta-Llama-3-8B-Instruct,book_shelf_bag,mutual_incoh,29,1,shelf,16,0,0,0,0,0,0,0,0,0,1,0,0,0,0,0,0,1,0,1,0
Meta-Llama-3-8B-Instruct x Meta-Llama-3-8B-Instruct,Meta-Llama-3-8B-Instruct,Meta-Llama-3-8B-Instruct,key_in_boxes,asym_adv,2,1,red box,10,0,0,0,0,0,0,0,0,0,0,0,0,0,0,0,0,0,0,0,0
Meta-Llama-3-8B-Instruct x Meta-Llama-3-8B-Instruct,Meta-Llama-3-8B-Instruct,Meta-Llama-3-8B-Instruct,rope_shed_trunk,mutual_coop,300,1,shed,12,0,0,0,0,0,0,0,0,1,0,0,0,0,0,0,0,1,0,1,0
Meta-Llama-3-8B-Instruct x Meta-Llama-3-8B-Instruct,Meta-Llama-3-8B-Instruct,Meta-Llama-3-8B-Instruct,rope_shed_trunk,asym_coop,301,0,,10,0,0,0,1,0,0,0,0,0,0,0,0,0,0,0,0,1,0,1,0
Meta-Llama-3-8B-Instruct x Meta-Llama-3-8B-Instruct,Meta-Llama-3-8B-Instruct,Meta-Llama-3-8B-Instruct,rope_shed_trunk,asym_adv,302,1,shed,14,0,0,0,0,0,0,0,0,0,0,0,0,0,0,0,0,0,0,0,0
Meta-Llama-3-8B-Instruct x Meta-Llama-3-8B-Instruct,Meta-Llama-3-8B-Instruct,Meta-Llama-3-8B-Instruct,rope_shed_trunk,conflict_coop,303,0,trunk,8,0,0,0,0,0,0,0,0,0,0,0,0,0,0,0,0,0,0,0,0
Meta-Llama-3-8B-Instruct x Meta-Llama-3-8B-Instruct,Meta-Llama-3-8B-Instruct,Meta-Llama-3-8B-Instruct,rope_shed_trunk,conflict_adv,304,1,shed,8,0,0,0,0,0,0,0,0,0,0,0,0,0,0,0,0,0,0,0,0
Meta-Llama-3-8B-Instruct x Meta-Llama-3-8B-Instruct,Meta-Llama-3-8B-Instruct,Meta-Llama-3-8B-Instruct,rope_shed_trunk,mutual_incoh,305,1,shed,16,0,0,0,0,0,0,0,0,0,1,0,0,0,0,0,0,1,0,1,0
Meta-Llama-3-8B-Instruct x Meta-Llama-3-8B-Instruct,Meta-Llama-3-8B-Instruct,Meta-Llama-3-8B-Instruct,vase_table_mantle,mutual_coop,306,1,mantle,14,0,0,0,0,0,0,0,0,0,0,0,0,0,0,0,0,0,0,0,0
Meta-Llama-3-8B-Instruct x Meta-Llama-3-8B-Instruct,Meta-Llama-3-8B-Instruct,Meta-Llama-3-8B-Instruct,vase_table_mantle,asym_coop,307,1,mantle,8,0,0,0,0,0,0,0,0,0,0,0,0,0,0,0,0,0,0,0,0
Meta-Llama-3-8B-Instruct x Meta-Llama-3-8B-Instruct,Meta-Llama-3-8B-Instruct,Meta-Llama-3-8B-Instruct,vase_table_mantle,asym_adv,308,0,table,16,0,0,0,0,0,0,0,0,0,1,0,0,0,0,0,0,1,0,1,0
Meta-Llama-3-8B-Instruct x Meta-Llama-3-8B-Instruct,Meta-Llama-3-8B-Instruct,Meta-Llama-3-8B-Instruct,vase_table_mantle,conflict_coop,309,1,mantle,10,0,0,0,0,0,0,0,0,0,0,0,0,0,0,0,0,0,0,0,0
Meta-Llama-3-8B-Instruct x Meta-Llama-3-8B-Instruct,Meta-Llama-3-8B-Instruct,Meta-Llama-3-8B-Instruct,glasses_counter_shelf,mutual_coop,30,0,,16,0,0,1,1,0,0,0,0,0,1,0,0,0,0,0,0,3,0,1,0
Meta-Llama-3-8B-Instruct x Meta-Llama-3-8B-Instruct,Meta-Llama-3-8B-Instruct,Meta-Llama-3-8B-Instruct,vase_table_mantle,conflict_adv,310,1,mantle,14,0,0,0,0,1,0,0,0,0,0,0,0,0,0,0,0,1,0,1,0
Meta-Llama-3-8B-Instruct x Meta-Llama-3-8B-Instruct,Meta-Llama-3-8B-Instruct,Meta-Llama-3-8B-Instruct,vase_table_mantle,mutual_incoh,311,1,mantle,10,0,0,0,0,0,0,0,0,0,0,0,0,0,0,0,0,0,0,0,0
Meta-Llama-3-8B-Instruct x Meta-Llama-3-8B-Instruct,Meta-Llama-3-8B-Instruct,Meta-Llama-3-8B-Instruct,bowl_table_counter,mutual_coop,312,0,,16,0,0,1,1,0,0,0,0,1,1,0,0,0,0,0,0,4,0,1,0
Meta-Llama-3-8B-Instruct x Meta-Llama-3-8B-Instruct,Meta-Llama-3-8B-Instruct,Meta-Llama-3-8B-Instruct,bowl_table_counter,asym_coop,313,0,counter,14,0,0,0,0,1,0,0,0,0,0,0,0,0,0,0,0,1,0,1,0
Meta-Llama-3-8B-Instruct x Meta-Llama-3-8B-Instruct,Meta-Llama-3-8B-Instruct,Meta-Llama-3-8B-Instruct,bowl_table_counter,asym_adv,314,0,counter,10,0,0,0,0,0,0,0,0,0,0,0,0,0,0,0,0,0,0,0,0
Meta-Llama-3-8B-Instruct x Meta-Llama-3-8B-Instruct,Meta-Llama-3-8B-Instruct,Meta-Llama-3-8B-Instruct,bowl_table_counter,conflict_coop,315,0,counter,6,0,0,0,0,0,0,0,0,0,0,0,0,0,0,0,0,0,0,0,0
Meta-Llama-3-8B-Instruct x Meta-Llama-3-8B-Instruct,Meta-Llama-3-8B-Instruct,Meta-Llama-3-8B-Instruct,bowl_table_counter,conflict_adv,316,1,table,8,0,0,0,0,0,0,0,0,0,0,0,0,0,0,0,0,0,0,0,0
Meta-Llama-3-8B-Instruct x Meta-Llama-3-8B-Instruct,Meta-Llama-3-8B-Instruct,Meta-Llama-3-8B-Instruct,bowl_table_counter,mutual_incoh,317,1,table,4,0,0,0,0,1,0,0,0,0,0,0,0,0,0,0,0,1,0,1,0
Meta-Llama-3-8B-Instruct x Meta-Llama-3-8B-Instruct,Meta-Llama-3-8B-Instruct,Meta-Llama-3-8B-Instruct,lighter_drawer_pocket,mutual_coop,318,0,,16,0,0,1,1,0,0,0,0,1,1,0,0,0,0,0,0,4,0,1,0
Meta-Llama-3-8B-Instruct x Meta-Llama-3-8B-Instruct,Meta-Llama-3-8B-Instruct,Meta-Llama-3-8B-Instruct,lighter_drawer_pocket,asym_coop,319,0,drawer,12,0,0,0,0,0,0,0,0,0,0,0,0,0,0,0,0,0,0,0,0
Meta-Llama-3-8B-Instruct x Meta-Llama-3-8B-Instruct,Meta-Llama-3-8B-Instruct,Meta-Llama-3-8B-Instruct,glasses_counter_shelf,asym_coop,31,0,,16,0,0,1,1,0,0,0,0,1,1,0,0,0,0,0,0,4,0,1,0
Meta-Llama-3-8B-Instruct x Meta-Llama-3-8B-Instruct,Meta-Llama-3-8B-Instruct,Meta-Llama-3-8B-Instruct,lighter_drawer_pocket,asym_adv,320,1,pocket,10,0,0,0,0,0,0,0,0,0,0,0,0,0,0,0,0,0,0,0,0
Meta-Llama-3-8B-Instruct x Meta-Llama-3-8B-Instruct,Meta-Llama-3-8B-Instruct,Meta-Llama-3-8B-Instruct,lighter_drawer_pocket,conflict_coop,321,0,drawer,12,0,0,0,0,0,0,0,0,0,0,0,0,0,0,0,0,0,0,0,0
Meta-Llama-3-8B-Instruct x Meta-Llama-3-8B-Instruct,Meta-Llama-3-8B-Instruct,Meta-Llama-3-8B-Instruct,lighter_drawer_pocket,conflict_adv,322,1,pocket,10,0,0,0,0,0,0,0,0,0,0,0,0,0,0,0,0,0,0,0,0
Meta-Llama-3-8B-Instruct x Meta-Llama-3-8B-Instruct,Meta-Llama-3-8B-Instruct,Meta-Llama-3-8B-Instruct,lighter_drawer_pocket,mutual_incoh,323,1,pocket,14,0,0,0,0,0,0,0,0,1,0,0,0,0,0,0,0,1,0,1,0
Meta-Llama-3-8B-Instruct x Meta-Llama-3-8B-Instruct,Meta-Llama-3-8B-Instruct,Meta-Llama-3-8B-Instruct,drill_bench_case,mutual_coop,324,0,,16,0,0,1,1,0,1,0,0,1,1,0,0,0,0,0,0,5,0,1,0
Meta-Llama-3-8B-Instruct x Meta-Llama-3-8B-Instruct,Meta-Llama-3-8B-Instruct,Meta-Llama-3-8B-Instruct,drill_bench_case,asym_coop,325,0,case,10,0,0,0,0,0,1,0,0,0,0,0,0,0,0,0,0,1,0,1,0
Meta-Llama-3-8B-Instruct x Meta-Llama-3-8B-Instruct,Meta-Llama-3-8B-Instruct,Meta-Llama-3-8B-Instruct,drill_bench_case,asym_adv,326,1,bench,16,0,0,0,0,0,1,0,0,1,1,0,0,0,0,0,0,3,0,1,0
Meta-Llama-3-8B-Instruct x Meta-Llama-3-8B-Instruct,Meta-Llama-3-8B-Instruct,Meta-Llama-3-8B-Instruct,drill_bench_case,conflict_coop,327,0,case,14,0,0,0,0,0,0,0,0,0,0,0,0,0,0,0,0,0,0,0,0
Meta-Llama-3-8B-Instruct x Meta-Llama-3-8B-Instruct,Meta-Llama-3-8B-Instruct,Meta-Llama-3-8B-Instruct,drill_bench_case,conflict_adv,328,1,bench,8,0,0,0,0,0,1,0,0,0,0,0,0,0,0,0,0,1,0,1,0
Meta-Llama-3-8B-Instruct x Meta-Llama-3-8B-Instruct,Meta-Llama-3-8B-Instruct,Meta-Llama-3-8B-Instruct,drill_bench_case,mutual_incoh,329,0,,16,0,0,1,1,0,1,0,0,0,1,0,0,0,0,0,0,4,0,1,0
Meta-Llama-3-8B-Instruct x Meta-Llama-3-8B-Instruct,Meta-Llama-3-8B-Instruct,Meta-Llama-3-8B-Instruct,glasses_counter_shelf,asym_adv,32,1,shelf,16,0,0,0,0,0,0,0,0,1,1,0,0,0,0,0,0,2,0,1,0
Meta-Llama-3-8B-Instruct x Meta-Llama-3-8B-Instruct,Meta-Llama-3-8B-Instruct,Meta-Llama-3-8B-Instruct,medal_shelf_box,mutual_coop,330,0,shelf,6,0,0,0,0,0,0,0,0,0,0,0,0,0,0,0,0,0,0,0,0
Meta-Llama-3-8B-Instruct x Meta-Llama-3-8B-Instruct,Meta-Llama-3-8B-Instruct,Meta-Llama-3-8B-Instruct,medal_shelf_box,asym_coop,331,0,shelf,10,0,0,0,0,0,0,0,0,0,0,0,0,0,0,0,0,0,0,0,0
Meta-Llama-3-8B-Instruct x Meta-Llama-3-8B-Instruct,Meta-Llama-3-8B-Instruct,Meta-Llama-3-8B-Instruct,medal_shelf_box,asym_adv,332,0,shelf,6,0,0,0,0,0,0,0,0,0,0,0,0,0,0,0,0,0,0,0,0
Meta-Llama-3-8B-Instruct x Meta-Llama-3-8B-Instruct,Meta-Llama-3-8B-Instruct,Meta-Llama-3-8B-Instruct,medal_shelf_box,conflict_coop,333,0,shelf,14,0,0,0,0,0,0,0,0,0,0,0,0,0,0,0,0,0,0,0,0
Meta-Llama-3-8B-Instruct x Meta-Llama-3-8B-Instruct,Meta-Llama-3-8B-Instruct,Meta-Llama-3-8B-Instruct,medal_shelf_box,conflict_adv,334,1,box,14,0,0,0,0,0,0,0,0,0,0,0,0,0,0,0,0,0,0,0,0
Meta-Llama-3-8B-Instruct x Meta-Llama-3-8B-Instruct,Meta-Llama-3-8B-Instruct,Meta-Llama-3-8B-Instruct,medal_shelf_box,mutual_incoh,335,0,,16,0,0,1,1,0,0,0,0,0,1,0,0,0,0,0,0,3,0,1,0
Meta-Llama-3-8B-Instruct x Meta-Llama-3-8B-Instruct,Meta-Llama-3-8B-Instruct,Meta-Llama-3-8B-Instruct,lanyard_locker_desk,mutual_coop,336,0,,16,0,0,1,1,0,0,0,0,1,1,0,0,0,0,0,0,4,0,1,0
Meta-Llama-3-8B-Instruct x Meta-Llama-3-8B-Instruct,Meta-Llama-3-8B-Instruct,Meta-Llama-3-8B-Instruct,lanyard_locker_desk,asym_coop,337,1,locker,8,0,0,0,0,0,0,0,0,0,0,0,0,0,0,0,0,0,0,0,0
Meta-Llama-3-8B-Instruct x Meta-Llama-3-8B-Instruct,Meta-Llama-3-8B-Instruct,Meta-Llama-3-8B-Instruct,lanyard_locker_desk,asym_adv,338,1,locker,8,0,0,0,0,0,0,0,0,0,0,0,0,0,0,0,0,0,0,0,0
Meta-Llama-3-8B-Instruct x Meta-Llama-3-8B-Instruct,Meta-Llama-3-8B-Instruct,Meta-Llama-3-8B-Instruct,lanyard_locker_desk,conflict_coop,339,0,desk,8,0,0,0,0,1,0,0,0,0,0,0,0,0,0,0,0,1,0,1,0
Meta-Llama-3-8B-Instruct x Meta-Llama-3-8B-Instruct,Meta-Llama-3-8B-Instruct,Meta-Llama-3-8B-Instruct,glasses_counter_shelf,conflict_coop,33,0,counter,10,0,0,0,0,0,0,0,0,0,0,0,0,0,0,0,0,0,0,0,0
Meta-Llama-3-8B-Instruct x Meta-Llama-3-8B-Instruct,Meta-Llama-3-8B-Instruct,Meta-Llama-3-8B-Instruct,lanyard_locker_desk,conflict_adv,340,1,locker,10,0,0,0,0,0,0,0,0,0,0,0,0,0,0,0,0,0,0,0,0
Meta-Llama-3-8B-Instruct x Meta-Llama-3-8B-Instruct,Meta-Llama-3-8B-Instruct,Meta-Llama-3-8B-Instruct,lanyard_locker_desk,mutual_incoh,341,1,locker,16,0,0,0,0,0,0,0,0,0,1,0,0,0,0,0,0,1,0,1,0
Meta-Llama-3-8B-Instruct x Meta-Llama-3-8B-Instruct,Meta-Llama-3-8B-Instruct,Meta-Llama-3-8B-Instruct,apron_hook_drawer,mutual_coop,342,0,hook,14,0,0,0,0,0,0,0,0,1,0,0,0,0,0,0,0,1,0,1,0
Meta-Llama-3-8B-Instruct x Meta-Llama-3-8B-Instruct,Meta-Llama-3-8B-Instruct,Meta-Llama-3-8B-Instruct,apron_hook_drawer,asym_coop,343,0,,16,0,0,0,1,0,0,0,0,0,1,0,0,0,0,0,0,2,0,1,0
Meta-Llama-3-8B-Instruct x Meta-Llama-3-8B-Instruct,Meta-Llama-3-8B-Instruct,Meta-Llama-3-8B-Instruct,apron_hook_drawer,asym_adv,344,1,drawer,8,0,0,0,0,0,0,0,0,0,0,0,0,0,0,0,0,0,0,0,0
Meta-Llama-3-8B-Instruct x Meta-Llama-3-8B-Instruct,Meta-Llama-3-8B-Instruct,Meta-Llama-3-8B-Instruct,apron_hook_drawer,conflict_coop,345,0,hook,6,0,0,0,0,0,0,0,0,0,0,0,0,0,0,0,0,0,0,0,0
Meta-Llama-3-8B-Instruct x Meta-Llama-3-8B-Instruct,Meta-Llama-3-8B-Instruct,Meta-Llama-3-8B-Instruct,apron_hook_drawer,conflict_adv,346,1,drawer,8,0,0,0,0,0,0,0,0,0,0,0,0,0,0,0,0,0,0,0,0
Meta-Llama-3-8B-Instruct x Meta-Llama-3-8B-Instruct,Meta-Llama-3-8B-Instruct,Meta-Llama-3-8B-Instruct,apron_hook_drawer,mutual_incoh,347,1,drawer,12,0,0,0,0,0,0,0,0,0,0,0,0,0,0,0,0,0,0,0,0
Meta-Llama-3-8B-Instruct x Meta-Llama-3-8B-Instruct,Meta-Llama-3-8B-Instruct,Meta-Llama-3-8B-Instruct,leash_hook_table,mutual_coop,348,0,table,6,0,0,0,0,0,0,0,0,0,0,0,0,0,0,0,0,0,0,0,0
Meta-Llama-3-8B-Instruct x Meta-Llama-3-8B-Instruct,Meta-Llama-3-8B-Instruct,Meta-Llama-3-8B-Instruct,leash_hook_table,asym_coop,349,0,,16,0,0,1,1,0,0,0,0,0,1,0,0,0,0,0,0,3,0,1,0
Meta-Llama-3-8B-Instruct x Meta-Llama-3-8B-Instruct,Meta-Llama-3-8B-Instruct,Meta-Llama-3-8B-Instruct,glasses_counter_shelf,conflict_adv,34,1,shelf,6,0,0,0,0,0,0,0,0,0,0,0,0,0,0,0,0,0,0,0,0
Meta-Llama-3-8B-Instruct x Meta-Llama-3-8B-Instruct,Meta-Llama-3-8B-Instruct,Meta-Llama-3-8B-Instruct,leash_hook_table,asym_adv,350,1,hook,12,0,0,0,0,0,0,0,0,0,0,0,0,0,0,0,0,0,0,0,0
Meta-Llama-3-8B-Instruct x Meta-Llama-3-8B-Instruct,Meta-Llama-3-8B-Instruct,Meta-Llama-3-8B-Instruct,leash_hook_table,conflict_coop,351,0,table,10,0,0,0,0,0,0,0,0,0,0,0,0,0,0,0,0,0,0,0,0
Meta-Llama-3-8B-Instruct x Meta-Llama-3-8B-Instruct,Meta-Llama-3-8B-Instruct,Meta-Llama-3-8B-Instruct,leash_hook_table,conflict_adv,352,1,hook,8,0,0,0,0,0,0,0,0,0,0,0,0,0,0,0,0,0,0,0,0
Meta-Llama-3-8B-Instruct x Meta-Llama-3-8B-Instruct,Meta-Llama-3-8B-Instruct,Meta-Llama-3-8B-Instruct,leash_hook_table,mutual_incoh,353,1,hook,8,0,0,0,0,0,0,0,0,0,0,0,0,0,0,0,0,0,0,0,0
Meta-Llama-3-8B-Instruct x Meta-Llama-3-8B-Instruct,Meta-Llama-3-8B-Instruct,Meta-Llama-3-8B-Instruct,mat_floor_shelf,mutual_coop,354,1,shelf,16,0,0,0,0,0,0,0,0,1,1,0,0,0,0,0,0,2,0,1,0
Meta-Llama-3-8B-Instruct x Meta-Llama-3-8B-Instruct,Meta-Llama-3-8B-Instruct,Meta-Llama-3-8B-Instruct,mat_floor_shelf,asym_coop,355,0,,16,0,0,1,1,0,0,0,0,0,1,0,0,0,0,0,0,3,0,1,0
Meta-Llama-3-8B-Instruct x Meta-Llama-3-8B-Instruct,Meta-Llama-3-8B-Instruct,Meta-Llama-3-8B-Instruct,mat_floor_shelf,asym_adv,356,0,,12,0,0,0,1,0,0,0,0,0,0,0,0,0,0,0,0,1,0,1,0
Meta-Llama-3-8B-Instruct x Meta-Llama-3-8B-Instruct,Meta-Llama-3-8B-Instruct,Meta-Llama-3-8B-Instruct,mat_floor_shelf,conflict_coop,357,0,floor,10,0,0,0,0,0,0,0,0,0,0,0,0,0,0,0,0,0,0,0,0
Meta-Llama-3-8B-Instruct x Meta-Llama-3-8B-Instruct,Meta-Llama-3-8B-Instruct,Meta-Llama-3-8B-Instruct,mat_floor_shelf,conflict_adv,358,1,shelf,8,0,0,0,0,0,0,0,0,0,0,0,0,0,0,0,0,0,0,0,0
Meta-Llama-3-8B-Instruct x Meta-Llama-3-8B-Instruct,Meta-Llama-3-8B-Instruct,Meta-Llama-3-8B-Instruct,mat_floor_shelf,mutual_incoh,359,1,shelf,6,0,0,0,0,0,0,0,0,0,0,0,0,0,0,0,0,0,0,0,0
Meta-Llama-3-8B-Instruct x Meta-Llama-3-8B-Instruct,Meta-Llama-3-8B-Instruct,Meta-Llama-3-8B-Instruct,glasses_counter_shelf,mutual_incoh,35,1,shelf,10,0,0,0,0,0,0,0,0,0,0,0,0,0,0,0,0,0,0,0,0
Meta-Llama-3-8B-Instruct x Meta-Llama-3-8B-Instruct,Meta-Llama-3-8B-Instruct,Meta-Llama-3-8B-Instruct,clip_desk_tray,mutual_coop,360,0,,16,0,0,1,1,0,0,0,0,1,1,0,0,0,0,0,0,4,0,1,0
Meta-Llama-3-8B-Instruct x Meta-Llama-3-8B-Instruct,Meta-Llama-3-8B-Instruct,Meta-Llama-3-8B-Instruct,clip_desk_tray,asym_coop,361,0,tray,14,0,0,0,0,1,0,0,0,0,0,0,0,0,0,0,0,1,0,1,0
Meta-Llama-3-8B-Instruct x Meta-Llama-3-8B-Instruct,Meta-Llama-3-8B-Instruct,Meta-Llama-3-8B-Instruct,clip_desk_tray,asym_adv,362,0,,4,0,0,0,1,0,0,0,0,0,0,0,0,0,0,0,0,1,0,1,0
Meta-Llama-3-8B-Instruct x Meta-Llama-3-8B-Instruct,Meta-Llama-3-8B-Instruct,Meta-Llama-3-8B-Instruct,clip_desk_tray,conflict_coop,363,0,tray,12,0,0,0,0,0,0,0,0,0,0,0,0,0,0,0,0,0,0,0,0
Meta-Llama-3-8B-Instruct x Meta-Llama-3-8B-Instruct,Meta-Llama-3-8B-Instruct,Meta-Llama-3-8B-Instruct,clip_desk_tray,conflict_adv,364,1,desk,10,0,0,0,0,0,0,0,0,0,0,0,0,0,0,0,0,0,0,0,0
Meta-Llama-3-8B-Instruct x Meta-Llama-3-8B-Instruct,Meta-Llama-3-8B-Instruct,Meta-Llama-3-8B-Instruct,clip_desk_tray,mutual_incoh,365,1,desk,16,0,0,0,0,0,0,0,0,1,1,0,0,0,0,0,0,2,0,1,0
Meta-Llama-3-8B-Instruct x Meta-Llama-3-8B-Instruct,Meta-Llama-3-8B-Instruct,Meta-Llama-3-8B-Instruct,plug_desk_floor,mutual_coop,366,0,desk,10,0,0,0,0,0,0,0,0,0,0,0,0,0,0,0,0,0,0,0,0
Meta-Llama-3-8B-Instruct x Meta-Llama-3-8B-Instruct,Meta-Llama-3-8B-Instruct,Meta-Llama-3-8B-Instruct,plug_desk_floor,asym_coop,367,0,desk,16,0,0,0,0,0,0,0,0,1,1,0,0,0,0,0,0,2,0,1,0
Meta-Llama-3-8B-Instruct x Meta-Llama-3-8B-Instruct,Meta-Llama-3-8B-Instruct,Meta-Llama-3-8B-Instruct,plug_desk_floor,asym_adv,368,0,,8,0,0,0,1,0,0,0,0,0,0,0,0,0,0,0,0,1,0,1,0
Meta-Llama-3-8B-Instruct x Meta-Llama-3-8B-Instruct,Meta-Llama-3-8B-Instruct,Meta-Llama-3-8B-Instruct,plug_desk_floor,conflict_coop,369,0,,16,0,0,1,1,0,0,0,0,1,1,0,0,0,0,0,0,4,0,1,0
Meta-Llama-3-8B-Instruct x Meta-Llama-3-8B-Instruct,Meta-Llama-3-8B-Instruct,Meta-Llama-3-8B-Instruct,hat_hook_chair,mutual_coop,36,0,chair,10,0,0,0,0,0,0,0,0,0,0,0,0,0,0,0,0,0,0,0,0
Meta-Llama-3-8B-Instruct x Meta-Llama-3-8B-Instruct,Meta-Llama-3-8B-Instruct,Meta-Llama-3-8B-Instruct,plug_desk_floor,conflict_adv,370,1,floor,14,0,0,0,0,0,0,0,0,0,0,0,0,0,0,0,0,0,0,0,0
Meta-Llama-3-8B-Instruct x Meta-Llama-3-8B-Instruct,Meta-Llama-3-8B-Instruct,Meta-Llama-3-8B-Instruct,plug_desk_floor,mutual_incoh,371,1,floor,8,0,0,0,0,0,0,0,0,0,0,0,0,0,0,0,0,0,0,0,0
Meta-Llama-3-8B-Instruct x Meta-Llama-3-8B-Instruct,Meta-Llama-3-8B-Instruct,Meta-Llama-3-8B-Instruct,lock_gate_shed,mutual_coop,372,1,gate,8,0,0,0,0,0,0,0,0,0,0,0,0,0,0,0,0,0,0,0,0
Meta-Llama-3-8B-Instruct x Meta-Llama-3-8B-Instruct,Meta-Llama-3-8B-Instruct,Meta-Llama-3-8B-Instruct,lock_gate_shed,asym_coop,373,0,shed,6,0,0,0,0,0,0,0,0,0,0,0,0,0,0,0,0,0,0,0,0
Meta-Llama-3-8B-Instruct x Meta-Llama-3-8B-Instruct,Meta-Llama-3-8B-Instruct,Meta-Llama-3-8B-Instruct,lock_gate_shed,asym_adv,374,1,gate,12,0,0,0,0,0,0,0,0,0,0,0,0,0,0,0,0,0,0,0,0
Meta-Llama-3-8B-Instruct x Meta-Llama-3-8B-Instruct,Meta-Llama-3-8B-Instruct,Meta-Llama-3-8B-Instruct,lock_gate_shed,conflict_coop,375,0,shed,6,0,0,0,0,0,0,0,0,0,0,0,0,0,0,0,0,0,0,0,0
Meta-Llama-3-8B-Instruct x Meta-Llama-3-8B-Instruct,Meta-Llama-3-8B-Instruct,Meta-Llama-3-8B-Instruct,lock_gate_shed,conflict_adv,376,0,shed,6,0,0,0,0,0,0,0,0,0,0,0,0,0,0,0,0,0,0,0,0
Meta-Llama-3-8B-Instruct x Meta-Llama-3-8B-Instruct,Meta-Llama-3-8B-Instruct,Meta-Llama-3-8B-Instruct,lock_gate_shed,mutual_incoh,377,0,,6,0,0,0,1,0,0,0,0,0,0,0,0,0,0,0,0,1,0,1,0
Meta-Llama-3-8B-Instruct x Meta-Llama-3-8B-Instruct,Meta-Llama-3-8B-Instruct,Meta-Llama-3-8B-Instruct,pan_stove_shelf,mutual_coop,378,0,,16,0,0,1,1,0,0,0,0,0,1,0,0,0,0,0,0,3,0,1,0
Meta-Llama-3-8B-Instruct x Meta-Llama-3-8B-Instruct,Meta-Llama-3-8B-Instruct,Meta-Llama-3-8B-Instruct,pan_stove_shelf,asym_coop,379,0,,16,0,0,1,1,0,0,0,0,1,1,0,0,0,0,0,0,4,0,1,0
Meta-Llama-3-8B-Instruct x Meta-Llama-3-8B-Instruct,Meta-Llama-3-8B-Instruct,Meta-Llama-3-8B-Instruct,hat_hook_chair,asym_coop,37,0,,16,0,0,1,1,0,0,0,0,1,1,0,0,0,0,0,0,4,0,1,0
Meta-Llama-3-8B-Instruct x Meta-Llama-3-8B-Instruct,Meta-Llama-3-8B-Instruct,Meta-Llama-3-8B-Instruct,pan_stove_shelf,asym_adv,380,0,,16,0,0,1,1,0,0,0,0,1,1,0,0,0,0,0,0,4,0,1,0
Meta-Llama-3-8B-Instruct x Meta-Llama-3-8B-Instruct,Meta-Llama-3-8B-Instruct,Meta-Llama-3-8B-Instruct,pan_stove_shelf,conflict_coop,381,0,,16,0,0,1,1,0,0,0,0,0,1,0,0,0,0,0,0,3,0,1,0
Meta-Llama-3-8B-Instruct x Meta-Llama-3-8B-Instruct,Meta-Llama-3-8B-Instruct,Meta-Llama-3-8B-Instruct,pan_stove_shelf,conflict_adv,382,1,shelf,12,0,0,0,0,0,0,0,0,0,0,0,0,0,0,0,0,0,0,0,0
Meta-Llama-3-8B-Instruct x Meta-Llama-3-8B-Instruct,Meta-Llama-3-8B-Instruct,Meta-Llama-3-8B-Instruct,pan_stove_shelf,mutual_incoh,383,1,shelf,16,0,0,0,0,0,0,0,0,0,1,0,0,0,0,0,0,1,0,1,0
Meta-Llama-3-8B-Instruct x Meta-Llama-3-8B-Instruct,Meta-Llama-3-8B-Instruct,Meta-Llama-3-8B-Instruct,lens_bag_case,mutual_coop,384,0,,16,0,0,1,1,0,0,0,0,0,1,0,0,0,0,0,0,3,0,1,0
Meta-Llama-3-8B-Instruct x Meta-Llama-3-8B-Instruct,Meta-Llama-3-8B-Instruct,Meta-Llama-3-8B-Instruct,lens_bag_case,asym_coop,385,0,case,12,0,0,0,0,0,0,0,0,0,0,0,0,0,0,0,0,0,0,0,0
Meta-Llama-3-8B-Instruct x Meta-Llama-3-8B-Instruct,Meta-Llama-3-8B-Instruct,Meta-Llama-3-8B-Instruct,lens_bag_case,asym_adv,386,1,bag,14,0,0,0,0,0,0,0,0,0,0,0,0,0,0,0,0,0,0,0,0
Meta-Llama-3-8B-Instruct x Meta-Llama-3-8B-Instruct,Meta-Llama-3-8B-Instruct,Meta-Llama-3-8B-Instruct,lens_bag_case,conflict_coop,387,0,case,14,0,0,0,0,0,0,0,0,1,0,0,0,0,0,0,0,1,0,1,0
Meta-Llama-3-8B-Instruct x Meta-Llama-3-8B-Instruct,Meta-Llama-3-8B-Instruct,Meta-Llama-3-8B-Instruct,lens_bag_case,conflict_adv,388,0,,8,0,0,0,1,0,0,0,0,0,0,0,0,0,0,0,0,1,0,1,0
Meta-Llama-3-8B-Instruct x Meta-Llama-3-8B-Instruct,Meta-Llama-3-8B-Instruct,Meta-Llama-3-8B-Instruct,lens_bag_case,mutual_incoh,389,1,bag,12,0,0,0,0,1,0,0,0,0,0,0,0,0,0,0,0,1,0,1,0
Meta-Llama-3-8B-Instruct x Meta-Llama-3-8B-Instruct,Meta-Llama-3-8B-Instruct,Meta-Llama-3-8B-Instruct,hat_hook_chair,asym_adv,38,1,hook,10,0,0,0,0,0,0,0,0,0,0,0,0,0,0,0,0,0,0,0,0
Meta-Llama-3-8B-Instruct x Meta-Llama-3-8B-Instruct,Meta-Llama-3-8B-Instruct,Meta-Llama-3-8B-Instruct,seed_pot_bag,mutual_coop,390,1,bag,10,0,0,0,0,0,0,0,0,0,0,0,0,0,0,0,0,0,0,0,0
Meta-Llama-3-8B-Instruct x Meta-Llama-3-8B-Instruct,Meta-Llama-3-8B-Instruct,Meta-Llama-3-8B-Instruct,seed_pot_bag,asym_coop,391,1,bag,8,0,0,0,0,0,0,0,0,0,0,0,0,0,0,0,0,0,0,0,0
Meta-Llama-3-8B-Instruct x Meta-Llama-3-8B-Instruct,Meta-Llama-3-8B-Instruct,Meta-Llama-3-8B-Instruct,seed_pot_bag,asym_adv,392,0,,16,0,0,1,1,0,0,0,0,0,1,0,0,0,0,0,0,3,0,1,0
Meta-Llama-3-8B-Instruct x Meta-Llama-3-8B-Instruct,Meta-Llama-3-8B-Instruct,Meta-Llama-3-8B-Instruct,seed_pot_bag,conflict_coop,393,1,bag,12,0,0,0,0,1,0,0,0,0,0,0,0,0,0,0,0,1,0,1,0
Meta-Llama-3-8B-Instruct x Meta-Llama-3-8B-Instruct,Meta-Llama-3-8B-Instruct,Meta-Llama-3-8B-Instruct,seed_pot_bag,conflict_adv,394,1,bag,8,0,0,0,0,0,0,0,0,0,0,0,0,0,0,0,0,0,0,0,0
Meta-Llama-3-8B-Instruct x Meta-Llama-3-8B-Instruct,Meta-Llama-3-8B-Instruct,Meta-Llama-3-8B-Instruct,seed_pot_bag,mutual_incoh,395,1,bag,16,0,0,0,0,0,0,0,0,1,1,0,0,0,0,0,0,2,0,1,0
Meta-Llama-3-8B-Instruct x Meta-Llama-3-8B-Instruct,Meta-Llama-3-8B-Instruct,Meta-Llama-3-8B-Instruct,bulb_box_shelf,mutual_coop,396,0,,16,0,0,1,1,0,0,0,0,1,1,0,0,0,0,0,0,4,0,1,0
Meta-Llama-3-8B-Instruct x Meta-Llama-3-8B-Instruct,Meta-Llama-3-8B-Instruct,Meta-Llama-3-8B-Instruct,bulb_box_shelf,asym_coop,397,0,,16,0,0,1,1,0,0,0,0,0,1,0,0,0,0,0,0,3,0,1,0
Meta-Llama-3-8B-Instruct x Meta-Llama-3-8B-Instruct,Meta-Llama-3-8B-Instruct,Meta-Llama-3-8B-Instruct,bulb_box_shelf,asym_adv,398,1,box,8,0,0,0,0,0,0,0,0,0,0,0,0,0,0,0,0,0,0,0,0
Meta-Llama-3-8B-Instruct x Meta-Llama-3-8B-Instruct,Meta-Llama-3-8B-Instruct,Meta-Llama-3-8B-Instruct,bulb_box_shelf,conflict_coop,399,0,shelf,14,0,0,0,0,0,0,0,0,0,0,0,0,0,0,0,0,0,0,0,0
Meta-Llama-3-8B-Instruct x Meta-Llama-3-8B-Instruct,Meta-Llama-3-8B-Instruct,Meta-Llama-3-8B-Instruct,hat_hook_chair,conflict_coop,39,0,chair,10,0,0,0,0,0,0,0,0,0,0,0,0,0,0,0,0,0,0,0,0
Meta-Llama-3-8B-Instruct x Meta-Llama-3-8B-Instruct,Meta-Llama-3-8B-Instruct,Meta-Llama-3-8B-Instruct,key_in_boxes,conflict_coop,3,0,blue box,6,0,0,0,0,0,0,0,0,0,0,0,0,0,0,0,0,0,0,0,0
Meta-Llama-3-8B-Instruct x Meta-Llama-3-8B-Instruct,Meta-Llama-3-8B-Instruct,Meta-Llama-3-8B-Instruct,bulb_box_shelf,conflict_adv,400,1,box,10,0,0,0,0,0,0,0,0,0,0,0,0,0,0,0,0,0,0,0,0
Meta-Llama-3-8B-Instruct x Meta-Llama-3-8B-Instruct,Meta-Llama-3-8B-Instruct,Meta-Llama-3-8B-Instruct,bulb_box_shelf,mutual_incoh,401,0,,16,0,0,1,1,0,0,0,0,0,1,0,0,0,0,0,0,3,0,1,0
Meta-Llama-3-8B-Instruct x Meta-Llama-3-8B-Instruct,Meta-Llama-3-8B-Instruct,Meta-Llama-3-8B-Instruct,cloth_rack_basket,mutual_coop,402,0,,4,0,0,0,1,0,0,0,0,0,0,0,0,0,0,0,0,1,0,1,0
Meta-Llama-3-8B-Instruct x Meta-Llama-3-8B-Instruct,Meta-Llama-3-8B-Instruct,Meta-Llama-3-8B-Instruct,cloth_rack_basket,asym_coop,403,1,basket,4,0,0,0,0,0,0,0,0,0,0,0,0,0,0,0,0,0,0,0,0
Meta-Llama-3-8B-Instruct x Meta-Llama-3-8B-Instruct,Meta-Llama-3-8B-Instruct,Meta-Llama-3-8B-Instruct,cloth_rack_basket,asym_adv,404,1,basket,8,0,0,0,0,0,0,0,0,0,0,0,0,0,0,0,0,0,0,0,0
Meta-Llama-3-8B-Instruct x Meta-Llama-3-8B-Instruct,Meta-Llama-3-8B-Instruct,Meta-Llama-3-8B-Instruct,cloth_rack_basket,conflict_coop,405,0,rack,6,0,0,0,0,0,0,0,0,0,0,0,0,0,0,0,0,0,0,0,0
Meta-Llama-3-8B-Instruct x Meta-Llama-3-8B-Instruct,Meta-Llama-3-8B-Instruct,Meta-Llama-3-8B-Instruct,cloth_rack_basket,conflict_adv,406,1,basket,12,0,0,0,0,0,0,0,0,0,0,0,0,0,0,0,0,0,0,0,0
Meta-Llama-3-8B-Instruct x Meta-Llama-3-8B-Instruct,Meta-Llama-3-8B-Instruct,Meta-Llama-3-8B-Instruct,cloth_rack_basket,mutual_incoh,407,1,basket,8,0,0,0,0,0,0,0,0,0,0,0,0,0,0,0,0,0,0,0,0
Meta-Llama-3-8B-Instruct x Meta-Llama-3-8B-Instruct,Meta-Llama-3-8B-Instruct,Meta-Llama-3-8B-Instruct,stapler_desk_drawer,mutual_coop,408,1,desk,14,0,0,0,0,0,0,0,0,0,0,0,0,0,0,0,0,0,0,0,0
Meta-Llama-3-8B-Instruct x Meta-Llama-3-8B-Instruct,Meta-Llama-3-8B-Instruct,Meta-Llama-3-8B-Instruct,stapler_desk_drawer,asym_coop,409,0,,16,0,0,1,1,0,0,0,0,0,1,0,0,0,0,0,0,3,0,1,0
Meta-Llama-3-8B-Instruct x Meta-Llama-3-8B-Instruct,Meta-Llama-3-8B-Instruct,Meta-Llama-3-8B-Instruct,hat_hook_chair,conflict_adv,40,0,,4,0,0,0,1,0,0,0,0,0,0,0,0,0,0,0,0,1,0,1,0
Meta-Llama-3-8B-Instruct x Meta-Llama-3-8B-Instruct,Meta-Llama-3-8B-Instruct,Meta-Llama-3-8B-Instruct,stapler_desk_drawer,asym_adv,410,1,desk,12,0,0,0,0,0,0,0,0,0,0,0,0,0,0,0,0,0,0,0,0
Meta-Llama-3-8B-Instruct x Meta-Llama-3-8B-Instruct,Meta-Llama-3-8B-Instruct,Meta-Llama-3-8B-Instruct,stapler_desk_drawer,conflict_coop,411,0,drawer,16,0,0,0,0,0,0,0,0,0,1,0,0,0,0,0,0,1,0,1,0
Meta-Llama-3-8B-Instruct x Meta-Llama-3-8B-Instruct,Meta-Llama-3-8B-Instruct,Meta-Llama-3-8B-Instruct,stapler_desk_drawer,conflict_adv,412,1,desk,6,0,0,0,0,0,0,0,0,0,0,0,0,0,0,0,0,0,0,0,0
Meta-Llama-3-8B-Instruct x Meta-Llama-3-8B-Instruct,Meta-Llama-3-8B-Instruct,Meta-Llama-3-8B-Instruct,stapler_desk_drawer,mutual_incoh,413,1,desk,16,0,0,0,0,0,0,0,0,0,1,0,0,0,0,0,0,1,0,1,0
Meta-Llama-3-8B-Instruct x Meta-Llama-3-8B-Instruct,Meta-Llama-3-8B-Instruct,Meta-Llama-3-8B-Instruct,shovel_shed_yard,mutual_coop,414,0,,6,0,0,0,1,0,0,0,0,0,0,0,0,0,0,0,0,1,0,1,0
Meta-Llama-3-8B-Instruct x Meta-Llama-3-8B-Instruct,Meta-Llama-3-8B-Instruct,Meta-Llama-3-8B-Instruct,shovel_shed_yard,asym_coop,415,0,shed,16,0,0,0,0,0,0,0,0,1,1,0,0,0,0,0,0,2,0,1,0
Meta-Llama-3-8B-Instruct x Meta-Llama-3-8B-Instruct,Meta-Llama-3-8B-Instruct,Meta-Llama-3-8B-Instruct,shovel_shed_yard,asym_adv,416,1,yard,14,0,0,0,0,0,0,0,0,0,0,0,0,0,0,0,0,0,0,0,0
Meta-Llama-3-8B-Instruct x Meta-Llama-3-8B-Instruct,Meta-Llama-3-8B-Instruct,Meta-Llama-3-8B-Instruct,shovel_shed_yard,conflict_coop,417,0,,16,0,0,1,1,0,0,0,0,1,1,0,0,0,0,0,0,4,0,1,0
Meta-Llama-3-8B-Instruct x Meta-Llama-3-8B-Instruct,Meta-Llama-3-8B-Instruct,Meta-Llama-3-8B-Instruct,shovel_shed_yard,conflict_adv,418,1,yard,8,0,0,0,0,0,0,0,0,0,0,0,0,0,0,0,0,0,0,0,0
Meta-Llama-3-8B-Instruct x Meta-Llama-3-8B-Instruct,Meta-Llama-3-8B-Instruct,Meta-Llama-3-8B-Instruct,shovel_shed_yard,mutual_incoh,419,1,yard,14,0,0,0,0,0,0,0,0,0,0,0,0,0,0,0,0,0,0,0,0
Meta-Llama-3-8B-Instruct x Meta-Llama-3-8B-Instruct,Meta-Llama-3-8B-Instruct,Meta-Llama-3-8B-Instruct,hat_hook_chair,mutual_incoh,41,0,,12,0,0,0,1,0,0,0,0,0,0,0,0,0,0,0,0,1,0,1,0
Meta-Llama-3-8B-Instruct x Meta-Llama-3-8B-Instruct,Meta-Llama-3-8B-Instruct,Meta-Llama-3-8B-Instruct,tray_oven_counter,mutual_coop,420,0,counter,6,0,0,0,0,0,0,0,0,0,0,0,0,0,0,0,0,0,0,0,0
Meta-Llama-3-8B-Instruct x Meta-Llama-3-8B-Instruct,Meta-Llama-3-8B-Instruct,Meta-Llama-3-8B-Instruct,tray_oven_counter,asym_coop,421,0,,16,0,0,1,1,0,0,0,0,0,1,0,0,0,0,0,0,3,0,1,0
Meta-Llama-3-8B-Instruct x Meta-Llama-3-8B-Instruct,Meta-Llama-3-8B-Instruct,Meta-Llama-3-8B-Instruct,tray_oven_counter,asym_adv,422,0,,16,0,0,1,1,0,0,0,0,1,1,0,0,0,0,0,0,4,0,1,0
Meta-Llama-3-8B-Instruct x Meta-Llama-3-8B-Instruct,Meta-Llama-3-8B-Instruct,Meta-Llama-3-8B-Instruct,tray_oven_counter,conflict_coop,423,0,counter,16,0,0,0,0,0,0,0,0,1,1,0,0,0,0,0,0,2,0,1,0
Meta-Llama-3-8B-Instruct x Meta-Llama-3-8B-Instruct,Meta-Llama-3-8B-Instruct,Meta-Llama-3-8B-Instruct,tray_oven_counter,conflict_adv,424,1,oven,10,0,0,0,0,0,0,0,0,0,0,0,0,0,0,0,0,0,0,0,0
Meta-Llama-3-8B-Instruct x Meta-Llama-3-8B-Instruct,Meta-Llama-3-8B-Instruct,Meta-Llama-3-8B-Instruct,tray_oven_counter,mutual_incoh,425,1,oven,12,0,0,0,0,1,0,0,0,0,0,0,0,0,0,0,0,1,0,1,0
Meta-Llama-3-8B-Instruct x Meta-Llama-3-8B-Instruct,Meta-Llama-3-8B-Instruct,Meta-Llama-3-8B-Instruct,belt_closet_chair,mutual_coop,426,0,,4,0,0,0,1,0,0,0,0,0,0,0,0,0,0,0,0,1,0,1,0
Meta-Llama-3-8B-Instruct x Meta-Llama-3-8B-Instruct,Meta-Llama-3-8B-Instruct,Meta-Llama-3-8B-Instruct,belt_closet_chair,asym_coop,427,0,,16,0,0,1,1,0,0,0,0,0,1,0,0,0,0,0,0,3,0,1,0
Meta-Llama-3-8B-Instruct x Meta-Llama-3-8B-Instruct,Meta-Llama-3-8B-Instruct,Meta-Llama-3-8B-Instruct,belt_closet_chair,asym_adv,428,1,chair,10,0,0,0,0,0,0,0,0,0,0,0,0,0,0,0,0,0,0,0,0
Meta-Llama-3-8B-Instruct x Meta-Llama-3-8B-Instruct,Meta-Llama-3-8B-Instruct,Meta-Llama-3-8B-Instruct,belt_closet_chair,conflict_coop,429,0,closet,14,0,0,0,0,0,0,0,0,0,0,0,0,0,0,0,0,0,0,0,0
Meta-Llama-3-8B-Instruct x Meta-Llama-3-8B-Instruct,Meta-Llama-3-8B-Instruct,Meta-Llama-3-8B-Instruct,pen_cup_tray,mutual_coop,42,0,cup,10,0,0,0,0,0,0,0,0,0,0,0,0,0,0,0,0,0,0,0,0
Meta-Llama-3-8B-Instruct x Meta-Llama-3-8B-Instruct,Meta-Llama-3-8B-Instruct,Meta-Llama-3-8B-Instruct,belt_closet_chair,conflict_adv,430,1,chair,12,0,0,0,0,0,0,0,0,0,0,0,0,0,0,0,0,0,0,0,0
Meta-Llama-3-8B-Instruct x Meta-Llama-3-8B-Instruct,Meta-Llama-3-8B-Instruct,Meta-Llama-3-8B-Instruct,belt_closet_chair,mutual_incoh,431,1,chair,14,0,0,0,0,0,0,0,0,0,0,0,0,0,0,0,0,0,0,0,0
Meta-Llama-3-8B-Instruct x Meta-Llama-3-8B-Instruct,Meta-Llama-3-8B-Instruct,Meta-Llama-3-8B-Instruct,cup_shelf_table,mutual_coop,432,0,table,6,0,0,0,0,0,0,0,0,0,0,0,0,0,0,0,0,0,0,0,0
Meta-Llama-3-8B-Instruct x Meta-Llama-3-8B-Instruct,Meta-Llama-3-8B-Instruct,Meta-Llama-3-8B-Instruct,cup_shelf_table,asym_coop,433,0,,16,0,0,1,1,0,0,0,0,1,1,0,0,0,0,0,0,4,0,1,0
Meta-Llama-3-8B-Instruct x Meta-Llama-3-8B-Instruct,Meta-Llama-3-8B-Instruct,Meta-Llama-3-8B-Instruct,cup_shelf_table,asym_adv,434,1,shelf,12,0,0,0,0,0,0,0,0,0,0,0,0,0,0,0,0,0,0,0,0
Meta-Llama-3-8B-Instruct x Meta-Llama-3-8B-Instruct,Meta-Llama-3-8B-Instruct,Meta-Llama-3-8B-Instruct,cup_shelf_table,conflict_coop,435,0,,16,0,0,1,1,0,0,0,0,1,1,0,0,0,0,0,0,4,0,1,0
Meta-Llama-3-8B-Instruct x Meta-Llama-3-8B-Instruct,Meta-Llama-3-8B-Instruct,Meta-Llama-3-8B-Instruct,cup_shelf_table,conflict_adv,436,1,shelf,8,0,0,0,0,0,0,0,0,0,0,0,0,0,0,0,0,0,0,0,0
Meta-Llama-3-8B-Instruct x Meta-Llama-3-8B-Instruct,Meta-Llama-3-8B-Instruct,Meta-Llama-3-8B-Instruct,cup_shelf_table,mutual_incoh,437,1,shelf,8,0,0,0,0,0,0,0,0,0,0,0,0,0,0,0,0,0,0,0,0
Meta-Llama-3-8B-Instruct x Meta-Llama-3-8B-Instruct,Meta-Llama-3-8B-Instruct,Meta-Llama-3-8B-Instruct,mask_hook_drawer,mutual_coop,438,0,hook,12,0,0,0,0,0,0,0,0,0,0,0,0,0,0,0,0,0,0,0,0
Meta-Llama-3-8B-Instruct x Meta-Llama-3-8B-Instruct,Meta-Llama-3-8B-Instruct,Meta-Llama-3-8B-Instruct,mask_hook_drawer,asym_coop,439,1,drawer,4,0,0,0,0,0,0,0,0,0,0,0,0,0,0,0,0,0,0,0,0
Meta-Llama-3-8B-Instruct x Meta-Llama-3-8B-Instruct,Meta-Llama-3-8B-Instruct,Meta-Llama-3-8B-Instruct,pen_cup_tray,asym_coop,43,0,cup,14,0,0,0,0,0,0,0,0,1,0,0,0,0,0,0,0,1,0,1,0
Meta-Llama-3-8B-Instruct x Meta-Llama-3-8B-Instruct,Meta-Llama-3-8B-Instruct,Meta-Llama-3-8B-Instruct,mask_hook_drawer,asym_adv,440,1,drawer,12,0,0,0,0,0,0,0,0,0,0,0,0,0,0,0,0,0,0,0,0
Meta-Llama-3-8B-Instruct x Meta-Llama-3-8B-Instruct,Meta-Llama-3-8B-Instruct,Meta-Llama-3-8B-Instruct,mask_hook_drawer,conflict_coop,441,0,hook,10,0,0,0,0,0,0,0,0,0,0,0,0,0,0,0,0,0,0,0,0
Meta-Llama-3-8B-Instruct x Meta-Llama-3-8B-Instruct,Meta-Llama-3-8B-Instruct,Meta-Llama-3-8B-Instruct,mask_hook_drawer,conflict_adv,442,1,drawer,4,0,0,0,0,0,0,0,0,0,0,0,0,0,0,0,0,0,0,0,0
Meta-Llama-3-8B-Instruct x Meta-Llama-3-8B-Instruct,Meta-Llama-3-8B-Instruct,Meta-Llama-3-8B-Instruct,mask_hook_drawer,mutual_incoh,443,1,drawer,10,0,0,0,0,0,0,0,0,0,0,0,0,0,0,0,0,0,0,0,0
Meta-Llama-3-8B-Instruct x Meta-Llama-3-8B-Instruct,Meta-Llama-3-8B-Instruct,Meta-Llama-3-8B-Instruct,film_shelf_drawer,mutual_coop,444,1,shelf,6,0,0,0,0,0,0,0,0,0,0,0,0,0,0,0,0,0,0,0,0
Meta-Llama-3-8B-Instruct x Meta-Llama-3-8B-Instruct,Meta-Llama-3-8B-Instruct,Meta-Llama-3-8B-Instruct,film_shelf_drawer,asym_coop,445,0,,16,0,0,1,1,0,0,0,0,0,1,0,0,0,0,0,0,3,0,1,0
Meta-Llama-3-8B-Instruct x Meta-Llama-3-8B-Instruct,Meta-Llama-3-8B-Instruct,Meta-Llama-3-8B-Instruct,film_shelf_drawer,asym_adv,446,1,shelf,10,0,0,0,0,0,0,0,0,0,0,0,0,0,0,0,0,0,0,0,0
Meta-Llama-3-8B-Instruct x Meta-Llama-3-8B-Instruct,Meta-Llama-3-8B-Instruct,Meta-Llama-3-8B-Instruct,film_shelf_drawer,conflict_coop,447,0,drawer,8,0,0,0,0,0,0,0,0,0,0,0,0,0,0,0,0,0,0,0,0
Meta-Llama-3-8B-Instruct x Meta-Llama-3-8B-Instruct,Meta-Llama-3-8B-Instruct,Meta-Llama-3-8B-Instruct,film_shelf_drawer,conflict_adv,448,1,shelf,8,0,0,0,0,0,0,0,0,0,0,0,0,0,0,0,0,0,0,0,0
Meta-Llama-3-8B-Instruct x Meta-Llama-3-8B-Instruct,Meta-Llama-3-8B-Instruct,Meta-Llama-3-8B-Instruct,film_shelf_drawer,mutual_incoh,449,1,shelf,10,0,0,0,0,0,0,0,0,0,0,0,0,0,0,0,0,0,0,0,0
Meta-Llama-3-8B-Instruct x Meta-Llama-3-8B-Instruct,Meta-Llama-3-8B-Instruct,Meta-Llama-3-8B-Instruct,pen_cup_tray,asym_adv,44,0,,16,0,0,1,1,0,0,0,0,1,1,0,0,0,0,0,0,4,0,1,0
Meta-Llama-3-8B-Instruct x Meta-Llama-3-8B-Instruct,Meta-Llama-3-8B-Instruct,Meta-Llama-3-8B-Instruct,globe_desk_shelf,mutual_coop,450,0,desk,16,0,0,0,0,0,0,0,0,1,1,0,0,0,0,0,0,2,0,1,0
Meta-Llama-3-8B-Instruct x Meta-Llama-3-8B-Instruct,Meta-Llama-3-8B-Instruct,Meta-Llama-3-8B-Instruct,globe_desk_shelf,asym_coop,451,0,,16,0,0,1,1,0,0,0,0,0,1,0,0,0,0,0,0,3,0,1,0
Meta-Llama-3-8B-Instruct x Meta-Llama-3-8B-Instruct,Meta-Llama-3-8B-Instruct,Meta-Llama-3-8B-Instruct,globe_desk_shelf,asym_adv,452,0,,16,0,0,1,1,0,0,0,0,0,1,0,0,0,0,0,0,3,0,1,0
Meta-Llama-3-8B-Instruct x Meta-Llama-3-8B-Instruct,Meta-Llama-3-8B-Instruct,Meta-Llama-3-8B-Instruct,globe_desk_shelf,conflict_coop,453,0,,16,0,0,1,1,0,0,0,0,1,1,0,0,0,0,0,0,4,0,1,0
Meta-Llama-3-8B-Instruct x Meta-Llama-3-8B-Instruct,Meta-Llama-3-8B-Instruct,Meta-Llama-3-8B-Instruct,globe_desk_shelf,conflict_adv,454,1,shelf,12,0,0,0,0,0,0,0,0,0,0,0,0,0,0,0,0,0,0,0,0
Meta-Llama-3-8B-Instruct x Meta-Llama-3-8B-Instruct,Meta-Llama-3-8B-Instruct,Meta-Llama-3-8B-Instruct,globe_desk_shelf,mutual_incoh,455,1,shelf,8,0,0,0,0,0,0,0,0,0,0,0,0,0,0,0,0,0,0,0,0
Meta-Llama-3-8B-Instruct x Meta-Llama-3-8B-Instruct,Meta-Llama-3-8B-Instruct,Meta-Llama-3-8B-Instruct,net_shed_yard,mutual_coop,456,1,shed,8,0,0,0,0,0,0,0,0,0,0,0,0,0,0,0,0,0,0,0,0
Meta-Llama-3-8B-Instruct x Meta-Llama-3-8B-Instruct,Meta-Llama-3-8B-Instruct,Meta-Llama-3-8B-Instruct,net_shed_yard,asym_coop,457,0,,16,0,0,1,1,0,0,1,0,0,1,0,0,0,0,0,0,4,0,1,0
Meta-Llama-3-8B-Instruct x Meta-Llama-3-8B-Instruct,Meta-Llama-3-8B-Instruct,Meta-Llama-3-8B-Instruct,net_shed_yard,asym_adv,458,1,shed,8,0,0,0,0,0,0,0,0,0,0,0,0,0,0,0,0,0,0,0,0
Meta-Llama-3-8B-Instruct x Meta-Llama-3-8B-Instruct,Meta-Llama-3-8B-Instruct,Meta-Llama-3-8B-Instruct,net_shed_yard,conflict_coop,459,0,yard,8,0,0,0,0,0,0,0,0,0,0,0,0,0,0,0,0,0,0,0,0
Meta-Llama-3-8B-Instruct x Meta-Llama-3-8B-Instruct,Meta-Llama-3-8B-Instruct,Meta-Llama-3-8B-Instruct,pen_cup_tray,conflict_coop,45,0,cup,12,0,0,0,0,0,0,0,0,1,0,0,0,0,0,0,0,1,0,1,0
Meta-Llama-3-8B-Instruct x Meta-Llama-3-8B-Instruct,Meta-Llama-3-8B-Instruct,Meta-Llama-3-8B-Instruct,net_shed_yard,conflict_adv,460,0,,8,0,0,0,1,0,0,0,0,0,0,0,0,0,0,0,0,1,0,1,0
Meta-Llama-3-8B-Instruct x Meta-Llama-3-8B-Instruct,Meta-Llama-3-8B-Instruct,Meta-Llama-3-8B-Instruct,net_shed_yard,mutual_incoh,461,1,shed,8,0,0,0,0,0,0,0,0,0,0,0,0,0,0,0,0,0,0,0,0
Meta-Llama-3-8B-Instruct x Meta-Llama-3-8B-Instruct,Meta-Llama-3-8B-Instruct,Meta-Llama-3-8B-Instruct,chalk_tray_box,mutual_coop,462,0,tray,10,0,0,0,0,0,0,0,0,0,0,0,0,0,0,0,0,0,0,0,0
Meta-Llama-3-8B-Instruct x Meta-Llama-3-8B-Instruct,Meta-Llama-3-8B-Instruct,Meta-Llama-3-8B-Instruct,chalk_tray_box,asym_coop,463,1,box,16,0,0,0,0,0,0,0,0,1,1,0,0,0,0,0,0,2,0,1,0
Meta-Llama-3-8B-Instruct x Meta-Llama-3-8B-Instruct,Meta-Llama-3-8B-Instruct,Meta-Llama-3-8B-Instruct,chalk_tray_box,asym_adv,464,0,,16,0,0,1,1,0,0,0,0,0,1,0,0,0,0,0,0,3,0,1,0
Meta-Llama-3-8B-Instruct x Meta-Llama-3-8B-Instruct,Meta-Llama-3-8B-Instruct,Meta-Llama-3-8B-Instruct,chalk_tray_box,conflict_coop,465,0,tray,14,0,0,0,0,0,0,0,0,0,0,0,0,0,0,0,0,0,0,0,0
Meta-Llama-3-8B-Instruct x Meta-Llama-3-8B-Instruct,Meta-Llama-3-8B-Instruct,Meta-Llama-3-8B-Instruct,chalk_tray_box,conflict_adv,466,1,box,12,0,0,0,0,0,0,0,0,0,0,0,0,0,0,0,0,0,0,0,0
Meta-Llama-3-8B-Instruct x Meta-Llama-3-8B-Instruct,Meta-Llama-3-8B-Instruct,Meta-Llama-3-8B-Instruct,chalk_tray_box,mutual_incoh,467,0,,16,0,0,1,1,0,0,0,0,0,1,0,0,0,0,0,0,3,0,1,0
Meta-Llama-3-8B-Instruct x Meta-Llama-3-8B-Instruct,Meta-Llama-3-8B-Instruct,Meta-Llama-3-8B-Instruct,paint_shelf_bench,mutual_coop,468,0,bench,10,0,0,0,0,0,1,0,0,0,0,0,0,0,0,0,0,1,0,1,0
Meta-Llama-3-8B-Instruct x Meta-Llama-3-8B-Instruct,Meta-Llama-3-8B-Instruct,Meta-Llama-3-8B-Instruct,paint_shelf_bench,asym_coop,469,0,bench,10,0,0,0,0,1,1,0,0,0,0,0,0,0,0,0,0,2,0,1,0
Meta-Llama-3-8B-Instruct x Meta-Llama-3-8B-Instruct,Meta-Llama-3-8B-Instruct,Meta-Llama-3-8B-Instruct,pen_cup_tray,conflict_adv,46,1,tray,12,0,0,0,0,0,0,0,0,0,0,0,0,0,0,0,0,0,0,0,0
Meta-Llama-3-8B-Instruct x Meta-Llama-3-8B-Instruct,Meta-Llama-3-8B-Instruct,Meta-Llama-3-8B-Instruct,paint_shelf_bench,asym_adv,470,1,shelf,8,0,0,0,0,0,1,0,0,0,0,0,0,0,0,0,0,1,0,1,0
Meta-Llama-3-8B-Instruct x Meta-Llama-3-8B-Instruct,Meta-Llama-3-8B-Instruct,Meta-Llama-3-8B-Instruct,paint_shelf_bench,conflict_coop,471,0,bench,12,0,0,0,0,0,1,0,0,1,0,0,0,0,0,0,0,2,0,1,0
Meta-Llama-3-8B-Instruct x Meta-Llama-3-8B-Instruct,Meta-Llama-3-8B-Instruct,Meta-Llama-3-8B-Instruct,paint_shelf_bench,conflict_adv,472,1,shelf,16,0,0,0,0,0,0,0,0,1,1,0,0,0,0,0,0,2,0,1,0
Meta-Llama-3-8B-Instruct x Meta-Llama-3-8B-Instruct,Meta-Llama-3-8B-Instruct,Meta-Llama-3-8B-Instruct,paint_shelf_bench,mutual_incoh,473,1,shelf,12,0,0,0,0,0,1,0,0,0,0,0,0,0,0,0,0,1,0,1,0
Meta-Llama-3-8B-Instruct x Meta-Llama-3-8B-Instruct,Meta-Llama-3-8B-Instruct,Meta-Llama-3-8B-Instruct,needle_box_drawer,mutual_coop,474,0,box,8,0,0,0,0,0,0,0,0,0,0,0,0,0,0,0,0,0,0,0,0
Meta-Llama-3-8B-Instruct x Meta-Llama-3-8B-Instruct,Meta-Llama-3-8B-Instruct,Meta-Llama-3-8B-Instruct,needle_box_drawer,asym_coop,475,0,,16,0,0,1,1,0,0,0,0,0,1,0,0,0,0,0,0,3,0,1,0
Meta-Llama-3-8B-Instruct x Meta-Llama-3-8B-Instruct,Meta-Llama-3-8B-Instruct,Meta-Llama-3-8B-Instruct,needle_box_drawer,asym_adv,476,1,drawer,16,0,0,0,0,0,0,0,0,0,1,0,0,0,0,0,0,1,0,1,0
Meta-Llama-3-8B-Instruct x Meta-Llama-3-8B-Instruct,Meta-Llama-3-8B-Instruct,Meta-Llama-3-8B-Instruct,needle_box_drawer,conflict_coop,477,0,box,8,0,0,0,0,0,0,0,0,0,0,0,0,0,0,0,0,0,0,0,0
Meta-Llama-3-8B-Instruct x Meta-Llama-3-8B-Instruct,Meta-Llama-3-8B-Instruct,Meta-Llama-3-8B-Instruct,needle_box_drawer,conflict_adv,478,0,box,14,0,0,0,0,0,0,0,0,0,0,0,0,0,0,0,0,0,0,0,0
Meta-Llama-3-8B-Instruct x Meta-Llama-3-8B-Instruct,Meta-Llama-3-8B-Instruct,Meta-Llama-3-8B-Instruct,needle_box_drawer,mutual_incoh,479,1,drawer,8,0,0,0,0,0,0,0,0,0,0,0,0,0,0,0,0,0,0,0,0
Meta-Llama-3-8B-Instruct x Meta-Llama-3-8B-Instruct,Meta-Llama-3-8B-Instruct,Meta-Llama-3-8B-Instruct,pen_cup_tray,mutual_incoh,47,1,tray,16,0,0,0,0,0,0,0,0,0,1,0,0,0,0,0,0,1,0,1,0
Meta-Llama-3-8B-Instruct x Meta-Llama-3-8B-Instruct,Meta-Llama-3-8B-Instruct,Meta-Llama-3-8B-Instruct,whisk_drawer_hook,mutual_coop,480,0,hook,10,0,0,0,0,0,0,0,0,0,0,0,0,0,0,0,0,0,0,0,0
Meta-Llama-3-8B-Instruct x Meta-Llama-3-8B-Instruct,Meta-Llama-3-8B-Instruct,Meta-Llama-3-8B-Instruct,whisk_drawer_hook,asym_coop,481,0,hook,16,0,0,0,0,0,0,0,0,0,1,0,0,0,0,0,0,1,0,1,0
Meta-Llama-3-8B-Instruct x Meta-Llama-3-8B-Instruct,Meta-Llama-3-8B-Instruct,Meta-Llama-3-8B-Instruct,whisk_drawer_hook,asym_adv,482,1,drawer,8,0,0,0,0,0,0,0,0,0,0,0,0,0,0,0,0,0,0,0,0
Meta-Llama-3-8B-Instruct x Meta-Llama-3-8B-Instruct,Meta-Llama-3-8B-Instruct,Meta-Llama-3-8B-Instruct,whisk_drawer_hook,conflict_coop,483,0,hook,10,0,0,0,0,0,0,0,0,0,0,0,0,0,0,0,0,0,0,0,0
Meta-Llama-3-8B-Instruct x Meta-Llama-3-8B-Instruct,Meta-Llama-3-8B-Instruct,Meta-Llama-3-8B-Instruct,whisk_drawer_hook,conflict_adv,484,1,drawer,14,0,0,0,0,0,0,0,0,0,0,0,0,0,0,0,0,0,0,0,0
Meta-Llama-3-8B-Instruct x Meta-Llama-3-8B-Instruct,Meta-Llama-3-8B-Instruct,Meta-Llama-3-8B-Instruct,whisk_drawer_hook,mutual_incoh,485,1,drawer,10,0,0,0,0,0,0,0,0,0,0,0,0,0,0,0,0,0,0,0,0
Meta-Llama-3-8B-Instruct x Meta-Llama-3-8B-Instruct,Meta-Llama-3-8B-Instruct,Meta-Llama-3-8B-Instruct,flask_desk_locker,mutual_coop,486,1,locker,10,0,0,0,0,0,0,0,0,0,0,0,0,0,0,0,0,0,0,0,0
Meta-Llama-3-8B-Instruct x Meta-Llama-3-8B-Instruct,Meta-Llama-3-8B-Instruct,Meta-Llama-3-8B-Instruct,flask_desk_locker,asym_coop,487,0,,16,0,0,1,1,0,0,0,0,1,1,0,0,0,0,0,0,4,0,1,0
Meta-Llama-3-8B-Instruct x Meta-Llama-3-8B-Instruct,Meta-Llama-3-8B-Instruct,Meta-Llama-3-8B-Instruct,flask_desk_locker,asym_adv,488,1,locker,10,0,0,0,0,1,0,0,0,0,0,0,0,0,0,0,0,1,0,1,0
Meta-Llama-3-8B-Instruct x Meta-Llama-3-8B-Instruct,Meta-Llama-3-8B-Instruct,Meta-Llama-3-8B-Instruct,flask_desk_locker,conflict_coop,489,0,desk,10,0,0,0,0,0,0,0,0,0,0,0,0,0,0,0,0,0,0,0,0
Meta-Llama-3-8B-Instruct x Meta-Llama-3-8B-Instruct,Meta-Llama-3-8B-Instruct,Meta-Llama-3-8B-Instruct,ring_box_pouch,mutual_coop,48,1,box,14,0,0,0,0,0,0,0,0,0,0,0,0,0,0,0,0,0,0,0,0
Meta-Llama-3-8B-Instruct x Meta-Llama-3-8B-Instruct,Meta-Llama-3-8B-Instruct,Meta-Llama-3-8B-Instruct,flask_desk_locker,conflict_adv,490,1,locker,10,0,0,0,0,0,0,0,0,0,0,0,0,0,0,0,0,0,0,0,0
Meta-Llama-3-8B-Instruct x Meta-Llama-3-8B-Instruct,Meta-Llama-3-8B-Instruct,Meta-Llama-3-8B-Instruct,flask_desk_locker,mutual_incoh,491,1,locker,12,0,0,0,0,0,0,0,0,0,0,0,0,0,0,0,0,0,0,0,0
Meta-Llama-3-8B-Instruct x Meta-Llama-3-8B-Instruct,Meta-Llama-3-8B-Instruct,Meta-Llama-3-8B-Instruct,rake_shed_fence,mutual_coop,492,0,,16,0,0,1,1,0,0,0,0,1,1,0,0,0,0,0,0,4,0,1,0
Meta-Llama-3-8B-Instruct x Meta-Llama-3-8B-Instruct,Meta-Llama-3-8B-Instruct,Meta-Llama-3-8B-Instruct,rake_shed_fence,asym_coop,493,0,fence,16,0,0,0,0,0,0,0,0,0,1,0,0,0,0,0,0,1,0,1,0
Meta-Llama-3-8B-Instruct x Meta-Llama-3-8B-Instruct,Meta-Llama-3-8B-Instruct,Meta-Llama-3-8B-Instruct,rake_shed_fence,asym_adv,494,1,shed,4,0,0,0,0,0,0,0,0,0,0,0,0,0,0,0,0,0,0,0,0
Meta-Llama-3-8B-Instruct x Meta-Llama-3-8B-Instruct,Meta-Llama-3-8B-Instruct,Meta-Llama-3-8B-Instruct,rake_shed_fence,conflict_coop,495,0,fence,8,0,0,0,0,0,0,0,0,0,0,0,0,0,0,0,0,0,0,0,0
Meta-Llama-3-8B-Instruct x Meta-Llama-3-8B-Instruct,Meta-Llama-3-8B-Instruct,Meta-Llama-3-8B-Instruct,rake_shed_fence,conflict_adv,496,1,shed,8,0,0,0,0,0,0,0,0,0,0,0,0,0,0,0,0,0,0,0,0
Meta-Llama-3-8B-Instruct x Meta-Llama-3-8B-Instruct,Meta-Llama-3-8B-Instruct,Meta-Llama-3-8B-Instruct,rake_shed_fence,mutual_incoh,497,0,,7,0,0,0,1,0,0,0,0,0,0,0,0,0,0,0,0,1,0,1,0
Meta-Llama-3-8B-Instruct x Meta-Llama-3-8B-Instruct,Meta-Llama-3-8B-Instruct,Meta-Llama-3-8B-Instruct,cord_desk_basket,mutual_coop,498,0,desk,8,0,0,0,0,0,0,0,0,0,0,0,0,0,0,0,0,0,0,0,0
Meta-Llama-3-8B-Instruct x Meta-Llama-3-8B-Instruct,Meta-Llama-3-8B-Instruct,Meta-Llama-3-8B-Instruct,cord_desk_basket,asym_coop,499,0,,16,0,0,1,1,0,0,0,0,1,1,0,0,0,0,0,0,4,0,1,0
Meta-Llama-3-8B-Instruct x Meta-Llama-3-8B-Instruct,Meta-Llama-3-8B-Instruct,Meta-Llama-3-8B-Instruct,ring_box_pouch,asym_coop,49,0,pouch,14,0,0,0,0,0,0,0,0,0,0,0,0,0,0,0,0,0,0,0,0
Meta-Llama-3-8B-Instruct x Meta-Llama-3-8B-Instruct,Meta-Llama-3-8B-Instruct,Meta-Llama-3-8B-Instruct,key_in_boxes,conflict_adv,4,1,red box,8,0,0,0,0,0,0,0,0,0,0,0,0,0,0,0,0,0,0,0,0
Meta-Llama-3-8B-Instruct x Meta-Llama-3-8B-Instruct,Meta-Llama-3-8B-Instruct,Meta-Llama-3-8B-Instruct,cord_desk_basket,asym_adv,500,0,,16,0,0,1,1,0,0,0,0,0,1,0,0,0,0,0,0,3,0,1,0
Meta-Llama-3-8B-Instruct x Meta-Llama-3-8B-Instruct,Meta-Llama-3-8B-Instruct,Meta-Llama-3-8B-Instruct,cord_desk_basket,conflict_coop,501,0,,16,0,0,1,1,0,0,0,0,1,1,0,0,0,0,0,0,4,0,1,0
Meta-Llama-3-8B-Instruct x Meta-Llama-3-8B-Instruct,Meta-Llama-3-8B-Instruct,Meta-Llama-3-8B-Instruct,cord_desk_basket,conflict_adv,502,1,basket,12,0,0,0,0,0,0,0,0,0,0,0,0,0,0,0,0,0,0,0,0
Meta-Llama-3-8B-Instruct x Meta-Llama-3-8B-Instruct,Meta-Llama-3-8B-Instruct,Meta-Llama-3-8B-Instruct,cord_desk_basket,mutual_incoh,503,0,,16,0,0,1,1,0,0,0,0,1,1,0,0,0,0,0,0,4,0,1,0
Meta-Llama-3-8B-Instruct x Meta-Llama-3-8B-Instruct,Meta-Llama-3-8B-Instruct,Meta-Llama-3-8B-Instruct,fan_shelf_floor,mutual_coop,504,0,,16,0,0,1,1,0,0,0,0,1,1,0,0,0,0,0,0,4,0,1,0
Meta-Llama-3-8B-Instruct x Meta-Llama-3-8B-Instruct,Meta-Llama-3-8B-Instruct,Meta-Llama-3-8B-Instruct,fan_shelf_floor,asym_coop,505,0,,16,0,0,1,1,0,0,0,0,1,1,0,0,0,0,0,0,4,0,1,0
Meta-Llama-3-8B-Instruct x Meta-Llama-3-8B-Instruct,Meta-Llama-3-8B-Instruct,Meta-Llama-3-8B-Instruct,fan_shelf_floor,asym_adv,506,1,shelf,12,0,0,0,0,0,0,0,0,1,0,0,0,0,0,0,0,1,0,1,0
Meta-Llama-3-8B-Instruct x Meta-Llama-3-8B-Instruct,Meta-Llama-3-8B-Instruct,Meta-Llama-3-8B-Instruct,fan_shelf_floor,conflict_coop,507,0,floor,8,0,0,0,0,0,0,0,0,0,0,0,0,0,0,0,0,0,0,0,0
Meta-Llama-3-8B-Instruct x Meta-Llama-3-8B-Instruct,Meta-Llama-3-8B-Instruct,Meta-Llama-3-8B-Instruct,fan_shelf_floor,conflict_adv,508,0,floor,12,0,0,0,0,0,0,0,0,0,0,0,0,0,0,0,0,0,0,0,0
Meta-Llama-3-8B-Instruct x Meta-Llama-3-8B-Instruct,Meta-Llama-3-8B-Instruct,Meta-Llama-3-8B-Instruct,fan_shelf_floor,mutual_incoh,509,1,shelf,12,0,0,0,0,0,0,0,0,0,0,0,0,0,0,0,0,0,0,0,0
Meta-Llama-3-8B-Instruct x Meta-Llama-3-8B-Instruct,Meta-Llama-3-8B-Instruct,Meta-Llama-3-8B-Instruct,ring_box_pouch,asym_adv,50,0,,16,0,0,1,1,0,0,0,0,0,1,0,0,0,0,0,0,3,0,1,0
Meta-Llama-3-8B-Instruct x Meta-Llama-3-8B-Instruct,Meta-Llama-3-8B-Instruct,Meta-Llama-3-8B-Instruct,scale_counter_shelf,mutual_coop,510,0,counter,14,0,0,0,0,0,0,0,0,0,0,0,0,0,0,0,0,0,0,0,0
Meta-Llama-3-8B-Instruct x Meta-Llama-3-8B-Instruct,Meta-Llama-3-8B-Instruct,Meta-Llama-3-8B-Instruct,scale_counter_shelf,asym_coop,511,0,,16,0,0,1,1,0,0,0,0,0,1,0,0,0,0,0,0,3,0,1,0
Meta-Llama-3-8B-Instruct x Meta-Llama-3-8B-Instruct,Meta-Llama-3-8B-Instruct,Meta-Llama-3-8B-Instruct,scale_counter_shelf,asym_adv,512,1,shelf,10,0,0,0,0,0,0,0,0,0,0,0,0,0,0,0,0,0,0,0,0
Meta-Llama-3-8B-Instruct x Meta-Llama-3-8B-Instruct,Meta-Llama-3-8B-Instruct,Meta-Llama-3-8B-Instruct,scale_counter_shelf,conflict_coop,513,0,counter,10,0,0,0,0,0,0,0,0,0,0,0,0,0,0,0,0,0,0,0,0
Meta-Llama-3-8B-Instruct x Meta-Llama-3-8B-Instruct,Meta-Llama-3-8B-Instruct,Meta-Llama-3-8B-Instruct,scale_counter_shelf,conflict_adv,514,0,,16,0,0,1,1,0,0,0,0,1,1,0,0,0,0,0,0,4,0,1,0
Meta-Llama-3-8B-Instruct x Meta-Llama-3-8B-Instruct,Meta-Llama-3-8B-Instruct,Meta-Llama-3-8B-Instruct,scale_counter_shelf,mutual_incoh,515,1,shelf,6,0,0,0,0,0,0,0,0,0,0,0,0,0,0,0,0,0,0,0,0
Meta-Llama-3-8B-Instruct x Meta-Llama-3-8B-Instruct,Meta-Llama-3-8B-Instruct,Meta-Llama-3-8B-Instruct,pail_shed_porch,mutual_coop,516,1,shed,16,0,0,0,0,0,0,0,0,1,1,0,0,0,0,0,0,2,0,1,0
Meta-Llama-3-8B-Instruct x Meta-Llama-3-8B-Instruct,Meta-Llama-3-8B-Instruct,Meta-Llama-3-8B-Instruct,pail_shed_porch,asym_coop,517,0,porch,12,0,0,0,0,0,0,0,0,0,0,0,0,0,0,0,0,0,0,0,0
Meta-Llama-3-8B-Instruct x Meta-Llama-3-8B-Instruct,Meta-Llama-3-8B-Instruct,Meta-Llama-3-8B-Instruct,pail_shed_porch,asym_adv,518,1,shed,10,0,0,0,0,0,0,0,0,0,0,0,0,0,0,0,0,0,0,0,0
Meta-Llama-3-8B-Instruct x Meta-Llama-3-8B-Instruct,Meta-Llama-3-8B-Instruct,Meta-Llama-3-8B-Instruct,pail_shed_porch,conflict_coop,519,0,porch,10,0,0,0,0,0,0,0,0,0,0,0,0,0,0,0,0,0,0,0,0
Meta-Llama-3-8B-Instruct x Meta-Llama-3-8B-Instruct,Meta-Llama-3-8B-Instruct,Meta-Llama-3-8B-Instruct,ring_box_pouch,conflict_coop,51,0,pouch,16,0,0,0,0,0,0,0,0,0,1,0,0,0,0,0,0,1,0,1,0
Meta-Llama-3-8B-Instruct x Meta-Llama-3-8B-Instruct,Meta-Llama-3-8B-Instruct,Meta-Llama-3-8B-Instruct,pail_shed_porch,conflict_adv,520,1,shed,4,0,0,0,0,0,0,0,0,0,0,0,0,0,0,0,0,0,0,0,0
Meta-Llama-3-8B-Instruct x Meta-Llama-3-8B-Instruct,Meta-Llama-3-8B-Instruct,Meta-Llama-3-8B-Instruct,pail_shed_porch,mutual_incoh,521,1,shed,10,0,0,0,0,0,0,0,0,0,0,0,0,0,0,0,0,0,0,0,0
Meta-Llama-3-8B-Instruct x Meta-Llama-3-8B-Instruct,Meta-Llama-3-8B-Instruct,Meta-Llama-3-8B-Instruct,binder_shelf_desk,mutual_coop,522,1,desk,16,0,0,0,0,0,0,0,0,1,1,0,0,0,0,0,0,2,0,1,0
Meta-Llama-3-8B-Instruct x Meta-Llama-3-8B-Instruct,Meta-Llama-3-8B-Instruct,Meta-Llama-3-8B-Instruct,binder_shelf_desk,asym_coop,523,0,,16,0,0,1,1,0,0,0,0,1,1,0,0,0,0,0,0,4,0,1,0
Meta-Llama-3-8B-Instruct x Meta-Llama-3-8B-Instruct,Meta-Llama-3-8B-Instruct,Meta-Llama-3-8B-Instruct,binder_shelf_desk,asym_adv,524,0,,16,0,0,1,1,0,0,0,0,1,1,0,0,0,0,0,0,4,0,1,0
Meta-Llama-3-8B-Instruct x Meta-Llama-3-8B-Instruct,Meta-Llama-3-8B-Instruct,Meta-Llama-3-8B-Instruct,binder_shelf_desk,conflict_coop,525,0,,16,0,0,1,1,0,0,0,0,0,1,0,0,0,0,0,0,3,0,1,0
Meta-Llama-3-8B-Instruct x Meta-Llama-3-8B-Instruct,Meta-Llama-3-8B-Instruct,Meta-Llama-3-8B-Instruct,binder_shelf_desk,conflict_adv,526,0,,16,0,0,1,1,0,0,0,0,1,1,0,0,0,0,0,0,4,0,1,0
Meta-Llama-3-8B-Instruct x Meta-Llama-3-8B-Instruct,Meta-Llama-3-8B-Instruct,Meta-Llama-3-8B-Instruct,binder_shelf_desk,mutual_incoh,527,1,desk,14,0,0,0,0,0,0,0,0,1,0,0,0,0,0,0,0,1,0,1,0
Meta-Llama-3-8B-Instruct x Meta-Llama-3-8B-Instruct,Meta-Llama-3-8B-Instruct,Meta-Llama-3-8B-Instruct,knob_box_shelf,mutual_coop,528,0,shelf,12,0,0,0,0,0,0,0,0,0,0,0,0,0,0,0,0,0,0,0,0
Meta-Llama-3-8B-Instruct x Meta-Llama-3-8B-Instruct,Meta-Llama-3-8B-Instruct,Meta-Llama-3-8B-Instruct,knob_box_shelf,asym_coop,529,0,,16,0,0,1,1,0,0,0,0,1,1,0,0,0,0,0,0,4,0,1,0
Meta-Llama-3-8B-Instruct x Meta-Llama-3-8B-Instruct,Meta-Llama-3-8B-Instruct,Meta-Llama-3-8B-Instruct,ring_box_pouch,conflict_adv,52,1,box,10,0,0,0,0,0,0,0,0,0,0,0,0,0,0,0,0,0,0,0,0
Meta-Llama-3-8B-Instruct x Meta-Llama-3-8B-Instruct,Meta-Llama-3-8B-Instruct,Meta-Llama-3-8B-Instruct,knob_box_shelf,asym_adv,530,1,box,10,0,0,0,0,0,0,0,0,0,0,0,0,0,0,0,0,0,0,0,0
Meta-Llama-3-8B-Instruct x Meta-Llama-3-8B-Instruct,Meta-Llama-3-8B-Instruct,Meta-Llama-3-8B-Instruct,knob_box_shelf,conflict_coop,531,0,shelf,12,0,0,0,0,0,0,0,0,0,0,0,0,0,0,0,0,0,0,0,0
Meta-Llama-3-8B-Instruct x Meta-Llama-3-8B-Instruct,Meta-Llama-3-8B-Instruct,Meta-Llama-3-8B-Instruct,knob_box_shelf,conflict_adv,532,0,,16,0,0,1,1,0,0,0,0,1,1,0,0,0,0,0,0,4,0,1,0
Meta-Llama-3-8B-Instruct x Meta-Llama-3-8B-Instruct,Meta-Llama-3-8B-Instruct,Meta-Llama-3-8B-Instruct,knob_box_shelf,mutual_incoh,533,1,box,8,0,0,0,0,0,0,0,0,0,0,0,0,0,0,0,0,0,0,0,0
Meta-Llama-3-8B-Instruct x Meta-Llama-3-8B-Instruct,Meta-Llama-3-8B-Instruct,Meta-Llama-3-8B-Instruct,strap_hook_drawer,mutual_coop,534,1,drawer,12,0,0,0,0,0,0,0,0,0,0,0,0,0,0,0,0,0,0,0,0
Meta-Llama-3-8B-Instruct x Meta-Llama-3-8B-Instruct,Meta-Llama-3-8B-Instruct,Meta-Llama-3-8B-Instruct,strap_hook_drawer,asym_coop,535,1,drawer,4,0,0,0,0,0,0,0,0,0,0,0,0,0,0,0,0,0,0,0,0
Meta-Llama-3-8B-Instruct x Meta-Llama-3-8B-Instruct,Meta-Llama-3-8B-Instruct,Meta-Llama-3-8B-Instruct,strap_hook_drawer,asym_adv,536,0,hook,14,0,0,0,0,0,0,0,0,0,0,0,0,0,0,0,0,0,0,0,0
Meta-Llama-3-8B-Instruct x Meta-Llama-3-8B-Instruct,Meta-Llama-3-8B-Instruct,Meta-Llama-3-8B-Instruct,strap_hook_drawer,conflict_coop,537,0,hook,4,0,0,0,0,0,0,0,0,0,0,0,0,0,0,0,0,0,0,0,0
Meta-Llama-3-8B-Instruct x Meta-Llama-3-8B-Instruct,Meta-Llama-3-8B-Instruct,Meta-Llama-3-8B-Instruct,strap_hook_drawer,conflict_adv,538,1,drawer,4,0,0,0,0,0,0,0,0,0,0,0,0,0,0,0,0,0,0,0,0
Meta-Llama-3-8B-Instruct x Meta-Llama-3-8B-Instruct,Meta-Llama-3-8B-Instruct,Meta-Llama-3-8B-Instruct,strap_hook_drawer,mutual_incoh,539,1,drawer,14,0,0,0,0,0,0,0,0,1,0,0,0,0,0,0,0,1,0,1,0
Meta-Llama-3-8B-Instruct x Meta-Llama-3-8B-Instruct,Meta-Llama-3-8B-Instruct,Meta-Llama-3-8B-Instruct,ring_box_pouch,mutual_incoh,53,1,box,10,0,0,0,0,0,0,0,0,0,0,0,0,0,0,0,0,0,0,0,0
Meta-Llama-3-8B-Instruct x Meta-Llama-3-8B-Instruct,Meta-Llama-3-8B-Instruct,Meta-Llama-3-8B-Instruct,frame_wall_desk,mutual_coop,540,0,,16,0,0,1,1,0,0,0,0,1,1,0,0,0,0,0,0,4,0,1,0
Meta-Llama-3-8B-Instruct x Meta-Llama-3-8B-Instruct,Meta-Llama-3-8B-Instruct,Meta-Llama-3-8B-Instruct,frame_wall_desk,asym_coop,541,0,,16,0,0,1,1,0,0,0,0,1,1,0,0,0,0,0,0,4,0,1,0
Meta-Llama-3-8B-Instruct x Meta-Llama-3-8B-Instruct,Meta-Llama-3-8B-Instruct,Meta-Llama-3-8B-Instruct,frame_wall_desk,asym_adv,542,1,wall,14,0,0,0,0,0,0,0,0,0,0,0,0,0,0,0,0,0,0,0,0
Meta-Llama-3-8B-Instruct x Meta-Llama-3-8B-Instruct,Meta-Llama-3-8B-Instruct,Meta-Llama-3-8B-Instruct,frame_wall_desk,conflict_coop,543,0,desk,10,0,0,0,0,0,0,0,0,0,0,0,0,0,0,0,0,0,0,0,0
Meta-Llama-3-8B-Instruct x Meta-Llama-3-8B-Instruct,Meta-Llama-3-8B-Instruct,Meta-Llama-3-8B-Instruct,frame_wall_desk,conflict_adv,544,1,wall,10,0,0,0,0,0,0,0,0,0,0,0,0,0,0,0,0,0,0,0,0
Meta-Llama-3-8B-Instruct x Meta-Llama-3-8B-Instruct,Meta-Llama-3-8B-Instruct,Meta-Llama-3-8B-Instruct,frame_wall_desk,mutual_incoh,545,0,,16,0,0,1,1,0,0,0,0,0,1,0,0,0,0,0,0,3,0,1,0
Meta-Llama-3-8B-Instruct x Meta-Llama-3-8B-Instruct,Meta-Llama-3-8B-Instruct,Meta-Llama-3-8B-Instruct,jar_shelf_counter,mutual_coop,546,1,counter,6,0,0,0,0,0,0,0,0,0,0,0,0,0,0,0,0,0,0,0,0
Meta-Llama-3-8B-Instruct x Meta-Llama-3-8B-Instruct,Meta-Llama-3-8B-Instruct,Meta-Llama-3-8B-Instruct,jar_shelf_counter,asym_coop,547,0,shelf,16,0,0,0,0,0,0,0,0,1,1,0,0,0,0,0,0,2,0,1,0
Meta-Llama-3-8B-Instruct x Meta-Llama-3-8B-Instruct,Meta-Llama-3-8B-Instruct,Meta-Llama-3-8B-Instruct,jar_shelf_counter,asym_adv,548,0,,14,0,0,0,1,0,0,0,0,0,0,0,0,0,0,0,0,1,0,1,0
Meta-Llama-3-8B-Instruct x Meta-Llama-3-8B-Instruct,Meta-Llama-3-8B-Instruct,Meta-Llama-3-8B-Instruct,jar_shelf_counter,conflict_coop,549,0,shelf,12,0,0,0,0,0,0,0,0,0,0,0,0,0,0,0,0,0,0,0,0
Meta-Llama-3-8B-Instruct x Meta-Llama-3-8B-Instruct,Meta-Llama-3-8B-Instruct,Meta-Llama-3-8B-Instruct,letter_mailbox_mat,mutual_coop,54,1,mat,6,0,0,0,0,0,0,0,0,0,0,0,0,0,0,0,0,0,0,0,0
Meta-Llama-3-8B-Instruct x Meta-Llama-3-8B-Instruct,Meta-Llama-3-8B-Instruct,Meta-Llama-3-8B-Instruct,jar_shelf_counter,conflict_adv,550,1,counter,6,0,0,0,0,0,0,0,0,0,0,0,0,0,0,0,0,0,0,0,0
Meta-Llama-3-8B-Instruct x Meta-Llama-3-8B-Instruct,Meta-Llama-3-8B-Instruct,Meta-Llama-3-8B-Instruct,jar_shelf_counter,mutual_incoh,551,0,,16,0,0,1,1,0,0,0,0,0,1,0,0,0,0,0,0,3,0,1,0
Meta-Llama-3-8B-Instruct x Meta-Llama-3-8B-Instruct,Meta-Llama-3-8B-Instruct,Meta-Llama-3-8B-Instruct,flag_pole_box,mutual_coop,552,0,box,8,0,0,0,0,0,0,0,0,0,0,0,0,0,0,0,0,0,0,0,0
Meta-Llama-3-8B-Instruct x Meta-Llama-3-8B-Instruct,Meta-Llama-3-8B-Instruct,Meta-Llama-3-8B-Instruct,flag_pole_box,asym_coop,553,0,,4,0,0,0,1,0,0,0,0,0,0,0,0,0,0,0,0,1,0,1,0
Meta-Llama-3-8B-Instruct x Meta-Llama-3-8B-Instruct,Meta-Llama-3-8B-Instruct,Meta-Llama-3-8B-Instruct,flag_pole_box,asym_adv,554,1,pole,8,0,0,0,0,0,0,0,0,0,0,0,0,0,0,0,0,0,0,0,0
Meta-Llama-3-8B-Instruct x Meta-Llama-3-8B-Instruct,Meta-Llama-3-8B-Instruct,Meta-Llama-3-8B-Instruct,flag_pole_box,conflict_coop,555,0,box,10,0,0,0,0,0,0,0,0,0,0,0,0,0,0,0,0,0,0,0,0
Meta-Llama-3-8B-Instruct x Meta-Llama-3-8B-Instruct,Meta-Llama-3-8B-Instruct,Meta-Llama-3-8B-Instruct,flag_pole_box,conflict_adv,556,0,,16,0,0,1,1,0,0,0,0,0,1,0,0,0,0,0,0,3,0,1,0
Meta-Llama-3-8B-Instruct x Meta-Llama-3-8B-Instruct,Meta-Llama-3-8B-Instruct,Meta-Llama-3-8B-Instruct,flag_pole_box,mutual_incoh,557,0,,16,0,0,1,1,0,0,0,0,1,1,0,0,0,0,0,0,4,0,1,0
Meta-Llama-3-8B-Instruct x Meta-Llama-3-8B-Instruct,Meta-Llama-3-8B-Instruct,Meta-Llama-3-8B-Instruct,dice_cup_table,mutual_coop,558,0,,16,0,0,1,1,0,0,0,0,1,1,0,0,0,0,0,0,4,0,1,0
Meta-Llama-3-8B-Instruct x Meta-Llama-3-8B-Instruct,Meta-Llama-3-8B-Instruct,Meta-Llama-3-8B-Instruct,dice_cup_table,asym_coop,559,1,table,14,0,0,0,0,0,0,0,0,1,0,0,0,0,0,0,0,1,0,1,0
Meta-Llama-3-8B-Instruct x Meta-Llama-3-8B-Instruct,Meta-Llama-3-8B-Instruct,Meta-Llama-3-8B-Instruct,letter_mailbox_mat,asym_coop,55,0,,16,0,0,1,1,0,0,0,0,1,1,0,0,0,0,0,0,4,0,1,0
Meta-Llama-3-8B-Instruct x Meta-Llama-3-8B-Instruct,Meta-Llama-3-8B-Instruct,Meta-Llama-3-8B-Instruct,dice_cup_table,asym_adv,560,0,,16,0,0,1,1,0,0,0,0,1,1,0,0,0,0,0,0,4,0,1,0
Meta-Llama-3-8B-Instruct x Meta-Llama-3-8B-Instruct,Meta-Llama-3-8B-Instruct,Meta-Llama-3-8B-Instruct,dice_cup_table,conflict_coop,561,0,cup,10,0,0,0,0,0,0,0,0,0,0,0,0,0,0,0,0,0,0,0,0
Meta-Llama-3-8B-Instruct x Meta-Llama-3-8B-Instruct,Meta-Llama-3-8B-Instruct,Meta-Llama-3-8B-Instruct,dice_cup_table,conflict_adv,562,1,table,8,0,0,0,0,1,0,0,0,0,0,0,0,0,0,0,0,1,0,1,0
Meta-Llama-3-8B-Instruct x Meta-Llama-3-8B-Instruct,Meta-Llama-3-8B-Instruct,Meta-Llama-3-8B-Instruct,dice_cup_table,mutual_incoh,563,0,cup,8,0,0,0,0,0,0,0,0,0,0,0,0,0,0,0,0,0,0,0,0
Meta-Llama-3-8B-Instruct x Meta-Llama-3-8B-Instruct,Meta-Llama-3-8B-Instruct,Meta-Llama-3-8B-Instruct,wire_bench_drawer,mutual_coop,564,0,drawer,8,0,0,0,0,0,0,0,0,0,0,0,0,0,0,0,0,0,0,0,0
Meta-Llama-3-8B-Instruct x Meta-Llama-3-8B-Instruct,Meta-Llama-3-8B-Instruct,Meta-Llama-3-8B-Instruct,wire_bench_drawer,asym_coop,565,0,,16,0,0,1,1,0,0,0,0,1,1,0,0,0,0,0,0,4,0,1,0
Meta-Llama-3-8B-Instruct x Meta-Llama-3-8B-Instruct,Meta-Llama-3-8B-Instruct,Meta-Llama-3-8B-Instruct,wire_bench_drawer,asym_adv,566,1,bench,16,0,0,0,0,0,0,0,0,0,1,0,0,0,0,0,0,1,0,1,0
Meta-Llama-3-8B-Instruct x Meta-Llama-3-8B-Instruct,Meta-Llama-3-8B-Instruct,Meta-Llama-3-8B-Instruct,wire_bench_drawer,conflict_coop,567,0,drawer,10,0,0,0,0,0,0,0,0,0,0,0,0,0,0,0,0,0,0,0,0
Meta-Llama-3-8B-Instruct x Meta-Llama-3-8B-Instruct,Meta-Llama-3-8B-Instruct,Meta-Llama-3-8B-Instruct,wire_bench_drawer,conflict_adv,568,1,bench,12,0,0,0,0,0,0,0,0,0,0,0,0,0,0,0,0,0,0,0,0
Meta-Llama-3-8B-Instruct x Meta-Llama-3-8B-Instruct,Meta-Llama-3-8B-Instruct,Meta-Llama-3-8B-Instruct,wire_bench_drawer,mutual_incoh,569,1,bench,12,0,0,0,0,0,0,0,0,0,0,0,0,0,0,0,0,0,0,0,0
Meta-Llama-3-8B-Instruct x Meta-Llama-3-8B-Instruct,Meta-Llama-3-8B-Instruct,Meta-Llama-3-8B-Instruct,letter_mailbox_mat,asym_adv,56,1,mat,8,0,0,0,0,0,0,0,0,0,0,0,0,0,0,0,0,0,0,0,0
Meta-Llama-3-8B-Instruct x Meta-Llama-3-8B-Instruct,Meta-Llama-3-8B-Instruct,Meta-Llama-3-8B-Instruct,stone_ledge_pot,mutual_coop,570,0,,16,0,0,1,1,0,0,0,0,0,1,0,0,0,0,0,0,3,0,1,0
Meta-Llama-3-8B-Instruct x Meta-Llama-3-8B-Instruct,Meta-Llama-3-8B-Instruct,Meta-Llama-3-8B-Instruct,stone_ledge_pot,asym_coop,571,0,ledge,10,0,0,0,0,0,0,0,0,0,0,0,0,0,0,0,0,0,0,0,0
Meta-Llama-3-8B-Instruct x Meta-Llama-3-8B-Instruct,Meta-Llama-3-8B-Instruct,Meta-Llama-3-8B-Instruct,stone_ledge_pot,asym_adv,572,1,pot,8,0,0,0,0,0,0,0,0,0,0,0,0,0,0,0,0,0,0,0,0
Meta-Llama-3-8B-Instruct x Meta-Llama-3-8B-Instruct,Meta-Llama-3-8B-Instruct,Meta-Llama-3-8B-Instruct,stone_ledge_pot,conflict_coop,573,0,ledge,12,0,0,0,0,0,0,0,0,0,0,0,0,0,0,0,0,0,0,0,0
Meta-Llama-3-8B-Instruct x Meta-Llama-3-8B-Instruct,Meta-Llama-3-8B-Instruct,Meta-Llama-3-8B-Instruct,stone_ledge_pot,conflict_adv,574,0,,10,0,0,0,1,0,0,0,0,0,0,0,0,0,0,0,0,1,0,1,0
Meta-Llama-3-8B-Instruct x Meta-Llama-3-8B-Instruct,Meta-Llama-3-8B-Instruct,Meta-Llama-3-8B-Instruct,stone_ledge_pot,mutual_incoh,575,1,pot,12,0,0,0,0,0,0,0,0,0,0,0,0,0,0,0,0,0,0,0,0
Meta-Llama-3-8B-Instruct x Meta-Llama-3-8B-Instruct,Meta-Llama-3-8B-Instruct,Meta-Llama-3-8B-Instruct,patch_drawer_table,mutual_coop,576,0,table,14,0,0,0,0,0,0,0,0,1,0,0,0,0,0,0,0,1,0,1,0
Meta-Llama-3-8B-Instruct x Meta-Llama-3-8B-Instruct,Meta-Llama-3-8B-Instruct,Meta-Llama-3-8B-Instruct,patch_drawer_table,asym_coop,577,0,table,6,0,0,0,0,0,0,0,0,0,0,0,0,0,0,0,0,0,0,0,0
Meta-Llama-3-8B-Instruct x Meta-Llama-3-8B-Instruct,Meta-Llama-3-8B-Instruct,Meta-Llama-3-8B-Instruct,patch_drawer_table,asym_adv,578,1,drawer,14,0,0,0,0,0,0,0,0,1,0,0,0,0,0,0,0,1,0,1,0
Meta-Llama-3-8B-Instruct x Meta-Llama-3-8B-Instruct,Meta-Llama-3-8B-Instruct,Meta-Llama-3-8B-Instruct,patch_drawer_table,conflict_coop,579,0,table,14,0,0,0,0,0,0,0,0,0,0,0,0,0,0,0,0,0,0,0,0
Meta-Llama-3-8B-Instruct x Meta-Llama-3-8B-Instruct,Meta-Llama-3-8B-Instruct,Meta-Llama-3-8B-Instruct,letter_mailbox_mat,conflict_coop,57,0,mailbox,8,0,0,0,0,0,0,0,0,0,0,0,0,0,0,0,0,0,0,0,0
Meta-Llama-3-8B-Instruct x Meta-Llama-3-8B-Instruct,Meta-Llama-3-8B-Instruct,Meta-Llama-3-8B-Instruct,patch_drawer_table,conflict_adv,580,1,drawer,12,0,0,0,0,0,0,0,0,0,0,0,0,0,0,0,0,0,0,0,0
Meta-Llama-3-8B-Instruct x Meta-Llama-3-8B-Instruct,Meta-Llama-3-8B-Instruct,Meta-Llama-3-8B-Instruct,patch_drawer_table,mutual_incoh,581,1,drawer,8,0,0,0,0,0,0,0,0,0,0,0,0,0,0,0,0,0,0,0,0
Meta-Llama-3-8B-Instruct x Meta-Llama-3-8B-Instruct,Meta-Llama-3-8B-Instruct,Meta-Llama-3-8B-Instruct,mirror_wall_shelf,mutual_coop,582,0,,16,0,0,1,1,0,0,0,0,1,1,0,0,0,0,0,0,4,0,1,0
Meta-Llama-3-8B-Instruct x Meta-Llama-3-8B-Instruct,Meta-Llama-3-8B-Instruct,Meta-Llama-3-8B-Instruct,mirror_wall_shelf,asym_coop,583,1,shelf,14,0,0,0,0,0,0,0,0,0,0,0,0,0,0,0,0,0,0,0,0
Meta-Llama-3-8B-Instruct x Meta-Llama-3-8B-Instruct,Meta-Llama-3-8B-Instruct,Meta-Llama-3-8B-Instruct,mirror_wall_shelf,asym_adv,584,0,,16,0,0,1,1,0,0,0,0,0,1,0,0,0,0,0,0,3,0,1,0
Meta-Llama-3-8B-Instruct x Meta-Llama-3-8B-Instruct,Meta-Llama-3-8B-Instruct,Meta-Llama-3-8B-Instruct,mirror_wall_shelf,conflict_coop,585,0,,16,0,0,1,1,0,0,0,0,1,1,0,0,0,0,0,0,4,0,1,0
Meta-Llama-3-8B-Instruct x Meta-Llama-3-8B-Instruct,Meta-Llama-3-8B-Instruct,Meta-Llama-3-8B-Instruct,mirror_wall_shelf,conflict_adv,586,1,shelf,8,0,0,0,0,0,0,0,0,0,0,0,0,0,0,0,0,0,0,0,0
Meta-Llama-3-8B-Instruct x Meta-Llama-3-8B-Instruct,Meta-Llama-3-8B-Instruct,Meta-Llama-3-8B-Instruct,mirror_wall_shelf,mutual_incoh,587,0,,16,0,0,1,1,0,0,0,0,1,1,0,0,0,0,0,0,4,0,1,0
Meta-Llama-3-8B-Instruct x Meta-Llama-3-8B-Instruct,Meta-Llama-3-8B-Instruct,Meta-Llama-3-8B-Instruct,chain_hook_box,mutual_coop,588,0,box,8,0,0,0,0,0,0,0,0,0,0,0,0,0,0,0,0,0,0,0,0
Meta-Llama-3-8B-Instruct x Meta-Llama-3-8B-Instruct,Meta-Llama-3-8B-Instruct,Meta-Llama-3-8B-Instruct,chain_hook_box,asym_coop,589,1,hook,16,0,0,0,0,1,0,0,0,0,1,0,0,0,0,0,0,2,0,1,0
Meta-Llama-3-8B-Instruct x Meta-Llama-3-8B-Instruct,Meta-Llama-3-8B-Instruct,Meta-Llama-3-8B-Instruct,letter_mailbox_mat,conflict_adv,58,1,mat,6,0,0,0,0,0,0,0,0,0,0,0,0,0,0,0,0,0,0,0,0
Meta-Llama-3-8B-Instruct x Meta-Llama-3-8B-Instruct,Meta-Llama-3-8B-Instruct,Meta-Llama-3-8B-Instruct,chain_hook_box,asym_adv,590,1,hook,10,0,0,0,0,0,0,0,0,0,0,0,0,0,0,0,0,0,0,0,0
Meta-Llama-3-8B-Instruct x Meta-Llama-3-8B-Instruct,Meta-Llama-3-8B-Instruct,Meta-Llama-3-8B-Instruct,chain_hook_box,conflict_coop,591,0,box,8,0,0,0,0,0,0,0,0,0,0,0,0,0,0,0,0,0,0,0,0
Meta-Llama-3-8B-Instruct x Meta-Llama-3-8B-Instruct,Meta-Llama-3-8B-Instruct,Meta-Llama-3-8B-Instruct,chain_hook_box,conflict_adv,592,1,hook,8,0,0,0,0,0,0,0,0,0,0,0,0,0,0,0,0,0,0,0,0
Meta-Llama-3-8B-Instruct x Meta-Llama-3-8B-Instruct,Meta-Llama-3-8B-Instruct,Meta-Llama-3-8B-Instruct,chain_hook_box,mutual_incoh,593,1,hook,10,0,0,0,0,0,0,0,0,1,0,0,0,0,0,0,0,1,0,1,0
Meta-Llama-3-8B-Instruct x Meta-Llama-3-8B-Instruct,Meta-Llama-3-8B-Instruct,Meta-Llama-3-8B-Instruct,clipboard_shelf_desk,mutual_coop,594,0,,16,0,0,1,1,0,0,0,0,1,1,0,0,0,0,0,0,4,0,1,0
Meta-Llama-3-8B-Instruct x Meta-Llama-3-8B-Instruct,Meta-Llama-3-8B-Instruct,Meta-Llama-3-8B-Instruct,clipboard_shelf_desk,asym_coop,595,0,,16,0,0,1,1,0,0,0,0,0,1,0,0,0,0,0,0,3,0,1,0
Meta-Llama-3-8B-Instruct x Meta-Llama-3-8B-Instruct,Meta-Llama-3-8B-Instruct,Meta-Llama-3-8B-Instruct,clipboard_shelf_desk,asym_adv,596,1,desk,12,0,0,0,0,0,0,0,0,0,0,0,0,0,0,0,0,0,0,0,0
Meta-Llama-3-8B-Instruct x Meta-Llama-3-8B-Instruct,Meta-Llama-3-8B-Instruct,Meta-Llama-3-8B-Instruct,clipboard_shelf_desk,conflict_coop,597,0,shelf,10,0,0,0,0,0,0,0,0,0,0,0,0,0,0,0,0,0,0,0,0
Meta-Llama-3-8B-Instruct x Meta-Llama-3-8B-Instruct,Meta-Llama-3-8B-Instruct,Meta-Llama-3-8B-Instruct,clipboard_shelf_desk,conflict_adv,598,1,desk,16,0,0,0,0,0,0,0,0,1,1,0,0,0,0,0,0,2,0,1,0
Meta-Llama-3-8B-Instruct x Meta-Llama-3-8B-Instruct,Meta-Llama-3-8B-Instruct,Meta-Llama-3-8B-Instruct,clipboard_shelf_desk,mutual_incoh,599,1,desk,14,0,0,0,0,0,0,0,0,0,0,0,0,0,0,0,0,0,0,0,0
Meta-Llama-3-8B-Instruct x Meta-Llama-3-8B-Instruct,Meta-Llama-3-8B-Instruct,Meta-Llama-3-8B-Instruct,letter_mailbox_mat,mutual_incoh,59,1,mat,6,0,0,0,0,0,0,0,0,0,0,0,0,0,0,0,0,0,0,0,0
Meta-Llama-3-8B-Instruct x Meta-Llama-3-8B-Instruct,Meta-Llama-3-8B-Instruct,Meta-Llama-3-8B-Instruct,key_in_boxes,mutual_incoh,5,1,red box,4,0,0,0,0,0,0,0,0,0,0,0,0,0,0,0,0,0,0,0,0
Meta-Llama-3-8B-Instruct x Meta-Llama-3-8B-Instruct,Meta-Llama-3-8B-Instruct,Meta-Llama-3-8B-Instruct,scarf_closet_bench,mutual_coop,60,0,,16,0,0,1,1,0,0,0,0,1,1,0,0,0,0,0,0,4,0,1,0
Meta-Llama-3-8B-Instruct x Meta-Llama-3-8B-Instruct,Meta-Llama-3-8B-Instruct,Meta-Llama-3-8B-Instruct,scarf_closet_bench,asym_coop,61,0,,16,0,0,1,1,0,0,0,0,1,1,0,0,0,0,0,0,4,0,1,0
Meta-Llama-3-8B-Instruct x Meta-Llama-3-8B-Instruct,Meta-Llama-3-8B-Instruct,Meta-Llama-3-8B-Instruct,scarf_closet_bench,asym_adv,62,1,closet,8,0,0,0,0,0,0,0,0,0,0,0,0,0,0,0,0,0,0,0,0
Meta-Llama-3-8B-Instruct x Meta-Llama-3-8B-Instruct,Meta-Llama-3-8B-Instruct,Meta-Llama-3-8B-Instruct,scarf_closet_bench,conflict_coop,63,0,bench,14,0,0,0,0,0,0,0,0,1,0,0,0,0,0,0,0,1,0,1,0
Meta-Llama-3-8B-Instruct x Meta-Llama-3-8B-Instruct,Meta-Llama-3-8B-Instruct,Meta-Llama-3-8B-Instruct,scarf_closet_bench,conflict_adv,64,1,closet,8,0,0,0,0,0,0,0,0,0,0,0,0,0,0,0,0,0,0,0,0
Meta-Llama-3-8B-Instruct x Meta-Llama-3-8B-Instruct,Meta-Llama-3-8B-Instruct,Meta-Llama-3-8B-Instruct,scarf_closet_bench,mutual_incoh,65,1,closet,10,0,0,0,0,0,0,0,0,0,0,0,0,0,0,0,0,0,0,0,0
Meta-Llama-3-8B-Instruct x Meta-Llama-3-8B-Instruct,Meta-Llama-3-8B-Instruct,Meta-Llama-3-8B-Instruct,umbrella_stand_hook,mutual_coop,66,1,hook,8,0,0,0,0,0,0,0,0,0,0,0,0,1,0,0,0,1,0,1,0
Meta-Llama-3-8B-Instruct x Meta-Llama-3-8B-Instruct,Meta-Llama-3-8B-Instruct,Meta-Llama-3-8B-Instruct,umbrella_stand_hook,asym_coop,67,0,,16,0,0,1,1,0,0,0,0,1,1,0,0,0,0,0,0,4,0,1,0
Meta-Llama-3-8B-Instruct x Meta-Llama-3-8B-Instruct,Meta-Llama-3-8B-Instruct,Meta-Llama-3-8B-Instruct,umbrella_stand_hook,asym_adv,68,1,hook,12,0,0,0,0,0,0,0,0,1,0,0,0,0,0,0,0,1,0,1,0
Meta-Llama-3-8B-Instruct x Meta-Llama-3-8B-Instruct,Meta-Llama-3-8B-Instruct,Meta-Llama-3-8B-Instruct,umbrella_stand_hook,conflict_coop,69,1,hook,10,0,0,0,0,0,0,0,0,0,0,0,0,0,0,0,0,0,0,0,0
Meta-Llama-3-8B-Instruct x Meta-Llama-3-8B-Instruct,Meta-Llama-3-8B-Instruct,Meta-Llama-3-8B-Instruct,wallet_desk_drawer,mutual_coop,6,0,,16,0,0,1,1,0,0,0,0,1,1,0,0,0,0,0,0,4,0,1,0
Meta-Llama-3-8B-Instruct x Meta-Llama-3-8B-Instruct,Meta-Llama-3-8B-Instruct,Meta-Llama-3-8B-Instruct,umbrella_stand_hook,conflict_adv,70,1,hook,8,0,0,0,0,0,0,0,0,0,0,0,0,0,0,0,0,0,0,0,0
Meta-Llama-3-8B-Instruct x Meta-Llama-3-8B-Instruct,Meta-Llama-3-8B-Instruct,Meta-Llama-3-8B-Instruct,umbrella_stand_hook,mutual_incoh,71,1,hook,14,0,0,0,0,1,0,0,0,0,0,0,0,0,0,0,0,1,0,1,0
Meta-Llama-3-8B-Instruct x Meta-Llama-3-8B-Instruct,Meta-Llama-3-8B-Instruct,Meta-Llama-3-8B-Instruct,remote_table_cushion,mutual_coop,72,0,,4,0,0,0,1,0,0,0,0,0,0,0,0,0,0,0,0,1,0,1,0
Meta-Llama-3-8B-Instruct x Meta-Llama-3-8B-Instruct,Meta-Llama-3-8B-Instruct,Meta-Llama-3-8B-Instruct,remote_table_cushion,asym_coop,73,0,,16,0,0,1,1,0,0,0,0,1,1,0,0,0,0,0,0,4,0,1,0
Meta-Llama-3-8B-Instruct x Meta-Llama-3-8B-Instruct,Meta-Llama-3-8B-Instruct,Meta-Llama-3-8B-Instruct,remote_table_cushion,asym_adv,74,1,table,8,0,0,0,0,0,0,0,0,0,0,0,0,0,0,0,0,0,0,0,0
Meta-Llama-3-8B-Instruct x Meta-Llama-3-8B-Instruct,Meta-Llama-3-8B-Instruct,Meta-Llama-3-8B-Instruct,remote_table_cushion,conflict_coop,75,0,,16,0,0,1,1,0,0,0,0,1,1,0,0,0,0,0,0,4,0,1,0
Meta-Llama-3-8B-Instruct x Meta-Llama-3-8B-Instruct,Meta-Llama-3-8B-Instruct,Meta-Llama-3-8B-Instruct,remote_table_cushion,conflict_adv,76,0,,16,0,0,1,1,0,0,0,0,1,1,0,0,0,0,0,0,4,0,1,0
Meta-Llama-3-8B-Instruct x Meta-Llama-3-8B-Instruct,Meta-Llama-3-8B-Instruct,Meta-Llama-3-8B-Instruct,remote_table_cushion,mutual_incoh,77,1,table,10,0,0,0,0,0,0,0,0,0,0,0,0,0,0,0,0,0,0,0,0
Meta-Llama-3-8B-Instruct x Meta-Llama-3-8B-Instruct,Meta-Llama-3-8B-Instruct,Meta-Llama-3-8B-Instruct,mug_shelf_rack,mutual_coop,78,1,rack,4,0,0,0,0,0,0,0,0,0,0,0,0,0,0,0,0,0,0,0,0
Meta-Llama-3-8B-Instruct x Meta-Llama-3-8B-Instruct,Meta-Llama-3-8B-Instruct,Meta-Llama-3-8B-Instruct,mug_shelf_rack,asym_coop,79,0,,16,0,0,1,1,0,0,0,0,1,1,0,0,0,0,0,0,4,0,1,0
Meta-Llama-3-8B-Instruct x Meta-Llama-3-8B-Instruct,Meta-Llama-3-8B-Instruct,Meta-Llama-3-8B-Instruct,wallet_desk_drawer,asym_coop,7,0,desk,16,0,0,0,0,0,0,0,0,0,1,0,0,0,0,0,0,1,0,1,0
Meta-Llama-3-8B-Instruct x Meta-Llama-3-8B-Instruct,Meta-Llama-3-8B-Instruct,Meta-Llama-3-8B-Instruct,mug_shelf_rack,asym_adv,80,1,rack,10,0,0,0,0,0,0,0,0,0,0,0,0,0,0,0,0,0,0,0,0
Meta-Llama-3-8B-Instruct x Meta-Llama-3-8B-Instruct,Meta-Llama-3-8B-Instruct,Meta-Llama-3-8B-Instruct,mug_shelf_rack,conflict_coop,81,0,shelf,8,0,0,0,0,1,0,0,0,0,0,0,0,0,0,0,0,1,0,1,0
Meta-Llama-3-8B-Instruct x Meta-Llama-3-8B-Instruct,Meta-Llama-3-8B-Instruct,Meta-Llama-3-8B-Instruct,mug_shelf_rack,conflict_adv,82,1,rack,8,0,0,0,0,0,0,0,0,0,0,0,0,0,0,0,0,0,0,0,0
Meta-Llama-3-8B-Instruct x Meta-Llama-3-8B-Instruct,Meta-Llama-3-8B-Instruct,Meta-Llama-3-8B-Instruct,mug_shelf_rack,mutual_incoh,83,0,,16,0,0,1,1,0,0,0,0,1,1,0,0,0,0,0,0,4,0,1,0
Meta-Llama-3-8B-Instruct x Meta-Llama-3-8B-Instruct,Meta-Llama-3-8B-Instruct,Meta-Llama-3-8B-Instruct,towel_rack_basket,mutual_coop,84,1,rack,8,0,0,0,0,0,0,0,0,0,0,0,0,0,0,0,0,0,0,0,0
Meta-Llama-3-8B-Instruct x Meta-Llama-3-8B-Instruct,Meta-Llama-3-8B-Instruct,Meta-Llama-3-8B-Instruct,towel_rack_basket,asym_coop,85,0,,16,0,0,1,1,0,0,0,0,1,1,0,0,0,0,0,0,4,0,1,0
Meta-Llama-3-8B-Instruct x Meta-Llama-3-8B-Instruct,Meta-Llama-3-8B-Instruct,Meta-Llama-3-8B-Instruct,towel_rack_basket,asym_adv,86,1,rack,12,0,0,0,0,0,0,0,0,0,0,0,0,0,0,0,0,0,0,0,0
Meta-Llama-3-8B-Instruct x Meta-Llama-3-8B-Instruct,Meta-Llama-3-8B-Instruct,Meta-Llama-3-8B-Instruct,towel_rack_basket,conflict_coop,87,0,basket,14,0,0,0,0,0,0,0,0,0,0,0,0,0,0,0,0,0,0,0,0
Meta-Llama-3-8B-Instruct x Meta-Llama-3-8B-Instruct,Meta-Llama-3-8B-Instruct,Meta-Llama-3-8B-Instruct,towel_rack_basket,conflict_adv,88,0,basket,8,0,0,0,0,0,0,0,0,0,0,0,0,0,0,0,0,0,0,0,0
Meta-Llama-3-8B-Instruct x Meta-Llama-3-8B-Instruct,Meta-Llama-3-8B-Instruct,Meta-Llama-3-8B-Instruct,towel_rack_basket,mutual_incoh,89,1,rack,8,0,0,0,0,0,0,0,0,0,0,0,0,0,0,0,0,0,0,0,0
Meta-Llama-3-8B-Instruct x Meta-Llama-3-8B-Instruct,Meta-Llama-3-8B-Instruct,Meta-Llama-3-8B-Instruct,wallet_desk_drawer,asym_adv,8,1,drawer,12,0,0,0,0,0,0,0,0,0,0,0,0,0,0,0,0,0,0,0,0
Meta-Llama-3-8B-Instruct x Meta-Llama-3-8B-Instruct,Meta-Llama-3-8B-Instruct,Meta-Llama-3-8B-Instruct,coin_jar_pocket,mutual_coop,90,1,pocket,2,0,0,0,0,0,0,0,0,0,0,0,0,0,0,0,0,0,0,0,0
Meta-Llama-3-8B-Instruct x Meta-Llama-3-8B-Instruct,Meta-Llama-3-8B-Instruct,Meta-Llama-3-8B-Instruct,coin_jar_pocket,asym_coop,91,0,,5,0,0,1,1,0,0,0,0,0,0,0,0,0,0,0,0,2,0,1,0
Meta-Llama-3-8B-Instruct x Meta-Llama-3-8B-Instruct,Meta-Llama-3-8B-Instruct,Meta-Llama-3-8B-Instruct,coin_jar_pocket,asym_adv,92,1,pocket,14,0,0,0,0,0,0,0,0,0,0,0,0,0,0,0,0,0,0,0,0
Meta-Llama-3-8B-Instruct x Meta-Llama-3-8B-Instruct,Meta-Llama-3-8B-Instruct,Meta-Llama-3-8B-Instruct,coin_jar_pocket,conflict_coop,93,0,jar,10,0,0,0,0,0,0,0,0,0,0,0,0,0,0,0,0,0,0,0,0
Meta-Llama-3-8B-Instruct x Meta-Llama-3-8B-Instruct,Meta-Llama-3-8B-Instruct,Meta-Llama-3-8B-Instruct,coin_jar_pocket,conflict_adv,94,0,,16,0,0,0,1,0,0,0,0,0,1,0,0,0,0,0,0,2,0,1,0
Meta-Llama-3-8B-Instruct x Meta-Llama-3-8B-Instruct,Meta-Llama-3-8B-Instruct,Meta-Llama-3-8B-Instruct,coin_jar_pocket,mutual_incoh,95,0,,16,0,0,1,1,0,0,0,0,0,1,0,0,0,0,0,0,3,0,1,0
Meta-Llama-3-8B-Instruct x Meta-Llama-3-8B-Instruct,Meta-Llama-3-8B-Instruct,Meta-Llama-3-8B-Instruct,flashlight_drawer_shelf,mutual_coop,96,0,,16,0,0,1,1,0,0,0,0,1,1,0,0,0,0,0,0,4,0,1,0
Meta-Llama-3-8B-Instruct x Meta-Llama-3-8B-Instruct,Meta-Llama-3-8B-Instruct,Meta-Llama-3-8B-Instruct,flashlight_drawer_shelf,asym_coop,97,0,,16,0,0,1,1,0,0,0,0,0,1,0,0,0,0,0,0,3,0,1,0
Meta-Llama-3-8B-Instruct x Meta-Llama-3-8B-Instruct,Meta-Llama-3-8B-Instruct,Meta-Llama-3-8B-Instruct,flashlight_drawer_shelf,asym_adv,98,1,drawer,10,0,0,0,0,0,0,0,0,0,0,0,0,0,0,0,0,0,0,0,0
Meta-Llama-3-8B-Instruct x Meta-Llama-3-8B-Instruct,Meta-Llama-3-8B-Instruct,Meta-Llama-3-8B-Instruct,flashlight_drawer_shelf,conflict_coop,99,0,,16,0,0,1,1,0,0,0,0,1,1,0,0,0,0,0,0,4,0,1,0
Meta-Llama-3-8B-Instruct x Meta-Llama-3-8B-Instruct,Meta-Llama-3-8B-Instruct,Meta-Llama-3-8B-Instruct,wallet_desk_drawer,conflict_coop,9,0,desk,12,0,0,0,0,0,0,0,0,0,0,0,0,0,0,0,0,0,0,0,0
Mistral-7B-Instruct-v0.2 x Mistral-7B-Instruct-v0.2,Mistral-7B-Instruct-v0.2,Mistral-7B-Instruct-v0.2,key_in_boxes,mutual_coop,0,1,red box,2,0,0,0,0,0,0,0,0,0,0,0,0,0,0,0,0,0,0,0,0
Mistral-7B-Instruct-v0.2 x Mistral-7B-Instruct-v0.2,Mistral-7B-Instruct-v0.2,Mistral-7B-Instruct-v0.2,flashlight_drawer_shelf,conflict_adv,100,0,shelf,4,0,0,0,0,0,0,0,0,0,0,0,0,0,0,0,0,0,0,0,0
Mistral-7B-Instruct-v0.2 x Mistral-7B-Instruct-v0.2,Mistral-7B-Instruct-v0.2,Mistral-7B-Instruct-v0.2,flashlight_drawer_shelf,mutual_incoh,101,1,drawer,2,0,0,0,0,0,0,0,0,0,0,0,0,0,0,0,0,0,0,0,0
Mistral-7B-Instruct-v0.2 x Mistral-7B-Instruct-v0.2,Mistral-7B-Instruct-v0.2,Mistral-7B-Instruct-v0.2,scissors_cabinet_desk,mutual_coop,102,1,desk,2,0,0,0,0,0,0,0,0,0,0,0,0,0,0,0,0,0,0,0,0
Mistral-7B-Instruct-v0.2 x Mistral-7B-Instruct-v0.2,Mistral-7B-Instruct-v0.2,Mistral-7B-Instruct-v0.2,scissors_cabinet_desk,asym_coop,103,1,desk,2,0,0,0,0,0,0,0,0,0,0,0,0,0,0,0,0,0,0,0,0
Mistral-7B-Instruct-v0.2 x Mistral-7B-Instruct-v0.2,Mistral-7B-Instruct-v0.2,Mistral-7B-Instruct-v0.2,scissors_cabinet_desk,asym_adv,104,1,desk,2,0,0,0,0,0,0,0,0,0,0,0,0,0,0,0,0,0,0,0,0
Mistral-7B-Instruct-v0.2 x Mistral-7B-Instruct-v0.2,Mistral-7B-Instruct-v0.2,Mistral-7B-Instruct-v0.2,scissors_cabinet_desk,conflict_coop,105,0,cabinet,2,0,0,0,0,0,0,0,0,0,0,0,0,0,0,0,0,0,0,0,0
Mistral-7B-Instruct-v0.2 x Mistral-7B-Instruct-v0.2,Mistral-7B-Instruct-v0.2,Mistral-7B-Instruct-v0.2,scissors_cabinet_desk,conflict_adv,106,1,desk,6,0,0,0,0,0,0,0,0,0,0,0,0,0,0,0,0,0,0,0,0
Mistral-7B-Instruct-v0.2 x Mistral-7B-Instruct-v0.2,Mistral-7B-Instruct-v0.2,Mistral-7B-Instruct-v0.2,scissors_cabinet_desk,mutual_incoh,107,1,desk,12,0,0,0,0,0,0,0,0,1,0,0,0,0,0,0,0,1,0,1,0
Mistral-7B-Instruct-v0.2 x Mistral-7B-Instruct-v0.2,Mistral-7B-Instruct-v0.2,Mistral-7B-Instruct-v0.2,toy_bin_rug,mutual_coop,108,1,bin,2,0,0,0,0,0,0,0,0,0,0,0,0,0,0,0,0,0,0,0,0
Mistral-7B-Instruct-v0.2 x Mistral-7B-Instruct-v0.2,Mistral-7B-Instruct-v0.2,Mistral-7B-Instruct-v0.2,toy_bin_rug,asym_coop,109,1,bin,2,0,0,0,0,0,0,0,0,0,0,0,0,0,0,0,0,0,0,0,0
Mistral-7B-Instruct-v0.2 x Mistral-7B-Instruct-v0.2,Mistral-7B-Instruct-v0.2,Mistral-7B-Instruct-v0.2,wallet_desk_drawer,conflict_adv,10,0,desk,4,0,0,0,0,0,0,0,0,0,0,0,0,0,0,0,0,0,0,0,0
Mistral-7B-Instruct-v0.2 x Mistral-7B-Instruct-v0.2,Mistral-7B-Instruct-v0.2,Mistral-7B-Instruct-v0.2,toy_bin_rug,asym_adv,110,1,bin,2,0,0,0,0,0,0,0,0,0,0,0,0,0,0,0,0,0,0,0,0
Mistral-7B-Instruct-v0.2 x Mistral-7B-Instruct-v0.2,Mistral-7B-Instruct-v0.2,Mistral-7B-Instruct-v0.2,toy_bin_rug,conflict_coop,111,0,rug,2,0,0,0,0,0,0,0,0,0,0,0,0,0,0,0,0,0,0,0,0
Mistral-7B-Instruct-v0.2 x Mistral-7B-Instruct-v0.2,Mistral-7B-Instruct-v0.2,Mistral-7B-Instruct-v0.2,toy_bin_rug,conflict_adv,112,0,rug,6,0,0,0,0,0,0,0,0,0,0,0,0,0,0,0,0,0,0,0,0
Mistral-7B-Instruct-v0.2 x Mistral-7B-Instruct-v0.2,Mistral-7B-Instruct-v0.2,Mistral-7B-Instruct-v0.2,toy_bin_rug,mutual_incoh,113,1,bin,2,0,0,0,0,0,0,0,0,0,0,0,0,0,0,0,0,0,0,0,0
Mistral-7B-Instruct-v0.2 x Mistral-7B-Instruct-v0.2,Mistral-7B-Instruct-v0.2,Mistral-7B-Instruct-v0.2,watch_dresser_nightstand,mutual_coop,114,1,nightstand,2,0,0,0,0,0,0,0,0,0,0,0,0,0,0,0,0,0,0,0,0
Mistral-7B-Instruct-v0.2 x Mistral-7B-Instruct-v0.2,Mistral-7B-Instruct-v0.2,Mistral-7B-Instruct-v0.2,watch_dresser_nightstand,asym_coop,115,1,nightstand,2,0,0,0,0,0,0,0,0,0,0,0,0,0,0,0,0,0,0,0,0
Mistral-7B-Instruct-v0.2 x Mistral-7B-Instruct-v0.2,Mistral-7B-Instruct-v0.2,Mistral-7B-Instruct-v0.2,watch_dresser_nightstand,asym_adv,116,1,nightstand,8,0,0,0,0,0,0,0,0,0,0,0,0,0,0,0,0,0,0,0,0
Mistral-7B-Instruct-v0.2 x Mistral-7B-Instruct-v0.2,Mistral-7B-Instruct-v0.2,Mistral-7B-Instruct-v0.2,watch_dresser_nightstand,conflict_coop,117,0,dresser,2,0,0,0,0,0,0,0,0,0,0,0,0,0,0,0,0,0,0,0,0
Mistral-7B-Instruct-v0.2 x Mistral-7B-Instruct-v0.2,Mistral-7B-Instruct-v0.2,Mistral-7B-Instruct-v0.2,watch_dresser_nightstand,conflict_adv,118,0,dresser,4,0,0,0,0,0,0,0,0,0,0,0,0,0,0,0,0,0,0,0,0
Mistral-7B-Instruct-v0.2 x Mistral-7B-Instruct-v0.2,Mistral-7B-Instruct-v0.2,Mistral-7B-Instruct-v0.2,watch_dresser_nightstand,mutual_incoh,119,1,nightstand,10,0,0,0,0,0,0,0,0,0,0,0,0,0,0,0,0,0,0,0,0
Mistral-7B-Instruct-v0.2 x Mistral-7B-Instruct-v0.2,Mistral-7B-Instruct-v0.2,Mistral-7B-Instruct-v0.2,wallet_desk_drawer,mutual_incoh,11,1,drawer,4,0,0,0,0,0,0,0,0,0,0,0,0,0,0,0,0,0,0,0,0
Mistral-7B-Instruct-v0.2 x Mistral-7B-Instruct-v0.2,Mistral-7B-Instruct-v0.2,Mistral-7B-Instruct-v0.2,candle_mantle_table,mutual_coop,120,1,mantle,2,0,0,0,0,0,0,0,0,0,0,0,0,0,0,0,0,0,0,0,0
Mistral-7B-Instruct-v0.2 x Mistral-7B-Instruct-v0.2,Mistral-7B-Instruct-v0.2,Mistral-7B-Instruct-v0.2,candle_mantle_table,asym_coop,121,1,mantle,2,0,0,0,0,0,0,0,0,0,0,0,0,0,0,0,0,0,0,0,0
Mistral-7B-Instruct-v0.2 x Mistral-7B-Instruct-v0.2,Mistral-7B-Instruct-v0.2,Mistral-7B-Instruct-v0.2,candle_mantle_table,asym_adv,122,1,mantle,2,0,0,0,0,0,0,0,0,0,0,0,0,0,0,0,0,0,0,0,0
Mistral-7B-Instruct-v0.2 x Mistral-7B-Instruct-v0.2,Mistral-7B-Instruct-v0.2,Mistral-7B-Instruct-v0.2,candle_mantle_table,conflict_coop,123,0,table,2,0,0,0,0,0,0,0,0,0,0,0,0,0,0,0,0,0,0,0,0
Mistral-7B-Instruct-v0.2 x Mistral-7B-Instruct-v0.2,Mistral-7B-Instruct-v0.2,Mistral-7B-Instruct-v0.2,candle_mantle_table,conflict_adv,124,0,,16,0,0,1,1,0,0,0,0,1,1,0,0,0,0,0,0,4,0,1,0
Mistral-7B-Instruct-v0.2 x Mistral-7B-Instruct-v0.2,Mistral-7B-Instruct-v0.2,Mistral-7B-Instruct-v0.2,candle_mantle_table,mutual_incoh,125,0,table,4,0,0,0,0,0,0,0,0,0,0,0,0,0,0,0,0,0,0,0,0
Mistral-7B-Instruct-v0.2 x Mistral-7B-Instruct-v0.2,Mistral-7B-Instruct-v0.2,Mistral-7B-Instruct-v0.2,fork_drawer_counter,mutual_coop,126,1,counter,2,0,0,0,0,0,0,0,0,0,0,0,0,0,0,0,0,0,0,0,0
Mistral-7B-Instruct-v0.2 x Mistral-7B-Instruct-v0.2,Mistral-7B-Instruct-v0.2,Mistral-7B-Instruct-v0.2,fork_drawer_counter,asym_coop,127,1,counter,2,0,0,0,0,0,0,0,0,0,0,0,0,0,0,0,0,0,0,0,0
Mistral-7B-Instruct-v0.2 x Mistral-7B-Instruct-v0.2,Mistral-7B-Instruct-v0.2,Mistral-7B-Instruct-v0.2,fork_drawer_counter,asym_adv,128,1,counter,2,0,0,0,0,0,0,0,0,0,0,0,0,0,0,0,0,0,0,0,0
Mistral-7B-Instruct-v0.2 x Mistral-7B-Instruct-v0.2,Mistral-7B-Instruct-v0.2,Mistral-7B-Instruct-v0.2,fork_drawer_counter,conflict_coop,129,0,drawer,2,0,0,0,0,0,0,0,0,0,0,0,0,0,0,0,0,0,0,0,0
Mistral-7B-Instruct-v0.2 x Mistral-7B-Instruct-v0.2,Mistral-7B-Instruct-v0.2,Mistral-7B-Instruct-v0.2,package_door_porch,mutual_coop,12,1,back porch,2,0,0,0,0,0,0,0,0,0,0,0,0,0,0,0,0,0,0,0,0
Mistral-7B-Instruct-v0.2 x Mistral-7B-Instruct-v0.2,Mistral-7B-Instruct-v0.2,Mistral-7B-Instruct-v0.2,fork_drawer_counter,conflict_adv,130,1,counter,2,0,0,0,0,0,0,0,0,0,0,0,0,0,0,0,0,0,0,0,0
Mistral-7B-Instruct-v0.2 x Mistral-7B-Instruct-v0.2,Mistral-7B-Instruct-v0.2,Mistral-7B-Instruct-v0.2,fork_drawer_counter,mutual_incoh,131,1,counter,2,0,0,0,0,0,0,0,0,0,0,0,0,0,0,0,0,0,0,0,0
Mistral-7B-Instruct-v0.2 x Mistral-7B-Instruct-v0.2,Mistral-7B-Instruct-v0.2,Mistral-7B-Instruct-v0.2,ticket_pocket_bag,mutual_coop,132,1,pocket,2,0,0,0,0,0,0,0,0,0,0,0,0,0,0,0,0,0,0,0,0
Mistral-7B-Instruct-v0.2 x Mistral-7B-Instruct-v0.2,Mistral-7B-Instruct-v0.2,Mistral-7B-Instruct-v0.2,ticket_pocket_bag,asym_coop,133,1,pocket,2,0,0,0,0,0,0,0,0,0,0,0,0,0,0,0,0,0,0,0,0
Mistral-7B-Instruct-v0.2 x Mistral-7B-Instruct-v0.2,Mistral-7B-Instruct-v0.2,Mistral-7B-Instruct-v0.2,ticket_pocket_bag,asym_adv,134,1,pocket,2,0,0,0,0,0,0,0,0,0,0,0,0,0,0,0,0,0,0,0,0
Mistral-7B-Instruct-v0.2 x Mistral-7B-Instruct-v0.2,Mistral-7B-Instruct-v0.2,Mistral-7B-Instruct-v0.2,ticket_pocket_bag,conflict_coop,135,0,bag,2,0,0,0,0,0,0,0,0,0,0,0,0,0,0,0,0,0,0,0,0
Mistral-7B-Instruct-v0.2 x Mistral-7B-Instruct-v0.2,Mistral-7B-Instruct-v0.2,Mistral-7B-Instruct-v0.2,ticket_pocket_bag,conflict_adv,136,0,bag,4,0,0,0,0,0,0,0,0,0,0,0,0,0,0,0,0,0,0,0,0
Mistral-7B-Instruct-v0.2 x Mistral-7B-Instruct-v0.2,Mistral-7B-Instruct-v0.2,Mistral-7B-Instruct-v0.2,ticket_pocket_bag,mutual_incoh,137,1,pocket,2,0,0,0,0,0,0,0,0,0,0,0,0,0,0,0,0,0,0,0,0
Mistral-7B-Instruct-v0.2 x Mistral-7B-Instruct-v0.2,Mistral-7B-Instruct-v0.2,Mistral-7B-Instruct-v0.2,map_table_wall,mutual_coop,138,1,wall,2,0,0,0,0,0,0,0,0,0,0,0,0,0,0,0,0,0,0,0,0
Mistral-7B-Instruct-v0.2 x Mistral-7B-Instruct-v0.2,Mistral-7B-Instruct-v0.2,Mistral-7B-Instruct-v0.2,map_table_wall,asym_coop,139,1,wall,2,0,0,0,0,0,0,0,0,0,0,0,0,0,0,0,0,0,0,0,0
Mistral-7B-Instruct-v0.2 x Mistral-7B-Instruct-v0.2,Mistral-7B-Instruct-v0.2,Mistral-7B-Instruct-v0.2,package_door_porch,asym_coop,13,1,back porch,2,0,0,0,0,0,0,0,0,0,0,0,0,0,0,0,0,0,0,0,0
Mistral-7B-Instruct-v0.2 x Mistral-7B-Instruct-v0.2,Mistral-7B-Instruct-v0.2,Mistral-7B-Instruct-v0.2,map_table_wall,asym_adv,140,1,wall,2,0,0,0,0,0,0,0,0,0,0,0,0,0,0,0,0,0,0,0,0
Mistral-7B-Instruct-v0.2 x Mistral-7B-Instruct-v0.2,Mistral-7B-Instruct-v0.2,Mistral-7B-Instruct-v0.2,map_table_wall,conflict_coop,141,0,table,2,0,0,0,0,0,0,0,0,0,0,0,0,0,0,0,0,0,0,0,0
Mistral-7B-Instruct-v0.2 x Mistral-7B-Instruct-v0.2,Mistral-7B-Instruct-v0.2,Mistral-7B-Instruct-v0.2,map_table_wall,conflict_adv,142,1,wall,2,0,0,0,0,0,0,0,0,0,0,0,0,0,0,0,0,0,0,0,0
Mistral-7B-Instruct-v0.2 x Mistral-7B-Instruct-v0.2,Mistral-7B-Instruct-v0.2,Mistral-7B-Instruct-v0.2,map_table_wall,mutual_incoh,143,1,wall,2,0,0,0,0,0,0,0,0,0,0,0,0,0,0,0,0,0,0,0,0
Mistral-7B-Instruct-v0.2 x Mistral-7B-Instruct-v0.2,Mistral-7B-Instruct-v0.2,Mistral-7B-Instruct-v0.2,broom_closet_corner,mutual_coop,144,1,closet,2,0,0,0,0,0,0,0,0,0,0,0,0,0,0,0,0,0,0,0,0
Mistral-7B-Instruct-v0.2 x Mistral-7B-Instruct-v0.2,Mistral-7B-Instruct-v0.2,Mistral-7B-Instruct-v0.2,broom_closet_corner,asym_coop,145,1,closet,2,0,0,0,0,0,0,0,0,0,0,0,0,0,0,0,0,0,0,0,0
Mistral-7B-Instruct-v0.2 x Mistral-7B-Instruct-v0.2,Mistral-7B-Instruct-v0.2,Mistral-7B-Instruct-v0.2,broom_closet_corner,asym_adv,146,1,closet,6,0,0,0,0,0,0,0,0,0,0,0,0,0,0,0,0,0,0,0,0
Mistral-7B-Instruct-v0.2 x Mistral-7B-Instruct-v0.2,Mistral-7B-Instruct-v0.2,Mistral-7B-Instruct-v0.2,broom_closet_corner,conflict_coop,147,0,corner,2,0,0,0,0,0,0,0,0,0,0,0,0,0,0,0,0,0,0,0,0
Mistral-7B-Instruct-v0.2 x Mistral-7B-Instruct-v0.2,Mistral-7B-Instruct-v0.2,Mistral-7B-Instruct-v0.2,broom_closet_corner,conflict_adv,148,1,closet,6,0,0,0,0,0,0,0,0,0,0,0,0,0,0,0,0,0,0,0,0
Mistral-7B-Instruct-v0.2 x Mistral-7B-Instruct-v0.2,Mistral-7B-Instruct-v0.2,Mistral-7B-Instruct-v0.2,broom_closet_corner,mutual_incoh,149,1,closet,2,0,0,0,0,0,0,0,0,0,0,0,0,0,0,0,0,0,0,0,0
Mistral-7B-Instruct-v0.2 x Mistral-7B-Instruct-v0.2,Mistral-7B-Instruct-v0.2,Mistral-7B-Instruct-v0.2,package_door_porch,asym_adv,14,1,back porch,2,0,0,0,0,0,0,0,0,0,0,0,0,0,0,0,0,0,0,0,0
Mistral-7B-Instruct-v0.2 x Mistral-7B-Instruct-v0.2,Mistral-7B-Instruct-v0.2,Mistral-7B-Instruct-v0.2,camera_bag_shelf,mutual_coop,150,1,shelf,2,0,0,0,0,0,0,0,0,0,0,0,0,0,0,0,0,0,0,0,0
Mistral-7B-Instruct-v0.2 x Mistral-7B-Instruct-v0.2,Mistral-7B-Instruct-v0.2,Mistral-7B-Instruct-v0.2,camera_bag_shelf,asym_coop,151,1,shelf,2,0,0,0,0,0,0,0,0,0,0,0,0,0,0,0,0,0,0,0,0
Mistral-7B-Instruct-v0.2 x Mistral-7B-Instruct-v0.2,Mistral-7B-Instruct-v0.2,Mistral-7B-Instruct-v0.2,camera_bag_shelf,asym_adv,152,1,shelf,2,0,0,0,0,0,0,0,0,0,0,0,0,0,0,0,0,0,0,0,0
Mistral-7B-Instruct-v0.2 x Mistral-7B-Instruct-v0.2,Mistral-7B-Instruct-v0.2,Mistral-7B-Instruct-v0.2,camera_bag_shelf,conflict_coop,153,1,shelf,4,0,0,0,0,0,0,0,0,0,0,0,0,0,0,0,0,0,0,0,0
Mistral-7B-Instruct-v0.2 x Mistral-7B-Instruct-v0.2,Mistral-7B-Instruct-v0.2,Mistral-7B-Instruct-v0.2,camera_bag_shelf,conflict_adv,154,1,shelf,8,0,0,0,0,0,0,0,0,0,0,0,0,0,0,0,0,0,0,0,0
Mistral-7B-Instruct-v0.2 x Mistral-7B-Instruct-v0.2,Mistral-7B-Instruct-v0.2,Mistral-7B-Instruct-v0.2,camera_bag_shelf,mutual_incoh,155,1,shelf,2,0,0,0,0,0,0,0,0,0,0,0,0,0,0,0,0,0,0,0,0
Mistral-7B-Instruct-v0.2 x Mistral-7B-Instruct-v0.2,Mistral-7B-Instruct-v0.2,Mistral-7B-Instruct-v0.2,brush_drawer_counter,mutual_coop,156,1,drawer,2,0,0,0,0,0,0,0,0,0,0,0,0,0,0,0,0,0,0,0,0
Mistral-7B-Instruct-v0.2 x Mistral-7B-Instruct-v0.2,Mistral-7B-Instruct-v0.2,Mistral-7B-Instruct-v0.2,brush_drawer_counter,asym_coop,157,0,counter,2,0,0,0,0,0,0,0,0,0,0,0,0,0,0,0,0,0,0,0,0
Mistral-7B-Instruct-v0.2 x Mistral-7B-Instruct-v0.2,Mistral-7B-Instruct-v0.2,Mistral-7B-Instruct-v0.2,brush_drawer_counter,asym_adv,158,1,drawer,2,0,0,0,0,0,0,0,0,0,0,0,0,0,0,0,0,0,0,0,0
Mistral-7B-Instruct-v0.2 x Mistral-7B-Instruct-v0.2,Mistral-7B-Instruct-v0.2,Mistral-7B-Instruct-v0.2,brush_drawer_counter,conflict_coop,159,0,counter,2,0,0,0,0,0,0,0,0,0,0,0,0,0,0,0,0,0,0,0,0
Mistral-7B-Instruct-v0.2 x Mistral-7B-Instruct-v0.2,Mistral-7B-Instruct-v0.2,Mistral-7B-Instruct-v0.2,package_door_porch,conflict_coop,15,0,front door,2,0,0,0,0,0,0,0,0,0,0,0,0,0,0,0,0,0,0,0,0
Mistral-7B-Instruct-v0.2 x Mistral-7B-Instruct-v0.2,Mistral-7B-Instruct-v0.2,Mistral-7B-Instruct-v0.2,brush_drawer_counter,conflict_adv,160,0,,16,0,0,1,1,0,0,0,0,1,1,0,0,0,0,0,0,4,0,1,0
Mistral-7B-Instruct-v0.2 x Mistral-7B-Instruct-v0.2,Mistral-7B-Instruct-v0.2,Mistral-7B-Instruct-v0.2,brush_drawer_counter,mutual_incoh,161,1,drawer,10,0,0,0,0,0,0,0,0,0,0,0,0,0,0,0,0,0,0,0,0
Mistral-7B-Instruct-v0.2 x Mistral-7B-Instruct-v0.2,Mistral-7B-Instruct-v0.2,Mistral-7B-Instruct-v0.2,spoon_cup_bowl,mutual_coop,162,1,bowl,2,0,0,0,0,0,0,0,0,0,0,0,0,0,0,0,0,0,0,0,0
Mistral-7B-Instruct-v0.2 x Mistral-7B-Instruct-v0.2,Mistral-7B-Instruct-v0.2,Mistral-7B-Instruct-v0.2,spoon_cup_bowl,asym_coop,163,0,cup,2,0,0,0,0,0,0,0,0,0,0,0,0,0,0,0,0,0,0,0,0
Mistral-7B-Instruct-v0.2 x Mistral-7B-Instruct-v0.2,Mistral-7B-Instruct-v0.2,Mistral-7B-Instruct-v0.2,spoon_cup_bowl,asym_adv,164,1,bowl,2,0,0,0,0,0,0,0,0,0,0,0,0,0,0,0,0,0,0,0,0
Mistral-7B-Instruct-v0.2 x Mistral-7B-Instruct-v0.2,Mistral-7B-Instruct-v0.2,Mistral-7B-Instruct-v0.2,spoon_cup_bowl,conflict_coop,165,0,cup,2,0,0,0,0,0,0,0,0,0,0,0,0,0,0,0,0,0,0,0,0
Mistral-7B-Instruct-v0.2 x Mistral-7B-Instruct-v0.2,Mistral-7B-Instruct-v0.2,Mistral-7B-Instruct-v0.2,spoon_cup_bowl,conflict_adv,166,1,bowl,4,0,0,0,0,0,0,0,0,0,0,0,0,0,0,0,0,0,0,0,0
Mistral-7B-Instruct-v0.2 x Mistral-7B-Instruct-v0.2,Mistral-7B-Instruct-v0.2,Mistral-7B-Instruct-v0.2,spoon_cup_bowl,mutual_incoh,167,1,bowl,2,0,0,0,0,0,0,0,0,0,0,0,0,0,0,0,0,0,0,0,0
Mistral-7B-Instruct-v0.2 x Mistral-7B-Instruct-v0.2,Mistral-7B-Instruct-v0.2,Mistral-7B-Instruct-v0.2,badge_desk_hook,mutual_coop,168,1,desk,2,0,0,0,0,0,0,0,0,0,0,0,0,0,0,0,0,0,0,0,0
Mistral-7B-Instruct-v0.2 x Mistral-7B-Instruct-v0.2,Mistral-7B-Instruct-v0.2,Mistral-7B-Instruct-v0.2,badge_desk_hook,asym_coop,169,1,desk,2,0,0,0,0,0,0,0,0,0,0,0,0,0,0,0,0,0,0,0,0
Mistral-7B-Instruct-v0.2 x Mistral-7B-Instruct-v0.2,Mistral-7B-Instruct-v0.2,Mistral-7B-Instruct-v0.2,package_door_porch,conflict_adv,16,0,front door,8,0,0,0,0,0,0,0,0,0,0,0,1,0,0,0,0,1,0,1,0
Mistral-7B-Instruct-v0.2 x Mistral-7B-Instruct-v0.2,Mistral-7B-Instruct-v0.2,Mistral-7B-Instruct-v0.2,badge_desk_hook,asym_adv,170,1,desk,2,0,0,0,0,0,0,0,0,0,0,0,0,0,0,0,0,0,0,0,0
Mistral-7B-Instruct-v0.2 x Mistral-7B-Instruct-v0.2,Mistral-7B-Instruct-v0.2,Mistral-7B-Instruct-v0.2,badge_desk_hook,conflict_coop,171,0,hook,2,0,0,0,0,0,0,0,0,0,0,0,0,0,0,0,0,0,0,0,0
Mistral-7B-Instruct-v0.2 x Mistral-7B-Instruct-v0.2,Mistral-7B-Instruct-v0.2,Mistral-7B-Instruct-v0.2,badge_desk_hook,conflict_adv,172,1,desk,4,0,0,0,0,0,0,0,0,0,0,0,0,0,0,0,0,0,0,0,0
Mistral-7B-Instruct-v0.2 x Mistral-7B-Instruct-v0.2,Mistral-7B-Instruct-v0.2,Mistral-7B-Instruct-v0.2,badge_desk_hook,mutual_incoh,173,0,hook,6,0,0,0,0,0,0,0,0,0,0,0,0,0,0,0,0,0,0,0,0
Mistral-7B-Instruct-v0.2 x Mistral-7B-Instruct-v0.2,Mistral-7B-Instruct-v0.2,Mistral-7B-Instruct-v0.2,lantern_tent_truck,mutual_coop,174,1,truck,2,0,0,0,0,0,0,0,0,0,0,0,0,0,0,0,0,0,0,0,0
Mistral-7B-Instruct-v0.2 x Mistral-7B-Instruct-v0.2,Mistral-7B-Instruct-v0.2,Mistral-7B-Instruct-v0.2,lantern_tent_truck,asym_coop,175,0,tent,2,0,0,0,0,0,0,0,0,0,0,0,0,0,0,0,0,0,0,0,0
Mistral-7B-Instruct-v0.2 x Mistral-7B-Instruct-v0.2,Mistral-7B-Instruct-v0.2,Mistral-7B-Instruct-v0.2,lantern_tent_truck,asym_adv,176,0,tent,4,0,0,0,0,0,0,0,0,0,0,0,0,0,0,0,0,0,0,0,0
Mistral-7B-Instruct-v0.2 x Mistral-7B-Instruct-v0.2,Mistral-7B-Instruct-v0.2,Mistral-7B-Instruct-v0.2,lantern_tent_truck,conflict_coop,177,1,truck,4,0,0,0,0,0,0,0,0,0,0,0,0,0,0,0,0,0,0,0,0
Mistral-7B-Instruct-v0.2 x Mistral-7B-Instruct-v0.2,Mistral-7B-Instruct-v0.2,Mistral-7B-Instruct-v0.2,lantern_tent_truck,conflict_adv,178,0,tent,4,0,0,0,0,0,0,0,0,0,0,0,0,0,0,0,0,0,0,0,0
Mistral-7B-Instruct-v0.2 x Mistral-7B-Instruct-v0.2,Mistral-7B-Instruct-v0.2,Mistral-7B-Instruct-v0.2,lantern_tent_truck,mutual_incoh,179,1,truck,4,0,0,0,0,0,0,0,0,0,0,0,0,0,0,0,0,0,0,0,0
Mistral-7B-Instruct-v0.2 x Mistral-7B-Instruct-v0.2,Mistral-7B-Instruct-v0.2,Mistral-7B-Instruct-v0.2,package_door_porch,mutual_incoh,17,1,back porch,2,0,0,0,0,0,0,0,0,0,0,0,0,0,0,0,0,0,0,0,0
Mistral-7B-Instruct-v0.2 x Mistral-7B-Instruct-v0.2,Mistral-7B-Instruct-v0.2,Mistral-7B-Instruct-v0.2,blanket_bed_chair,mutual_coop,180,1,bed,2,0,0,0,0,0,0,0,0,0,0,0,0,0,0,0,0,0,0,0,0
Mistral-7B-Instruct-v0.2 x Mistral-7B-Instruct-v0.2,Mistral-7B-Instruct-v0.2,Mistral-7B-Instruct-v0.2,blanket_bed_chair,asym_coop,181,1,bed,2,0,0,0,0,0,0,0,0,0,0,0,0,0,0,0,0,0,0,0,0
Mistral-7B-Instruct-v0.2 x Mistral-7B-Instruct-v0.2,Mistral-7B-Instruct-v0.2,Mistral-7B-Instruct-v0.2,blanket_bed_chair,asym_adv,182,1,bed,2,0,0,0,0,0,0,0,0,0,0,0,0,0,0,0,0,0,0,0,0
Mistral-7B-Instruct-v0.2 x Mistral-7B-Instruct-v0.2,Mistral-7B-Instruct-v0.2,Mistral-7B-Instruct-v0.2,blanket_bed_chair,conflict_coop,183,0,chair,2,0,0,0,0,0,0,0,0,0,0,0,0,0,0,0,0,0,0,0,0
Mistral-7B-Instruct-v0.2 x Mistral-7B-Instruct-v0.2,Mistral-7B-Instruct-v0.2,Mistral-7B-Instruct-v0.2,blanket_bed_chair,conflict_adv,184,1,bed,2,0,0,0,0,0,0,0,0,0,0,0,0,0,0,0,0,0,0,0,0
Mistral-7B-Instruct-v0.2 x Mistral-7B-Instruct-v0.2,Mistral-7B-Instruct-v0.2,Mistral-7B-Instruct-v0.2,blanket_bed_chair,mutual_incoh,185,1,bed,2,0,0,0,0,0,0,0,0,0,0,0,0,0,0,0,0,0,0,0,0
Mistral-7B-Instruct-v0.2 x Mistral-7B-Instruct-v0.2,Mistral-7B-Instruct-v0.2,Mistral-7B-Instruct-v0.2,tape_drawer_shelf,mutual_coop,186,1,shelf,2,0,0,0,0,0,0,0,0,0,0,0,0,0,0,0,0,0,0,0,0
Mistral-7B-Instruct-v0.2 x Mistral-7B-Instruct-v0.2,Mistral-7B-Instruct-v0.2,Mistral-7B-Instruct-v0.2,tape_drawer_shelf,asym_coop,187,1,shelf,2,0,0,0,0,0,0,0,0,0,0,0,0,0,0,0,0,0,0,0,0
Mistral-7B-Instruct-v0.2 x Mistral-7B-Instruct-v0.2,Mistral-7B-Instruct-v0.2,Mistral-7B-Instruct-v0.2,tape_drawer_shelf,asym_adv,188,1,shelf,2,0,0,0,0,0,0,0,0,0,0,0,0,0,0,0,0,0,0,0,0
Mistral-7B-Instruct-v0.2 x Mistral-7B-Instruct-v0.2,Mistral-7B-Instruct-v0.2,Mistral-7B-Instruct-v0.2,tape_drawer_shelf,conflict_coop,189,0,drawer,2,0,0,0,0,0,0,0,0,0,0,0,0,0,0,0,0,0,0,0,0
Mistral-7B-Instruct-v0.2 x Mistral-7B-Instruct-v0.2,Mistral-7B-Instruct-v0.2,Mistral-7B-Instruct-v0.2,phone_table_couch,mutual_coop,18,1,table,2,0,0,0,0,0,0,0,0,0,0,0,0,0,0,0,0,0,0,0,0
Mistral-7B-Instruct-v0.2 x Mistral-7B-Instruct-v0.2,Mistral-7B-Instruct-v0.2,Mistral-7B-Instruct-v0.2,tape_drawer_shelf,conflict_adv,190,1,shelf,8,0,0,0,0,1,0,0,0,0,0,0,0,0,0,0,0,1,0,1,0
Mistral-7B-Instruct-v0.2 x Mistral-7B-Instruct-v0.2,Mistral-7B-Instruct-v0.2,Mistral-7B-Instruct-v0.2,tape_drawer_shelf,mutual_incoh,191,1,shelf,2,0,0,0,0,0,0,0,0,0,0,0,0,0,0,0,0,0,0,0,0
Mistral-7B-Instruct-v0.2 x Mistral-7B-Instruct-v0.2,Mistral-7B-Instruct-v0.2,Mistral-7B-Instruct-v0.2,charger_desk_bed,mutual_coop,192,1,desk,2,0,0,0,0,0,0,0,0,0,0,0,0,0,0,0,0,0,0,0,0
Mistral-7B-Instruct-v0.2 x Mistral-7B-Instruct-v0.2,Mistral-7B-Instruct-v0.2,Mistral-7B-Instruct-v0.2,charger_desk_bed,asym_coop,193,1,desk,2,0,0,0,0,0,0,0,0,0,0,0,0,0,0,0,0,0,0,0,0
Mistral-7B-Instruct-v0.2 x Mistral-7B-Instruct-v0.2,Mistral-7B-Instruct-v0.2,Mistral-7B-Instruct-v0.2,charger_desk_bed,asym_adv,194,0,,16,0,0,1,1,0,0,0,0,1,1,0,0,0,0,0,0,4,0,1,0
Mistral-7B-Instruct-v0.2 x Mistral-7B-Instruct-v0.2,Mistral-7B-Instruct-v0.2,Mistral-7B-Instruct-v0.2,charger_desk_bed,conflict_coop,195,0,bed,2,0,0,0,0,0,0,0,0,0,0,0,0,0,0,0,0,0,0,0,0
Mistral-7B-Instruct-v0.2 x Mistral-7B-Instruct-v0.2,Mistral-7B-Instruct-v0.2,Mistral-7B-Instruct-v0.2,charger_desk_bed,conflict_adv,196,1,desk,4,0,0,0,0,0,0,0,0,0,0,0,0,0,0,0,0,0,0,0,0
Mistral-7B-Instruct-v0.2 x Mistral-7B-Instruct-v0.2,Mistral-7B-Instruct-v0.2,Mistral-7B-Instruct-v0.2,charger_desk_bed,mutual_incoh,197,1,desk,6,0,0,0,0,0,0,0,0,0,0,0,0,0,0,0,0,0,0,0,0
Mistral-7B-Instruct-v0.2 x Mistral-7B-Instruct-v0.2,Mistral-7B-Instruct-v0.2,Mistral-7B-Instruct-v0.2,bottle_fridge_counter,mutual_coop,198,1,counter,2,0,0,0,0,0,0,0,0,0,0,0,0,0,0,0,0,0,0,0,0
Mistral-7B-Instruct-v0.2 x Mistral-7B-Instruct-v0.2,Mistral-7B-Instruct-v0.2,Mistral-7B-Instruct-v0.2,bottle_fridge_counter,asym_coop,199,1,counter,2,0,0,0,0,0,0,0,0,0,0,0,0,0,0,0,0,0,0,0,0
Mistral-7B-Instruct-v0.2 x Mistral-7B-Instruct-v0.2,Mistral-7B-Instruct-v0.2,Mistral-7B-Instruct-v0.2,phone_table_couch,asym_coop,19,1,table,2,0,0,0,0,0,0,0,0,0,0,0,0,0,0,0,0,0,0,0,0
Mistral-7B-Instruct-v0.2 x Mistral-7B-Instruct-v0.2,Mistral-7B-Instruct-v0.2,Mistral-7B-Instruct-v0.2,key_in_boxes,asym_coop,1,1,red box,2,0,0,0,0,0,0,0,0,0,0,0,0,0,0,0,0,0,0,0,0
Mistral-7B-Instruct-v0.2 x Mistral-7B-Instruct-v0.2,Mistral-7B-Instruct-v0.2,Mistral-7B-Instruct-v0.2,bottle_fridge_counter,asym_adv,200,0,fridge,4,0,0,0,0,0,0,0,0,0,0,0,0,0,0,0,0,0,0,0,0
Mistral-7B-Instruct-v0.2 x Mistral-7B-Instruct-v0.2,Mistral-7B-Instruct-v0.2,Mistral-7B-Instruct-v0.2,bottle_fridge_counter,conflict_coop,201,0,fridge,2,0,0,0,0,0,0,0,0,0,0,0,0,0,0,0,0,0,0,0,0
Mistral-7B-Instruct-v0.2 x Mistral-7B-Instruct-v0.2,Mistral-7B-Instruct-v0.2,Mistral-7B-Instruct-v0.2,bottle_fridge_counter,conflict_adv,202,1,counter,2,0,0,0,0,0,0,0,0,0,0,0,0,0,0,0,0,0,0,0,0
Mistral-7B-Instruct-v0.2 x Mistral-7B-Instruct-v0.2,Mistral-7B-Instruct-v0.2,Mistral-7B-Instruct-v0.2,bottle_fridge_counter,mutual_incoh,203,1,counter,2,0,0,0,0,0,0,0,0,0,0,0,0,0,0,0,0,0,0,0,0
Mistral-7B-Instruct-v0.2 x Mistral-7B-Instruct-v0.2,Mistral-7B-Instruct-v0.2,Mistral-7B-Instruct-v0.2,notebook_desk_backpack,mutual_coop,204,1,desk,2,0,0,0,0,0,0,0,0,0,0,0,0,0,0,0,0,0,0,0,0
Mistral-7B-Instruct-v0.2 x Mistral-7B-Instruct-v0.2,Mistral-7B-Instruct-v0.2,Mistral-7B-Instruct-v0.2,notebook_desk_backpack,asym_coop,205,1,desk,2,0,0,0,0,0,0,0,0,0,0,0,0,0,0,0,0,0,0,0,0
Mistral-7B-Instruct-v0.2 x Mistral-7B-Instruct-v0.2,Mistral-7B-Instruct-v0.2,Mistral-7B-Instruct-v0.2,notebook_desk_backpack,asym_adv,206,1,desk,2,0,0,0,0,0,0,0,0,0,0,0,0,0,0,0,0,0,0,0,0
Mistral-7B-Instruct-v0.2 x Mistral-7B-Instruct-v0.2,Mistral-7B-Instruct-v0.2,Mistral-7B-Instruct-v0.2,notebook_desk_backpack,conflict_coop,207,0,backpack,2,0,0,0,0,0,0,0,0,0,0,0,0,0,0,0,0,0,0,0,0
Mistral-7B-Instruct-v0.2 x Mistral-7B-Instruct-v0.2,Mistral-7B-Instruct-v0.2,Mistral-7B-Instruct-v0.2,notebook_desk_backpack,conflict_adv,208,1,desk,6,0,0,0,0,0,0,0,0,0,0,0,0,0,0,0,0,0,0,0,0
Mistral-7B-Instruct-v0.2 x Mistral-7B-Instruct-v0.2,Mistral-7B-Instruct-v0.2,Mistral-7B-Instruct-v0.2,notebook_desk_backpack,mutual_incoh,209,1,desk,8,0,0,0,0,0,0,0,0,0,0,0,0,0,0,0,0,0,0,0,0
Mistral-7B-Instruct-v0.2 x Mistral-7B-Instruct-v0.2,Mistral-7B-Instruct-v0.2,Mistral-7B-Instruct-v0.2,phone_table_couch,asym_adv,20,1,table,2,0,0,0,0,0,0,0,0,0,0,0,0,0,0,0,0,0,0,0,0
Mistral-7B-Instruct-v0.2 x Mistral-7B-Instruct-v0.2,Mistral-7B-Instruct-v0.2,Mistral-7B-Instruct-v0.2,wrench_bench_toolbox,mutual_coop,210,1,toolbox,2,0,0,0,0,0,0,0,0,0,0,0,0,0,0,0,0,0,0,0,0
Mistral-7B-Instruct-v0.2 x Mistral-7B-Instruct-v0.2,Mistral-7B-Instruct-v0.2,Mistral-7B-Instruct-v0.2,wrench_bench_toolbox,asym_coop,211,1,toolbox,2,0,0,0,0,0,0,0,0,0,0,0,0,0,0,0,0,0,0,0,0
Mistral-7B-Instruct-v0.2 x Mistral-7B-Instruct-v0.2,Mistral-7B-Instruct-v0.2,Mistral-7B-Instruct-v0.2,wrench_bench_toolbox,asym_adv,212,1,toolbox,2,0,0,0,0,0,1,0,0,0,0,0,0,0,0,0,0,1,0,1,0
Mistral-7B-Instruct-v0.2 x Mistral-7B-Instruct-v0.2,Mistral-7B-Instruct-v0.2,Mistral-7B-Instruct-v0.2,wrench_bench_toolbox,conflict_coop,213,0,bench,2,0,0,0,0,0,0,0,0,0,0,0,0,0,0,0,0,0,0,0,0
Mistral-7B-Instruct-v0.2 x Mistral-7B-Instruct-v0.2,Mistral-7B-Instruct-v0.2,Mistral-7B-Instruct-v0.2,wrench_bench_toolbox,conflict_adv,214,1,toolbox,4,0,0,0,0,0,0,0,0,0,0,0,0,0,0,0,0,0,0,0,0
Mistral-7B-Instruct-v0.2 x Mistral-7B-Instruct-v0.2,Mistral-7B-Instruct-v0.2,Mistral-7B-Instruct-v0.2,wrench_bench_toolbox,mutual_incoh,215,0,bench,4,0,0,0,0,0,1,0,0,0,0,0,0,0,0,0,0,1,0,1,0
Mistral-7B-Instruct-v0.2 x Mistral-7B-Instruct-v0.2,Mistral-7B-Instruct-v0.2,Mistral-7B-Instruct-v0.2,pillow_bed_couch,mutual_coop,216,1,bed,2,0,0,0,0,0,0,0,0,0,0,0,0,0,0,0,0,0,0,0,0
Mistral-7B-Instruct-v0.2 x Mistral-7B-Instruct-v0.2,Mistral-7B-Instruct-v0.2,Mistral-7B-Instruct-v0.2,pillow_bed_couch,asym_coop,217,1,bed,2,0,0,0,0,0,0,0,0,0,0,0,0,0,0,0,0,0,0,0,0
Mistral-7B-Instruct-v0.2 x Mistral-7B-Instruct-v0.2,Mistral-7B-Instruct-v0.2,Mistral-7B-Instruct-v0.2,pillow_bed_couch,asym_adv,218,1,bed,2,0,0,0,0,0,0,0,0,0,0,0,0,0,0,0,0,0,0,0,0
Mistral-7B-Instruct-v0.2 x Mistral-7B-Instruct-v0.2,Mistral-7B-Instruct-v0.2,Mistral-7B-Instruct-v0.2,pillow_bed_couch,conflict_coop,219,1,bed,8,0,0,0,0,0,0,0,0,1,0,0,0,0,0,0,0,1,0,1,0
Mistral-7B-Instruct-v0.2 x Mistral-7B-Instruct-v0.2,Mistral-7B-Instruct-v0.2,Mistral-7B-Instruct-v0.2,phone_table_couch,conflict_coop,21,0,couch,2,0,0,0,0,0,0,0,0,0,0,0,0,0,0,0,0,0,0,0,0
Mistral-7B-Instruct-v0.2 x Mistral-7B-Instruct-v0.2,Mistral-7B-Instruct-v0.2,Mistral-7B-Instruct-v0.2,pillow_bed_couch,conflict_adv,220,0,couch,2,0,0,0,0,0,0,0,0,0,0,0,0,0,0,0,0,0,0,0,0
Mistral-7B-Instruct-v0.2 x Mistral-7B-Instruct-v0.2,Mistral-7B-Instruct-v0.2,Mistral-7B-Instruct-v0.2,pillow_bed_couch,mutual_incoh,221,1,bed,2,0,0,0,0,0,0,0,0,0,0,0,0,0,0,0,0,0,0,0,0
Mistral-7B-Instruct-v0.2 x Mistral-7B-Instruct-v0.2,Mistral-7B-Instruct-v0.2,Mistral-7B-Instruct-v0.2,hammer_shelf_floor,mutual_coop,222,1,floor,2,0,0,0,0,0,0,0,0,0,0,0,0,0,0,0,0,0,0,0,0
Mistral-7B-Instruct-v0.2 x Mistral-7B-Instruct-v0.2,Mistral-7B-Instruct-v0.2,Mistral-7B-Instruct-v0.2,hammer_shelf_floor,asym_coop,223,1,floor,2,0,0,0,0,0,0,0,0,0,0,0,0,0,0,0,0,0,0,0,0
Mistral-7B-Instruct-v0.2 x Mistral-7B-Instruct-v0.2,Mistral-7B-Instruct-v0.2,Mistral-7B-Instruct-v0.2,hammer_shelf_floor,asym_adv,224,1,floor,2,0,0,0,0,0,0,0,0,0,0,0,0,0,0,0,0,0,0,0,0
Mistral-7B-Instruct-v0.2 x Mistral-7B-Instruct-v0.2,Mistral-7B-Instruct-v0.2,Mistral-7B-Instruct-v0.2,hammer_shelf_floor,conflict_coop,225,1,floor,2,0,0,0,0,0,0,0,0,0,0,0,0,0,0,0,0,0,0,0,0
Mistral-7B-Instruct-v0.2 x Mistral-7B-Instruct-v0.2,Mistral-7B-Instruct-v0.2,Mistral-7B-Instruct-v0.2,hammer_shelf_floor,conflict_adv,226,1,floor,2,0,0,0,0,0,0,0,0,0,0,0,0,0,0,0,0,0,0,0,0
Mistral-7B-Instruct-v0.2 x Mistral-7B-Instruct-v0.2,Mistral-7B-Instruct-v0.2,Mistral-7B-Instruct-v0.2,hammer_shelf_floor,mutual_incoh,227,1,floor,2,0,0,0,0,0,0,0,0,0,0,0,0,0,0,0,0,0,0,0,0
Mistral-7B-Instruct-v0.2 x Mistral-7B-Instruct-v0.2,Mistral-7B-Instruct-v0.2,Mistral-7B-Instruct-v0.2,receipt_pocket_folder,mutual_coop,228,1,pocket,2,0,0,0,0,0,0,0,0,0,0,0,0,0,0,0,0,0,0,0,0
Mistral-7B-Instruct-v0.2 x Mistral-7B-Instruct-v0.2,Mistral-7B-Instruct-v0.2,Mistral-7B-Instruct-v0.2,receipt_pocket_folder,asym_coop,229,1,pocket,2,0,0,0,0,0,0,0,0,0,0,0,0,0,0,0,0,0,0,0,0
Mistral-7B-Instruct-v0.2 x Mistral-7B-Instruct-v0.2,Mistral-7B-Instruct-v0.2,Mistral-7B-Instruct-v0.2,phone_table_couch,conflict_adv,22,1,table,2,0,0,0,0,0,0,0,0,0,0,0,0,0,0,0,0,0,0,0,0
Mistral-7B-Instruct-v0.2 x Mistral-7B-Instruct-v0.2,Mistral-7B-Instruct-v0.2,Mistral-7B-Instruct-v0.2,receipt_pocket_folder,asym_adv,230,1,pocket,4,0,0,0,0,0,0,0,0,0,0,0,0,0,0,0,0,0,0,0,0
Mistral-7B-Instruct-v0.2 x Mistral-7B-Instruct-v0.2,Mistral-7B-Instruct-v0.2,Mistral-7B-Instruct-v0.2,receipt_pocket_folder,conflict_coop,231,0,folder,2,0,0,0,0,0,0,0,0,0,0,0,0,0,0,0,0,0,0,0,0
Mistral-7B-Instruct-v0.2 x Mistral-7B-Instruct-v0.2,Mistral-7B-Instruct-v0.2,Mistral-7B-Instruct-v0.2,receipt_pocket_folder,conflict_adv,232,0,folder,4,0,0,0,0,0,0,0,0,0,0,0,0,0,0,0,0,0,0,0,0
Mistral-7B-Instruct-v0.2 x Mistral-7B-Instruct-v0.2,Mistral-7B-Instruct-v0.2,Mistral-7B-Instruct-v0.2,receipt_pocket_folder,mutual_incoh,233,1,pocket,6,0,0,0,0,0,0,0,0,0,0,0,0,0,0,0,0,0,0,0,0
Mistral-7B-Instruct-v0.2 x Mistral-7B-Instruct-v0.2,Mistral-7B-Instruct-v0.2,Mistral-7B-Instruct-v0.2,plate_table_sink,mutual_coop,234,1,sink,2,0,0,0,0,0,0,0,0,0,0,0,0,0,0,0,0,0,0,0,0
Mistral-7B-Instruct-v0.2 x Mistral-7B-Instruct-v0.2,Mistral-7B-Instruct-v0.2,Mistral-7B-Instruct-v0.2,plate_table_sink,asym_coop,235,0,table,2,0,0,0,0,0,0,0,0,0,0,0,0,0,0,0,0,0,0,0,0
Mistral-7B-Instruct-v0.2 x Mistral-7B-Instruct-v0.2,Mistral-7B-Instruct-v0.2,Mistral-7B-Instruct-v0.2,plate_table_sink,asym_adv,236,1,sink,8,0,0,0,0,0,0,0,0,0,0,0,1,0,0,0,0,1,0,1,0
Mistral-7B-Instruct-v0.2 x Mistral-7B-Instruct-v0.2,Mistral-7B-Instruct-v0.2,Mistral-7B-Instruct-v0.2,plate_table_sink,conflict_coop,237,0,table,2,0,0,0,0,0,0,0,0,0,0,0,0,0,0,0,0,0,0,0,0
Mistral-7B-Instruct-v0.2 x Mistral-7B-Instruct-v0.2,Mistral-7B-Instruct-v0.2,Mistral-7B-Instruct-v0.2,plate_table_sink,conflict_adv,238,1,sink,12,0,0,0,0,0,0,0,0,0,0,0,0,0,0,0,0,0,0,0,0
Mistral-7B-Instruct-v0.2 x Mistral-7B-Instruct-v0.2,Mistral-7B-Instruct-v0.2,Mistral-7B-Instruct-v0.2,plate_table_sink,mutual_incoh,239,1,sink,2,0,0,0,0,0,0,0,0,0,0,0,0,0,0,0,0,0,0,0,0
Mistral-7B-Instruct-v0.2 x Mistral-7B-Instruct-v0.2,Mistral-7B-Instruct-v0.2,Mistral-7B-Instruct-v0.2,phone_table_couch,mutual_incoh,23,1,table,16,0,0,0,0,0,0,0,0,0,1,0,1,0,0,0,0,2,0,1,0
Mistral-7B-Instruct-v0.2 x Mistral-7B-Instruct-v0.2,Mistral-7B-Instruct-v0.2,Mistral-7B-Instruct-v0.2,jacket_hook_chair,mutual_coop,240,1,hook,2,0,0,0,0,0,0,0,0,0,0,0,0,0,0,0,0,0,0,0,0
Mistral-7B-Instruct-v0.2 x Mistral-7B-Instruct-v0.2,Mistral-7B-Instruct-v0.2,Mistral-7B-Instruct-v0.2,jacket_hook_chair,asym_coop,241,1,hook,2,0,0,0,0,0,0,0,0,0,0,0,0,0,0,0,0,0,0,0,0
Mistral-7B-Instruct-v0.2 x Mistral-7B-Instruct-v0.2,Mistral-7B-Instruct-v0.2,Mistral-7B-Instruct-v0.2,jacket_hook_chair,asym_adv,242,1,hook,2,0,0,0,0,0,0,0,0,0,0,0,0,0,0,0,0,0,0,0,0
Mistral-7B-Instruct-v0.2 x Mistral-7B-Instruct-v0.2,Mistral-7B-Instruct-v0.2,Mistral-7B-Instruct-v0.2,jacket_hook_chair,conflict_coop,243,0,chair,2,0,0,0,0,0,0,0,0,0,0,0,0,0,0,0,0,0,0,0,0
Mistral-7B-Instruct-v0.2 x Mistral-7B-Instruct-v0.2,Mistral-7B-Instruct-v0.2,Mistral-7B-Instruct-v0.2,jacket_hook_chair,conflict_adv,244,0,chair,8,0,0,0,0,0,0,0,0,0,0,0,0,0,0,0,0,0,0,0,0
Mistral-7B-Instruct-v0.2 x Mistral-7B-Instruct-v0.2,Mistral-7B-Instruct-v0.2,Mistral-7B-Instruct-v0.2,jacket_hook_chair,mutual_incoh,245,1,hook,4,0,0,0,0,0,0,0,0,0,0,0,0,0,0,0,0,0,0,0,0
Mistral-7B-Instruct-v0.2 x Mistral-7B-Instruct-v0.2,Mistral-7B-Instruct-v0.2,Mistral-7B-Instruct-v0.2,ball_yard_garage,mutual_coop,246,1,garage,2,0,0,0,0,0,0,0,0,0,0,0,0,0,0,0,0,0,0,0,0
Mistral-7B-Instruct-v0.2 x Mistral-7B-Instruct-v0.2,Mistral-7B-Instruct-v0.2,Mistral-7B-Instruct-v0.2,ball_yard_garage,asym_coop,247,1,garage,2,0,0,0,0,0,0,0,0,0,0,0,0,0,0,0,0,0,0,0,0
Mistral-7B-Instruct-v0.2 x Mistral-7B-Instruct-v0.2,Mistral-7B-Instruct-v0.2,Mistral-7B-Instruct-v0.2,ball_yard_garage,asym_adv,248,1,garage,4,0,0,0,0,0,0,0,0,0,0,0,0,0,0,0,0,0,0,0,0
Mistral-7B-Instruct-v0.2 x Mistral-7B-Instruct-v0.2,Mistral-7B-Instruct-v0.2,Mistral-7B-Instruct-v0.2,ball_yard_garage,conflict_coop,249,0,yard,2,0,0,0,0,0,0,0,0,0,0,0,0,0,0,0,0,0,0,0,0
Mistral-7B-Instruct-v0.2 x Mistral-7B-Instruct-v0.2,Mistral-7B-Instruct-v0.2,Mistral-7B-Instruct-v0.2,book_shelf_bag,mutual_coop,24,1,shelf,2,0,0,0,0,0,0,0,0,0,0,0,0,0,0,0,0,0,0,0,0
Mistral-7B-Instruct-v0.2 x Mistral-7B-Instruct-v0.2,Mistral-7B-Instruct-v0.2,Mistral-7B-Instruct-v0.2,ball_yard_garage,conflict_adv,250,1,garage,6,0,0,0,0,0,0,0,0,0,0,0,0,0,0,0,0,0,0,0,0
Mistral-7B-Instruct-v0.2 x Mistral-7B-Instruct-v0.2,Mistral-7B-Instruct-v0.2,Mistral-7B-Instruct-v0.2,ball_yard_garage,mutual_incoh,251,1,garage,2,0,0,0,0,0,0,0,0,0,0,0,0,0,0,0,0,0,0,0,0
Mistral-7B-Instruct-v0.2 x Mistral-7B-Instruct-v0.2,Mistral-7B-Instruct-v0.2,Mistral-7B-Instruct-v0.2,stamp_drawer_tray,mutual_coop,252,1,drawer,2,0,0,0,0,0,0,0,0,0,0,0,0,0,0,0,0,0,0,0,0
Mistral-7B-Instruct-v0.2 x Mistral-7B-Instruct-v0.2,Mistral-7B-Instruct-v0.2,Mistral-7B-Instruct-v0.2,stamp_drawer_tray,asym_coop,253,1,drawer,2,0,0,0,0,0,0,0,0,0,0,0,0,0,0,0,0,0,0,0,0
Mistral-7B-Instruct-v0.2 x Mistral-7B-Instruct-v0.2,Mistral-7B-Instruct-v0.2,Mistral-7B-Instruct-v0.2,stamp_drawer_tray,asym_adv,254,0,tray,8,0,0,0,0,0,0,0,0,0,0,0,0,0,0,0,0,0,0,0,0
Mistral-7B-Instruct-v0.2 x Mistral-7B-Instruct-v0.2,Mistral-7B-Instruct-v0.2,Mistral-7B-Instruct-v0.2,stamp_drawer_tray,conflict_coop,255,0,tray,2,0,0,0,0,0,0,0,0,0,0,0,0,0,0,0,0,0,0,0,0
Mistral-7B-Instruct-v0.2 x Mistral-7B-Instruct-v0.2,Mistral-7B-Instruct-v0.2,Mistral-7B-Instruct-v0.2,stamp_drawer_tray,conflict_adv,256,0,tray,2,0,0,0,0,0,0,0,0,0,0,0,0,0,0,0,0,0,0,0,0
Mistral-7B-Instruct-v0.2 x Mistral-7B-Instruct-v0.2,Mistral-7B-Instruct-v0.2,Mistral-7B-Instruct-v0.2,stamp_drawer_tray,mutual_incoh,257,1,drawer,2,0,0,0,0,0,0,0,0,0,0,0,0,0,0,0,0,0,0,0,0
Mistral-7B-Instruct-v0.2 x Mistral-7B-Instruct-v0.2,Mistral-7B-Instruct-v0.2,Mistral-7B-Instruct-v0.2,photo_shelf_drawer,mutual_coop,258,1,drawer,2,0,0,0,0,0,0,0,0,0,0,0,0,0,0,0,0,0,0,0,0
Mistral-7B-Instruct-v0.2 x Mistral-7B-Instruct-v0.2,Mistral-7B-Instruct-v0.2,Mistral-7B-Instruct-v0.2,photo_shelf_drawer,asym_coop,259,1,drawer,2,0,0,0,0,0,0,0,0,0,0,0,0,0,0,0,0,0,0,0,0
Mistral-7B-Instruct-v0.2 x Mistral-7B-Instruct-v0.2,Mistral-7B-Instruct-v0.2,Mistral-7B-Instruct-v0.2,book_shelf_bag,asym_coop,25,1,shelf,2,0,0,0,0,0,0,0,0,0,0,0,0,0,0,0,0,0,0,0,0
Mistral-7B-Instruct-v0.2 x Mistral-7B-Instruct-v0.2,Mistral-7B-Instruct-v0.2,Mistral-7B-Instruct-v0.2,photo_shelf_drawer,asym_adv,260,1,drawer,2,0,0,0,0,0,0,0,0,0,0,0,0,0,0,0,0,0,0,0,0
Mistral-7B-Instruct-v0.2 x Mistral-7B-Instruct-v0.2,Mistral-7B-Instruct-v0.2,Mistral-7B-Instruct-v0.2,photo_shelf_drawer,conflict_coop,261,0,shelf,2,0,0,0,0,0,0,0,0,0,0,0,0,0,0,0,0,0,0,0,0
Mistral-7B-Instruct-v0.2 x Mistral-7B-Instruct-v0.2,Mistral-7B-Instruct-v0.2,Mistral-7B-Instruct-v0.2,photo_shelf_drawer,conflict_adv,262,0,shelf,10,0,0,0,0,0,0,0,0,0,0,0,1,0,0,0,0,1,0,1,0
Mistral-7B-Instruct-v0.2 x Mistral-7B-Instruct-v0.2,Mistral-7B-Instruct-v0.2,Mistral-7B-Instruct-v0.2,photo_shelf_drawer,mutual_incoh,263,1,drawer,8,0,0,0,0,0,0,0,0,0,0,0,0,0,0,0,0,0,0,0,0
Mistral-7B-Instruct-v0.2 x Mistral-7B-Instruct-v0.2,Mistral-7B-Instruct-v0.2,Mistral-7B-Instruct-v0.2,cable_desk_floor,mutual_coop,264,1,desk,2,0,0,0,0,0,0,0,0,0,0,0,0,0,0,0,0,0,0,0,0
Mistral-7B-Instruct-v0.2 x Mistral-7B-Instruct-v0.2,Mistral-7B-Instruct-v0.2,Mistral-7B-Instruct-v0.2,cable_desk_floor,asym_coop,265,1,desk,2,0,0,0,0,0,0,0,0,0,0,0,0,0,0,0,0,0,0,0,0
Mistral-7B-Instruct-v0.2 x Mistral-7B-Instruct-v0.2,Mistral-7B-Instruct-v0.2,Mistral-7B-Instruct-v0.2,cable_desk_floor,asym_adv,266,1,desk,2,0,0,0,0,0,0,0,0,0,0,0,0,0,0,0,0,0,0,0,0
Mistral-7B-Instruct-v0.2 x Mistral-7B-Instruct-v0.2,Mistral-7B-Instruct-v0.2,Mistral-7B-Instruct-v0.2,cable_desk_floor,conflict_coop,267,0,floor,16,0,0,0,0,0,0,0,0,1,1,0,1,0,0,0,0,3,0,1,0
Mistral-7B-Instruct-v0.2 x Mistral-7B-Instruct-v0.2,Mistral-7B-Instruct-v0.2,Mistral-7B-Instruct-v0.2,cable_desk_floor,conflict_adv,268,0,floor,4,0,0,0,0,0,0,0,0,0,0,0,0,0,0,0,0,0,0,0,0
Mistral-7B-Instruct-v0.2 x Mistral-7B-Instruct-v0.2,Mistral-7B-Instruct-v0.2,Mistral-7B-Instruct-v0.2,cable_desk_floor,mutual_incoh,269,1,desk,2,0,0,0,0,0,0,0,0,0,0,0,0,0,0,0,0,0,0,0,0
Mistral-7B-Instruct-v0.2 x Mistral-7B-Instruct-v0.2,Mistral-7B-Instruct-v0.2,Mistral-7B-Instruct-v0.2,book_shelf_bag,asym_adv,26,1,shelf,2,0,0,0,0,0,0,0,0,0,0,0,0,0,0,0,0,0,0,0,0
Mistral-7B-Instruct-v0.2 x Mistral-7B-Instruct-v0.2,Mistral-7B-Instruct-v0.2,Mistral-7B-Instruct-v0.2,soap_shelf_ledge,mutual_coop,270,1,ledge,2,0,0,0,0,0,0,0,0,0,0,0,0,0,0,0,0,0,0,0,0
Mistral-7B-Instruct-v0.2 x Mistral-7B-Instruct-v0.2,Mistral-7B-Instruct-v0.2,Mistral-7B-Instruct-v0.2,soap_shelf_ledge,asym_coop,271,1,ledge,2,0,0,0,0,0,0,0,0,0,0,0,0,0,0,0,0,0,0,0,0
Mistral-7B-Instruct-v0.2 x Mistral-7B-Instruct-v0.2,Mistral-7B-Instruct-v0.2,Mistral-7B-Instruct-v0.2,soap_shelf_ledge,asym_adv,272,1,ledge,2,0,0,0,0,0,0,0,0,0,0,0,0,0,0,0,0,0,0,0,0
Mistral-7B-Instruct-v0.2 x Mistral-7B-Instruct-v0.2,Mistral-7B-Instruct-v0.2,Mistral-7B-Instruct-v0.2,soap_shelf_ledge,conflict_coop,273,0,shelf,2,0,0,0,0,0,0,0,0,0,0,0,0,0,0,0,0,0,0,0,0
Mistral-7B-Instruct-v0.2 x Mistral-7B-Instruct-v0.2,Mistral-7B-Instruct-v0.2,Mistral-7B-Instruct-v0.2,soap_shelf_ledge,conflict_adv,274,1,ledge,8,0,0,0,0,1,0,0,0,0,0,0,0,0,0,0,0,1,0,1,0
Mistral-7B-Instruct-v0.2 x Mistral-7B-Instruct-v0.2,Mistral-7B-Instruct-v0.2,Mistral-7B-Instruct-v0.2,soap_shelf_ledge,mutual_incoh,275,0,shelf,4,0,0,0,0,0,0,0,0,0,0,0,0,0,0,0,0,0,0,0,0
Mistral-7B-Instruct-v0.2 x Mistral-7B-Instruct-v0.2,Mistral-7B-Instruct-v0.2,Mistral-7B-Instruct-v0.2,glove_bench_pocket,mutual_coop,276,1,bench,2,0,0,0,0,0,0,0,0,0,0,0,0,0,0,0,0,0,0,0,0
Mistral-7B-Instruct-v0.2 x Mistral-7B-Instruct-v0.2,Mistral-7B-Instruct-v0.2,Mistral-7B-Instruct-v0.2,glove_bench_pocket,asym_coop,277,1,bench,2,0,0,0,0,0,0,0,0,0,0,0,0,0,0,0,0,0,0,0,0
Mistral-7B-Instruct-v0.2 x Mistral-7B-Instruct-v0.2,Mistral-7B-Instruct-v0.2,Mistral-7B-Instruct-v0.2,glove_bench_pocket,asym_adv,278,1,bench,2,0,0,0,0,0,0,0,0,0,0,0,0,0,0,0,0,0,0,0,0
Mistral-7B-Instruct-v0.2 x Mistral-7B-Instruct-v0.2,Mistral-7B-Instruct-v0.2,Mistral-7B-Instruct-v0.2,glove_bench_pocket,conflict_coop,279,0,pocket,2,0,0,0,0,0,0,0,0,0,0,0,0,0,0,0,0,0,0,0,0
Mistral-7B-Instruct-v0.2 x Mistral-7B-Instruct-v0.2,Mistral-7B-Instruct-v0.2,Mistral-7B-Instruct-v0.2,book_shelf_bag,conflict_coop,27,0,bag,2,0,0,0,0,0,0,0,0,0,0,0,0,0,0,0,0,0,0,0,0
Mistral-7B-Instruct-v0.2 x Mistral-7B-Instruct-v0.2,Mistral-7B-Instruct-v0.2,Mistral-7B-Instruct-v0.2,glove_bench_pocket,conflict_adv,280,1,bench,4,0,0,0,0,0,0,0,0,0,0,0,0,0,0,0,0,0,0,0,0
Mistral-7B-Instruct-v0.2 x Mistral-7B-Instruct-v0.2,Mistral-7B-Instruct-v0.2,Mistral-7B-Instruct-v0.2,glove_bench_pocket,mutual_incoh,281,1,bench,2,0,0,0,0,0,0,0,0,0,0,0,0,0,0,0,0,0,0,0,0
Mistral-7B-Instruct-v0.2 x Mistral-7B-Instruct-v0.2,Mistral-7B-Instruct-v0.2,Mistral-7B-Instruct-v0.2,sponge_sink_counter,mutual_coop,282,1,counter,2,0,0,0,0,0,0,0,0,0,0,0,0,0,0,0,0,0,0,0,0
Mistral-7B-Instruct-v0.2 x Mistral-7B-Instruct-v0.2,Mistral-7B-Instruct-v0.2,Mistral-7B-Instruct-v0.2,sponge_sink_counter,asym_coop,283,1,counter,2,0,0,0,0,0,0,0,0,0,0,0,0,0,0,0,0,0,0,0,0
Mistral-7B-Instruct-v0.2 x Mistral-7B-Instruct-v0.2,Mistral-7B-Instruct-v0.2,Mistral-7B-Instruct-v0.2,sponge_sink_counter,asym_adv,284,0,,16,0,0,1,1,0,0,0,0,0,1,0,0,0,0,0,0,3,0,1,0
Mistral-7B-Instruct-v0.2 x Mistral-7B-Instruct-v0.2,Mistral-7B-Instruct-v0.2,Mistral-7B-Instruct-v0.2,sponge_sink_counter,conflict_coop,285,0,sink,2,0,0,0,0,0,0,0,0,0,0,0,0,0,0,0,0,0,0,0,0
Mistral-7B-Instruct-v0.2 x Mistral-7B-Instruct-v0.2,Mistral-7B-Instruct-v0.2,Mistral-7B-Instruct-v0.2,sponge_sink_counter,conflict_adv,286,1,counter,2,0,0,0,0,0,0,0,0,0,0,0,0,0,0,0,0,0,0,0,0
Mistral-7B-Instruct-v0.2 x Mistral-7B-Instruct-v0.2,Mistral-7B-Instruct-v0.2,Mistral-7B-Instruct-v0.2,sponge_sink_counter,mutual_incoh,287,1,counter,2,0,0,0,0,0,0,0,0,0,0,0,0,0,0,0,0,0,0,0,0
Mistral-7B-Instruct-v0.2 x Mistral-7B-Instruct-v0.2,Mistral-7B-Instruct-v0.2,Mistral-7B-Instruct-v0.2,comb_drawer_shelf,mutual_coop,288,1,drawer,2,0,0,0,0,0,0,0,0,0,0,0,0,0,0,0,0,0,0,0,0
Mistral-7B-Instruct-v0.2 x Mistral-7B-Instruct-v0.2,Mistral-7B-Instruct-v0.2,Mistral-7B-Instruct-v0.2,comb_drawer_shelf,asym_coop,289,1,drawer,2,0,0,0,0,0,0,0,0,0,0,0,0,0,0,0,0,0,0,0,0
Mistral-7B-Instruct-v0.2 x Mistral-7B-Instruct-v0.2,Mistral-7B-Instruct-v0.2,Mistral-7B-Instruct-v0.2,book_shelf_bag,conflict_adv,28,0,bag,2,0,0,0,0,0,0,0,0,0,0,0,0,0,0,0,0,0,0,0,0
Mistral-7B-Instruct-v0.2 x Mistral-7B-Instruct-v0.2,Mistral-7B-Instruct-v0.2,Mistral-7B-Instruct-v0.2,comb_drawer_shelf,asym_adv,290,1,drawer,6,0,0,0,0,0,0,0,0,0,0,0,0,0,0,0,0,0,0,0,0
Mistral-7B-Instruct-v0.2 x Mistral-7B-Instruct-v0.2,Mistral-7B-Instruct-v0.2,Mistral-7B-Instruct-v0.2,comb_drawer_shelf,conflict_coop,291,1,drawer,8,0,0,0,0,0,0,0,0,0,0,0,0,0,0,0,0,0,0,0,0
Mistral-7B-Instruct-v0.2 x Mistral-7B-Instruct-v0.2,Mistral-7B-Instruct-v0.2,Mistral-7B-Instruct-v0.2,comb_drawer_shelf,conflict_adv,292,0,shelf,4,0,1,0,0,0,0,0,0,0,0,0,1,0,0,0,1,1,0,1,1
Mistral-7B-Instruct-v0.2 x Mistral-7B-Instruct-v0.2,Mistral-7B-Instruct-v0.2,Mistral-7B-Instruct-v0.2,comb_drawer_shelf,mutual_incoh,293,1,drawer,6,0,0,0,0,0,0,0,0,0,0,0,0,0,0,0,0,0,0,0,0
Mistral-7B-Instruct-v0.2 x Mistral-7B-Instruct-v0.2,Mistral-7B-Instruct-v0.2,Mistral-7B-Instruct-v0.2,marker_cup_tray,mutual_coop,294,1,tray,2,0,0,0,0,0,0,0,0,0,0,0,0,0,0,0,0,0,0,0,0
Mistral-7B-Instruct-v0.2 x Mistral-7B-Instruct-v0.2,Mistral-7B-Instruct-v0.2,Mistral-7B-Instruct-v0.2,marker_cup_tray,asym_coop,295,1,tray,2,0,0,0,0,0,0,0,0,0,0,0,0,0,0,0,0,0,0,0,0
Mistral-7B-Instruct-v0.2 x Mistral-7B-Instruct-v0.2,Mistral-7B-Instruct-v0.2,Mistral-7B-Instruct-v0.2,marker_cup_tray,asym_adv,296,0,cup,8,0,0,0,0,0,0,0,0,0,0,0,0,0,0,0,0,0,0,0,0
Mistral-7B-Instruct-v0.2 x Mistral-7B-Instruct-v0.2,Mistral-7B-Instruct-v0.2,Mistral-7B-Instruct-v0.2,marker_cup_tray,conflict_coop,297,0,cup,2,0,0,0,0,0,0,0,0,0,0,0,0,0,0,0,0,0,0,0,0
Mistral-7B-Instruct-v0.2 x Mistral-7B-Instruct-v0.2,Mistral-7B-Instruct-v0.2,Mistral-7B-Instruct-v0.2,marker_cup_tray,conflict_adv,298,0,cup,6,0,1,0,0,0,0,0,0,0,0,0,1,0,0,0,1,1,0,1,1
Mistral-7B-Instruct-v0.2 x Mistral-7B-Instruct-v0.2,Mistral-7B-Instruct-v0.2,Mistral-7B-Instruct-v0.2,marker_cup_tray,mutual_incoh,299,1,tray,2,0,0,0,0,0,0,0,0,0,0,0,0,0,0,0,0,0,0,0,0
Mistral-7B-Instruct-v0.2 x Mistral-7B-Instruct-v0.2,Mistral-7B-Instruct-v0.2,Mistral-7B-Instruct-v0.2,book_shelf_bag,mutual_incoh,29,1,shelf,6,0,0,0,0,0,0,0,0,0,0,0,0,0,0,0,0,0,0,0,0
Mistral-7B-Instruct-v0.2 x Mistral-7B-Instruct-v0.2,Mistral-7B-Instruct-v0.2,Mistral-7B-Instruct-v0.2,key_in_boxes,asym_adv,2,1,red box,2,0,0,0,0,0,0,0,0,0,0,0,0,0,0,0,0,0,0,0,0
Mistral-7B-Instruct-v0.2 x Mistral-7B-Instruct-v0.2,Mistral-7B-Instruct-v0.2,Mistral-7B-Instruct-v0.2,rope_shed_trunk,mutual_coop,300,1,shed,2,0,0,0,0,0,0,0,0,0,0,0,0,0,0,0,0,0,0,0,0
Mistral-7B-Instruct-v0.2 x Mistral-7B-Instruct-v0.2,Mistral-7B-Instruct-v0.2,Mistral-7B-Instruct-v0.2,rope_shed_trunk,asym_coop,301,1,shed,2,0,0,0,0,0,0,0,0,0,0,0,0,0,0,0,0,0,0,0,0
Mistral-7B-Instruct-v0.2 x Mistral-7B-Instruct-v0.2,Mistral-7B-Instruct-v0.2,Mistral-7B-Instruct-v0.2,rope_shed_trunk,asym_adv,302,1,shed,2,0,0,0,0,0,0,0,0,0,0,0,0,0,0,0,0,0,0,0,0
Mistral-7B-Instruct-v0.2 x Mistral-7B-Instruct-v0.2,Mistral-7B-Instruct-v0.2,Mistral-7B-Instruct-v0.2,rope_shed_trunk,conflict_coop,303,0,trunk,2,0,0,0,0,0,0,0,0,0,0,0,0,0,0,0,0,0,0,0,0
Mistral-7B-Instruct-v0.2 x Mistral-7B-Instruct-v0.2,Mistral-7B-Instruct-v0.2,Mistral-7B-Instruct-v0.2,rope_shed_trunk,conflict_adv,304,0,trunk,4,0,0,0,0,0,0,0,0,0,0,0,0,0,0,0,0,0,0,0,0
Mistral-7B-Instruct-v0.2 x Mistral-7B-Instruct-v0.2,Mistral-7B-Instruct-v0.2,Mistral-7B-Instruct-v0.2,rope_shed_trunk,mutual_incoh,305,1,shed,2,0,0,0,0,0,0,0,0,0,0,0,0,0,0,0,0,0,0,0,0
Mistral-7B-Instruct-v0.2 x Mistral-7B-Instruct-v0.2,Mistral-7B-Instruct-v0.2,Mistral-7B-Instruct-v0.2,vase_table_mantle,mutual_coop,306,1,mantle,2,0,0,0,0,0,0,0,0,0,0,0,0,0,0,0,0,0,0,0,0
Mistral-7B-Instruct-v0.2 x Mistral-7B-Instruct-v0.2,Mistral-7B-Instruct-v0.2,Mistral-7B-Instruct-v0.2,vase_table_mantle,asym_coop,307,1,mantle,2,0,0,0,0,0,0,0,0,0,0,0,0,0,0,0,0,0,0,0,0
Mistral-7B-Instruct-v0.2 x Mistral-7B-Instruct-v0.2,Mistral-7B-Instruct-v0.2,Mistral-7B-Instruct-v0.2,vase_table_mantle,asym_adv,308,1,mantle,2,0,0,0,0,0,0,0,0,0,0,0,0,0,0,0,0,0,0,0,0
Mistral-7B-Instruct-v0.2 x Mistral-7B-Instruct-v0.2,Mistral-7B-Instruct-v0.2,Mistral-7B-Instruct-v0.2,vase_table_mantle,conflict_coop,309,0,table,2,0,0,0,0,0,0,0,0,0,0,0,0,0,0,0,0,0,0,0,0
Mistral-7B-Instruct-v0.2 x Mistral-7B-Instruct-v0.2,Mistral-7B-Instruct-v0.2,Mistral-7B-Instruct-v0.2,glasses_counter_shelf,mutual_coop,30,1,shelf,2,0,0,0,0,0,0,0,0,0,0,0,0,0,0,0,0,0,0,0,0
Mistral-7B-Instruct-v0.2 x Mistral-7B-Instruct-v0.2,Mistral-7B-Instruct-v0.2,Mistral-7B-Instruct-v0.2,vase_table_mantle,conflict_adv,310,1,mantle,6,0,0,0,0,0,0,0,0,0,0,0,0,0,0,0,0,0,0,0,0
Mistral-7B-Instruct-v0.2 x Mistral-7B-Instruct-v0.2,Mistral-7B-Instruct-v0.2,Mistral-7B-Instruct-v0.2,vase_table_mantle,mutual_incoh,311,1,mantle,2,0,0,0,0,0,0,0,0,0,0,0,0,0,0,0,0,0,0,0,0
Mistral-7B-Instruct-v0.2 x Mistral-7B-Instruct-v0.2,Mistral-7B-Instruct-v0.2,Mistral-7B-Instruct-v0.2,bowl_table_counter,mutual_coop,312,1,table,2,0,0,0,0,0,0,0,0,0,0,0,0,0,0,0,0,0,0,0,0
Mistral-7B-Instruct-v0.2 x Mistral-7B-Instruct-v0.2,Mistral-7B-Instruct-v0.2,Mistral-7B-Instruct-v0.2,bowl_table_counter,asym_coop,313,1,table,2,0,0,0,0,0,0,0,0,0,0,0,0,0,0,0,0,0,0,0,0
Mistral-7B-Instruct-v0.2 x Mistral-7B-Instruct-v0.2,Mistral-7B-Instruct-v0.2,Mistral-7B-Instruct-v0.2,bowl_table_counter,asym_adv,314,1,table,2,0,0,0,0,0,0,0,0,0,0,0,0,0,0,0,0,0,0,0,0
Mistral-7B-Instruct-v0.2 x Mistral-7B-Instruct-v0.2,Mistral-7B-Instruct-v0.2,Mistral-7B-Instruct-v0.2,bowl_table_counter,conflict_coop,315,0,counter,2,0,0,0,0,0,0,0,0,0,0,0,0,0,0,0,0,0,0,0,0
Mistral-7B-Instruct-v0.2 x Mistral-7B-Instruct-v0.2,Mistral-7B-Instruct-v0.2,Mistral-7B-Instruct-v0.2,bowl_table_counter,conflict_adv,316,0,counter,2,0,0,0,0,0,0,0,0,0,0,0,0,0,0,0,0,0,0,0,0
Mistral-7B-Instruct-v0.2 x Mistral-7B-Instruct-v0.2,Mistral-7B-Instruct-v0.2,Mistral-7B-Instruct-v0.2,bowl_table_counter,mutual_incoh,317,0,counter,2,0,0,0,0,0,0,0,0,0,0,0,0,0,0,0,0,0,0,0,0
Mistral-7B-Instruct-v0.2 x Mistral-7B-Instruct-v0.2,Mistral-7B-Instruct-v0.2,Mistral-7B-Instruct-v0.2,lighter_drawer_pocket,mutual_coop,318,1,pocket,2,0,0,0,0,0,0,0,0,0,0,0,0,0,0,0,0,0,0,0,0
Mistral-7B-Instruct-v0.2 x Mistral-7B-Instruct-v0.2,Mistral-7B-Instruct-v0.2,Mistral-7B-Instruct-v0.2,lighter_drawer_pocket,asym_coop,319,0,drawer,2,0,0,0,0,0,0,0,0,0,0,0,0,0,0,0,0,0,0,0,0
Mistral-7B-Instruct-v0.2 x Mistral-7B-Instruct-v0.2,Mistral-7B-Instruct-v0.2,Mistral-7B-Instruct-v0.2,glasses_counter_shelf,asym_coop,31,1,shelf,2,0,0,0,0,0,0,0,0,0,0,0,0,0,0,0,0,0,0,0,0
Mistral-7B-Instruct-v0.2 x Mistral-7B-Instruct-v0.2,Mistral-7B-Instruct-v0.2,Mistral-7B-Instruct-v0.2,lighter_drawer_pocket,asym_adv,320,1,pocket,2,0,0,0,0,0,0,0,0,0,0,0,0,0,0,0,0,0,0,0,0
Mistral-7B-Instruct-v0.2 x Mistral-7B-Instruct-v0.2,Mistral-7B-Instruct-v0.2,Mistral-7B-Instruct-v0.2,lighter_drawer_pocket,conflict_coop,321,0,drawer,2,0,0,0,0,0,0,0,0,0,0,0,0,0,0,0,0,0,0,0,0
Mistral-7B-Instruct-v0.2 x Mistral-7B-Instruct-v0.2,Mistral-7B-Instruct-v0.2,Mistral-7B-Instruct-v0.2,lighter_drawer_pocket,conflict_adv,322,0,drawer,4,0,0,0,0,0,0,0,0,0,0,0,0,0,0,0,0,0,0,0,0
Mistral-7B-Instruct-v0.2 x Mistral-7B-Instruct-v0.2,Mistral-7B-Instruct-v0.2,Mistral-7B-Instruct-v0.2,lighter_drawer_pocket,mutual_incoh,323,1,pocket,12,0,0,0,0,0,0,0,0,1,0,0,0,0,0,0,0,1,0,1,0
Mistral-7B-Instruct-v0.2 x Mistral-7B-Instruct-v0.2,Mistral-7B-Instruct-v0.2,Mistral-7B-Instruct-v0.2,drill_bench_case,mutual_coop,324,1,bench,2,0,0,0,0,0,0,0,0,0,0,0,0,0,0,0,0,0,0,0,0
Mistral-7B-Instruct-v0.2 x Mistral-7B-Instruct-v0.2,Mistral-7B-Instruct-v0.2,Mistral-7B-Instruct-v0.2,drill_bench_case,asym_coop,325,1,bench,2,0,0,0,0,0,0,0,0,0,0,0,0,0,0,0,0,0,0,0,0
Mistral-7B-Instruct-v0.2 x Mistral-7B-Instruct-v0.2,Mistral-7B-Instruct-v0.2,Mistral-7B-Instruct-v0.2,drill_bench_case,asym_adv,326,1,bench,6,0,0,0,0,0,1,0,0,0,0,0,0,0,1,0,0,2,0,1,0
Mistral-7B-Instruct-v0.2 x Mistral-7B-Instruct-v0.2,Mistral-7B-Instruct-v0.2,Mistral-7B-Instruct-v0.2,drill_bench_case,conflict_coop,327,0,case,4,0,0,0,0,0,0,0,0,0,0,0,0,0,0,0,0,0,0,0,0
Mistral-7B-Instruct-v0.2 x Mistral-7B-Instruct-v0.2,Mistral-7B-Instruct-v0.2,Mistral-7B-Instruct-v0.2,drill_bench_case,conflict_adv,328,0,case,4,0,0,0,0,0,0,0,0,0,0,0,0,0,0,0,0,0,0,0,0
Mistral-7B-Instruct-v0.2 x Mistral-7B-Instruct-v0.2,Mistral-7B-Instruct-v0.2,Mistral-7B-Instruct-v0.2,drill_bench_case,mutual_incoh,329,1,bench,6,0,0,0,0,0,0,0,0,0,0,0,0,0,0,0,0,0,0,0,0
Mistral-7B-Instruct-v0.2 x Mistral-7B-Instruct-v0.2,Mistral-7B-Instruct-v0.2,Mistral-7B-Instruct-v0.2,glasses_counter_shelf,asym_adv,32,1,shelf,2,0,0,0,0,0,0,0,0,0,0,0,0,0,0,0,0,0,0,0,0
Mistral-7B-Instruct-v0.2 x Mistral-7B-Instruct-v0.2,Mistral-7B-Instruct-v0.2,Mistral-7B-Instruct-v0.2,medal_shelf_box,mutual_coop,330,1,box,2,0,0,0,0,0,0,0,0,0,0,0,0,0,0,0,0,0,0,0,0
Mistral-7B-Instruct-v0.2 x Mistral-7B-Instruct-v0.2,Mistral-7B-Instruct-v0.2,Mistral-7B-Instruct-v0.2,medal_shelf_box,asym_coop,331,1,box,2,0,0,0,0,0,0,0,0,0,0,0,0,0,0,0,0,0,0,0,0
Mistral-7B-Instruct-v0.2 x Mistral-7B-Instruct-v0.2,Mistral-7B-Instruct-v0.2,Mistral-7B-Instruct-v0.2,medal_shelf_box,asym_adv,332,1,box,2,0,0,0,0,0,0,0,0,0,0,0,0,0,0,0,0,0,0,0,0
Mistral-7B-Instruct-v0.2 x Mistral-7B-Instruct-v0.2,Mistral-7B-Instruct-v0.2,Mistral-7B-Instruct-v0.2,medal_shelf_box,conflict_coop,333,0,shelf,2,0,0,0,0,0,0,0,0,0,0,0,0,0,0,0,0,0,0,0,0
Mistral-7B-Instruct-v0.2 x Mistral-7B-Instruct-v0.2,Mistral-7B-Instruct-v0.2,Mistral-7B-Instruct-v0.2,medal_shelf_box,conflict_adv,334,1,box,4,0,0,0,0,0,0,0,0,0,0,0,0,0,0,0,0,0,0,0,0
Mistral-7B-Instruct-v0.2 x Mistral-7B-Instruct-v0.2,Mistral-7B-Instruct-v0.2,Mistral-7B-Instruct-v0.2,medal_shelf_box,mutual_incoh,335,1,box,2,0,0,0,0,0,0,0,0,0,0,0,0,0,0,0,0,0,0,0,0
Mistral-7B-Instruct-v0.2 x Mistral-7B-Instruct-v0.2,Mistral-7B-Instruct-v0.2,Mistral-7B-Instruct-v0.2,lanyard_locker_desk,mutual_coop,336,1,locker,2,0,0,0,0,0,0,0,0,0,0,0,0,0,0,0,0,0,0,0,0
Mistral-7B-Instruct-v0.2 x Mistral-7B-Instruct-v0.2,Mistral-7B-Instruct-v0.2,Mistral-7B-Instruct-v0.2,lanyard_locker_desk,asym_coop,337,1,locker,2,0,0,0,0,0,0,0,0,0,0,0,0,0,0,0,0,0,0,0,0
Mistral-7B-Instruct-v0.2 x Mistral-7B-Instruct-v0.2,Mistral-7B-Instruct-v0.2,Mistral-7B-Instruct-v0.2,lanyard_locker_desk,asym_adv,338,1,locker,2,0,0,0,0,0,0,0,0,0,0,0,0,0,0,0,0,0,0,0,0
Mistral-7B-Instruct-v0.2 x Mistral-7B-Instruct-v0.2,Mistral-7B-Instruct-v0.2,Mistral-7B-Instruct-v0.2,lanyard_locker_desk,conflict_coop,339,0,desk,2,0,0,0,0,0,0,0,0,0,0,0,0,0,0,0,0,0,0,0,0
Mistral-7B-Instruct-v0.2 x Mistral-7B-Instruct-v0.2,Mistral-7B-Instruct-v0.2,Mistral-7B-Instruct-v0.2,glasses_counter_shelf,conflict_coop,33,0,counter,2,0,0,0,0,0,0,0,0,0,0,0,0,0,0,0,0,0,0,0,0
Mistral-7B-Instruct-v0.2 x Mistral-7B-Instruct-v0.2,Mistral-7B-Instruct-v0.2,Mistral-7B-Instruct-v0.2,lanyard_locker_desk,conflict_adv,340,1,locker,4,0,0,0,0,0,0,0,0,0,0,0,0,0,0,0,0,0,0,0,0
Mistral-7B-Instruct-v0.2 x Mistral-7B-Instruct-v0.2,Mistral-7B-Instruct-v0.2,Mistral-7B-Instruct-v0.2,lanyard_locker_desk,mutual_incoh,341,1,locker,2,0,0,0,0,0,1,0,0,0,0,0,0,0,0,0,0,1,0,1,0
Mistral-7B-Instruct-v0.2 x Mistral-7B-Instruct-v0.2,Mistral-7B-Instruct-v0.2,Mistral-7B-Instruct-v0.2,apron_hook_drawer,mutual_coop,342,1,drawer,2,0,0,0,0,0,0,0,0,0,0,0,0,0,0,0,0,0,0,0,0
Mistral-7B-Instruct-v0.2 x Mistral-7B-Instruct-v0.2,Mistral-7B-Instruct-v0.2,Mistral-7B-Instruct-v0.2,apron_hook_drawer,asym_coop,343,1,drawer,2,0,0,0,0,0,0,0,0,0,0,0,0,0,0,0,0,0,0,0,0
Mistral-7B-Instruct-v0.2 x Mistral-7B-Instruct-v0.2,Mistral-7B-Instruct-v0.2,Mistral-7B-Instruct-v0.2,apron_hook_drawer,asym_adv,344,0,hook,6,0,0,0,0,0,0,0,0,0,0,0,0,0,0,0,0,0,0,0,0
Mistral-7B-Instruct-v0.2 x Mistral-7B-Instruct-v0.2,Mistral-7B-Instruct-v0.2,Mistral-7B-Instruct-v0.2,apron_hook_drawer,conflict_coop,345,0,hook,2,0,0,0,0,0,0,0,0,0,0,0,0,0,0,0,0,0,0,0,0
Mistral-7B-Instruct-v0.2 x Mistral-7B-Instruct-v0.2,Mistral-7B-Instruct-v0.2,Mistral-7B-Instruct-v0.2,apron_hook_drawer,conflict_adv,346,0,,16,0,0,1,1,0,0,0,0,1,1,0,0,0,0,0,0,4,0,1,0
Mistral-7B-Instruct-v0.2 x Mistral-7B-Instruct-v0.2,Mistral-7B-Instruct-v0.2,Mistral-7B-Instruct-v0.2,apron_hook_drawer,mutual_incoh,347,1,drawer,2,0,0,0,0,0,0,0,0,0,0,0,0,0,0,0,0,0,0,0,0
Mistral-7B-Instruct-v0.2 x Mistral-7B-Instruct-v0.2,Mistral-7B-Instruct-v0.2,Mistral-7B-Instruct-v0.2,leash_hook_table,mutual_coop,348,1,hook,2,0,0,0,0,0,0,0,0,0,0,0,0,0,0,0,0,0,0,0,0
Mistral-7B-Instruct-v0.2 x Mistral-7B-Instruct-v0.2,Mistral-7B-Instruct-v0.2,Mistral-7B-Instruct-v0.2,leash_hook_table,asym_coop,349,1,hook,2,0,0,0,0,0,0,0,0,0,0,0,0,0,0,0,0,0,0,0,0
Mistral-7B-Instruct-v0.2 x Mistral-7B-Instruct-v0.2,Mistral-7B-Instruct-v0.2,Mistral-7B-Instruct-v0.2,glasses_counter_shelf,conflict_adv,34,0,counter,14,0,0,0,0,0,0,0,0,1,0,0,0,0,0,0,0,1,0,1,0
Mistral-7B-Instruct-v0.2 x Mistral-7B-Instruct-v0.2,Mistral-7B-Instruct-v0.2,Mistral-7B-Instruct-v0.2,leash_hook_table,asym_adv,350,1,hook,2,0,0,0,0,0,0,0,0,0,0,0,0,0,0,0,0,0,0,0,0
Mistral-7B-Instruct-v0.2 x Mistral-7B-Instruct-v0.2,Mistral-7B-Instruct-v0.2,Mistral-7B-Instruct-v0.2,leash_hook_table,conflict_coop,351,0,table,2,0,0,0,0,0,0,0,0,0,0,0,0,0,0,0,0,0,0,0,0
Mistral-7B-Instruct-v0.2 x Mistral-7B-Instruct-v0.2,Mistral-7B-Instruct-v0.2,Mistral-7B-Instruct-v0.2,leash_hook_table,conflict_adv,352,0,table,4,0,0,0,0,0,0,0,0,0,0,0,0,0,0,0,0,0,0,0,0
Mistral-7B-Instruct-v0.2 x Mistral-7B-Instruct-v0.2,Mistral-7B-Instruct-v0.2,Mistral-7B-Instruct-v0.2,leash_hook_table,mutual_incoh,353,0,table,6,0,0,0,0,1,0,0,0,0,0,0,0,0,0,0,0,1,0,1,0
Mistral-7B-Instruct-v0.2 x Mistral-7B-Instruct-v0.2,Mistral-7B-Instruct-v0.2,Mistral-7B-Instruct-v0.2,mat_floor_shelf,mutual_coop,354,1,shelf,2,0,0,0,0,0,0,0,0,0,0,0,0,0,0,0,0,0,0,0,0
Mistral-7B-Instruct-v0.2 x Mistral-7B-Instruct-v0.2,Mistral-7B-Instruct-v0.2,Mistral-7B-Instruct-v0.2,mat_floor_shelf,asym_coop,355,0,floor,2,0,0,0,0,0,0,0,0,0,0,0,0,0,0,0,0,0,0,0,0
Mistral-7B-Instruct-v0.2 x Mistral-7B-Instruct-v0.2,Mistral-7B-Instruct-v0.2,Mistral-7B-Instruct-v0.2,mat_floor_shelf,asym_adv,356,1,shelf,2,0,0,0,0,0,0,0,0,0,0,0,0,0,0,0,0,0,0,0,0
Mistral-7B-Instruct-v0.2 x Mistral-7B-Instruct-v0.2,Mistral-7B-Instruct-v0.2,Mistral-7B-Instruct-v0.2,mat_floor_shelf,conflict_coop,357,0,floor,2,0,0,0,0,0,0,0,0,0,0,0,0,0,0,0,0,0,0,0,0
Mistral-7B-Instruct-v0.2 x Mistral-7B-Instruct-v0.2,Mistral-7B-Instruct-v0.2,Mistral-7B-Instruct-v0.2,mat_floor_shelf,conflict_adv,358,0,floor,4,0,0,0,0,0,0,0,0,0,0,0,0,0,0,0,0,0,0,0,0
Mistral-7B-Instruct-v0.2 x Mistral-7B-Instruct-v0.2,Mistral-7B-Instruct-v0.2,Mistral-7B-Instruct-v0.2,mat_floor_shelf,mutual_incoh,359,1,shelf,2,0,0,0,0,0,0,0,0,0,0,0,0,0,0,0,0,0,0,0,0
Mistral-7B-Instruct-v0.2 x Mistral-7B-Instruct-v0.2,Mistral-7B-Instruct-v0.2,Mistral-7B-Instruct-v0.2,glasses_counter_shelf,mutual_incoh,35,0,counter,4,0,0,0,0,0,0,0,0,0,0,0,0,0,0,0,0,0,0,0,0
Mistral-7B-Instruct-v0.2 x Mistral-7B-Instruct-v0.2,Mistral-7B-Instruct-v0.2,Mistral-7B-Instruct-v0.2,clip_desk_tray,mutual_coop,360,0,tray,2,0,0,0,0,0,0,0,0,0,0,0,0,0,0,0,0,0,0,0,0
Mistral-7B-Instruct-v0.2 x Mistral-7B-Instruct-v0.2,Mistral-7B-Instruct-v0.2,Mistral-7B-Instruct-v0.2,clip_desk_tray,asym_coop,361,1,desk,2,0,0,0,0,0,0,0,0,0,0,0,0,0,0,0,0,0,0,0,0
Mistral-7B-Instruct-v0.2 x Mistral-7B-Instruct-v0.2,Mistral-7B-Instruct-v0.2,Mistral-7B-Instruct-v0.2,clip_desk_tray,asym_adv,362,0,,16,0,0,1,1,0,0,0,0,1,1,0,0,0,0,0,0,4,0,1,0
Mistral-7B-Instruct-v0.2 x Mistral-7B-Instruct-v0.2,Mistral-7B-Instruct-v0.2,Mistral-7B-Instruct-v0.2,clip_desk_tray,conflict_coop,363,1,desk,2,0,0,0,0,0,0,0,0,0,0,0,0,0,0,0,0,0,0,0,0
Mistral-7B-Instruct-v0.2 x Mistral-7B-Instruct-v0.2,Mistral-7B-Instruct-v0.2,Mistral-7B-Instruct-v0.2,clip_desk_tray,conflict_adv,364,0,tray,4,0,0,0,0,0,0,0,0,0,0,0,0,0,0,0,0,0,0,0,0
Mistral-7B-Instruct-v0.2 x Mistral-7B-Instruct-v0.2,Mistral-7B-Instruct-v0.2,Mistral-7B-Instruct-v0.2,clip_desk_tray,mutual_incoh,365,1,desk,2,0,0,0,0,0,0,0,0,0,0,0,0,0,0,0,0,0,0,0,0
Mistral-7B-Instruct-v0.2 x Mistral-7B-Instruct-v0.2,Mistral-7B-Instruct-v0.2,Mistral-7B-Instruct-v0.2,plug_desk_floor,mutual_coop,366,1,floor,2,0,0,0,0,0,0,0,0,0,0,0,0,0,0,0,0,0,0,0,0
Mistral-7B-Instruct-v0.2 x Mistral-7B-Instruct-v0.2,Mistral-7B-Instruct-v0.2,Mistral-7B-Instruct-v0.2,plug_desk_floor,asym_coop,367,1,floor,2,0,0,0,0,0,0,0,0,0,0,0,0,0,0,0,0,0,0,0,0
Mistral-7B-Instruct-v0.2 x Mistral-7B-Instruct-v0.2,Mistral-7B-Instruct-v0.2,Mistral-7B-Instruct-v0.2,plug_desk_floor,asym_adv,368,1,floor,2,0,0,0,0,0,0,0,0,0,0,0,0,0,0,0,0,0,0,0,0
Mistral-7B-Instruct-v0.2 x Mistral-7B-Instruct-v0.2,Mistral-7B-Instruct-v0.2,Mistral-7B-Instruct-v0.2,plug_desk_floor,conflict_coop,369,1,floor,2,0,0,0,0,0,0,0,0,0,0,0,0,0,0,0,0,0,0,0,0
Mistral-7B-Instruct-v0.2 x Mistral-7B-Instruct-v0.2,Mistral-7B-Instruct-v0.2,Mistral-7B-Instruct-v0.2,hat_hook_chair,mutual_coop,36,1,hook,2,0,0,0,0,0,0,0,0,0,0,0,0,0,0,0,0,0,0,0,0
Mistral-7B-Instruct-v0.2 x Mistral-7B-Instruct-v0.2,Mistral-7B-Instruct-v0.2,Mistral-7B-Instruct-v0.2,plug_desk_floor,conflict_adv,370,1,floor,4,0,0,0,0,0,0,0,0,0,0,0,0,0,0,0,0,0,0,0,0
Mistral-7B-Instruct-v0.2 x Mistral-7B-Instruct-v0.2,Mistral-7B-Instruct-v0.2,Mistral-7B-Instruct-v0.2,plug_desk_floor,mutual_incoh,371,1,floor,2,0,0,0,0,0,0,0,0,0,0,0,0,0,0,0,0,0,0,0,0
Mistral-7B-Instruct-v0.2 x Mistral-7B-Instruct-v0.2,Mistral-7B-Instruct-v0.2,Mistral-7B-Instruct-v0.2,lock_gate_shed,mutual_coop,372,1,gate,2,0,0,0,0,0,0,0,0,0,0,0,0,0,0,0,0,0,0,0,0
Mistral-7B-Instruct-v0.2 x Mistral-7B-Instruct-v0.2,Mistral-7B-Instruct-v0.2,Mistral-7B-Instruct-v0.2,lock_gate_shed,asym_coop,373,1,gate,2,0,0,0,0,0,0,0,0,0,0,0,0,0,0,0,0,0,0,0,0
Mistral-7B-Instruct-v0.2 x Mistral-7B-Instruct-v0.2,Mistral-7B-Instruct-v0.2,Mistral-7B-Instruct-v0.2,lock_gate_shed,asym_adv,374,1,gate,2,0,0,0,0,0,0,0,0,0,0,0,0,0,0,0,0,0,0,0,0
Mistral-7B-Instruct-v0.2 x Mistral-7B-Instruct-v0.2,Mistral-7B-Instruct-v0.2,Mistral-7B-Instruct-v0.2,lock_gate_shed,conflict_coop,375,0,shed,2,0,0,0,0,0,0,0,0,0,0,0,0,0,0,0,0,0,0,0,0
Mistral-7B-Instruct-v0.2 x Mistral-7B-Instruct-v0.2,Mistral-7B-Instruct-v0.2,Mistral-7B-Instruct-v0.2,lock_gate_shed,conflict_adv,376,0,shed,16,0,0,0,0,0,0,0,0,0,1,0,1,0,0,0,0,2,0,1,0
Mistral-7B-Instruct-v0.2 x Mistral-7B-Instruct-v0.2,Mistral-7B-Instruct-v0.2,Mistral-7B-Instruct-v0.2,lock_gate_shed,mutual_incoh,377,1,gate,4,0,0,0,0,0,0,0,0,0,0,0,0,0,0,0,0,0,0,0,0
Mistral-7B-Instruct-v0.2 x Mistral-7B-Instruct-v0.2,Mistral-7B-Instruct-v0.2,Mistral-7B-Instruct-v0.2,pan_stove_shelf,mutual_coop,378,1,shelf,2,0,0,0,0,0,0,0,0,0,0,0,0,0,0,0,0,0,0,0,0
Mistral-7B-Instruct-v0.2 x Mistral-7B-Instruct-v0.2,Mistral-7B-Instruct-v0.2,Mistral-7B-Instruct-v0.2,pan_stove_shelf,asym_coop,379,0,stove,2,0,0,0,0,0,0,0,0,0,0,0,0,0,0,0,0,0,0,0,0
Mistral-7B-Instruct-v0.2 x Mistral-7B-Instruct-v0.2,Mistral-7B-Instruct-v0.2,Mistral-7B-Instruct-v0.2,hat_hook_chair,asym_coop,37,1,hook,8,0,0,0,0,0,0,0,0,1,0,0,1,0,0,0,0,2,0,1,0
Mistral-7B-Instruct-v0.2 x Mistral-7B-Instruct-v0.2,Mistral-7B-Instruct-v0.2,Mistral-7B-Instruct-v0.2,pan_stove_shelf,asym_adv,380,1,shelf,2,0,0,0,0,0,0,0,0,0,0,0,0,0,0,0,0,0,0,0,0
Mistral-7B-Instruct-v0.2 x Mistral-7B-Instruct-v0.2,Mistral-7B-Instruct-v0.2,Mistral-7B-Instruct-v0.2,pan_stove_shelf,conflict_coop,381,0,stove,2,0,0,0,0,0,0,0,0,0,0,0,0,0,0,0,0,0,0,0,0
Mistral-7B-Instruct-v0.2 x Mistral-7B-Instruct-v0.2,Mistral-7B-Instruct-v0.2,Mistral-7B-Instruct-v0.2,pan_stove_shelf,conflict_adv,382,1,shelf,2,0,0,0,0,0,0,0,0,0,0,0,0,0,0,0,0,0,0,0,0
Mistral-7B-Instruct-v0.2 x Mistral-7B-Instruct-v0.2,Mistral-7B-Instruct-v0.2,Mistral-7B-Instruct-v0.2,pan_stove_shelf,mutual_incoh,383,1,shelf,2,0,0,0,0,0,0,0,0,0,0,0,0,0,0,0,0,0,0,0,0
Mistral-7B-Instruct-v0.2 x Mistral-7B-Instruct-v0.2,Mistral-7B-Instruct-v0.2,Mistral-7B-Instruct-v0.2,lens_bag_case,mutual_coop,384,1,bag,2,0,0,0,0,0,0,0,0,0,0,0,0,0,0,0,0,0,0,0,0
Mistral-7B-Instruct-v0.2 x Mistral-7B-Instruct-v0.2,Mistral-7B-Instruct-v0.2,Mistral-7B-Instruct-v0.2,lens_bag_case,asym_coop,385,1,bag,2,0,0,0,0,0,0,0,0,0,0,0,0,0,0,0,0,0,0,0,0
Mistral-7B-Instruct-v0.2 x Mistral-7B-Instruct-v0.2,Mistral-7B-Instruct-v0.2,Mistral-7B-Instruct-v0.2,lens_bag_case,asym_adv,386,1,bag,2,0,0,0,0,0,0,0,0,0,0,0,0,0,0,0,0,0,0,0,0
Mistral-7B-Instruct-v0.2 x Mistral-7B-Instruct-v0.2,Mistral-7B-Instruct-v0.2,Mistral-7B-Instruct-v0.2,lens_bag_case,conflict_coop,387,0,case,2,0,0,0,0,0,0,0,0,0,0,0,0,0,0,0,0,0,0,0,0
Mistral-7B-Instruct-v0.2 x Mistral-7B-Instruct-v0.2,Mistral-7B-Instruct-v0.2,Mistral-7B-Instruct-v0.2,lens_bag_case,conflict_adv,388,1,bag,4,0,0,0,0,0,0,0,0,0,0,0,0,0,0,0,0,0,0,0,0
Mistral-7B-Instruct-v0.2 x Mistral-7B-Instruct-v0.2,Mistral-7B-Instruct-v0.2,Mistral-7B-Instruct-v0.2,lens_bag_case,mutual_incoh,389,1,bag,2,0,0,0,0,0,0,0,0,0,0,0,0,0,0,0,0,0,0,0,0
Mistral-7B-Instruct-v0.2 x Mistral-7B-Instruct-v0.2,Mistral-7B-Instruct-v0.2,Mistral-7B-Instruct-v0.2,hat_hook_chair,asym_adv,38,1,hook,2,0,0,0,0,0,0,0,0,0,0,0,0,0,0,0,0,0,0,0,0
Mistral-7B-Instruct-v0.2 x Mistral-7B-Instruct-v0.2,Mistral-7B-Instruct-v0.2,Mistral-7B-Instruct-v0.2,seed_pot_bag,mutual_coop,390,1,bag,8,0,0,0,0,0,0,0,0,1,0,0,1,0,0,0,0,2,0,1,0
Mistral-7B-Instruct-v0.2 x Mistral-7B-Instruct-v0.2,Mistral-7B-Instruct-v0.2,Mistral-7B-Instruct-v0.2,seed_pot_bag,asym_coop,391,1,bag,2,0,0,0,0,0,0,0,0,0,0,0,0,0,0,0,0,0,0,0,0
Mistral-7B-Instruct-v0.2 x Mistral-7B-Instruct-v0.2,Mistral-7B-Instruct-v0.2,Mistral-7B-Instruct-v0.2,seed_pot_bag,asym_adv,392,1,bag,2,0,0,0,0,0,0,0,0,0,0,0,0,0,0,0,0,0,0,0,0
Mistral-7B-Instruct-v0.2 x Mistral-7B-Instruct-v0.2,Mistral-7B-Instruct-v0.2,Mistral-7B-Instruct-v0.2,seed_pot_bag,conflict_coop,393,0,pot,2,0,0,0,0,0,0,0,0,0,0,0,0,0,0,0,0,0,0,0,0
Mistral-7B-Instruct-v0.2 x Mistral-7B-Instruct-v0.2,Mistral-7B-Instruct-v0.2,Mistral-7B-Instruct-v0.2,seed_pot_bag,conflict_adv,394,1,bag,6,0,0,0,0,0,0,0,0,0,0,0,0,0,0,0,0,0,0,0,0
Mistral-7B-Instruct-v0.2 x Mistral-7B-Instruct-v0.2,Mistral-7B-Instruct-v0.2,Mistral-7B-Instruct-v0.2,seed_pot_bag,mutual_incoh,395,1,bag,2,0,0,0,0,0,0,0,0,0,0,0,0,0,0,0,0,0,0,0,0
Mistral-7B-Instruct-v0.2 x Mistral-7B-Instruct-v0.2,Mistral-7B-Instruct-v0.2,Mistral-7B-Instruct-v0.2,bulb_box_shelf,mutual_coop,396,1,box,2,0,0,0,0,0,0,0,0,0,0,0,0,0,0,0,0,0,0,0,0
Mistral-7B-Instruct-v0.2 x Mistral-7B-Instruct-v0.2,Mistral-7B-Instruct-v0.2,Mistral-7B-Instruct-v0.2,bulb_box_shelf,asym_coop,397,0,shelf,2,0,0,0,0,0,0,0,0,0,0,0,0,0,0,0,0,0,0,0,0
Mistral-7B-Instruct-v0.2 x Mistral-7B-Instruct-v0.2,Mistral-7B-Instruct-v0.2,Mistral-7B-Instruct-v0.2,bulb_box_shelf,asym_adv,398,1,box,4,0,0,0,0,0,0,0,0,0,0,0,0,0,0,0,0,0,0,0,0
Mistral-7B-Instruct-v0.2 x Mistral-7B-Instruct-v0.2,Mistral-7B-Instruct-v0.2,Mistral-7B-Instruct-v0.2,bulb_box_shelf,conflict_coop,399,0,shelf,2,0,0,0,0,0,0,0,0,0,0,0,0,0,0,0,0,0,0,0,0
Mistral-7B-Instruct-v0.2 x Mistral-7B-Instruct-v0.2,Mistral-7B-Instruct-v0.2,Mistral-7B-Instruct-v0.2,hat_hook_chair,conflict_coop,39,0,chair,2,0,0,0,0,0,0,0,0,0,0,0,0,0,0,0,0,0,0,0,0
Mistral-7B-Instruct-v0.2 x Mistral-7B-Instruct-v0.2,Mistral-7B-Instruct-v0.2,Mistral-7B-Instruct-v0.2,key_in_boxes,conflict_coop,3,0,blue box,2,0,0,0,0,0,0,0,0,0,0,0,0,0,0,0,0,0,0,0,0
Mistral-7B-Instruct-v0.2 x Mistral-7B-Instruct-v0.2,Mistral-7B-Instruct-v0.2,Mistral-7B-Instruct-v0.2,bulb_box_shelf,conflict_adv,400,0,,16,0,0,1,1,0,0,0,0,1,1,0,0,0,0,0,0,4,0,1,0
Mistral-7B-Instruct-v0.2 x Mistral-7B-Instruct-v0.2,Mistral-7B-Instruct-v0.2,Mistral-7B-Instruct-v0.2,bulb_box_shelf,mutual_incoh,401,1,box,2,0,0,0,0,0,0,0,0,0,0,0,0,0,0,0,0,0,0,0,0
Mistral-7B-Instruct-v0.2 x Mistral-7B-Instruct-v0.2,Mistral-7B-Instruct-v0.2,Mistral-7B-Instruct-v0.2,cloth_rack_basket,mutual_coop,402,1,basket,2,0,0,0,0,0,0,0,0,0,0,0,0,0,0,0,0,0,0,0,0
Mistral-7B-Instruct-v0.2 x Mistral-7B-Instruct-v0.2,Mistral-7B-Instruct-v0.2,Mistral-7B-Instruct-v0.2,cloth_rack_basket,asym_coop,403,0,rack,2,0,0,0,0,0,0,0,0,0,0,0,0,0,0,0,0,0,0,0,0
Mistral-7B-Instruct-v0.2 x Mistral-7B-Instruct-v0.2,Mistral-7B-Instruct-v0.2,Mistral-7B-Instruct-v0.2,cloth_rack_basket,asym_adv,404,1,basket,2,0,0,0,0,0,0,0,0,0,0,0,0,0,0,0,0,0,0,0,0
Mistral-7B-Instruct-v0.2 x Mistral-7B-Instruct-v0.2,Mistral-7B-Instruct-v0.2,Mistral-7B-Instruct-v0.2,cloth_rack_basket,conflict_coop,405,1,basket,6,0,0,0,0,0,0,0,0,0,0,0,0,0,0,0,0,0,0,0,0
Mistral-7B-Instruct-v0.2 x Mistral-7B-Instruct-v0.2,Mistral-7B-Instruct-v0.2,Mistral-7B-Instruct-v0.2,cloth_rack_basket,conflict_adv,406,0,rack,4,0,0,0,0,0,0,0,0,0,0,0,0,0,0,0,0,0,0,0,0
Mistral-7B-Instruct-v0.2 x Mistral-7B-Instruct-v0.2,Mistral-7B-Instruct-v0.2,Mistral-7B-Instruct-v0.2,cloth_rack_basket,mutual_incoh,407,1,basket,2,0,0,0,0,0,0,0,0,0,0,0,0,0,0,0,0,0,0,0,0
Mistral-7B-Instruct-v0.2 x Mistral-7B-Instruct-v0.2,Mistral-7B-Instruct-v0.2,Mistral-7B-Instruct-v0.2,stapler_desk_drawer,mutual_coop,408,1,desk,2,0,0,0,0,0,0,0,0,0,0,0,0,0,0,0,0,0,0,0,0
Mistral-7B-Instruct-v0.2 x Mistral-7B-Instruct-v0.2,Mistral-7B-Instruct-v0.2,Mistral-7B-Instruct-v0.2,stapler_desk_drawer,asym_coop,409,1,desk,2,0,0,0,0,0,0,0,0,0,0,0,0,0,0,0,0,0,0,0,0
Mistral-7B-Instruct-v0.2 x Mistral-7B-Instruct-v0.2,Mistral-7B-Instruct-v0.2,Mistral-7B-Instruct-v0.2,hat_hook_chair,conflict_adv,40,0,chair,6,0,0,0,0,0,0,0,0,0,0,0,0,0,0,0,0,0,0,0,0
Mistral-7B-Instruct-v0.2 x Mistral-7B-Instruct-v0.2,Mistral-7B-Instruct-v0.2,Mistral-7B-Instruct-v0.2,stapler_desk_drawer,asym_adv,410,1,desk,2,0,0,0,0,0,0,0,0,0,0,0,0,0,0,0,0,0,0,0,0
Mistral-7B-Instruct-v0.2 x Mistral-7B-Instruct-v0.2,Mistral-7B-Instruct-v0.2,Mistral-7B-Instruct-v0.2,stapler_desk_drawer,conflict_coop,411,0,drawer,2,0,0,0,0,0,0,0,0,0,0,0,0,0,0,0,0,0,0,0,0
Mistral-7B-Instruct-v0.2 x Mistral-7B-Instruct-v0.2,Mistral-7B-Instruct-v0.2,Mistral-7B-Instruct-v0.2,stapler_desk_drawer,conflict_adv,412,1,desk,4,0,0,0,0,0,0,0,0,0,0,0,0,0,0,0,0,0,0,0,0
Mistral-7B-Instruct-v0.2 x Mistral-7B-Instruct-v0.2,Mistral-7B-Instruct-v0.2,Mistral-7B-Instruct-v0.2,stapler_desk_drawer,mutual_incoh,413,1,desk,2,0,0,0,0,0,0,0,0,0,0,0,0,0,0,0,0,0,0,0,0
Mistral-7B-Instruct-v0.2 x Mistral-7B-Instruct-v0.2,Mistral-7B-Instruct-v0.2,Mistral-7B-Instruct-v0.2,shovel_shed_yard,mutual_coop,414,1,yard,2,0,0,0,0,1,0,0,0,0,0,0,0,0,0,0,0,1,0,1,0
Mistral-7B-Instruct-v0.2 x Mistral-7B-Instruct-v0.2,Mistral-7B-Instruct-v0.2,Mistral-7B-Instruct-v0.2,shovel_shed_yard,asym_coop,415,0,shed,2,0,0,0,0,1,0,0,0,0,0,0,0,0,0,0,0,1,0,1,0
Mistral-7B-Instruct-v0.2 x Mistral-7B-Instruct-v0.2,Mistral-7B-Instruct-v0.2,Mistral-7B-Instruct-v0.2,shovel_shed_yard,asym_adv,416,1,yard,4,0,0,0,0,0,0,0,0,0,0,0,0,0,0,0,0,0,0,0,0
Mistral-7B-Instruct-v0.2 x Mistral-7B-Instruct-v0.2,Mistral-7B-Instruct-v0.2,Mistral-7B-Instruct-v0.2,shovel_shed_yard,conflict_coop,417,0,shed,2,0,0,0,0,0,0,0,0,0,0,0,0,0,0,0,0,0,0,0,0
Mistral-7B-Instruct-v0.2 x Mistral-7B-Instruct-v0.2,Mistral-7B-Instruct-v0.2,Mistral-7B-Instruct-v0.2,shovel_shed_yard,conflict_adv,418,1,yard,2,0,0,0,0,0,0,0,0,0,0,0,0,0,0,0,0,0,0,0,0
Mistral-7B-Instruct-v0.2 x Mistral-7B-Instruct-v0.2,Mistral-7B-Instruct-v0.2,Mistral-7B-Instruct-v0.2,shovel_shed_yard,mutual_incoh,419,1,yard,2,0,0,0,0,0,0,0,0,0,0,0,0,0,0,0,0,0,0,0,0
Mistral-7B-Instruct-v0.2 x Mistral-7B-Instruct-v0.2,Mistral-7B-Instruct-v0.2,Mistral-7B-Instruct-v0.2,hat_hook_chair,mutual_incoh,41,1,hook,2,0,0,0,0,0,0,0,0,0,0,0,0,0,0,0,0,0,0,0,0
Mistral-7B-Instruct-v0.2 x Mistral-7B-Instruct-v0.2,Mistral-7B-Instruct-v0.2,Mistral-7B-Instruct-v0.2,tray_oven_counter,mutual_coop,420,1,oven,2,0,0,0,0,0,0,0,0,0,0,0,0,0,0,0,0,0,0,0,0
Mistral-7B-Instruct-v0.2 x Mistral-7B-Instruct-v0.2,Mistral-7B-Instruct-v0.2,Mistral-7B-Instruct-v0.2,tray_oven_counter,asym_coop,421,1,oven,2,0,0,0,0,0,0,0,0,0,0,0,0,0,0,0,0,0,0,0,0
Mistral-7B-Instruct-v0.2 x Mistral-7B-Instruct-v0.2,Mistral-7B-Instruct-v0.2,Mistral-7B-Instruct-v0.2,tray_oven_counter,asym_adv,422,1,oven,2,0,0,0,0,0,0,0,0,0,0,0,0,0,0,0,0,0,0,0,0
Mistral-7B-Instruct-v0.2 x Mistral-7B-Instruct-v0.2,Mistral-7B-Instruct-v0.2,Mistral-7B-Instruct-v0.2,tray_oven_counter,conflict_coop,423,0,counter,2,0,0,0,0,0,0,0,0,0,0,0,0,0,0,0,0,0,0,0,0
Mistral-7B-Instruct-v0.2 x Mistral-7B-Instruct-v0.2,Mistral-7B-Instruct-v0.2,Mistral-7B-Instruct-v0.2,tray_oven_counter,conflict_adv,424,1,oven,8,0,0,0,0,0,0,0,0,0,0,0,0,0,0,0,0,0,0,0,0
Mistral-7B-Instruct-v0.2 x Mistral-7B-Instruct-v0.2,Mistral-7B-Instruct-v0.2,Mistral-7B-Instruct-v0.2,tray_oven_counter,mutual_incoh,425,1,oven,2,0,0,0,0,0,0,0,0,0,0,0,0,0,0,0,0,0,0,0,0
Mistral-7B-Instruct-v0.2 x Mistral-7B-Instruct-v0.2,Mistral-7B-Instruct-v0.2,Mistral-7B-Instruct-v0.2,belt_closet_chair,mutual_coop,426,1,chair,2,0,0,0,0,0,0,0,0,0,0,0,0,0,0,0,0,0,0,0,0
Mistral-7B-Instruct-v0.2 x Mistral-7B-Instruct-v0.2,Mistral-7B-Instruct-v0.2,Mistral-7B-Instruct-v0.2,belt_closet_chair,asym_coop,427,0,closet,2,0,0,0,0,0,0,0,0,0,0,0,0,0,0,0,0,0,0,0,0
Mistral-7B-Instruct-v0.2 x Mistral-7B-Instruct-v0.2,Mistral-7B-Instruct-v0.2,Mistral-7B-Instruct-v0.2,belt_closet_chair,asym_adv,428,1,chair,2,0,0,0,0,0,0,0,0,0,0,0,0,0,0,0,0,0,0,0,0
Mistral-7B-Instruct-v0.2 x Mistral-7B-Instruct-v0.2,Mistral-7B-Instruct-v0.2,Mistral-7B-Instruct-v0.2,belt_closet_chair,conflict_coop,429,0,closet,2,0,0,0,0,0,0,0,0,0,0,0,0,0,0,0,0,0,0,0,0
Mistral-7B-Instruct-v0.2 x Mistral-7B-Instruct-v0.2,Mistral-7B-Instruct-v0.2,Mistral-7B-Instruct-v0.2,pen_cup_tray,mutual_coop,42,1,tray,2,0,0,0,0,0,0,0,0,0,0,0,0,0,0,0,0,0,0,0,0
Mistral-7B-Instruct-v0.2 x Mistral-7B-Instruct-v0.2,Mistral-7B-Instruct-v0.2,Mistral-7B-Instruct-v0.2,belt_closet_chair,conflict_adv,430,1,chair,4,0,0,0,0,0,0,0,0,0,0,0,0,0,0,0,0,0,0,0,0
Mistral-7B-Instruct-v0.2 x Mistral-7B-Instruct-v0.2,Mistral-7B-Instruct-v0.2,Mistral-7B-Instruct-v0.2,belt_closet_chair,mutual_incoh,431,0,closet,6,0,0,0,0,1,0,0,0,0,0,0,0,0,0,0,0,1,0,1,0
Mistral-7B-Instruct-v0.2 x Mistral-7B-Instruct-v0.2,Mistral-7B-Instruct-v0.2,Mistral-7B-Instruct-v0.2,cup_shelf_table,mutual_coop,432,1,shelf,2,0,0,0,0,0,0,0,0,0,0,0,0,0,0,0,0,0,0,0,0
Mistral-7B-Instruct-v0.2 x Mistral-7B-Instruct-v0.2,Mistral-7B-Instruct-v0.2,Mistral-7B-Instruct-v0.2,cup_shelf_table,asym_coop,433,1,shelf,2,0,0,0,0,0,0,0,0,0,0,0,0,0,0,0,0,0,0,0,0
Mistral-7B-Instruct-v0.2 x Mistral-7B-Instruct-v0.2,Mistral-7B-Instruct-v0.2,Mistral-7B-Instruct-v0.2,cup_shelf_table,asym_adv,434,1,shelf,2,0,0,0,0,0,0,0,0,0,0,0,0,0,0,0,0,0,0,0,0
Mistral-7B-Instruct-v0.2 x Mistral-7B-Instruct-v0.2,Mistral-7B-Instruct-v0.2,Mistral-7B-Instruct-v0.2,cup_shelf_table,conflict_coop,435,0,table,2,0,0,0,0,0,0,0,0,0,0,0,0,0,0,0,0,0,0,0,0
Mistral-7B-Instruct-v0.2 x Mistral-7B-Instruct-v0.2,Mistral-7B-Instruct-v0.2,Mistral-7B-Instruct-v0.2,cup_shelf_table,conflict_adv,436,1,shelf,4,0,0,0,0,0,0,0,0,0,0,0,0,0,0,0,0,0,0,0,0
Mistral-7B-Instruct-v0.2 x Mistral-7B-Instruct-v0.2,Mistral-7B-Instruct-v0.2,Mistral-7B-Instruct-v0.2,cup_shelf_table,mutual_incoh,437,1,shelf,2,0,0,0,0,0,0,0,0,0,0,0,0,0,0,0,0,0,0,0,0
Mistral-7B-Instruct-v0.2 x Mistral-7B-Instruct-v0.2,Mistral-7B-Instruct-v0.2,Mistral-7B-Instruct-v0.2,mask_hook_drawer,mutual_coop,438,1,drawer,2,0,0,0,0,0,0,0,0,0,0,0,0,0,0,0,0,0,0,0,0
Mistral-7B-Instruct-v0.2 x Mistral-7B-Instruct-v0.2,Mistral-7B-Instruct-v0.2,Mistral-7B-Instruct-v0.2,mask_hook_drawer,asym_coop,439,1,drawer,2,0,0,0,0,0,0,0,0,0,0,0,0,0,0,0,0,0,0,0,0
Mistral-7B-Instruct-v0.2 x Mistral-7B-Instruct-v0.2,Mistral-7B-Instruct-v0.2,Mistral-7B-Instruct-v0.2,pen_cup_tray,asym_coop,43,1,tray,2,0,0,0,0,0,0,0,0,0,0,0,0,0,0,0,0,0,0,0,0
Mistral-7B-Instruct-v0.2 x Mistral-7B-Instruct-v0.2,Mistral-7B-Instruct-v0.2,Mistral-7B-Instruct-v0.2,mask_hook_drawer,asym_adv,440,1,drawer,2,0,0,0,0,0,0,0,0,0,0,0,0,0,0,0,0,0,0,0,0
Mistral-7B-Instruct-v0.2 x Mistral-7B-Instruct-v0.2,Mistral-7B-Instruct-v0.2,Mistral-7B-Instruct-v0.2,mask_hook_drawer,conflict_coop,441,0,hook,2,0,0,0,0,0,0,0,0,0,0,0,0,0,0,0,0,0,0,0,0
Mistral-7B-Instruct-v0.2 x Mistral-7B-Instruct-v0.2,Mistral-7B-Instruct-v0.2,Mistral-7B-Instruct-v0.2,mask_hook_drawer,conflict_adv,442,1,drawer,6,0,0,0,0,0,0,0,0,0,0,0,0,0,0,0,0,0,0,0,0
Mistral-7B-Instruct-v0.2 x Mistral-7B-Instruct-v0.2,Mistral-7B-Instruct-v0.2,Mistral-7B-Instruct-v0.2,mask_hook_drawer,mutual_incoh,443,1,drawer,4,0,0,0,0,0,0,0,0,0,0,0,0,0,0,0,0,0,0,0,0
Mistral-7B-Instruct-v0.2 x Mistral-7B-Instruct-v0.2,Mistral-7B-Instruct-v0.2,Mistral-7B-Instruct-v0.2,film_shelf_drawer,mutual_coop,444,1,shelf,2,0,0,0,0,0,0,0,0,0,0,0,0,0,0,0,0,0,0,0,0
Mistral-7B-Instruct-v0.2 x Mistral-7B-Instruct-v0.2,Mistral-7B-Instruct-v0.2,Mistral-7B-Instruct-v0.2,film_shelf_drawer,asym_coop,445,1,shelf,2,0,0,0,0,0,0,0,0,0,0,0,0,0,0,0,0,0,0,0,0
Mistral-7B-Instruct-v0.2 x Mistral-7B-Instruct-v0.2,Mistral-7B-Instruct-v0.2,Mistral-7B-Instruct-v0.2,film_shelf_drawer,asym_adv,446,0,drawer,16,0,0,0,0,0,0,0,0,0,1,0,1,0,0,0,0,2,0,1,0
Mistral-7B-Instruct-v0.2 x Mistral-7B-Instruct-v0.2,Mistral-7B-Instruct-v0.2,Mistral-7B-Instruct-v0.2,film_shelf_drawer,conflict_coop,447,0,drawer,2,0,0,0,0,0,0,0,0,0,0,0,0,0,0,0,0,0,0,0,0
Mistral-7B-Instruct-v0.2 x Mistral-7B-Instruct-v0.2,Mistral-7B-Instruct-v0.2,Mistral-7B-Instruct-v0.2,film_shelf_drawer,conflict_adv,448,0,drawer,2,0,0,0,0,0,0,0,0,0,0,0,0,0,0,0,0,0,0,0,0
Mistral-7B-Instruct-v0.2 x Mistral-7B-Instruct-v0.2,Mistral-7B-Instruct-v0.2,Mistral-7B-Instruct-v0.2,film_shelf_drawer,mutual_incoh,449,1,shelf,2,0,0,0,0,0,0,0,0,0,0,0,0,0,0,0,0,0,0,0,0
Mistral-7B-Instruct-v0.2 x Mistral-7B-Instruct-v0.2,Mistral-7B-Instruct-v0.2,Mistral-7B-Instruct-v0.2,pen_cup_tray,asym_adv,44,1,tray,2,0,0,0,0,0,0,0,0,0,0,0,0,0,0,0,0,0,0,0,0
Mistral-7B-Instruct-v0.2 x Mistral-7B-Instruct-v0.2,Mistral-7B-Instruct-v0.2,Mistral-7B-Instruct-v0.2,globe_desk_shelf,mutual_coop,450,1,shelf,2,0,0,0,0,0,0,0,0,0,0,0,0,0,0,0,0,0,0,0,0
Mistral-7B-Instruct-v0.2 x Mistral-7B-Instruct-v0.2,Mistral-7B-Instruct-v0.2,Mistral-7B-Instruct-v0.2,globe_desk_shelf,asym_coop,451,1,shelf,2,0,0,0,0,0,0,0,0,0,0,0,0,0,0,0,0,0,0,0,0
Mistral-7B-Instruct-v0.2 x Mistral-7B-Instruct-v0.2,Mistral-7B-Instruct-v0.2,Mistral-7B-Instruct-v0.2,globe_desk_shelf,asym_adv,452,1,shelf,2,0,0,0,0,0,0,0,0,0,0,0,0,0,0,0,0,0,0,0,0
Mistral-7B-Instruct-v0.2 x Mistral-7B-Instruct-v0.2,Mistral-7B-Instruct-v0.2,Mistral-7B-Instruct-v0.2,globe_desk_shelf,conflict_coop,453,0,desk,2,0,0,0,0,0,0,0,0,0,0,0,0,0,0,0,0,0,0,0,0
Mistral-7B-Instruct-v0.2 x Mistral-7B-Instruct-v0.2,Mistral-7B-Instruct-v0.2,Mistral-7B-Instruct-v0.2,globe_desk_shelf,conflict_adv,454,1,shelf,2,0,0,0,0,0,0,0,0,0,0,0,0,0,0,0,0,0,0,0,0
Mistral-7B-Instruct-v0.2 x Mistral-7B-Instruct-v0.2,Mistral-7B-Instruct-v0.2,Mistral-7B-Instruct-v0.2,globe_desk_shelf,mutual_incoh,455,1,shelf,2,0,0,0,0,0,0,0,0,0,0,0,0,0,0,0,0,0,0,0,0
Mistral-7B-Instruct-v0.2 x Mistral-7B-Instruct-v0.2,Mistral-7B-Instruct-v0.2,Mistral-7B-Instruct-v0.2,net_shed_yard,mutual_coop,456,1,shed,2,0,0,0,0,0,0,0,0,0,0,0,0,0,0,0,0,0,0,0,0
Mistral-7B-Instruct-v0.2 x Mistral-7B-Instruct-v0.2,Mistral-7B-Instruct-v0.2,Mistral-7B-Instruct-v0.2,net_shed_yard,asym_coop,457,1,shed,2,0,0,0,0,0,0,0,0,0,0,0,0,0,0,0,0,0,0,0,0
Mistral-7B-Instruct-v0.2 x Mistral-7B-Instruct-v0.2,Mistral-7B-Instruct-v0.2,Mistral-7B-Instruct-v0.2,net_shed_yard,asym_adv,458,1,shed,2,0,0,0,0,0,0,0,0,0,0,0,0,0,0,0,0,0,0,0,0
Mistral-7B-Instruct-v0.2 x Mistral-7B-Instruct-v0.2,Mistral-7B-Instruct-v0.2,Mistral-7B-Instruct-v0.2,net_shed_yard,conflict_coop,459,0,yard,2,0,0,0,0,0,0,0,0,0,0,0,0,0,0,0,0,0,0,0,0
Mistral-7B-Instruct-v0.2 x Mistral-7B-Instruct-v0.2,Mistral-7B-Instruct-v0.2,Mistral-7B-Instruct-v0.2,pen_cup_tray,conflict_coop,45,0,cup,2,0,0,0,0,0,0,0,0,0,0,0,0,0,0,0,0,0,0,0,0
Mistral-7B-Instruct-v0.2 x Mistral-7B-Instruct-v0.2,Mistral-7B-Instruct-v0.2,Mistral-7B-Instruct-v0.2,net_shed_yard,conflict_adv,460,0,yard,8,0,0,0,0,0,0,0,0,0,0,0,0,0,0,0,0,0,0,0,0
Mistral-7B-Instruct-v0.2 x Mistral-7B-Instruct-v0.2,Mistral-7B-Instruct-v0.2,Mistral-7B-Instruct-v0.2,net_shed_yard,mutual_incoh,461,1,shed,2,0,0,0,0,0,0,0,0,0,0,0,0,0,0,0,0,0,0,0,0
Mistral-7B-Instruct-v0.2 x Mistral-7B-Instruct-v0.2,Mistral-7B-Instruct-v0.2,Mistral-7B-Instruct-v0.2,chalk_tray_box,mutual_coop,462,1,box,2,0,0,0,0,0,0,0,0,0,0,0,0,0,0,0,0,0,0,0,0
Mistral-7B-Instruct-v0.2 x Mistral-7B-Instruct-v0.2,Mistral-7B-Instruct-v0.2,Mistral-7B-Instruct-v0.2,chalk_tray_box,asym_coop,463,1,box,2,0,0,0,0,0,0,0,0,0,0,0,0,0,0,0,0,0,0,0,0
Mistral-7B-Instruct-v0.2 x Mistral-7B-Instruct-v0.2,Mistral-7B-Instruct-v0.2,Mistral-7B-Instruct-v0.2,chalk_tray_box,asym_adv,464,0,,4,0,0,0,1,0,0,0,0,0,0,0,0,0,0,0,0,1,0,1,0
Mistral-7B-Instruct-v0.2 x Mistral-7B-Instruct-v0.2,Mistral-7B-Instruct-v0.2,Mistral-7B-Instruct-v0.2,chalk_tray_box,conflict_coop,465,0,tray,2,0,0,0,0,0,0,0,0,0,0,0,0,0,0,0,0,0,0,0,0
Mistral-7B-Instruct-v0.2 x Mistral-7B-Instruct-v0.2,Mistral-7B-Instruct-v0.2,Mistral-7B-Instruct-v0.2,chalk_tray_box,conflict_adv,466,1,box,4,0,0,0,0,0,0,0,0,0,0,0,0,0,0,0,0,0,0,0,0
Mistral-7B-Instruct-v0.2 x Mistral-7B-Instruct-v0.2,Mistral-7B-Instruct-v0.2,Mistral-7B-Instruct-v0.2,chalk_tray_box,mutual_incoh,467,1,box,16,0,0,0,0,0,0,0,0,0,1,0,1,0,0,0,0,2,0,1,0
Mistral-7B-Instruct-v0.2 x Mistral-7B-Instruct-v0.2,Mistral-7B-Instruct-v0.2,Mistral-7B-Instruct-v0.2,paint_shelf_bench,mutual_coop,468,1,shelf,2,0,0,0,0,0,0,0,0,0,0,0,0,0,0,0,0,0,0,0,0
Mistral-7B-Instruct-v0.2 x Mistral-7B-Instruct-v0.2,Mistral-7B-Instruct-v0.2,Mistral-7B-Instruct-v0.2,paint_shelf_bench,asym_coop,469,1,shelf,2,0,0,0,0,0,0,0,0,0,0,0,0,0,0,0,0,0,0,0,0
Mistral-7B-Instruct-v0.2 x Mistral-7B-Instruct-v0.2,Mistral-7B-Instruct-v0.2,Mistral-7B-Instruct-v0.2,pen_cup_tray,conflict_adv,46,1,tray,4,0,0,0,0,0,0,0,0,0,0,0,0,0,0,0,0,0,0,0,0
Mistral-7B-Instruct-v0.2 x Mistral-7B-Instruct-v0.2,Mistral-7B-Instruct-v0.2,Mistral-7B-Instruct-v0.2,paint_shelf_bench,asym_adv,470,1,shelf,2,0,0,0,0,0,1,0,0,0,0,0,0,0,0,0,0,1,0,1,0
Mistral-7B-Instruct-v0.2 x Mistral-7B-Instruct-v0.2,Mistral-7B-Instruct-v0.2,Mistral-7B-Instruct-v0.2,paint_shelf_bench,conflict_coop,471,0,bench,2,0,0,0,0,0,0,0,0,0,0,0,0,0,0,0,0,0,0,0,0
Mistral-7B-Instruct-v0.2 x Mistral-7B-Instruct-v0.2,Mistral-7B-Instruct-v0.2,Mistral-7B-Instruct-v0.2,paint_shelf_bench,conflict_adv,472,0,bench,4,0,0,0,0,0,0,0,0,0,0,0,0,0,0,0,0,0,0,0,0
Mistral-7B-Instruct-v0.2 x Mistral-7B-Instruct-v0.2,Mistral-7B-Instruct-v0.2,Mistral-7B-Instruct-v0.2,paint_shelf_bench,mutual_incoh,473,1,shelf,2,0,0,0,0,0,1,0,0,0,0,0,0,0,0,0,0,1,0,1,0
Mistral-7B-Instruct-v0.2 x Mistral-7B-Instruct-v0.2,Mistral-7B-Instruct-v0.2,Mistral-7B-Instruct-v0.2,needle_box_drawer,mutual_coop,474,1,drawer,2,0,0,0,0,0,0,0,0,0,0,0,0,0,0,0,0,0,0,0,0
Mistral-7B-Instruct-v0.2 x Mistral-7B-Instruct-v0.2,Mistral-7B-Instruct-v0.2,Mistral-7B-Instruct-v0.2,needle_box_drawer,asym_coop,475,1,drawer,2,0,0,0,0,0,0,0,0,0,0,0,0,0,0,0,0,0,0,0,0
Mistral-7B-Instruct-v0.2 x Mistral-7B-Instruct-v0.2,Mistral-7B-Instruct-v0.2,Mistral-7B-Instruct-v0.2,needle_box_drawer,asym_adv,476,1,drawer,2,0,0,0,0,0,0,0,0,0,0,0,0,0,0,0,0,0,0,0,0
Mistral-7B-Instruct-v0.2 x Mistral-7B-Instruct-v0.2,Mistral-7B-Instruct-v0.2,Mistral-7B-Instruct-v0.2,needle_box_drawer,conflict_coop,477,0,box,2,0,0,0,0,0,0,0,0,0,0,0,0,0,0,0,0,0,0,0,0
Mistral-7B-Instruct-v0.2 x Mistral-7B-Instruct-v0.2,Mistral-7B-Instruct-v0.2,Mistral-7B-Instruct-v0.2,needle_box_drawer,conflict_adv,478,1,drawer,2,0,0,0,0,0,0,0,0,0,0,0,0,0,0,0,0,0,0,0,0
Mistral-7B-Instruct-v0.2 x Mistral-7B-Instruct-v0.2,Mistral-7B-Instruct-v0.2,Mistral-7B-Instruct-v0.2,needle_box_drawer,mutual_incoh,479,1,drawer,16,0,1,0,0,1,0,0,0,0,1,0,1,0,0,0,1,3,0,1,1
Mistral-7B-Instruct-v0.2 x Mistral-7B-Instruct-v0.2,Mistral-7B-Instruct-v0.2,Mistral-7B-Instruct-v0.2,pen_cup_tray,mutual_incoh,47,1,tray,4,0,0,0,0,0,0,0,0,0,0,0,0,0,0,0,0,0,0,0,0
Mistral-7B-Instruct-v0.2 x Mistral-7B-Instruct-v0.2,Mistral-7B-Instruct-v0.2,Mistral-7B-Instruct-v0.2,whisk_drawer_hook,mutual_coop,480,1,drawer,2,0,0,0,0,0,0,0,0,0,0,0,0,0,0,0,0,0,0,0,0
Mistral-7B-Instruct-v0.2 x Mistral-7B-Instruct-v0.2,Mistral-7B-Instruct-v0.2,Mistral-7B-Instruct-v0.2,whisk_drawer_hook,asym_coop,481,1,drawer,2,0,0,0,0,0,0,0,0,0,0,0,0,0,0,0,0,0,0,0,0
Mistral-7B-Instruct-v0.2 x Mistral-7B-Instruct-v0.2,Mistral-7B-Instruct-v0.2,Mistral-7B-Instruct-v0.2,whisk_drawer_hook,asym_adv,482,0,hook,12,0,0,0,0,0,0,0,0,0,0,0,0,0,0,0,0,0,0,0,0
Mistral-7B-Instruct-v0.2 x Mistral-7B-Instruct-v0.2,Mistral-7B-Instruct-v0.2,Mistral-7B-Instruct-v0.2,whisk_drawer_hook,conflict_coop,483,1,drawer,4,0,0,0,0,0,0,0,0,0,0,0,0,0,0,0,0,0,0,0,0
Mistral-7B-Instruct-v0.2 x Mistral-7B-Instruct-v0.2,Mistral-7B-Instruct-v0.2,Mistral-7B-Instruct-v0.2,whisk_drawer_hook,conflict_adv,484,0,hook,8,0,0,0,0,0,0,0,0,0,0,0,0,0,0,0,0,0,0,0,0
Mistral-7B-Instruct-v0.2 x Mistral-7B-Instruct-v0.2,Mistral-7B-Instruct-v0.2,Mistral-7B-Instruct-v0.2,whisk_drawer_hook,mutual_incoh,485,0,,16,0,0,1,1,0,0,0,0,1,1,0,0,0,0,0,0,4,0,1,0
Mistral-7B-Instruct-v0.2 x Mistral-7B-Instruct-v0.2,Mistral-7B-Instruct-v0.2,Mistral-7B-Instruct-v0.2,flask_desk_locker,mutual_coop,486,1,locker,2,0,0,0,0,0,0,0,0,0,0,0,0,0,0,0,0,0,0,0,0
Mistral-7B-Instruct-v0.2 x Mistral-7B-Instruct-v0.2,Mistral-7B-Instruct-v0.2,Mistral-7B-Instruct-v0.2,flask_desk_locker,asym_coop,487,0,desk,2,0,0,0,0,0,0,0,0,0,0,0,0,0,0,0,0,0,0,0,0
Mistral-7B-Instruct-v0.2 x Mistral-7B-Instruct-v0.2,Mistral-7B-Instruct-v0.2,Mistral-7B-Instruct-v0.2,flask_desk_locker,asym_adv,488,0,desk,4,0,0,0,0,0,0,0,0,0,0,0,0,0,0,0,0,0,0,0,0
Mistral-7B-Instruct-v0.2 x Mistral-7B-Instruct-v0.2,Mistral-7B-Instruct-v0.2,Mistral-7B-Instruct-v0.2,flask_desk_locker,conflict_coop,489,0,desk,2,0,0,0,0,0,0,0,0,0,0,0,0,0,0,0,0,0,0,0,0
Mistral-7B-Instruct-v0.2 x Mistral-7B-Instruct-v0.2,Mistral-7B-Instruct-v0.2,Mistral-7B-Instruct-v0.2,ring_box_pouch,mutual_coop,48,1,box,2,0,0,0,0,0,0,0,0,0,0,0,0,0,0,0,0,0,0,0,0
Mistral-7B-Instruct-v0.2 x Mistral-7B-Instruct-v0.2,Mistral-7B-Instruct-v0.2,Mistral-7B-Instruct-v0.2,flask_desk_locker,conflict_adv,490,1,locker,4,0,0,0,0,0,0,0,0,0,0,0,0,0,0,0,0,0,0,0,0
Mistral-7B-Instruct-v0.2 x Mistral-7B-Instruct-v0.2,Mistral-7B-Instruct-v0.2,Mistral-7B-Instruct-v0.2,flask_desk_locker,mutual_incoh,491,1,locker,4,0,0,0,0,0,0,0,0,0,0,0,0,0,0,0,0,0,0,0,0
Mistral-7B-Instruct-v0.2 x Mistral-7B-Instruct-v0.2,Mistral-7B-Instruct-v0.2,Mistral-7B-Instruct-v0.2,rake_shed_fence,mutual_coop,492,1,shed,2,0,0,0,0,0,0,0,0,0,0,0,0,0,0,0,0,0,0,0,0
Mistral-7B-Instruct-v0.2 x Mistral-7B-Instruct-v0.2,Mistral-7B-Instruct-v0.2,Mistral-7B-Instruct-v0.2,rake_shed_fence,asym_coop,493,1,shed,2,0,0,0,0,0,0,0,0,0,0,0,0,0,0,0,0,0,0,0,0
Mistral-7B-Instruct-v0.2 x Mistral-7B-Instruct-v0.2,Mistral-7B-Instruct-v0.2,Mistral-7B-Instruct-v0.2,rake_shed_fence,asym_adv,494,1,shed,2,0,0,0,0,0,0,0,0,0,0,0,0,0,0,0,0,0,0,0,0
Mistral-7B-Instruct-v0.2 x Mistral-7B-Instruct-v0.2,Mistral-7B-Instruct-v0.2,Mistral-7B-Instruct-v0.2,rake_shed_fence,conflict_coop,495,0,fence,2,0,0,0,0,0,0,0,0,0,0,0,0,0,0,0,0,0,0,0,0
Mistral-7B-Instruct-v0.2 x Mistral-7B-Instruct-v0.2,Mistral-7B-Instruct-v0.2,Mistral-7B-Instruct-v0.2,rake_shed_fence,conflict_adv,496,1,shed,2,0,0,0,0,0,0,0,0,0,0,0,0,0,0,0,0,0,0,0,0
Mistral-7B-Instruct-v0.2 x Mistral-7B-Instruct-v0.2,Mistral-7B-Instruct-v0.2,Mistral-7B-Instruct-v0.2,rake_shed_fence,mutual_incoh,497,1,shed,2,0,0,0,0,0,0,0,0,0,0,0,0,0,0,0,0,0,0,0,0
Mistral-7B-Instruct-v0.2 x Mistral-7B-Instruct-v0.2,Mistral-7B-Instruct-v0.2,Mistral-7B-Instruct-v0.2,cord_desk_basket,mutual_coop,498,1,basket,2,0,0,0,0,0,0,0,0,0,0,0,0,0,0,0,0,0,0,0,0
Mistral-7B-Instruct-v0.2 x Mistral-7B-Instruct-v0.2,Mistral-7B-Instruct-v0.2,Mistral-7B-Instruct-v0.2,cord_desk_basket,asym_coop,499,0,desk,2,0,0,0,0,0,0,0,0,0,0,0,0,0,0,0,0,0,0,0,0
Mistral-7B-Instruct-v0.2 x Mistral-7B-Instruct-v0.2,Mistral-7B-Instruct-v0.2,Mistral-7B-Instruct-v0.2,ring_box_pouch,asym_coop,49,1,box,2,0,0,0,0,0,0,0,0,0,0,0,0,0,0,0,0,0,0,0,0
Mistral-7B-Instruct-v0.2 x Mistral-7B-Instruct-v0.2,Mistral-7B-Instruct-v0.2,Mistral-7B-Instruct-v0.2,key_in_boxes,conflict_adv,4,0,blue box,2,0,0,0,0,0,0,0,0,0,0,0,0,0,0,0,0,0,0,0,0
Mistral-7B-Instruct-v0.2 x Mistral-7B-Instruct-v0.2,Mistral-7B-Instruct-v0.2,Mistral-7B-Instruct-v0.2,cord_desk_basket,asym_adv,500,0,,16,0,0,1,1,0,0,0,0,1,1,0,0,0,0,0,0,4,0,1,0
Mistral-7B-Instruct-v0.2 x Mistral-7B-Instruct-v0.2,Mistral-7B-Instruct-v0.2,Mistral-7B-Instruct-v0.2,cord_desk_basket,conflict_coop,501,0,desk,2,0,0,0,0,0,0,0,0,0,0,0,0,0,0,0,0,0,0,0,0
Mistral-7B-Instruct-v0.2 x Mistral-7B-Instruct-v0.2,Mistral-7B-Instruct-v0.2,Mistral-7B-Instruct-v0.2,cord_desk_basket,conflict_adv,502,1,basket,4,0,0,0,0,0,0,0,0,0,0,0,0,0,0,0,0,0,0,0,0
Mistral-7B-Instruct-v0.2 x Mistral-7B-Instruct-v0.2,Mistral-7B-Instruct-v0.2,Mistral-7B-Instruct-v0.2,cord_desk_basket,mutual_incoh,503,0,,16,0,0,1,1,0,0,0,0,1,1,0,0,0,0,0,0,4,0,1,0
Mistral-7B-Instruct-v0.2 x Mistral-7B-Instruct-v0.2,Mistral-7B-Instruct-v0.2,Mistral-7B-Instruct-v0.2,fan_shelf_floor,mutual_coop,504,1,shelf,2,0,0,0,0,0,0,0,0,0,0,0,0,0,0,0,0,0,0,0,0
Mistral-7B-Instruct-v0.2 x Mistral-7B-Instruct-v0.2,Mistral-7B-Instruct-v0.2,Mistral-7B-Instruct-v0.2,fan_shelf_floor,asym_coop,505,0,floor,2,0,0,0,0,0,0,0,0,0,0,0,0,0,0,0,0,0,0,0,0
Mistral-7B-Instruct-v0.2 x Mistral-7B-Instruct-v0.2,Mistral-7B-Instruct-v0.2,Mistral-7B-Instruct-v0.2,fan_shelf_floor,asym_adv,506,1,shelf,14,0,0,0,0,0,0,0,0,0,0,0,0,0,0,0,0,0,0,0,0
Mistral-7B-Instruct-v0.2 x Mistral-7B-Instruct-v0.2,Mistral-7B-Instruct-v0.2,Mistral-7B-Instruct-v0.2,fan_shelf_floor,conflict_coop,507,0,floor,2,0,0,0,0,0,0,0,0,0,0,0,0,0,0,0,0,0,0,0,0
Mistral-7B-Instruct-v0.2 x Mistral-7B-Instruct-v0.2,Mistral-7B-Instruct-v0.2,Mistral-7B-Instruct-v0.2,fan_shelf_floor,conflict_adv,508,0,floor,6,0,0,0,0,0,0,0,0,0,0,0,0,0,0,0,0,0,0,0,0
Mistral-7B-Instruct-v0.2 x Mistral-7B-Instruct-v0.2,Mistral-7B-Instruct-v0.2,Mistral-7B-Instruct-v0.2,fan_shelf_floor,mutual_incoh,509,0,floor,2,0,0,0,0,0,0,0,0,0,0,0,0,0,0,0,0,0,0,0,0
Mistral-7B-Instruct-v0.2 x Mistral-7B-Instruct-v0.2,Mistral-7B-Instruct-v0.2,Mistral-7B-Instruct-v0.2,ring_box_pouch,asym_adv,50,0,pouch,6,0,0,0,0,0,0,0,0,0,0,0,0,0,0,0,0,0,0,0,0
Mistral-7B-Instruct-v0.2 x Mistral-7B-Instruct-v0.2,Mistral-7B-Instruct-v0.2,Mistral-7B-Instruct-v0.2,scale_counter_shelf,mutual_coop,510,1,shelf,2,0,0,0,0,0,0,0,0,0,0,0,0,0,0,0,0,0,0,0,0
Mistral-7B-Instruct-v0.2 x Mistral-7B-Instruct-v0.2,Mistral-7B-Instruct-v0.2,Mistral-7B-Instruct-v0.2,scale_counter_shelf,asym_coop,511,1,shelf,2,0,0,0,0,0,0,0,0,0,0,0,0,0,0,0,0,0,0,0,0
Mistral-7B-Instruct-v0.2 x Mistral-7B-Instruct-v0.2,Mistral-7B-Instruct-v0.2,Mistral-7B-Instruct-v0.2,scale_counter_shelf,asym_adv,512,1,shelf,2,0,0,0,0,0,0,0,0,0,0,0,0,0,0,0,0,0,0,0,0
Mistral-7B-Instruct-v0.2 x Mistral-7B-Instruct-v0.2,Mistral-7B-Instruct-v0.2,Mistral-7B-Instruct-v0.2,scale_counter_shelf,conflict_coop,513,0,counter,2,0,0,0,0,0,0,0,0,0,0,0,0,0,0,0,0,0,0,0,0
Mistral-7B-Instruct-v0.2 x Mistral-7B-Instruct-v0.2,Mistral-7B-Instruct-v0.2,Mistral-7B-Instruct-v0.2,scale_counter_shelf,conflict_adv,514,1,shelf,2,0,0,0,0,0,0,0,0,0,0,0,0,0,0,0,0,0,0,0,0
Mistral-7B-Instruct-v0.2 x Mistral-7B-Instruct-v0.2,Mistral-7B-Instruct-v0.2,Mistral-7B-Instruct-v0.2,scale_counter_shelf,mutual_incoh,515,1,shelf,16,0,0,0,0,0,0,0,0,0,1,0,1,0,0,0,0,2,0,1,0
Mistral-7B-Instruct-v0.2 x Mistral-7B-Instruct-v0.2,Mistral-7B-Instruct-v0.2,Mistral-7B-Instruct-v0.2,pail_shed_porch,mutual_coop,516,1,shed,2,0,0,0,0,0,0,0,0,0,0,0,0,0,0,0,0,0,0,0,0
Mistral-7B-Instruct-v0.2 x Mistral-7B-Instruct-v0.2,Mistral-7B-Instruct-v0.2,Mistral-7B-Instruct-v0.2,pail_shed_porch,asym_coop,517,1,shed,2,0,0,0,0,0,0,0,0,0,0,0,0,0,0,0,0,0,0,0,0
Mistral-7B-Instruct-v0.2 x Mistral-7B-Instruct-v0.2,Mistral-7B-Instruct-v0.2,Mistral-7B-Instruct-v0.2,pail_shed_porch,asym_adv,518,1,shed,2,0,0,0,0,0,0,0,0,0,0,0,0,0,0,0,0,0,0,0,0
Mistral-7B-Instruct-v0.2 x Mistral-7B-Instruct-v0.2,Mistral-7B-Instruct-v0.2,Mistral-7B-Instruct-v0.2,pail_shed_porch,conflict_coop,519,0,porch,2,0,0,0,0,0,0,0,0,0,0,0,0,0,0,0,0,0,0,0,0
Mistral-7B-Instruct-v0.2 x Mistral-7B-Instruct-v0.2,Mistral-7B-Instruct-v0.2,Mistral-7B-Instruct-v0.2,ring_box_pouch,conflict_coop,51,0,pouch,2,0,0,0,0,0,0,0,0,0,0,0,0,0,0,0,0,0,0,0,0
Mistral-7B-Instruct-v0.2 x Mistral-7B-Instruct-v0.2,Mistral-7B-Instruct-v0.2,Mistral-7B-Instruct-v0.2,pail_shed_porch,conflict_adv,520,1,shed,4,0,0,0,0,0,0,0,0,0,0,0,0,0,0,0,0,0,0,0,0
Mistral-7B-Instruct-v0.2 x Mistral-7B-Instruct-v0.2,Mistral-7B-Instruct-v0.2,Mistral-7B-Instruct-v0.2,pail_shed_porch,mutual_incoh,521,1,shed,2,0,0,0,0,0,0,0,0,0,0,0,0,0,0,0,0,0,0,0,0
Mistral-7B-Instruct-v0.2 x Mistral-7B-Instruct-v0.2,Mistral-7B-Instruct-v0.2,Mistral-7B-Instruct-v0.2,binder_shelf_desk,mutual_coop,522,1,desk,2,0,0,0,0,0,0,0,0,0,0,0,0,0,0,0,0,0,0,0,0
Mistral-7B-Instruct-v0.2 x Mistral-7B-Instruct-v0.2,Mistral-7B-Instruct-v0.2,Mistral-7B-Instruct-v0.2,binder_shelf_desk,asym_coop,523,1,desk,2,0,0,0,0,0,0,0,0,0,0,0,0,0,0,0,0,0,0,0,0
Mistral-7B-Instruct-v0.2 x Mistral-7B-Instruct-v0.2,Mistral-7B-Instruct-v0.2,Mistral-7B-Instruct-v0.2,binder_shelf_desk,asym_adv,524,0,shelf,8,0,0,0,0,0,0,0,0,0,0,0,0,0,0,0,0,0,0,0,0
Mistral-7B-Instruct-v0.2 x Mistral-7B-Instruct-v0.2,Mistral-7B-Instruct-v0.2,Mistral-7B-Instruct-v0.2,binder_shelf_desk,conflict_coop,525,0,shelf,2,0,0,0,0,0,0,0,0,0,0,0,0,0,0,0,0,0,0,0,0
Mistral-7B-Instruct-v0.2 x Mistral-7B-Instruct-v0.2,Mistral-7B-Instruct-v0.2,Mistral-7B-Instruct-v0.2,binder_shelf_desk,conflict_adv,526,0,shelf,16,0,0,0,0,0,0,0,0,1,1,0,1,0,0,0,0,3,0,1,0
Mistral-7B-Instruct-v0.2 x Mistral-7B-Instruct-v0.2,Mistral-7B-Instruct-v0.2,Mistral-7B-Instruct-v0.2,binder_shelf_desk,mutual_incoh,527,1,desk,2,0,0,0,0,0,0,0,0,0,0,0,0,0,0,0,0,0,0,0,0
Mistral-7B-Instruct-v0.2 x Mistral-7B-Instruct-v0.2,Mistral-7B-Instruct-v0.2,Mistral-7B-Instruct-v0.2,knob_box_shelf,mutual_coop,528,1,box,2,0,0,0,0,0,0,0,0,0,0,0,0,0,0,0,0,0,0,0,0
Mistral-7B-Instruct-v0.2 x Mistral-7B-Instruct-v0.2,Mistral-7B-Instruct-v0.2,Mistral-7B-Instruct-v0.2,knob_box_shelf,asym_coop,529,1,box,2,0,0,0,0,0,0,0,0,0,0,0,0,0,0,0,0,0,0,0,0
Mistral-7B-Instruct-v0.2 x Mistral-7B-Instruct-v0.2,Mistral-7B-Instruct-v0.2,Mistral-7B-Instruct-v0.2,ring_box_pouch,conflict_adv,52,0,pouch,4,0,0,0,0,0,0,0,0,0,0,0,0,0,0,0,0,0,0,0,0
Mistral-7B-Instruct-v0.2 x Mistral-7B-Instruct-v0.2,Mistral-7B-Instruct-v0.2,Mistral-7B-Instruct-v0.2,knob_box_shelf,asym_adv,530,1,box,6,0,0,0,0,0,0,0,0,0,0,0,0,0,0,0,0,0,0,0,0
Mistral-7B-Instruct-v0.2 x Mistral-7B-Instruct-v0.2,Mistral-7B-Instruct-v0.2,Mistral-7B-Instruct-v0.2,knob_box_shelf,conflict_coop,531,0,shelf,2,0,0,0,0,0,0,0,0,0,0,0,0,0,0,0,0,0,0,0,0
Mistral-7B-Instruct-v0.2 x Mistral-7B-Instruct-v0.2,Mistral-7B-Instruct-v0.2,Mistral-7B-Instruct-v0.2,knob_box_shelf,conflict_adv,532,0,shelf,4,0,0,0,0,0,0,0,0,0,0,0,0,0,0,0,0,0,0,0,0
Mistral-7B-Instruct-v0.2 x Mistral-7B-Instruct-v0.2,Mistral-7B-Instruct-v0.2,Mistral-7B-Instruct-v0.2,knob_box_shelf,mutual_incoh,533,0,shelf,4,0,0,0,0,0,0,0,0,0,0,0,0,0,0,0,0,0,0,0,0
Mistral-7B-Instruct-v0.2 x Mistral-7B-Instruct-v0.2,Mistral-7B-Instruct-v0.2,Mistral-7B-Instruct-v0.2,strap_hook_drawer,mutual_coop,534,1,drawer,2,0,0,0,0,0,0,0,0,0,0,0,0,0,0,0,0,0,0,0,0
Mistral-7B-Instruct-v0.2 x Mistral-7B-Instruct-v0.2,Mistral-7B-Instruct-v0.2,Mistral-7B-Instruct-v0.2,strap_hook_drawer,asym_coop,535,1,drawer,2,0,0,0,0,0,0,0,0,0,0,0,0,0,0,0,0,0,0,0,0
Mistral-7B-Instruct-v0.2 x Mistral-7B-Instruct-v0.2,Mistral-7B-Instruct-v0.2,Mistral-7B-Instruct-v0.2,strap_hook_drawer,asym_adv,536,1,drawer,2,0,0,0,0,0,0,0,0,0,0,0,0,0,0,0,0,0,0,0,0
Mistral-7B-Instruct-v0.2 x Mistral-7B-Instruct-v0.2,Mistral-7B-Instruct-v0.2,Mistral-7B-Instruct-v0.2,strap_hook_drawer,conflict_coop,537,0,hook,2,0,0,0,0,0,0,0,0,0,0,0,0,0,0,0,0,0,0,0,0
Mistral-7B-Instruct-v0.2 x Mistral-7B-Instruct-v0.2,Mistral-7B-Instruct-v0.2,Mistral-7B-Instruct-v0.2,strap_hook_drawer,conflict_adv,538,1,drawer,2,0,0,0,0,0,0,0,0,0,0,0,0,0,0,0,0,0,0,0,0
Mistral-7B-Instruct-v0.2 x Mistral-7B-Instruct-v0.2,Mistral-7B-Instruct-v0.2,Mistral-7B-Instruct-v0.2,strap_hook_drawer,mutual_incoh,539,1,drawer,2,0,0,0,0,0,0,0,0,0,0,0,0,0,0,0,0,0,0,0,0
Mistral-7B-Instruct-v0.2 x Mistral-7B-Instruct-v0.2,Mistral-7B-Instruct-v0.2,Mistral-7B-Instruct-v0.2,ring_box_pouch,mutual_incoh,53,1,box,2,0,0,0,0,0,0,0,0,0,0,0,0,0,0,0,0,0,0,0,0
Mistral-7B-Instruct-v0.2 x Mistral-7B-Instruct-v0.2,Mistral-7B-Instruct-v0.2,Mistral-7B-Instruct-v0.2,frame_wall_desk,mutual_coop,540,1,wall,2,0,0,0,0,0,0,0,0,0,0,0,0,0,0,0,0,0,0,0,0
Mistral-7B-Instruct-v0.2 x Mistral-7B-Instruct-v0.2,Mistral-7B-Instruct-v0.2,Mistral-7B-Instruct-v0.2,frame_wall_desk,asym_coop,541,1,wall,2,0,0,0,0,0,0,0,0,0,0,0,0,0,0,0,0,0,0,0,0
Mistral-7B-Instruct-v0.2 x Mistral-7B-Instruct-v0.2,Mistral-7B-Instruct-v0.2,Mistral-7B-Instruct-v0.2,frame_wall_desk,asym_adv,542,1,wall,2,0,0,0,0,0,0,0,0,0,0,0,0,0,0,0,0,0,0,0,0
Mistral-7B-Instruct-v0.2 x Mistral-7B-Instruct-v0.2,Mistral-7B-Instruct-v0.2,Mistral-7B-Instruct-v0.2,frame_wall_desk,conflict_coop,543,0,desk,2,0,0,0,0,0,0,0,0,0,0,0,0,0,0,0,0,0,0,0,0
Mistral-7B-Instruct-v0.2 x Mistral-7B-Instruct-v0.2,Mistral-7B-Instruct-v0.2,Mistral-7B-Instruct-v0.2,frame_wall_desk,conflict_adv,544,1,wall,2,0,0,0,0,0,0,0,0,0,0,0,0,0,0,0,0,0,0,0,0
Mistral-7B-Instruct-v0.2 x Mistral-7B-Instruct-v0.2,Mistral-7B-Instruct-v0.2,Mistral-7B-Instruct-v0.2,frame_wall_desk,mutual_incoh,545,1,wall,2,0,0,0,0,0,0,0,0,0,0,0,0,0,0,0,0,0,0,0,0
Mistral-7B-Instruct-v0.2 x Mistral-7B-Instruct-v0.2,Mistral-7B-Instruct-v0.2,Mistral-7B-Instruct-v0.2,jar_shelf_counter,mutual_coop,546,1,counter,2,0,0,0,0,0,0,0,0,0,0,0,0,0,0,0,0,0,0,0,0
Mistral-7B-Instruct-v0.2 x Mistral-7B-Instruct-v0.2,Mistral-7B-Instruct-v0.2,Mistral-7B-Instruct-v0.2,jar_shelf_counter,asym_coop,547,1,counter,2,0,0,0,0,0,0,0,0,0,0,0,0,0,0,0,0,0,0,0,0
Mistral-7B-Instruct-v0.2 x Mistral-7B-Instruct-v0.2,Mistral-7B-Instruct-v0.2,Mistral-7B-Instruct-v0.2,jar_shelf_counter,asym_adv,548,1,counter,2,0,0,0,0,0,0,0,0,0,0,0,0,0,0,0,0,0,0,0,0
Mistral-7B-Instruct-v0.2 x Mistral-7B-Instruct-v0.2,Mistral-7B-Instruct-v0.2,Mistral-7B-Instruct-v0.2,jar_shelf_counter,conflict_coop,549,0,shelf,2,0,0,0,0,0,0,0,0,0,0,0,0,0,0,0,0,0,0,0,0
Mistral-7B-Instruct-v0.2 x Mistral-7B-Instruct-v0.2,Mistral-7B-Instruct-v0.2,Mistral-7B-Instruct-v0.2,letter_mailbox_mat,mutual_coop,54,1,mat,2,0,0,0,0,0,1,0,0,0,0,0,0,0,0,0,0,1,0,1,0
Mistral-7B-Instruct-v0.2 x Mistral-7B-Instruct-v0.2,Mistral-7B-Instruct-v0.2,Mistral-7B-Instruct-v0.2,jar_shelf_counter,conflict_adv,550,0,shelf,6,0,0,0,0,0,0,0,0,0,0,0,0,0,0,0,0,0,0,0,0
Mistral-7B-Instruct-v0.2 x Mistral-7B-Instruct-v0.2,Mistral-7B-Instruct-v0.2,Mistral-7B-Instruct-v0.2,jar_shelf_counter,mutual_incoh,551,1,counter,16,0,0,0,0,0,0,0,0,1,1,0,1,0,0,0,0,3,0,1,0
Mistral-7B-Instruct-v0.2 x Mistral-7B-Instruct-v0.2,Mistral-7B-Instruct-v0.2,Mistral-7B-Instruct-v0.2,flag_pole_box,mutual_coop,552,1,pole,2,0,0,0,0,0,0,0,0,0,0,0,0,0,0,0,0,0,0,0,0
Mistral-7B-Instruct-v0.2 x Mistral-7B-Instruct-v0.2,Mistral-7B-Instruct-v0.2,Mistral-7B-Instruct-v0.2,flag_pole_box,asym_coop,553,1,pole,2,0,0,0,0,0,0,0,0,0,0,0,0,0,0,0,0,0,0,0,0
Mistral-7B-Instruct-v0.2 x Mistral-7B-Instruct-v0.2,Mistral-7B-Instruct-v0.2,Mistral-7B-Instruct-v0.2,flag_pole_box,asym_adv,554,1,pole,2,0,0,0,0,0,0,0,0,0,0,0,0,0,0,0,0,0,0,0,0
Mistral-7B-Instruct-v0.2 x Mistral-7B-Instruct-v0.2,Mistral-7B-Instruct-v0.2,Mistral-7B-Instruct-v0.2,flag_pole_box,conflict_coop,555,0,box,2,0,0,0,0,0,0,0,0,0,0,0,0,0,0,0,0,0,0,0,0
Mistral-7B-Instruct-v0.2 x Mistral-7B-Instruct-v0.2,Mistral-7B-Instruct-v0.2,Mistral-7B-Instruct-v0.2,flag_pole_box,conflict_adv,556,1,pole,2,0,0,0,0,0,0,0,0,0,0,0,0,0,0,0,0,0,0,0,0
Mistral-7B-Instruct-v0.2 x Mistral-7B-Instruct-v0.2,Mistral-7B-Instruct-v0.2,Mistral-7B-Instruct-v0.2,flag_pole_box,mutual_incoh,557,1,pole,2,0,0,0,0,0,0,0,0,0,0,0,0,0,0,0,0,0,0,0,0
Mistral-7B-Instruct-v0.2 x Mistral-7B-Instruct-v0.2,Mistral-7B-Instruct-v0.2,Mistral-7B-Instruct-v0.2,dice_cup_table,mutual_coop,558,1,table,2,0,0,0,0,0,0,0,0,0,0,0,0,0,0,0,0,0,0,0,0
Mistral-7B-Instruct-v0.2 x Mistral-7B-Instruct-v0.2,Mistral-7B-Instruct-v0.2,Mistral-7B-Instruct-v0.2,dice_cup_table,asym_coop,559,1,table,2,0,0,0,0,0,0,0,0,0,0,0,0,0,0,0,0,0,0,0,0
Mistral-7B-Instruct-v0.2 x Mistral-7B-Instruct-v0.2,Mistral-7B-Instruct-v0.2,Mistral-7B-Instruct-v0.2,letter_mailbox_mat,asym_coop,55,1,mat,2,0,0,0,0,0,1,0,0,0,0,0,0,0,0,0,0,1,0,1,0
Mistral-7B-Instruct-v0.2 x Mistral-7B-Instruct-v0.2,Mistral-7B-Instruct-v0.2,Mistral-7B-Instruct-v0.2,dice_cup_table,asym_adv,560,1,table,2,0,0,0,0,0,0,0,0,0,0,0,0,0,0,0,0,0,0,0,0
Mistral-7B-Instruct-v0.2 x Mistral-7B-Instruct-v0.2,Mistral-7B-Instruct-v0.2,Mistral-7B-Instruct-v0.2,dice_cup_table,conflict_coop,561,1,table,4,0,0,0,0,0,0,0,0,0,0,0,0,0,0,0,0,0,0,0,0
Mistral-7B-Instruct-v0.2 x Mistral-7B-Instruct-v0.2,Mistral-7B-Instruct-v0.2,Mistral-7B-Instruct-v0.2,dice_cup_table,conflict_adv,562,1,table,4,0,0,0,0,0,0,0,0,0,0,0,0,0,0,0,0,0,0,0,0
Mistral-7B-Instruct-v0.2 x Mistral-7B-Instruct-v0.2,Mistral-7B-Instruct-v0.2,Mistral-7B-Instruct-v0.2,dice_cup_table,mutual_incoh,563,1,table,2,0,0,0,0,0,0,0,0,0,0,0,0,0,0,0,0,0,0,0,0
Mistral-7B-Instruct-v0.2 x Mistral-7B-Instruct-v0.2,Mistral-7B-Instruct-v0.2,Mistral-7B-Instruct-v0.2,wire_bench_drawer,mutual_coop,564,1,bench,2,0,0,0,0,0,0,0,0,0,0,0,0,0,0,0,0,0,0,0,0
Mistral-7B-Instruct-v0.2 x Mistral-7B-Instruct-v0.2,Mistral-7B-Instruct-v0.2,Mistral-7B-Instruct-v0.2,wire_bench_drawer,asym_coop,565,1,bench,2,0,0,0,0,0,0,0,0,0,0,0,0,0,0,0,0,0,0,0,0
Mistral-7B-Instruct-v0.2 x Mistral-7B-Instruct-v0.2,Mistral-7B-Instruct-v0.2,Mistral-7B-Instruct-v0.2,wire_bench_drawer,asym_adv,566,1,bench,2,0,0,0,0,0,0,0,0,0,0,0,0,0,0,0,0,0,0,0,0
Mistral-7B-Instruct-v0.2 x Mistral-7B-Instruct-v0.2,Mistral-7B-Instruct-v0.2,Mistral-7B-Instruct-v0.2,wire_bench_drawer,conflict_coop,567,1,bench,2,0,0,0,0,0,0,0,0,0,0,0,0,0,0,0,0,0,0,0,0
Mistral-7B-Instruct-v0.2 x Mistral-7B-Instruct-v0.2,Mistral-7B-Instruct-v0.2,Mistral-7B-Instruct-v0.2,wire_bench_drawer,conflict_adv,568,1,bench,2,0,0,0,0,0,0,0,0,0,0,0,0,0,0,0,0,0,0,0,0
Mistral-7B-Instruct-v0.2 x Mistral-7B-Instruct-v0.2,Mistral-7B-Instruct-v0.2,Mistral-7B-Instruct-v0.2,wire_bench_drawer,mutual_incoh,569,1,bench,2,0,0,0,0,0,0,0,0,0,0,0,0,0,0,0,0,0,0,0,0
Mistral-7B-Instruct-v0.2 x Mistral-7B-Instruct-v0.2,Mistral-7B-Instruct-v0.2,Mistral-7B-Instruct-v0.2,letter_mailbox_mat,asym_adv,56,1,mat,2,0,0,0,0,0,0,0,0,0,0,0,0,0,0,0,0,0,0,0,0
Mistral-7B-Instruct-v0.2 x Mistral-7B-Instruct-v0.2,Mistral-7B-Instruct-v0.2,Mistral-7B-Instruct-v0.2,stone_ledge_pot,mutual_coop,570,1,pot,2,0,0,0,0,0,0,0,0,0,0,0,0,0,0,0,0,0,0,0,0
Mistral-7B-Instruct-v0.2 x Mistral-7B-Instruct-v0.2,Mistral-7B-Instruct-v0.2,Mistral-7B-Instruct-v0.2,stone_ledge_pot,asym_coop,571,1,pot,6,0,0,0,0,0,0,0,0,0,0,0,0,0,0,0,0,0,0,0,0
Mistral-7B-Instruct-v0.2 x Mistral-7B-Instruct-v0.2,Mistral-7B-Instruct-v0.2,Mistral-7B-Instruct-v0.2,stone_ledge_pot,asym_adv,572,1,pot,2,0,0,0,0,0,0,0,0,0,0,0,0,0,0,0,0,0,0,0,0
Mistral-7B-Instruct-v0.2 x Mistral-7B-Instruct-v0.2,Mistral-7B-Instruct-v0.2,Mistral-7B-Instruct-v0.2,stone_ledge_pot,conflict_coop,573,0,ledge,2,0,0,0,0,0,0,0,0,0,0,0,0,0,0,0,0,0,0,0,0
Mistral-7B-Instruct-v0.2 x Mistral-7B-Instruct-v0.2,Mistral-7B-Instruct-v0.2,Mistral-7B-Instruct-v0.2,stone_ledge_pot,conflict_adv,574,1,pot,16,0,0,0,0,0,0,0,0,1,1,0,1,0,0,0,0,3,0,1,0
Mistral-7B-Instruct-v0.2 x Mistral-7B-Instruct-v0.2,Mistral-7B-Instruct-v0.2,Mistral-7B-Instruct-v0.2,stone_ledge_pot,mutual_incoh,575,1,pot,2,0,0,0,0,0,0,0,0,0,0,0,0,0,0,0,0,0,0,0,0
Mistral-7B-Instruct-v0.2 x Mistral-7B-Instruct-v0.2,Mistral-7B-Instruct-v0.2,Mistral-7B-Instruct-v0.2,patch_drawer_table,mutual_coop,576,1,drawer,2,0,0,0,0,0,0,0,0,0,0,0,0,0,0,0,0,0,0,0,0
Mistral-7B-Instruct-v0.2 x Mistral-7B-Instruct-v0.2,Mistral-7B-Instruct-v0.2,Mistral-7B-Instruct-v0.2,patch_drawer_table,asym_coop,577,1,drawer,2,0,0,0,0,0,0,0,0,0,0,0,0,0,0,0,0,0,0,0,0
Mistral-7B-Instruct-v0.2 x Mistral-7B-Instruct-v0.2,Mistral-7B-Instruct-v0.2,Mistral-7B-Instruct-v0.2,patch_drawer_table,asym_adv,578,1,drawer,2,0,0,0,0,0,0,0,0,0,0,0,0,0,0,0,0,0,0,0,0
Mistral-7B-Instruct-v0.2 x Mistral-7B-Instruct-v0.2,Mistral-7B-Instruct-v0.2,Mistral-7B-Instruct-v0.2,patch_drawer_table,conflict_coop,579,0,table,4,0,0,0,0,0,0,0,0,0,0,0,0,0,0,0,0,0,0,0,0
Mistral-7B-Instruct-v0.2 x Mistral-7B-Instruct-v0.2,Mistral-7B-Instruct-v0.2,Mistral-7B-Instruct-v0.2,letter_mailbox_mat,conflict_coop,57,0,mailbox,2,0,0,0,0,0,1,0,0,0,0,0,0,0,0,0,0,1,0,1,0
Mistral-7B-Instruct-v0.2 x Mistral-7B-Instruct-v0.2,Mistral-7B-Instruct-v0.2,Mistral-7B-Instruct-v0.2,patch_drawer_table,conflict_adv,580,0,,16,0,0,1,1,0,0,0,0,1,1,0,0,0,0,0,0,4,0,1,0
Mistral-7B-Instruct-v0.2 x Mistral-7B-Instruct-v0.2,Mistral-7B-Instruct-v0.2,Mistral-7B-Instruct-v0.2,patch_drawer_table,mutual_incoh,581,0,table,2,0,0,0,0,0,0,0,0,0,0,0,0,0,0,0,0,0,0,0,0
Mistral-7B-Instruct-v0.2 x Mistral-7B-Instruct-v0.2,Mistral-7B-Instruct-v0.2,Mistral-7B-Instruct-v0.2,mirror_wall_shelf,mutual_coop,582,1,shelf,2,0,0,0,0,0,0,0,0,0,0,0,0,0,0,0,0,0,0,0,0
Mistral-7B-Instruct-v0.2 x Mistral-7B-Instruct-v0.2,Mistral-7B-Instruct-v0.2,Mistral-7B-Instruct-v0.2,mirror_wall_shelf,asym_coop,583,1,shelf,2,0,0,0,0,0,0,0,0,0,0,0,0,0,0,0,0,0,0,0,0
Mistral-7B-Instruct-v0.2 x Mistral-7B-Instruct-v0.2,Mistral-7B-Instruct-v0.2,Mistral-7B-Instruct-v0.2,mirror_wall_shelf,asym_adv,584,1,shelf,2,0,0,0,0,0,0,0,0,0,0,0,0,0,0,0,0,0,0,0,0
Mistral-7B-Instruct-v0.2 x Mistral-7B-Instruct-v0.2,Mistral-7B-Instruct-v0.2,Mistral-7B-Instruct-v0.2,mirror_wall_shelf,conflict_coop,585,0,wall,2,0,0,0,0,0,0,0,0,0,0,0,0,0,0,0,0,0,0,0,0
Mistral-7B-Instruct-v0.2 x Mistral-7B-Instruct-v0.2,Mistral-7B-Instruct-v0.2,Mistral-7B-Instruct-v0.2,mirror_wall_shelf,conflict_adv,586,0,wall,4,0,0,0,0,0,0,0,0,0,0,0,0,0,0,0,0,0,0,0,0
Mistral-7B-Instruct-v0.2 x Mistral-7B-Instruct-v0.2,Mistral-7B-Instruct-v0.2,Mistral-7B-Instruct-v0.2,mirror_wall_shelf,mutual_incoh,587,1,shelf,4,0,0,0,0,0,0,0,0,0,0,0,1,0,0,0,0,1,0,1,0
Mistral-7B-Instruct-v0.2 x Mistral-7B-Instruct-v0.2,Mistral-7B-Instruct-v0.2,Mistral-7B-Instruct-v0.2,chain_hook_box,mutual_coop,588,1,hook,2,0,0,0,0,0,0,0,0,0,0,0,0,0,0,0,0,0,0,0,0
Mistral-7B-Instruct-v0.2 x Mistral-7B-Instruct-v0.2,Mistral-7B-Instruct-v0.2,Mistral-7B-Instruct-v0.2,chain_hook_box,asym_coop,589,1,hook,2,0,0,0,0,0,0,0,0,0,0,0,0,0,0,0,0,0,0,0,0
Mistral-7B-Instruct-v0.2 x Mistral-7B-Instruct-v0.2,Mistral-7B-Instruct-v0.2,Mistral-7B-Instruct-v0.2,letter_mailbox_mat,conflict_adv,58,0,mailbox,10,0,0,0,0,0,1,0,0,0,0,0,1,0,0,0,0,2,0,1,0
Mistral-7B-Instruct-v0.2 x Mistral-7B-Instruct-v0.2,Mistral-7B-Instruct-v0.2,Mistral-7B-Instruct-v0.2,chain_hook_box,asym_adv,590,1,hook,2,0,0,0,0,0,0,0,0,0,0,0,0,0,0,0,0,0,0,0,0
Mistral-7B-Instruct-v0.2 x Mistral-7B-Instruct-v0.2,Mistral-7B-Instruct-v0.2,Mistral-7B-Instruct-v0.2,chain_hook_box,conflict_coop,591,0,box,2,0,0,0,0,0,0,0,0,0,0,0,0,0,0,0,0,0,0,0,0
Mistral-7B-Instruct-v0.2 x Mistral-7B-Instruct-v0.2,Mistral-7B-Instruct-v0.2,Mistral-7B-Instruct-v0.2,chain_hook_box,conflict_adv,592,1,hook,2,0,0,0,0,1,0,0,0,0,0,0,0,0,0,0,0,1,0,1,0
Mistral-7B-Instruct-v0.2 x Mistral-7B-Instruct-v0.2,Mistral-7B-Instruct-v0.2,Mistral-7B-Instruct-v0.2,chain_hook_box,mutual_incoh,593,0,box,2,0,0,0,0,1,0,0,0,0,0,0,0,0,0,0,0,1,0,1,0
Mistral-7B-Instruct-v0.2 x Mistral-7B-Instruct-v0.2,Mistral-7B-Instruct-v0.2,Mistral-7B-Instruct-v0.2,clipboard_shelf_desk,mutual_coop,594,1,desk,2,0,0,0,0,0,0,0,0,0,0,0,0,0,0,0,0,0,0,0,0
Mistral-7B-Instruct-v0.2 x Mistral-7B-Instruct-v0.2,Mistral-7B-Instruct-v0.2,Mistral-7B-Instruct-v0.2,clipboard_shelf_desk,asym_coop,595,1,desk,2,0,0,0,0,0,0,0,0,0,0,0,0,0,0,0,0,0,0,0,0
Mistral-7B-Instruct-v0.2 x Mistral-7B-Instruct-v0.2,Mistral-7B-Instruct-v0.2,Mistral-7B-Instruct-v0.2,clipboard_shelf_desk,asym_adv,596,1,desk,2,0,0,0,0,0,0,0,0,0,0,0,0,0,0,0,0,0,0,0,0
Mistral-7B-Instruct-v0.2 x Mistral-7B-Instruct-v0.2,Mistral-7B-Instruct-v0.2,Mistral-7B-Instruct-v0.2,clipboard_shelf_desk,conflict_coop,597,0,shelf,2,0,0,0,0,0,0,0,0,0,0,0,0,0,0,0,0,0,0,0,0
Mistral-7B-Instruct-v0.2 x Mistral-7B-Instruct-v0.2,Mistral-7B-Instruct-v0.2,Mistral-7B-Instruct-v0.2,clipboard_shelf_desk,conflict_adv,598,0,shelf,2,0,0,0,0,0,0,0,0,0,0,0,0,0,0,0,0,0,0,0,0
Mistral-7B-Instruct-v0.2 x Mistral-7B-Instruct-v0.2,Mistral-7B-Instruct-v0.2,Mistral-7B-Instruct-v0.2,clipboard_shelf_desk,mutual_incoh,599,0,shelf,4,0,0,0,0,0,0,0,0,0,0,0,0,0,0,0,0,0,0,0,0
Mistral-7B-Instruct-v0.2 x Mistral-7B-Instruct-v0.2,Mistral-7B-Instruct-v0.2,Mistral-7B-Instruct-v0.2,letter_mailbox_mat,mutual_incoh,59,1,mat,16,0,0,0,0,0,0,0,0,0,1,0,1,0,0,0,0,2,0,1,0
Mistral-7B-Instruct-v0.2 x Mistral-7B-Instruct-v0.2,Mistral-7B-Instruct-v0.2,Mistral-7B-Instruct-v0.2,key_in_boxes,mutual_incoh,5,1,red box,4,0,0,0,0,0,0,0,0,0,0,0,0,0,0,0,0,0,0,0,0
Mistral-7B-Instruct-v0.2 x Mistral-7B-Instruct-v0.2,Mistral-7B-Instruct-v0.2,Mistral-7B-Instruct-v0.2,scarf_closet_bench,mutual_coop,60,1,closet,2,0,0,0,0,0,0,0,0,0,0,0,0,0,0,0,0,0,0,0,0
Mistral-7B-Instruct-v0.2 x Mistral-7B-Instruct-v0.2,Mistral-7B-Instruct-v0.2,Mistral-7B-Instruct-v0.2,scarf_closet_bench,asym_coop,61,0,bench,2,0,0,0,0,0,0,0,0,0,0,0,0,0,0,0,0,0,0,0,0
Mistral-7B-Instruct-v0.2 x Mistral-7B-Instruct-v0.2,Mistral-7B-Instruct-v0.2,Mistral-7B-Instruct-v0.2,scarf_closet_bench,asym_adv,62,1,closet,6,0,0,0,0,0,0,0,0,0,0,0,0,0,0,0,0,0,0,0,0
Mistral-7B-Instruct-v0.2 x Mistral-7B-Instruct-v0.2,Mistral-7B-Instruct-v0.2,Mistral-7B-Instruct-v0.2,scarf_closet_bench,conflict_coop,63,0,bench,2,0,0,0,0,0,0,0,0,0,0,0,0,0,0,0,0,0,0,0,0
Mistral-7B-Instruct-v0.2 x Mistral-7B-Instruct-v0.2,Mistral-7B-Instruct-v0.2,Mistral-7B-Instruct-v0.2,scarf_closet_bench,conflict_adv,64,1,closet,4,0,0,0,0,0,0,0,0,0,0,0,0,0,0,0,0,0,0,0,0
Mistral-7B-Instruct-v0.2 x Mistral-7B-Instruct-v0.2,Mistral-7B-Instruct-v0.2,Mistral-7B-Instruct-v0.2,scarf_closet_bench,mutual_incoh,65,1,closet,6,0,0,0,0,0,0,0,0,0,0,0,0,0,0,0,0,0,0,0,0
Mistral-7B-Instruct-v0.2 x Mistral-7B-Instruct-v0.2,Mistral-7B-Instruct-v0.2,Mistral-7B-Instruct-v0.2,umbrella_stand_hook,mutual_coop,66,1,hook,2,0,0,0,0,0,0,0,0,0,0,0,0,0,0,0,0,0,0,0,0
Mistral-7B-Instruct-v0.2 x Mistral-7B-Instruct-v0.2,Mistral-7B-Instruct-v0.2,Mistral-7B-Instruct-v0.2,umbrella_stand_hook,asym_coop,67,1,hook,2,0,0,0,0,0,0,0,0,0,0,0,0,0,0,0,0,0,0,0,0
Mistral-7B-Instruct-v0.2 x Mistral-7B-Instruct-v0.2,Mistral-7B-Instruct-v0.2,Mistral-7B-Instruct-v0.2,umbrella_stand_hook,asym_adv,68,1,hook,2,0,0,0,0,0,0,0,0,0,0,0,0,0,0,0,0,0,0,0,0
Mistral-7B-Instruct-v0.2 x Mistral-7B-Instruct-v0.2,Mistral-7B-Instruct-v0.2,Mistral-7B-Instruct-v0.2,umbrella_stand_hook,conflict_coop,69,0,stand,2,0,0,0,0,0,0,0,0,0,0,0,0,0,0,0,0,0,0,0,0
Mistral-7B-Instruct-v0.2 x Mistral-7B-Instruct-v0.2,Mistral-7B-Instruct-v0.2,Mistral-7B-Instruct-v0.2,wallet_desk_drawer,mutual_coop,6,1,drawer,2,0,0,0,0,0,0,0,0,0,0,0,0,0,0,0,0,0,0,0,0
Mistral-7B-Instruct-v0.2 x Mistral-7B-Instruct-v0.2,Mistral-7B-Instruct-v0.2,Mistral-7B-Instruct-v0.2,umbrella_stand_hook,conflict_adv,70,0,stand,14,0,0,0,0,0,0,0,0,0,0,0,0,0,0,0,0,0,0,0,0
Mistral-7B-Instruct-v0.2 x Mistral-7B-Instruct-v0.2,Mistral-7B-Instruct-v0.2,Mistral-7B-Instruct-v0.2,umbrella_stand_hook,mutual_incoh,71,0,,16,0,0,0,1,0,0,0,0,0,1,0,1,0,0,0,0,3,0,1,0
Mistral-7B-Instruct-v0.2 x Mistral-7B-Instruct-v0.2,Mistral-7B-Instruct-v0.2,Mistral-7B-Instruct-v0.2,remote_table_cushion,mutual_coop,72,1,table,2,0,0,0,0,0,0,0,0,0,0,0,0,0,0,0,0,0,0,0,0
Mistral-7B-Instruct-v0.2 x Mistral-7B-Instruct-v0.2,Mistral-7B-Instruct-v0.2,Mistral-7B-Instruct-v0.2,remote_table_cushion,asym_coop,73,1,table,2,0,0,0,0,0,0,0,0,0,0,0,0,0,0,0,0,0,0,0,0
Mistral-7B-Instruct-v0.2 x Mistral-7B-Instruct-v0.2,Mistral-7B-Instruct-v0.2,Mistral-7B-Instruct-v0.2,remote_table_cushion,asym_adv,74,1,table,2,0,0,0,0,0,0,0,0,0,0,0,0,0,0,0,0,0,0,0,0
Mistral-7B-Instruct-v0.2 x Mistral-7B-Instruct-v0.2,Mistral-7B-Instruct-v0.2,Mistral-7B-Instruct-v0.2,remote_table_cushion,conflict_coop,75,0,cushion,2,0,0,0,0,0,0,0,0,0,0,0,0,0,0,0,0,0,0,0,0
Mistral-7B-Instruct-v0.2 x Mistral-7B-Instruct-v0.2,Mistral-7B-Instruct-v0.2,Mistral-7B-Instruct-v0.2,remote_table_cushion,conflict_adv,76,1,table,2,0,0,0,0,1,0,0,0,0,0,0,0,0,0,0,0,1,0,1,0
Mistral-7B-Instruct-v0.2 x Mistral-7B-Instruct-v0.2,Mistral-7B-Instruct-v0.2,Mistral-7B-Instruct-v0.2,remote_table_cushion,mutual_incoh,77,1,table,6,0,0,0,0,0,0,0,0,0,0,0,0,0,0,0,0,0,0,0,0
Mistral-7B-Instruct-v0.2 x Mistral-7B-Instruct-v0.2,Mistral-7B-Instruct-v0.2,Mistral-7B-Instruct-v0.2,mug_shelf_rack,mutual_coop,78,1,rack,2,0,0,0,0,0,0,0,0,0,0,0,0,0,0,0,0,0,0,0,0
Mistral-7B-Instruct-v0.2 x Mistral-7B-Instruct-v0.2,Mistral-7B-Instruct-v0.2,Mistral-7B-Instruct-v0.2,mug_shelf_rack,asym_coop,79,1,rack,2,0,0,0,0,0,0,0,0,0,0,0,0,0,0,0,0,0,0,0,0
Mistral-7B-Instruct-v0.2 x Mistral-7B-Instruct-v0.2,Mistral-7B-Instruct-v0.2,Mistral-7B-Instruct-v0.2,wallet_desk_drawer,asym_coop,7,1,drawer,2,0,0,0,0,1,0,0,0,0,0,0,0,0,0,0,0,1,0,1,0
Mistral-7B-Instruct-v0.2 x Mistral-7B-Instruct-v0.2,Mistral-7B-Instruct-v0.2,Mistral-7B-Instruct-v0.2,mug_shelf_rack,asym_adv,80,1,rack,2,0,0,0,0,0,0,0,0,0,0,0,0,0,0,0,0,0,0,0,0
Mistral-7B-Instruct-v0.2 x Mistral-7B-Instruct-v0.2,Mistral-7B-Instruct-v0.2,Mistral-7B-Instruct-v0.2,mug_shelf_rack,conflict_coop,81,0,shelf,2,0,0,0,0,0,0,0,0,0,0,0,0,0,0,0,0,0,0,0,0
Mistral-7B-Instruct-v0.2 x Mistral-7B-Instruct-v0.2,Mistral-7B-Instruct-v0.2,Mistral-7B-Instruct-v0.2,mug_shelf_rack,conflict_adv,82,1,rack,6,0,0,0,0,0,0,0,0,0,0,0,0,0,0,0,0,0,0,0,0
Mistral-7B-Instruct-v0.2 x Mistral-7B-Instruct-v0.2,Mistral-7B-Instruct-v0.2,Mistral-7B-Instruct-v0.2,mug_shelf_rack,mutual_incoh,83,0,shelf,4,0,0,0,0,0,0,0,0,0,0,0,1,0,1,0,0,2,0,1,0
Mistral-7B-Instruct-v0.2 x Mistral-7B-Instruct-v0.2,Mistral-7B-Instruct-v0.2,Mistral-7B-Instruct-v0.2,towel_rack_basket,mutual_coop,84,1,rack,2,0,0,0,0,0,0,0,0,0,0,0,0,0,0,0,0,0,0,0,0
Mistral-7B-Instruct-v0.2 x Mistral-7B-Instruct-v0.2,Mistral-7B-Instruct-v0.2,Mistral-7B-Instruct-v0.2,towel_rack_basket,asym_coop,85,0,basket,2,0,0,0,0,0,0,0,0,0,0,0,0,0,0,0,0,0,0,0,0
Mistral-7B-Instruct-v0.2 x Mistral-7B-Instruct-v0.2,Mistral-7B-Instruct-v0.2,Mistral-7B-Instruct-v0.2,towel_rack_basket,asym_adv,86,1,rack,4,0,0,0,0,0,0,0,0,0,0,0,0,0,0,0,0,0,0,0,0
Mistral-7B-Instruct-v0.2 x Mistral-7B-Instruct-v0.2,Mistral-7B-Instruct-v0.2,Mistral-7B-Instruct-v0.2,towel_rack_basket,conflict_coop,87,1,rack,6,0,0,0,0,0,0,0,0,0,0,0,0,0,0,0,0,0,0,0,0
Mistral-7B-Instruct-v0.2 x Mistral-7B-Instruct-v0.2,Mistral-7B-Instruct-v0.2,Mistral-7B-Instruct-v0.2,towel_rack_basket,conflict_adv,88,0,basket,2,0,0,0,0,0,0,0,0,0,0,0,0,0,0,0,0,0,0,0,0
Mistral-7B-Instruct-v0.2 x Mistral-7B-Instruct-v0.2,Mistral-7B-Instruct-v0.2,Mistral-7B-Instruct-v0.2,towel_rack_basket,mutual_incoh,89,1,rack,6,0,0,0,0,0,0,0,0,0,0,0,0,0,0,0,0,0,0,0,0
Mistral-7B-Instruct-v0.2 x Mistral-7B-Instruct-v0.2,Mistral-7B-Instruct-v0.2,Mistral-7B-Instruct-v0.2,wallet_desk_drawer,asym_adv,8,1,drawer,2,0,0,0,0,0,0,0,0,0,0,0,0,0,0,0,0,0,0,0,0
Mistral-7B-Instruct-v0.2 x Mistral-7B-Instruct-v0.2,Mistral-7B-Instruct-v0.2,Mistral-7B-Instruct-v0.2,coin_jar_pocket,mutual_coop,90,1,pocket,2,0,0,0,0,0,0,0,0,0,0,0,0,0,0,0,0,0,0,0,0
Mistral-7B-Instruct-v0.2 x Mistral-7B-Instruct-v0.2,Mistral-7B-Instruct-v0.2,Mistral-7B-Instruct-v0.2,coin_jar_pocket,asym_coop,91,0,jar,2,0,0,0,0,0,0,0,0,0,0,0,0,0,0,0,0,0,0,0,0
Mistral-7B-Instruct-v0.2 x Mistral-7B-Instruct-v0.2,Mistral-7B-Instruct-v0.2,Mistral-7B-Instruct-v0.2,coin_jar_pocket,asym_adv,92,1,pocket,2,0,0,0,0,0,0,0,0,0,0,0,0,0,0,0,0,0,0,0,0
Mistral-7B-Instruct-v0.2 x Mistral-7B-Instruct-v0.2,Mistral-7B-Instruct-v0.2,Mistral-7B-Instruct-v0.2,coin_jar_pocket,conflict_coop,93,1,pocket,6,0,0,0,0,0,0,0,0,0,0,0,0,0,0,0,0,0,0,0,0
Mistral-7B-Instruct-v0.2 x Mistral-7B-Instruct-v0.2,Mistral-7B-Instruct-v0.2,Mistral-7B-Instruct-v0.2,coin_jar_pocket,conflict_adv,94,1,pocket,4,0,0,0,0,0,0,0,0,0,0,0,0,0,0,0,0,0,0,0,0
Mistral-7B-Instruct-v0.2 x Mistral-7B-Instruct-v0.2,Mistral-7B-Instruct-v0.2,Mistral-7B-Instruct-v0.2,coin_jar_pocket,mutual_incoh,95,1,pocket,2,0,0,0,0,0,0,0,0,0,0,0,0,0,0,0,0,0,0,0,0
Mistral-7B-Instruct-v0.2 x Mistral-7B-Instruct-v0.2,Mistral-7B-Instruct-v0.2,Mistral-7B-Instruct-v0.2,flashlight_drawer_shelf,mutual_coop,96,1,drawer,2,0,0,0,0,0,0,0,0,0,0,0,0,0,0,0,0,0,0,0,0
Mistral-7B-Instruct-v0.2 x Mistral-7B-Instruct-v0.2,Mistral-7B-Instruct-v0.2,Mistral-7B-Instruct-v0.2,flashlight_drawer_shelf,asym_coop,97,0,shelf,2,0,0,0,0,0,0,0,0,0,0,0,0,0,0,0,0,0,0,0,0
Mistral-7B-Instruct-v0.2 x Mistral-7B-Instruct-v0.2,Mistral-7B-Instruct-v0.2,Mistral-7B-Instruct-v0.2,flashlight_drawer_shelf,asym_adv,98,1,drawer,4,0,0,0,0,0,0,0,0,0,0,0,0,0,0,0,0,0,0,0,0
Mistral-7B-Instruct-v0.2 x Mistral-7B-Instruct-v0.2,Mistral-7B-Instruct-v0.2,Mistral-7B-Instruct-v0.2,flashlight_drawer_shelf,conflict_coop,99,0,shelf,2,0,0,0,0,0,0,0,0,0,0,0,0,0,0,0,0,0,0,0,0
Mistral-7B-Instruct-v0.2 x Mistral-7B-Instruct-v0.2,Mistral-7B-Instruct-v0.2,Mistral-7B-Instruct-v0.2,wallet_desk_drawer,conflict_coop,9,0,desk,2,0,0,0,0,0,0,0,0,0,0,0,0,0,0,0,0,0,0,0,0
Mistral-7B-Instruct-v0.3 x Mistral-7B-Instruct-v0.3,Mistral-7B-Instruct-v0.3,Mistral-7B-Instruct-v0.3,key_in_boxes,mutual_coop,0,1,red box,2,0,0,0,0,0,0,0,0,0,0,0,0,0,0,0,0,0,0,0,0
Mistral-7B-Instruct-v0.3 x Mistral-7B-Instruct-v0.3,Mistral-7B-Instruct-v0.3,Mistral-7B-Instruct-v0.3,flashlight_drawer_shelf,conflict_adv,100,0,shelf,2,0,0,0,0,0,0,0,0,0,0,0,0,0,0,0,0,0,0,0,0
Mistral-7B-Instruct-v0.3 x Mistral-7B-Instruct-v0.3,Mistral-7B-Instruct-v0.3,Mistral-7B-Instruct-v0.3,flashlight_drawer_shelf,mutual_incoh,101,1,drawer,2,0,0,0,0,0,0,0,0,0,0,0,0,0,0,0,0,0,0,0,0
Mistral-7B-Instruct-v0.3 x Mistral-7B-Instruct-v0.3,Mistral-7B-Instruct-v0.3,Mistral-7B-Instruct-v0.3,scissors_cabinet_desk,mutual_coop,102,1,desk,2,0,0,0,0,0,0,0,0,0,0,0,0,0,0,0,0,0,0,0,0
Mistral-7B-Instruct-v0.3 x Mistral-7B-Instruct-v0.3,Mistral-7B-Instruct-v0.3,Mistral-7B-Instruct-v0.3,scissors_cabinet_desk,asym_coop,103,1,desk,2,0,0,0,0,0,0,0,0,0,0,0,0,0,0,0,0,0,0,0,0
Mistral-7B-Instruct-v0.3 x Mistral-7B-Instruct-v0.3,Mistral-7B-Instruct-v0.3,Mistral-7B-Instruct-v0.3,scissors_cabinet_desk,asym_adv,104,1,desk,2,0,0,0,0,0,0,0,0,0,0,0,0,0,0,0,0,0,0,0,0
Mistral-7B-Instruct-v0.3 x Mistral-7B-Instruct-v0.3,Mistral-7B-Instruct-v0.3,Mistral-7B-Instruct-v0.3,scissors_cabinet_desk,conflict_coop,105,1,desk,2,0,0,0,0,0,0,0,0,0,0,0,0,0,0,0,0,0,0,0,0
Mistral-7B-Instruct-v0.3 x Mistral-7B-Instruct-v0.3,Mistral-7B-Instruct-v0.3,Mistral-7B-Instruct-v0.3,scissors_cabinet_desk,conflict_adv,106,0,,8,0,0,0,1,0,0,0,0,0,0,0,1,0,0,0,0,2,0,1,0
Mistral-7B-Instruct-v0.3 x Mistral-7B-Instruct-v0.3,Mistral-7B-Instruct-v0.3,Mistral-7B-Instruct-v0.3,scissors_cabinet_desk,mutual_incoh,107,1,desk,2,0,0,0,0,0,0,0,0,0,0,0,0,0,0,0,0,0,0,0,0
Mistral-7B-Instruct-v0.3 x Mistral-7B-Instruct-v0.3,Mistral-7B-Instruct-v0.3,Mistral-7B-Instruct-v0.3,toy_bin_rug,mutual_coop,108,1,bin,2,0,0,0,0,0,0,0,0,0,0,0,0,0,0,0,0,0,0,0,0
Mistral-7B-Instruct-v0.3 x Mistral-7B-Instruct-v0.3,Mistral-7B-Instruct-v0.3,Mistral-7B-Instruct-v0.3,toy_bin_rug,asym_coop,109,1,bin,2,0,0,0,0,0,0,0,0,0,0,0,0,0,0,0,0,0,0,0,0
Mistral-7B-Instruct-v0.3 x Mistral-7B-Instruct-v0.3,Mistral-7B-Instruct-v0.3,Mistral-7B-Instruct-v0.3,wallet_desk_drawer,conflict_adv,10,1,drawer,2,0,0,0,0,0,0,0,0,0,0,0,0,0,0,0,0,0,0,0,0
Mistral-7B-Instruct-v0.3 x Mistral-7B-Instruct-v0.3,Mistral-7B-Instruct-v0.3,Mistral-7B-Instruct-v0.3,toy_bin_rug,asym_adv,110,0,rug,10,0,0,0,0,1,0,0,0,0,0,0,1,0,0,0,0,2,0,1,0
Mistral-7B-Instruct-v0.3 x Mistral-7B-Instruct-v0.3,Mistral-7B-Instruct-v0.3,Mistral-7B-Instruct-v0.3,toy_bin_rug,conflict_coop,111,1,bin,2,0,0,0,0,0,0,0,0,0,0,0,0,0,0,0,0,0,0,0,0
Mistral-7B-Instruct-v0.3 x Mistral-7B-Instruct-v0.3,Mistral-7B-Instruct-v0.3,Mistral-7B-Instruct-v0.3,toy_bin_rug,conflict_adv,112,1,bin,16,0,0,0,0,0,0,0,0,0,1,0,1,0,0,0,0,2,0,1,0
Mistral-7B-Instruct-v0.3 x Mistral-7B-Instruct-v0.3,Mistral-7B-Instruct-v0.3,Mistral-7B-Instruct-v0.3,toy_bin_rug,mutual_incoh,113,1,bin,2,0,0,0,0,0,0,0,0,0,0,0,0,0,0,0,0,0,0,0,0
Mistral-7B-Instruct-v0.3 x Mistral-7B-Instruct-v0.3,Mistral-7B-Instruct-v0.3,Mistral-7B-Instruct-v0.3,watch_dresser_nightstand,mutual_coop,114,0,,16,0,0,0,1,0,0,0,0,0,1,0,1,0,0,0,0,3,0,1,0
Mistral-7B-Instruct-v0.3 x Mistral-7B-Instruct-v0.3,Mistral-7B-Instruct-v0.3,Mistral-7B-Instruct-v0.3,watch_dresser_nightstand,asym_coop,115,1,nightstand,2,0,0,0,0,0,0,0,0,0,0,0,0,0,0,0,0,0,0,0,0
Mistral-7B-Instruct-v0.3 x Mistral-7B-Instruct-v0.3,Mistral-7B-Instruct-v0.3,Mistral-7B-Instruct-v0.3,watch_dresser_nightstand,asym_adv,116,1,nightstand,2,0,0,0,0,1,0,0,0,0,0,0,0,0,0,0,0,1,0,1,0
Mistral-7B-Instruct-v0.3 x Mistral-7B-Instruct-v0.3,Mistral-7B-Instruct-v0.3,Mistral-7B-Instruct-v0.3,watch_dresser_nightstand,conflict_coop,117,1,nightstand,2,0,0,0,0,0,0,0,0,0,0,0,0,0,0,0,0,0,0,0,0
Mistral-7B-Instruct-v0.3 x Mistral-7B-Instruct-v0.3,Mistral-7B-Instruct-v0.3,Mistral-7B-Instruct-v0.3,watch_dresser_nightstand,conflict_adv,118,1,nightstand,2,0,0,0,0,0,0,0,0,0,0,0,0,0,0,0,0,0,0,0,0
Mistral-7B-Instruct-v0.3 x Mistral-7B-Instruct-v0.3,Mistral-7B-Instruct-v0.3,Mistral-7B-Instruct-v0.3,watch_dresser_nightstand,mutual_incoh,119,1,nightstand,4,0,0,0,0,0,0,0,0,0,0,0,0,0,0,0,0,0,0,0,0
Mistral-7B-Instruct-v0.3 x Mistral-7B-Instruct-v0.3,Mistral-7B-Instruct-v0.3,Mistral-7B-Instruct-v0.3,wallet_desk_drawer,mutual_incoh,11,1,drawer,4,0,0,0,0,0,0,0,0,0,0,0,0,0,0,0,0,0,0,0,0
Mistral-7B-Instruct-v0.3 x Mistral-7B-Instruct-v0.3,Mistral-7B-Instruct-v0.3,Mistral-7B-Instruct-v0.3,candle_mantle_table,mutual_coop,120,1,mantle,2,0,0,0,0,0,0,0,0,0,0,0,0,0,0,0,0,0,0,0,0
Mistral-7B-Instruct-v0.3 x Mistral-7B-Instruct-v0.3,Mistral-7B-Instruct-v0.3,Mistral-7B-Instruct-v0.3,candle_mantle_table,asym_coop,121,1,mantle,2,0,0,0,0,0,0,0,0,0,0,0,0,0,0,0,0,0,0,0,0
Mistral-7B-Instruct-v0.3 x Mistral-7B-Instruct-v0.3,Mistral-7B-Instruct-v0.3,Mistral-7B-Instruct-v0.3,candle_mantle_table,asym_adv,122,1,mantle,4,0,0,0,0,0,0,0,0,0,0,0,0,0,0,0,0,0,0,0,0
Mistral-7B-Instruct-v0.3 x Mistral-7B-Instruct-v0.3,Mistral-7B-Instruct-v0.3,Mistral-7B-Instruct-v0.3,candle_mantle_table,conflict_coop,123,1,mantle,2,0,0,0,0,0,0,0,0,0,0,0,0,0,0,0,0,0,0,0,0
Mistral-7B-Instruct-v0.3 x Mistral-7B-Instruct-v0.3,Mistral-7B-Instruct-v0.3,Mistral-7B-Instruct-v0.3,candle_mantle_table,conflict_adv,124,0,table,6,0,0,0,0,0,0,0,0,0,0,0,0,0,0,0,0,0,0,0,0
Mistral-7B-Instruct-v0.3 x Mistral-7B-Instruct-v0.3,Mistral-7B-Instruct-v0.3,Mistral-7B-Instruct-v0.3,candle_mantle_table,mutual_incoh,125,1,mantle,2,0,0,0,0,0,0,0,0,0,0,0,0,0,0,0,0,0,0,0,0
Mistral-7B-Instruct-v0.3 x Mistral-7B-Instruct-v0.3,Mistral-7B-Instruct-v0.3,Mistral-7B-Instruct-v0.3,fork_drawer_counter,mutual_coop,126,1,counter,16,0,0,0,0,0,0,0,0,0,1,0,1,0,0,0,0,2,0,1,0
Mistral-7B-Instruct-v0.3 x Mistral-7B-Instruct-v0.3,Mistral-7B-Instruct-v0.3,Mistral-7B-Instruct-v0.3,fork_drawer_counter,asym_coop,127,1,counter,2,0,0,0,0,0,0,0,0,0,0,0,0,0,0,0,0,0,0,0,0
Mistral-7B-Instruct-v0.3 x Mistral-7B-Instruct-v0.3,Mistral-7B-Instruct-v0.3,Mistral-7B-Instruct-v0.3,fork_drawer_counter,asym_adv,128,1,counter,2,0,0,0,0,0,0,0,0,0,0,0,0,0,0,0,0,0,0,0,0
Mistral-7B-Instruct-v0.3 x Mistral-7B-Instruct-v0.3,Mistral-7B-Instruct-v0.3,Mistral-7B-Instruct-v0.3,fork_drawer_counter,conflict_coop,129,1,counter,2,0,0,0,0,0,0,0,0,0,0,0,0,0,0,0,0,0,0,0,0
Mistral-7B-Instruct-v0.3 x Mistral-7B-Instruct-v0.3,Mistral-7B-Instruct-v0.3,Mistral-7B-Instruct-v0.3,package_door_porch,mutual_coop,12,1,back porch,2,0,0,0,0,0,0,0,0,0,0,0,0,0,0,0,0,0,0,0,0
Mistral-7B-Instruct-v0.3 x Mistral-7B-Instruct-v0.3,Mistral-7B-Instruct-v0.3,Mistral-7B-Instruct-v0.3,fork_drawer_counter,conflict_adv,130,0,drawer,2,0,0,0,0,0,0,0,0,0,0,0,0,0,0,0,0,0,0,0,0
Mistral-7B-Instruct-v0.3 x Mistral-7B-Instruct-v0.3,Mistral-7B-Instruct-v0.3,Mistral-7B-Instruct-v0.3,fork_drawer_counter,mutual_incoh,131,1,counter,2,0,0,0,0,0,0,0,0,0,0,0,0,0,0,0,0,0,0,0,0
Mistral-7B-Instruct-v0.3 x Mistral-7B-Instruct-v0.3,Mistral-7B-Instruct-v0.3,Mistral-7B-Instruct-v0.3,ticket_pocket_bag,mutual_coop,132,0,,16,0,0,0,1,0,0,0,0,0,1,0,1,0,0,0,0,3,0,1,0
Mistral-7B-Instruct-v0.3 x Mistral-7B-Instruct-v0.3,Mistral-7B-Instruct-v0.3,Mistral-7B-Instruct-v0.3,ticket_pocket_bag,asym_coop,133,1,pocket,2,0,0,0,0,0,0,0,0,0,0,0,0,0,0,0,0,0,0,0,0
Mistral-7B-Instruct-v0.3 x Mistral-7B-Instruct-v0.3,Mistral-7B-Instruct-v0.3,Mistral-7B-Instruct-v0.3,ticket_pocket_bag,asym_adv,134,1,pocket,2,0,0,0,0,0,0,0,0,0,0,0,0,0,0,0,0,0,0,0,0
Mistral-7B-Instruct-v0.3 x Mistral-7B-Instruct-v0.3,Mistral-7B-Instruct-v0.3,Mistral-7B-Instruct-v0.3,ticket_pocket_bag,conflict_coop,135,1,pocket,2,0,0,0,0,0,0,0,0,0,0,0,0,0,0,0,0,0,0,0,0
Mistral-7B-Instruct-v0.3 x Mistral-7B-Instruct-v0.3,Mistral-7B-Instruct-v0.3,Mistral-7B-Instruct-v0.3,ticket_pocket_bag,conflict_adv,136,0,bag,2,0,0,0,0,0,0,0,0,0,0,0,0,0,0,0,0,0,0,0,0
Mistral-7B-Instruct-v0.3 x Mistral-7B-Instruct-v0.3,Mistral-7B-Instruct-v0.3,Mistral-7B-Instruct-v0.3,ticket_pocket_bag,mutual_incoh,137,1,pocket,2,0,0,0,0,0,0,0,0,0,0,0,0,0,0,0,0,0,0,0,0
Mistral-7B-Instruct-v0.3 x Mistral-7B-Instruct-v0.3,Mistral-7B-Instruct-v0.3,Mistral-7B-Instruct-v0.3,map_table_wall,mutual_coop,138,1,wall,2,0,0,0,0,0,0,0,0,0,0,0,0,0,0,0,0,0,0,0,0
Mistral-7B-Instruct-v0.3 x Mistral-7B-Instruct-v0.3,Mistral-7B-Instruct-v0.3,Mistral-7B-Instruct-v0.3,map_table_wall,asym_coop,139,1,wall,2,0,0,0,0,0,0,0,0,0,0,0,0,0,0,0,0,0,0,0,0
Mistral-7B-Instruct-v0.3 x Mistral-7B-Instruct-v0.3,Mistral-7B-Instruct-v0.3,Mistral-7B-Instruct-v0.3,package_door_porch,asym_coop,13,1,back porch,2,0,0,0,0,0,0,0,0,0,0,0,0,0,0,0,0,0,0,0,0
Mistral-7B-Instruct-v0.3 x Mistral-7B-Instruct-v0.3,Mistral-7B-Instruct-v0.3,Mistral-7B-Instruct-v0.3,map_table_wall,asym_adv,140,1,wall,16,0,1,0,0,0,0,0,0,0,1,0,1,0,0,0,1,2,0,1,1
Mistral-7B-Instruct-v0.3 x Mistral-7B-Instruct-v0.3,Mistral-7B-Instruct-v0.3,Mistral-7B-Instruct-v0.3,map_table_wall,conflict_coop,141,1,wall,2,0,0,0,0,0,0,0,0,0,0,0,0,0,0,0,0,0,0,0,0
Mistral-7B-Instruct-v0.3 x Mistral-7B-Instruct-v0.3,Mistral-7B-Instruct-v0.3,Mistral-7B-Instruct-v0.3,map_table_wall,conflict_adv,142,1,wall,16,0,0,0,0,0,0,0,0,0,1,0,1,0,0,0,0,2,0,1,0
Mistral-7B-Instruct-v0.3 x Mistral-7B-Instruct-v0.3,Mistral-7B-Instruct-v0.3,Mistral-7B-Instruct-v0.3,map_table_wall,mutual_incoh,143,1,wall,2,0,0,0,0,0,0,0,0,0,0,0,0,0,0,0,0,0,0,0,0
Mistral-7B-Instruct-v0.3 x Mistral-7B-Instruct-v0.3,Mistral-7B-Instruct-v0.3,Mistral-7B-Instruct-v0.3,broom_closet_corner,mutual_coop,144,1,closet,12,0,0,0,0,0,0,0,0,0,0,0,1,0,0,0,0,1,0,1,0
Mistral-7B-Instruct-v0.3 x Mistral-7B-Instruct-v0.3,Mistral-7B-Instruct-v0.3,Mistral-7B-Instruct-v0.3,broom_closet_corner,asym_coop,145,1,closet,2,0,0,0,0,0,0,0,0,0,0,0,0,0,0,0,0,0,0,0,0
Mistral-7B-Instruct-v0.3 x Mistral-7B-Instruct-v0.3,Mistral-7B-Instruct-v0.3,Mistral-7B-Instruct-v0.3,broom_closet_corner,asym_adv,146,0,corner,16,0,0,0,0,0,0,0,0,0,1,0,1,0,0,0,0,2,0,1,0
Mistral-7B-Instruct-v0.3 x Mistral-7B-Instruct-v0.3,Mistral-7B-Instruct-v0.3,Mistral-7B-Instruct-v0.3,broom_closet_corner,conflict_coop,147,1,closet,2,0,0,0,0,0,0,0,0,0,0,0,0,0,0,0,0,0,0,0,0
Mistral-7B-Instruct-v0.3 x Mistral-7B-Instruct-v0.3,Mistral-7B-Instruct-v0.3,Mistral-7B-Instruct-v0.3,broom_closet_corner,conflict_adv,148,1,closet,8,0,0,0,0,0,0,0,0,0,0,0,1,0,0,0,0,1,0,1,0
Mistral-7B-Instruct-v0.3 x Mistral-7B-Instruct-v0.3,Mistral-7B-Instruct-v0.3,Mistral-7B-Instruct-v0.3,broom_closet_corner,mutual_incoh,149,1,closet,6,0,0,0,0,0,0,0,0,0,0,0,0,0,0,0,0,0,0,0,0
Mistral-7B-Instruct-v0.3 x Mistral-7B-Instruct-v0.3,Mistral-7B-Instruct-v0.3,Mistral-7B-Instruct-v0.3,package_door_porch,asym_adv,14,0,front door,6,0,0,0,0,0,0,0,0,0,0,0,1,0,0,0,0,1,0,1,0
Mistral-7B-Instruct-v0.3 x Mistral-7B-Instruct-v0.3,Mistral-7B-Instruct-v0.3,Mistral-7B-Instruct-v0.3,camera_bag_shelf,mutual_coop,150,1,shelf,16,0,0,0,0,0,0,0,0,0,1,0,1,0,0,0,0,2,0,1,0
Mistral-7B-Instruct-v0.3 x Mistral-7B-Instruct-v0.3,Mistral-7B-Instruct-v0.3,Mistral-7B-Instruct-v0.3,camera_bag_shelf,asym_coop,151,1,shelf,16,0,1,0,0,0,0,0,0,1,1,0,1,0,0,0,1,3,0,1,1
Mistral-7B-Instruct-v0.3 x Mistral-7B-Instruct-v0.3,Mistral-7B-Instruct-v0.3,Mistral-7B-Instruct-v0.3,camera_bag_shelf,asym_adv,152,1,shelf,2,0,0,0,0,0,0,0,0,0,0,0,0,0,0,0,0,0,0,0,0
Mistral-7B-Instruct-v0.3 x Mistral-7B-Instruct-v0.3,Mistral-7B-Instruct-v0.3,Mistral-7B-Instruct-v0.3,camera_bag_shelf,conflict_coop,153,1,shelf,2,0,0,0,0,0,0,0,0,0,0,0,0,0,0,0,0,0,0,0,0
Mistral-7B-Instruct-v0.3 x Mistral-7B-Instruct-v0.3,Mistral-7B-Instruct-v0.3,Mistral-7B-Instruct-v0.3,camera_bag_shelf,conflict_adv,154,0,bag,2,0,0,0,0,0,0,0,0,0,0,0,0,0,0,0,0,0,0,0,0
Mistral-7B-Instruct-v0.3 x Mistral-7B-Instruct-v0.3,Mistral-7B-Instruct-v0.3,Mistral-7B-Instruct-v0.3,camera_bag_shelf,mutual_incoh,155,1,shelf,4,0,0,0,0,0,0,0,0,0,0,0,0,0,0,0,0,0,0,0,0
Mistral-7B-Instruct-v0.3 x Mistral-7B-Instruct-v0.3,Mistral-7B-Instruct-v0.3,Mistral-7B-Instruct-v0.3,brush_drawer_counter,mutual_coop,156,1,drawer,4,0,0,0,0,0,0,0,0,0,0,0,1,0,0,0,0,1,0,1,0
Mistral-7B-Instruct-v0.3 x Mistral-7B-Instruct-v0.3,Mistral-7B-Instruct-v0.3,Mistral-7B-Instruct-v0.3,brush_drawer_counter,asym_coop,157,0,,5,0,0,0,1,0,0,0,0,0,0,0,1,0,0,0,0,2,0,1,0
Mistral-7B-Instruct-v0.3 x Mistral-7B-Instruct-v0.3,Mistral-7B-Instruct-v0.3,Mistral-7B-Instruct-v0.3,brush_drawer_counter,asym_adv,158,1,drawer,4,0,0,0,0,0,0,0,0,0,0,0,0,0,0,0,0,0,0,0,0
Mistral-7B-Instruct-v0.3 x Mistral-7B-Instruct-v0.3,Mistral-7B-Instruct-v0.3,Mistral-7B-Instruct-v0.3,brush_drawer_counter,conflict_coop,159,0,,6,0,0,0,1,0,0,0,0,0,0,0,1,0,0,0,0,2,0,1,0
Mistral-7B-Instruct-v0.3 x Mistral-7B-Instruct-v0.3,Mistral-7B-Instruct-v0.3,Mistral-7B-Instruct-v0.3,package_door_porch,conflict_coop,15,1,back porch,2,0,0,0,0,0,0,0,0,0,0,0,0,0,0,0,0,0,0,0,0
Mistral-7B-Instruct-v0.3 x Mistral-7B-Instruct-v0.3,Mistral-7B-Instruct-v0.3,Mistral-7B-Instruct-v0.3,brush_drawer_counter,conflict_adv,160,0,counter,2,0,0,0,0,0,0,0,0,0,0,0,0,0,0,0,0,0,0,0,0
Mistral-7B-Instruct-v0.3 x Mistral-7B-Instruct-v0.3,Mistral-7B-Instruct-v0.3,Mistral-7B-Instruct-v0.3,brush_drawer_counter,mutual_incoh,161,1,drawer,2,0,0,0,0,0,0,0,0,0,0,0,0,0,0,0,0,0,0,0,0
Mistral-7B-Instruct-v0.3 x Mistral-7B-Instruct-v0.3,Mistral-7B-Instruct-v0.3,Mistral-7B-Instruct-v0.3,spoon_cup_bowl,mutual_coop,162,1,bowl,2,0,0,0,0,0,0,0,0,0,0,0,0,0,0,0,0,0,0,0,0
Mistral-7B-Instruct-v0.3 x Mistral-7B-Instruct-v0.3,Mistral-7B-Instruct-v0.3,Mistral-7B-Instruct-v0.3,spoon_cup_bowl,asym_coop,163,1,bowl,2,0,0,0,0,0,0,0,0,0,0,0,0,0,0,0,0,0,0,0,0
Mistral-7B-Instruct-v0.3 x Mistral-7B-Instruct-v0.3,Mistral-7B-Instruct-v0.3,Mistral-7B-Instruct-v0.3,spoon_cup_bowl,asym_adv,164,1,bowl,2,0,0,0,0,0,0,0,0,0,0,0,0,0,0,0,0,0,0,0,0
Mistral-7B-Instruct-v0.3 x Mistral-7B-Instruct-v0.3,Mistral-7B-Instruct-v0.3,Mistral-7B-Instruct-v0.3,spoon_cup_bowl,conflict_coop,165,1,bowl,2,0,0,0,0,0,0,0,0,0,0,0,0,0,0,0,0,0,0,0,0
Mistral-7B-Instruct-v0.3 x Mistral-7B-Instruct-v0.3,Mistral-7B-Instruct-v0.3,Mistral-7B-Instruct-v0.3,spoon_cup_bowl,conflict_adv,166,0,cup,12,0,0,0,0,0,0,0,0,0,0,0,0,0,0,0,0,0,0,0,0
Mistral-7B-Instruct-v0.3 x Mistral-7B-Instruct-v0.3,Mistral-7B-Instruct-v0.3,Mistral-7B-Instruct-v0.3,spoon_cup_bowl,mutual_incoh,167,1,bowl,2,0,0,0,0,0,0,0,0,0,0,0,0,0,0,0,0,0,0,0,0
Mistral-7B-Instruct-v0.3 x Mistral-7B-Instruct-v0.3,Mistral-7B-Instruct-v0.3,Mistral-7B-Instruct-v0.3,badge_desk_hook,mutual_coop,168,0,,5,0,1,0,1,0,0,0,0,0,0,0,1,0,0,0,1,2,0,1,1
Mistral-7B-Instruct-v0.3 x Mistral-7B-Instruct-v0.3,Mistral-7B-Instruct-v0.3,Mistral-7B-Instruct-v0.3,badge_desk_hook,asym_coop,169,0,,16,0,0,0,1,0,0,0,0,0,1,0,1,0,0,0,0,3,0,1,0
Mistral-7B-Instruct-v0.3 x Mistral-7B-Instruct-v0.3,Mistral-7B-Instruct-v0.3,Mistral-7B-Instruct-v0.3,package_door_porch,conflict_adv,16,1,back porch,16,0,0,0,0,0,0,0,0,0,1,0,1,0,0,0,0,2,0,1,0
Mistral-7B-Instruct-v0.3 x Mistral-7B-Instruct-v0.3,Mistral-7B-Instruct-v0.3,Mistral-7B-Instruct-v0.3,badge_desk_hook,asym_adv,170,1,desk,4,0,0,0,0,0,0,0,0,0,0,0,0,0,0,0,0,0,0,0,0
Mistral-7B-Instruct-v0.3 x Mistral-7B-Instruct-v0.3,Mistral-7B-Instruct-v0.3,Mistral-7B-Instruct-v0.3,badge_desk_hook,conflict_coop,171,1,desk,2,0,0,0,0,0,0,0,0,0,0,0,0,0,0,0,0,0,0,0,0
Mistral-7B-Instruct-v0.3 x Mistral-7B-Instruct-v0.3,Mistral-7B-Instruct-v0.3,Mistral-7B-Instruct-v0.3,badge_desk_hook,conflict_adv,172,0,,16,0,0,0,1,0,0,0,0,0,1,0,1,0,0,0,0,3,0,1,0
Mistral-7B-Instruct-v0.3 x Mistral-7B-Instruct-v0.3,Mistral-7B-Instruct-v0.3,Mistral-7B-Instruct-v0.3,badge_desk_hook,mutual_incoh,173,0,,2,0,0,0,1,0,0,0,0,0,0,0,0,0,0,0,0,1,0,1,0
Mistral-7B-Instruct-v0.3 x Mistral-7B-Instruct-v0.3,Mistral-7B-Instruct-v0.3,Mistral-7B-Instruct-v0.3,lantern_tent_truck,mutual_coop,174,1,truck,2,0,0,0,0,0,0,0,0,0,0,0,0,0,0,0,0,0,0,0,0
Mistral-7B-Instruct-v0.3 x Mistral-7B-Instruct-v0.3,Mistral-7B-Instruct-v0.3,Mistral-7B-Instruct-v0.3,lantern_tent_truck,asym_coop,175,1,truck,2,0,0,0,0,0,0,0,0,0,0,0,0,0,0,0,0,0,0,0,0
Mistral-7B-Instruct-v0.3 x Mistral-7B-Instruct-v0.3,Mistral-7B-Instruct-v0.3,Mistral-7B-Instruct-v0.3,lantern_tent_truck,asym_adv,176,0,tent,6,0,0,0,0,0,0,0,0,0,0,0,1,0,0,0,0,1,0,1,0
Mistral-7B-Instruct-v0.3 x Mistral-7B-Instruct-v0.3,Mistral-7B-Instruct-v0.3,Mistral-7B-Instruct-v0.3,lantern_tent_truck,conflict_coop,177,1,truck,2,0,0,0,0,0,0,0,0,0,0,0,0,0,0,0,0,0,0,0,0
Mistral-7B-Instruct-v0.3 x Mistral-7B-Instruct-v0.3,Mistral-7B-Instruct-v0.3,Mistral-7B-Instruct-v0.3,lantern_tent_truck,conflict_adv,178,1,truck,2,0,0,0,0,1,0,0,0,0,0,0,0,0,0,0,0,1,0,1,0
Mistral-7B-Instruct-v0.3 x Mistral-7B-Instruct-v0.3,Mistral-7B-Instruct-v0.3,Mistral-7B-Instruct-v0.3,lantern_tent_truck,mutual_incoh,179,1,truck,8,0,0,0,0,0,0,0,0,0,0,0,1,0,0,0,0,1,0,1,0
Mistral-7B-Instruct-v0.3 x Mistral-7B-Instruct-v0.3,Mistral-7B-Instruct-v0.3,Mistral-7B-Instruct-v0.3,package_door_porch,mutual_incoh,17,1,back porch,16,0,1,0,0,0,0,0,0,0,1,0,1,0,0,0,1,2,0,1,1
Mistral-7B-Instruct-v0.3 x Mistral-7B-Instruct-v0.3,Mistral-7B-Instruct-v0.3,Mistral-7B-Instruct-v0.3,blanket_bed_chair,mutual_coop,180,1,bed,2,0,0,0,0,0,0,0,0,0,0,0,0,0,0,0,0,0,0,0,0
Mistral-7B-Instruct-v0.3 x Mistral-7B-Instruct-v0.3,Mistral-7B-Instruct-v0.3,Mistral-7B-Instruct-v0.3,blanket_bed_chair,asym_coop,181,1,bed,2,0,0,0,0,0,0,0,0,0,0,0,0,0,0,0,0,0,0,0,0
Mistral-7B-Instruct-v0.3 x Mistral-7B-Instruct-v0.3,Mistral-7B-Instruct-v0.3,Mistral-7B-Instruct-v0.3,blanket_bed_chair,asym_adv,182,1,bed,16,0,0,0,0,0,0,0,0,0,1,0,1,0,0,0,0,2,0,1,0
Mistral-7B-Instruct-v0.3 x Mistral-7B-Instruct-v0.3,Mistral-7B-Instruct-v0.3,Mistral-7B-Instruct-v0.3,blanket_bed_chair,conflict_coop,183,1,bed,2,0,0,0,0,0,0,0,0,0,0,0,0,0,0,0,0,0,0,0,0
Mistral-7B-Instruct-v0.3 x Mistral-7B-Instruct-v0.3,Mistral-7B-Instruct-v0.3,Mistral-7B-Instruct-v0.3,blanket_bed_chair,conflict_adv,184,1,bed,2,0,0,0,0,0,0,0,0,0,0,0,0,0,0,0,0,0,0,0,0
Mistral-7B-Instruct-v0.3 x Mistral-7B-Instruct-v0.3,Mistral-7B-Instruct-v0.3,Mistral-7B-Instruct-v0.3,blanket_bed_chair,mutual_incoh,185,1,bed,2,0,0,0,0,0,0,0,0,0,0,0,0,0,0,0,0,0,0,0,0
Mistral-7B-Instruct-v0.3 x Mistral-7B-Instruct-v0.3,Mistral-7B-Instruct-v0.3,Mistral-7B-Instruct-v0.3,tape_drawer_shelf,mutual_coop,186,1,shelf,16,0,0,0,0,0,0,0,0,0,1,0,1,0,0,0,0,2,0,1,0
Mistral-7B-Instruct-v0.3 x Mistral-7B-Instruct-v0.3,Mistral-7B-Instruct-v0.3,Mistral-7B-Instruct-v0.3,tape_drawer_shelf,asym_coop,187,1,shelf,16,0,1,0,0,0,0,0,0,0,1,0,1,0,0,0,1,2,0,1,1
Mistral-7B-Instruct-v0.3 x Mistral-7B-Instruct-v0.3,Mistral-7B-Instruct-v0.3,Mistral-7B-Instruct-v0.3,tape_drawer_shelf,asym_adv,188,1,shelf,4,0,0,0,0,1,0,0,0,0,0,0,0,0,0,0,0,1,0,1,0
Mistral-7B-Instruct-v0.3 x Mistral-7B-Instruct-v0.3,Mistral-7B-Instruct-v0.3,Mistral-7B-Instruct-v0.3,tape_drawer_shelf,conflict_coop,189,1,shelf,2,0,0,0,0,0,0,0,0,0,0,0,0,0,0,0,0,0,0,0,0
Mistral-7B-Instruct-v0.3 x Mistral-7B-Instruct-v0.3,Mistral-7B-Instruct-v0.3,Mistral-7B-Instruct-v0.3,phone_table_couch,mutual_coop,18,1,table,16,0,0,0,0,0,0,0,0,1,1,0,1,0,0,0,0,3,0,1,0
Mistral-7B-Instruct-v0.3 x Mistral-7B-Instruct-v0.3,Mistral-7B-Instruct-v0.3,Mistral-7B-Instruct-v0.3,tape_drawer_shelf,conflict_adv,190,0,drawer,2,0,0,0,0,0,0,0,0,0,0,0,0,0,0,0,0,0,0,0,0
Mistral-7B-Instruct-v0.3 x Mistral-7B-Instruct-v0.3,Mistral-7B-Instruct-v0.3,Mistral-7B-Instruct-v0.3,tape_drawer_shelf,mutual_incoh,191,1,shelf,2,0,0,0,0,0,0,0,0,0,0,0,0,0,0,0,0,0,0,0,0
Mistral-7B-Instruct-v0.3 x Mistral-7B-Instruct-v0.3,Mistral-7B-Instruct-v0.3,Mistral-7B-Instruct-v0.3,charger_desk_bed,mutual_coop,192,1,desk,14,0,0,0,0,0,0,0,0,0,0,0,1,0,0,0,0,1,0,1,0
Mistral-7B-Instruct-v0.3 x Mistral-7B-Instruct-v0.3,Mistral-7B-Instruct-v0.3,Mistral-7B-Instruct-v0.3,charger_desk_bed,asym_coop,193,1,desk,16,0,0,0,0,0,0,0,0,0,1,0,1,0,0,0,0,2,0,1,0
Mistral-7B-Instruct-v0.3 x Mistral-7B-Instruct-v0.3,Mistral-7B-Instruct-v0.3,Mistral-7B-Instruct-v0.3,charger_desk_bed,asym_adv,194,0,bed,4,0,0,0,0,0,0,0,0,0,0,0,0,0,0,0,0,0,0,0,0
Mistral-7B-Instruct-v0.3 x Mistral-7B-Instruct-v0.3,Mistral-7B-Instruct-v0.3,Mistral-7B-Instruct-v0.3,charger_desk_bed,conflict_coop,195,1,desk,2,0,0,0,0,0,0,0,0,0,0,0,0,0,0,0,0,0,0,0,0
Mistral-7B-Instruct-v0.3 x Mistral-7B-Instruct-v0.3,Mistral-7B-Instruct-v0.3,Mistral-7B-Instruct-v0.3,charger_desk_bed,conflict_adv,196,1,desk,2,0,0,0,0,0,0,0,0,0,0,0,0,0,0,0,0,0,0,0,0
Mistral-7B-Instruct-v0.3 x Mistral-7B-Instruct-v0.3,Mistral-7B-Instruct-v0.3,Mistral-7B-Instruct-v0.3,charger_desk_bed,mutual_incoh,197,0,,14,0,0,0,1,0,0,0,0,0,0,0,1,0,0,0,0,2,0,1,0
Mistral-7B-Instruct-v0.3 x Mistral-7B-Instruct-v0.3,Mistral-7B-Instruct-v0.3,Mistral-7B-Instruct-v0.3,bottle_fridge_counter,mutual_coop,198,0,,12,0,1,0,1,0,0,0,0,0,0,0,1,0,0,0,1,2,0,1,1
Mistral-7B-Instruct-v0.3 x Mistral-7B-Instruct-v0.3,Mistral-7B-Instruct-v0.3,Mistral-7B-Instruct-v0.3,bottle_fridge_counter,asym_coop,199,1,counter,2,0,0,0,0,0,0,0,0,0,0,0,0,0,0,0,0,0,0,0,0
Mistral-7B-Instruct-v0.3 x Mistral-7B-Instruct-v0.3,Mistral-7B-Instruct-v0.3,Mistral-7B-Instruct-v0.3,phone_table_couch,asym_coop,19,1,table,2,0,0,0,0,0,0,0,0,0,0,0,0,0,0,0,0,0,0,0,0
Mistral-7B-Instruct-v0.3 x Mistral-7B-Instruct-v0.3,Mistral-7B-Instruct-v0.3,Mistral-7B-Instruct-v0.3,key_in_boxes,asym_coop,1,1,red box,2,0,0,0,0,0,0,0,0,0,0,0,0,0,0,0,0,0,0,0,0
Mistral-7B-Instruct-v0.3 x Mistral-7B-Instruct-v0.3,Mistral-7B-Instruct-v0.3,Mistral-7B-Instruct-v0.3,bottle_fridge_counter,asym_adv,200,1,counter,4,0,0,0,0,1,0,0,0,0,0,0,0,0,0,0,0,1,0,1,0
Mistral-7B-Instruct-v0.3 x Mistral-7B-Instruct-v0.3,Mistral-7B-Instruct-v0.3,Mistral-7B-Instruct-v0.3,bottle_fridge_counter,conflict_coop,201,1,counter,2,0,0,0,0,0,0,0,0,0,0,0,0,0,0,0,0,0,0,0,0
Mistral-7B-Instruct-v0.3 x Mistral-7B-Instruct-v0.3,Mistral-7B-Instruct-v0.3,Mistral-7B-Instruct-v0.3,bottle_fridge_counter,conflict_adv,202,1,counter,4,0,0,0,0,0,0,0,0,0,0,0,0,0,0,0,0,0,0,0,0
Mistral-7B-Instruct-v0.3 x Mistral-7B-Instruct-v0.3,Mistral-7B-Instruct-v0.3,Mistral-7B-Instruct-v0.3,bottle_fridge_counter,mutual_incoh,203,1,counter,2,0,0,0,0,0,0,0,0,0,0,0,0,0,0,0,0,0,0,0,0
Mistral-7B-Instruct-v0.3 x Mistral-7B-Instruct-v0.3,Mistral-7B-Instruct-v0.3,Mistral-7B-Instruct-v0.3,notebook_desk_backpack,mutual_coop,204,1,desk,2,0,0,0,0,0,0,0,0,0,0,0,0,0,0,0,0,0,0,0,0
Mistral-7B-Instruct-v0.3 x Mistral-7B-Instruct-v0.3,Mistral-7B-Instruct-v0.3,Mistral-7B-Instruct-v0.3,notebook_desk_backpack,asym_coop,205,1,desk,2,0,0,0,0,0,0,0,0,0,0,0,0,0,0,0,0,0,0,0,0
Mistral-7B-Instruct-v0.3 x Mistral-7B-Instruct-v0.3,Mistral-7B-Instruct-v0.3,Mistral-7B-Instruct-v0.3,notebook_desk_backpack,asym_adv,206,1,desk,4,0,0,0,0,0,0,0,0,0,0,0,0,0,0,0,0,0,0,0,0
Mistral-7B-Instruct-v0.3 x Mistral-7B-Instruct-v0.3,Mistral-7B-Instruct-v0.3,Mistral-7B-Instruct-v0.3,notebook_desk_backpack,conflict_coop,207,1,desk,2,0,0,0,0,0,0,0,0,0,0,0,0,0,0,0,0,0,0,0,0
Mistral-7B-Instruct-v0.3 x Mistral-7B-Instruct-v0.3,Mistral-7B-Instruct-v0.3,Mistral-7B-Instruct-v0.3,notebook_desk_backpack,conflict_adv,208,1,desk,2,0,0,0,0,0,0,0,0,0,0,0,0,0,0,0,0,0,0,0,0
Mistral-7B-Instruct-v0.3 x Mistral-7B-Instruct-v0.3,Mistral-7B-Instruct-v0.3,Mistral-7B-Instruct-v0.3,notebook_desk_backpack,mutual_incoh,209,1,desk,2,0,0,0,0,0,0,0,0,0,0,0,0,0,0,0,0,0,0,0,0
Mistral-7B-Instruct-v0.3 x Mistral-7B-Instruct-v0.3,Mistral-7B-Instruct-v0.3,Mistral-7B-Instruct-v0.3,phone_table_couch,asym_adv,20,1,table,4,0,0,0,0,0,0,0,0,0,0,0,1,0,0,0,0,1,0,1,0
Mistral-7B-Instruct-v0.3 x Mistral-7B-Instruct-v0.3,Mistral-7B-Instruct-v0.3,Mistral-7B-Instruct-v0.3,wrench_bench_toolbox,mutual_coop,210,1,toolbox,16,0,0,0,0,0,0,0,0,1,1,0,1,0,0,0,0,3,0,1,0
Mistral-7B-Instruct-v0.3 x Mistral-7B-Instruct-v0.3,Mistral-7B-Instruct-v0.3,Mistral-7B-Instruct-v0.3,wrench_bench_toolbox,asym_coop,211,0,,5,0,1,0,1,0,0,0,0,0,0,0,1,0,0,0,1,2,0,1,1
Mistral-7B-Instruct-v0.3 x Mistral-7B-Instruct-v0.3,Mistral-7B-Instruct-v0.3,Mistral-7B-Instruct-v0.3,wrench_bench_toolbox,asym_adv,212,1,toolbox,4,0,0,0,0,0,1,0,0,0,0,0,0,0,0,0,0,1,0,1,0
Mistral-7B-Instruct-v0.3 x Mistral-7B-Instruct-v0.3,Mistral-7B-Instruct-v0.3,Mistral-7B-Instruct-v0.3,wrench_bench_toolbox,conflict_coop,213,1,toolbox,2,0,0,0,0,0,0,0,0,0,0,0,0,0,0,0,0,0,0,0,0
Mistral-7B-Instruct-v0.3 x Mistral-7B-Instruct-v0.3,Mistral-7B-Instruct-v0.3,Mistral-7B-Instruct-v0.3,wrench_bench_toolbox,conflict_adv,214,0,,16,0,0,0,1,0,0,0,0,1,1,0,1,0,0,0,0,4,0,1,0
Mistral-7B-Instruct-v0.3 x Mistral-7B-Instruct-v0.3,Mistral-7B-Instruct-v0.3,Mistral-7B-Instruct-v0.3,wrench_bench_toolbox,mutual_incoh,215,1,toolbox,2,0,0,0,0,0,1,0,0,0,0,0,0,0,0,0,0,1,0,1,0
Mistral-7B-Instruct-v0.3 x Mistral-7B-Instruct-v0.3,Mistral-7B-Instruct-v0.3,Mistral-7B-Instruct-v0.3,pillow_bed_couch,mutual_coop,216,1,bed,16,0,1,0,0,0,0,0,0,0,1,0,1,0,0,0,1,2,0,1,1
Mistral-7B-Instruct-v0.3 x Mistral-7B-Instruct-v0.3,Mistral-7B-Instruct-v0.3,Mistral-7B-Instruct-v0.3,pillow_bed_couch,asym_coop,217,1,bed,2,0,0,0,0,0,0,0,0,0,0,0,0,0,0,0,0,0,0,0,0
Mistral-7B-Instruct-v0.3 x Mistral-7B-Instruct-v0.3,Mistral-7B-Instruct-v0.3,Mistral-7B-Instruct-v0.3,pillow_bed_couch,asym_adv,218,0,couch,4,0,0,0,0,0,0,0,0,0,0,0,0,0,0,0,0,0,0,0,0
Mistral-7B-Instruct-v0.3 x Mistral-7B-Instruct-v0.3,Mistral-7B-Instruct-v0.3,Mistral-7B-Instruct-v0.3,pillow_bed_couch,conflict_coop,219,1,bed,2,0,0,0,0,0,0,0,0,0,0,0,0,0,0,0,0,0,0,0,0
Mistral-7B-Instruct-v0.3 x Mistral-7B-Instruct-v0.3,Mistral-7B-Instruct-v0.3,Mistral-7B-Instruct-v0.3,phone_table_couch,conflict_coop,21,1,table,2,0,0,0,0,0,0,0,0,0,0,0,0,0,0,0,0,0,0,0,0
Mistral-7B-Instruct-v0.3 x Mistral-7B-Instruct-v0.3,Mistral-7B-Instruct-v0.3,Mistral-7B-Instruct-v0.3,pillow_bed_couch,conflict_adv,220,0,couch,2,0,0,0,0,0,0,0,0,0,0,0,0,0,0,0,0,0,0,0,0
Mistral-7B-Instruct-v0.3 x Mistral-7B-Instruct-v0.3,Mistral-7B-Instruct-v0.3,Mistral-7B-Instruct-v0.3,pillow_bed_couch,mutual_incoh,221,1,bed,2,0,0,0,0,0,0,0,0,0,0,0,0,0,0,0,0,0,0,0,0
Mistral-7B-Instruct-v0.3 x Mistral-7B-Instruct-v0.3,Mistral-7B-Instruct-v0.3,Mistral-7B-Instruct-v0.3,hammer_shelf_floor,mutual_coop,222,1,floor,16,0,0,0,0,0,0,0,0,1,1,0,1,0,0,0,0,3,0,1,0
Mistral-7B-Instruct-v0.3 x Mistral-7B-Instruct-v0.3,Mistral-7B-Instruct-v0.3,Mistral-7B-Instruct-v0.3,hammer_shelf_floor,asym_coop,223,0,,13,0,1,0,1,0,0,0,0,0,0,0,1,0,0,0,1,2,0,1,1
Mistral-7B-Instruct-v0.3 x Mistral-7B-Instruct-v0.3,Mistral-7B-Instruct-v0.3,Mistral-7B-Instruct-v0.3,hammer_shelf_floor,asym_adv,224,1,floor,2,0,0,0,0,0,0,0,0,0,0,0,0,0,0,0,0,0,0,0,0
Mistral-7B-Instruct-v0.3 x Mistral-7B-Instruct-v0.3,Mistral-7B-Instruct-v0.3,Mistral-7B-Instruct-v0.3,hammer_shelf_floor,conflict_coop,225,1,floor,2,0,0,0,0,0,0,0,0,0,0,0,0,0,0,0,0,0,0,0,0
Mistral-7B-Instruct-v0.3 x Mistral-7B-Instruct-v0.3,Mistral-7B-Instruct-v0.3,Mistral-7B-Instruct-v0.3,hammer_shelf_floor,conflict_adv,226,1,floor,4,0,0,0,0,0,0,0,0,0,0,0,0,0,0,0,0,0,0,0,0
Mistral-7B-Instruct-v0.3 x Mistral-7B-Instruct-v0.3,Mistral-7B-Instruct-v0.3,Mistral-7B-Instruct-v0.3,hammer_shelf_floor,mutual_incoh,227,1,floor,16,0,0,0,0,0,0,0,0,0,1,0,1,0,0,0,0,2,0,1,0
Mistral-7B-Instruct-v0.3 x Mistral-7B-Instruct-v0.3,Mistral-7B-Instruct-v0.3,Mistral-7B-Instruct-v0.3,receipt_pocket_folder,mutual_coop,228,1,pocket,16,0,0,0,0,0,0,0,0,1,1,0,1,0,0,0,0,3,0,1,0
Mistral-7B-Instruct-v0.3 x Mistral-7B-Instruct-v0.3,Mistral-7B-Instruct-v0.3,Mistral-7B-Instruct-v0.3,receipt_pocket_folder,asym_coop,229,1,pocket,16,0,0,0,0,0,0,0,0,0,1,0,1,0,0,0,0,2,0,1,0
Mistral-7B-Instruct-v0.3 x Mistral-7B-Instruct-v0.3,Mistral-7B-Instruct-v0.3,Mistral-7B-Instruct-v0.3,phone_table_couch,conflict_adv,22,0,couch,2,0,0,0,0,0,0,0,0,0,0,0,0,0,0,0,0,0,0,0,0
Mistral-7B-Instruct-v0.3 x Mistral-7B-Instruct-v0.3,Mistral-7B-Instruct-v0.3,Mistral-7B-Instruct-v0.3,receipt_pocket_folder,asym_adv,230,0,folder,16,0,0,0,0,0,0,0,0,1,1,0,1,0,0,0,0,3,0,1,0
Mistral-7B-Instruct-v0.3 x Mistral-7B-Instruct-v0.3,Mistral-7B-Instruct-v0.3,Mistral-7B-Instruct-v0.3,receipt_pocket_folder,conflict_coop,231,1,pocket,2,0,0,0,0,0,0,0,0,0,0,0,0,0,0,0,0,0,0,0,0
Mistral-7B-Instruct-v0.3 x Mistral-7B-Instruct-v0.3,Mistral-7B-Instruct-v0.3,Mistral-7B-Instruct-v0.3,receipt_pocket_folder,conflict_adv,232,0,folder,2,0,0,0,0,1,0,0,0,0,0,0,0,0,0,0,0,1,0,1,0
Mistral-7B-Instruct-v0.3 x Mistral-7B-Instruct-v0.3,Mistral-7B-Instruct-v0.3,Mistral-7B-Instruct-v0.3,receipt_pocket_folder,mutual_incoh,233,1,pocket,4,0,0,0,0,0,0,0,0,0,0,0,0,0,0,0,0,0,0,0,0
Mistral-7B-Instruct-v0.3 x Mistral-7B-Instruct-v0.3,Mistral-7B-Instruct-v0.3,Mistral-7B-Instruct-v0.3,plate_table_sink,mutual_coop,234,1,sink,16,0,0,0,0,0,0,0,0,1,1,0,1,1,0,0,0,4,0,1,0
Mistral-7B-Instruct-v0.3 x Mistral-7B-Instruct-v0.3,Mistral-7B-Instruct-v0.3,Mistral-7B-Instruct-v0.3,plate_table_sink,asym_coop,235,1,sink,2,0,0,0,0,0,0,0,0,0,0,0,0,0,0,0,0,0,0,0,0
Mistral-7B-Instruct-v0.3 x Mistral-7B-Instruct-v0.3,Mistral-7B-Instruct-v0.3,Mistral-7B-Instruct-v0.3,plate_table_sink,asym_adv,236,0,table,4,0,0,0,0,0,0,0,0,0,0,0,0,0,0,0,0,0,0,0,0
Mistral-7B-Instruct-v0.3 x Mistral-7B-Instruct-v0.3,Mistral-7B-Instruct-v0.3,Mistral-7B-Instruct-v0.3,plate_table_sink,conflict_coop,237,1,sink,2,0,0,0,0,0,0,0,0,0,0,0,0,0,0,0,0,0,0,0,0
Mistral-7B-Instruct-v0.3 x Mistral-7B-Instruct-v0.3,Mistral-7B-Instruct-v0.3,Mistral-7B-Instruct-v0.3,plate_table_sink,conflict_adv,238,0,table,4,0,0,0,0,0,0,0,0,0,0,0,0,0,0,0,0,0,0,0,0
Mistral-7B-Instruct-v0.3 x Mistral-7B-Instruct-v0.3,Mistral-7B-Instruct-v0.3,Mistral-7B-Instruct-v0.3,plate_table_sink,mutual_incoh,239,0,table,2,0,0,0,0,0,0,0,0,0,0,0,0,0,0,0,0,0,0,0,0
Mistral-7B-Instruct-v0.3 x Mistral-7B-Instruct-v0.3,Mistral-7B-Instruct-v0.3,Mistral-7B-Instruct-v0.3,phone_table_couch,mutual_incoh,23,1,table,2,0,0,0,0,0,0,0,0,0,0,0,0,0,0,0,0,0,0,0,0
Mistral-7B-Instruct-v0.3 x Mistral-7B-Instruct-v0.3,Mistral-7B-Instruct-v0.3,Mistral-7B-Instruct-v0.3,jacket_hook_chair,mutual_coop,240,1,hook,2,0,0,0,0,0,0,0,0,0,0,0,0,0,0,0,0,0,0,0,0
Mistral-7B-Instruct-v0.3 x Mistral-7B-Instruct-v0.3,Mistral-7B-Instruct-v0.3,Mistral-7B-Instruct-v0.3,jacket_hook_chair,asym_coop,241,1,hook,16,0,1,0,0,0,0,0,0,0,1,0,1,0,0,0,1,2,0,1,1
Mistral-7B-Instruct-v0.3 x Mistral-7B-Instruct-v0.3,Mistral-7B-Instruct-v0.3,Mistral-7B-Instruct-v0.3,jacket_hook_chair,asym_adv,242,1,hook,2,0,0,0,0,0,0,0,0,0,0,0,0,0,0,0,0,0,0,0,0
Mistral-7B-Instruct-v0.3 x Mistral-7B-Instruct-v0.3,Mistral-7B-Instruct-v0.3,Mistral-7B-Instruct-v0.3,jacket_hook_chair,conflict_coop,243,1,hook,2,0,0,0,0,0,0,0,0,0,0,0,0,0,0,0,0,0,0,0,0
Mistral-7B-Instruct-v0.3 x Mistral-7B-Instruct-v0.3,Mistral-7B-Instruct-v0.3,Mistral-7B-Instruct-v0.3,jacket_hook_chair,conflict_adv,244,0,chair,2,0,0,0,0,0,0,0,0,0,0,0,0,0,0,0,0,0,0,0,0
Mistral-7B-Instruct-v0.3 x Mistral-7B-Instruct-v0.3,Mistral-7B-Instruct-v0.3,Mistral-7B-Instruct-v0.3,jacket_hook_chair,mutual_incoh,245,0,,1,0,0,1,1,0,0,0,0,0,0,0,0,0,0,0,0,2,0,1,0
Mistral-7B-Instruct-v0.3 x Mistral-7B-Instruct-v0.3,Mistral-7B-Instruct-v0.3,Mistral-7B-Instruct-v0.3,ball_yard_garage,mutual_coop,246,1,garage,2,0,0,0,0,0,0,0,0,0,0,0,0,0,0,0,0,0,0,0,0
Mistral-7B-Instruct-v0.3 x Mistral-7B-Instruct-v0.3,Mistral-7B-Instruct-v0.3,Mistral-7B-Instruct-v0.3,ball_yard_garage,asym_coop,247,1,garage,2,0,0,0,0,0,0,0,0,0,0,0,0,0,0,0,0,0,0,0,0
Mistral-7B-Instruct-v0.3 x Mistral-7B-Instruct-v0.3,Mistral-7B-Instruct-v0.3,Mistral-7B-Instruct-v0.3,ball_yard_garage,asym_adv,248,1,garage,8,0,0,0,0,1,0,0,0,0,0,0,1,0,0,0,0,2,0,1,0
Mistral-7B-Instruct-v0.3 x Mistral-7B-Instruct-v0.3,Mistral-7B-Instruct-v0.3,Mistral-7B-Instruct-v0.3,ball_yard_garage,conflict_coop,249,1,garage,2,0,0,0,0,0,0,0,0,0,0,0,0,0,0,0,0,0,0,0,0
Mistral-7B-Instruct-v0.3 x Mistral-7B-Instruct-v0.3,Mistral-7B-Instruct-v0.3,Mistral-7B-Instruct-v0.3,book_shelf_bag,mutual_coop,24,1,shelf,2,0,0,0,0,0,0,0,0,0,0,0,0,0,0,0,0,0,0,0,0
Mistral-7B-Instruct-v0.3 x Mistral-7B-Instruct-v0.3,Mistral-7B-Instruct-v0.3,Mistral-7B-Instruct-v0.3,ball_yard_garage,conflict_adv,250,1,garage,6,0,0,0,0,0,0,0,0,0,0,0,1,0,0,0,0,1,0,1,0
Mistral-7B-Instruct-v0.3 x Mistral-7B-Instruct-v0.3,Mistral-7B-Instruct-v0.3,Mistral-7B-Instruct-v0.3,ball_yard_garage,mutual_incoh,251,1,garage,2,0,0,0,0,0,0,0,0,0,0,0,0,0,0,0,0,0,0,0,0
Mistral-7B-Instruct-v0.3 x Mistral-7B-Instruct-v0.3,Mistral-7B-Instruct-v0.3,Mistral-7B-Instruct-v0.3,stamp_drawer_tray,mutual_coop,252,1,drawer,16,0,0,0,0,0,0,0,0,1,1,0,1,0,0,0,0,3,0,1,0
Mistral-7B-Instruct-v0.3 x Mistral-7B-Instruct-v0.3,Mistral-7B-Instruct-v0.3,Mistral-7B-Instruct-v0.3,stamp_drawer_tray,asym_coop,253,0,,3,0,1,0,1,0,0,0,0,0,0,0,1,0,0,0,1,2,0,1,1
Mistral-7B-Instruct-v0.3 x Mistral-7B-Instruct-v0.3,Mistral-7B-Instruct-v0.3,Mistral-7B-Instruct-v0.3,stamp_drawer_tray,asym_adv,254,1,drawer,2,0,0,0,0,0,0,0,0,0,0,0,0,0,0,0,0,0,0,0,0
Mistral-7B-Instruct-v0.3 x Mistral-7B-Instruct-v0.3,Mistral-7B-Instruct-v0.3,Mistral-7B-Instruct-v0.3,stamp_drawer_tray,conflict_coop,255,1,drawer,16,0,0,0,0,0,0,0,0,1,1,0,1,1,0,0,0,4,0,1,0
Mistral-7B-Instruct-v0.3 x Mistral-7B-Instruct-v0.3,Mistral-7B-Instruct-v0.3,Mistral-7B-Instruct-v0.3,stamp_drawer_tray,conflict_adv,256,1,drawer,2,0,0,0,0,0,0,0,0,0,0,0,0,0,0,0,0,0,0,0,0
Mistral-7B-Instruct-v0.3 x Mistral-7B-Instruct-v0.3,Mistral-7B-Instruct-v0.3,Mistral-7B-Instruct-v0.3,stamp_drawer_tray,mutual_incoh,257,1,drawer,4,0,0,0,0,0,0,0,0,0,0,0,0,0,0,0,0,0,0,0,0
Mistral-7B-Instruct-v0.3 x Mistral-7B-Instruct-v0.3,Mistral-7B-Instruct-v0.3,Mistral-7B-Instruct-v0.3,photo_shelf_drawer,mutual_coop,258,1,drawer,16,0,0,0,0,0,0,0,0,1,1,0,1,0,0,0,0,3,0,1,0
Mistral-7B-Instruct-v0.3 x Mistral-7B-Instruct-v0.3,Mistral-7B-Instruct-v0.3,Mistral-7B-Instruct-v0.3,photo_shelf_drawer,asym_coop,259,1,drawer,6,0,0,0,0,0,0,0,0,0,0,0,1,0,0,0,0,1,0,1,0
Mistral-7B-Instruct-v0.3 x Mistral-7B-Instruct-v0.3,Mistral-7B-Instruct-v0.3,Mistral-7B-Instruct-v0.3,book_shelf_bag,asym_coop,25,1,shelf,2,0,0,0,0,0,0,0,0,0,0,0,0,0,0,0,0,0,0,0,0
Mistral-7B-Instruct-v0.3 x Mistral-7B-Instruct-v0.3,Mistral-7B-Instruct-v0.3,Mistral-7B-Instruct-v0.3,photo_shelf_drawer,asym_adv,260,1,drawer,2,0,0,0,0,0,0,0,0,0,0,0,0,0,0,0,0,0,0,0,0
Mistral-7B-Instruct-v0.3 x Mistral-7B-Instruct-v0.3,Mistral-7B-Instruct-v0.3,Mistral-7B-Instruct-v0.3,photo_shelf_drawer,conflict_coop,261,1,drawer,4,0,0,0,0,0,0,0,0,0,0,0,1,0,0,0,0,1,0,1,0
Mistral-7B-Instruct-v0.3 x Mistral-7B-Instruct-v0.3,Mistral-7B-Instruct-v0.3,Mistral-7B-Instruct-v0.3,photo_shelf_drawer,conflict_adv,262,1,drawer,4,0,0,0,0,0,0,0,0,0,0,0,0,0,0,0,0,0,0,0,0
Mistral-7B-Instruct-v0.3 x Mistral-7B-Instruct-v0.3,Mistral-7B-Instruct-v0.3,Mistral-7B-Instruct-v0.3,photo_shelf_drawer,mutual_incoh,263,1,drawer,2,0,0,0,0,0,0,0,0,0,0,0,0,0,0,0,0,0,0,0,0
Mistral-7B-Instruct-v0.3 x Mistral-7B-Instruct-v0.3,Mistral-7B-Instruct-v0.3,Mistral-7B-Instruct-v0.3,cable_desk_floor,mutual_coop,264,1,desk,2,0,0,0,0,0,0,0,0,0,0,0,0,0,0,0,0,0,0,0,0
Mistral-7B-Instruct-v0.3 x Mistral-7B-Instruct-v0.3,Mistral-7B-Instruct-v0.3,Mistral-7B-Instruct-v0.3,cable_desk_floor,asym_coop,265,1,desk,2,0,0,0,0,0,0,0,0,0,0,0,0,0,0,0,0,0,0,0,0
Mistral-7B-Instruct-v0.3 x Mistral-7B-Instruct-v0.3,Mistral-7B-Instruct-v0.3,Mistral-7B-Instruct-v0.3,cable_desk_floor,asym_adv,266,1,desk,2,0,0,0,0,1,0,0,0,0,0,0,0,0,0,0,0,1,0,1,0
Mistral-7B-Instruct-v0.3 x Mistral-7B-Instruct-v0.3,Mistral-7B-Instruct-v0.3,Mistral-7B-Instruct-v0.3,cable_desk_floor,conflict_coop,267,1,desk,2,0,0,0,0,0,0,0,0,0,0,0,0,0,0,0,0,0,0,0,0
Mistral-7B-Instruct-v0.3 x Mistral-7B-Instruct-v0.3,Mistral-7B-Instruct-v0.3,Mistral-7B-Instruct-v0.3,cable_desk_floor,conflict_adv,268,0,,16,0,0,0,1,1,0,0,0,0,1,0,1,0,1,0,0,5,0,1,0
Mistral-7B-Instruct-v0.3 x Mistral-7B-Instruct-v0.3,Mistral-7B-Instruct-v0.3,Mistral-7B-Instruct-v0.3,cable_desk_floor,mutual_incoh,269,1,desk,2,0,0,0,0,0,0,0,0,0,0,0,0,0,0,0,0,0,0,0,0
Mistral-7B-Instruct-v0.3 x Mistral-7B-Instruct-v0.3,Mistral-7B-Instruct-v0.3,Mistral-7B-Instruct-v0.3,book_shelf_bag,asym_adv,26,0,bag,4,0,0,0,0,0,0,0,0,0,0,0,1,0,0,0,0,1,0,1,0
Mistral-7B-Instruct-v0.3 x Mistral-7B-Instruct-v0.3,Mistral-7B-Instruct-v0.3,Mistral-7B-Instruct-v0.3,soap_shelf_ledge,mutual_coop,270,1,ledge,16,0,1,0,0,0,0,0,0,1,1,0,1,0,0,0,1,3,0,1,1
Mistral-7B-Instruct-v0.3 x Mistral-7B-Instruct-v0.3,Mistral-7B-Instruct-v0.3,Mistral-7B-Instruct-v0.3,soap_shelf_ledge,asym_coop,271,1,ledge,2,0,0,0,0,0,0,0,0,0,0,0,0,0,0,0,0,0,0,0,0
Mistral-7B-Instruct-v0.3 x Mistral-7B-Instruct-v0.3,Mistral-7B-Instruct-v0.3,Mistral-7B-Instruct-v0.3,soap_shelf_ledge,asym_adv,272,0,shelf,4,0,0,0,0,0,0,0,0,0,0,0,0,0,0,0,0,0,0,0,0
Mistral-7B-Instruct-v0.3 x Mistral-7B-Instruct-v0.3,Mistral-7B-Instruct-v0.3,Mistral-7B-Instruct-v0.3,soap_shelf_ledge,conflict_coop,273,1,ledge,2,0,0,0,0,0,0,0,0,0,0,0,0,0,0,0,0,0,0,0,0
Mistral-7B-Instruct-v0.3 x Mistral-7B-Instruct-v0.3,Mistral-7B-Instruct-v0.3,Mistral-7B-Instruct-v0.3,soap_shelf_ledge,conflict_adv,274,0,,16,0,0,0,1,0,0,0,0,1,1,0,1,0,0,0,0,4,0,1,0
Mistral-7B-Instruct-v0.3 x Mistral-7B-Instruct-v0.3,Mistral-7B-Instruct-v0.3,Mistral-7B-Instruct-v0.3,soap_shelf_ledge,mutual_incoh,275,0,,16,0,0,0,1,0,0,0,0,0,1,0,1,0,0,0,0,3,0,1,0
Mistral-7B-Instruct-v0.3 x Mistral-7B-Instruct-v0.3,Mistral-7B-Instruct-v0.3,Mistral-7B-Instruct-v0.3,glove_bench_pocket,mutual_coop,276,1,bench,2,0,0,0,0,0,0,0,0,0,0,0,0,0,0,0,0,0,0,0,0
Mistral-7B-Instruct-v0.3 x Mistral-7B-Instruct-v0.3,Mistral-7B-Instruct-v0.3,Mistral-7B-Instruct-v0.3,glove_bench_pocket,asym_coop,277,1,bench,2,0,0,0,0,0,0,0,0,0,0,0,0,0,0,0,0,0,0,0,0
Mistral-7B-Instruct-v0.3 x Mistral-7B-Instruct-v0.3,Mistral-7B-Instruct-v0.3,Mistral-7B-Instruct-v0.3,glove_bench_pocket,asym_adv,278,1,bench,4,0,0,0,0,0,0,0,0,0,0,0,0,0,0,0,0,0,0,0,0
Mistral-7B-Instruct-v0.3 x Mistral-7B-Instruct-v0.3,Mistral-7B-Instruct-v0.3,Mistral-7B-Instruct-v0.3,glove_bench_pocket,conflict_coop,279,1,bench,2,0,0,0,0,0,0,0,0,0,0,0,0,0,0,0,0,0,0,0,0
Mistral-7B-Instruct-v0.3 x Mistral-7B-Instruct-v0.3,Mistral-7B-Instruct-v0.3,Mistral-7B-Instruct-v0.3,book_shelf_bag,conflict_coop,27,1,shelf,2,0,0,0,0,0,0,0,0,0,0,0,0,0,0,0,0,0,0,0,0
Mistral-7B-Instruct-v0.3 x Mistral-7B-Instruct-v0.3,Mistral-7B-Instruct-v0.3,Mistral-7B-Instruct-v0.3,glove_bench_pocket,conflict_adv,280,0,pocket,2,0,0,0,0,0,0,0,0,0,0,0,0,0,0,0,0,0,0,0,0
Mistral-7B-Instruct-v0.3 x Mistral-7B-Instruct-v0.3,Mistral-7B-Instruct-v0.3,Mistral-7B-Instruct-v0.3,glove_bench_pocket,mutual_incoh,281,1,bench,2,0,0,0,0,0,0,0,0,0,0,0,0,0,0,0,0,0,0,0,0
Mistral-7B-Instruct-v0.3 x Mistral-7B-Instruct-v0.3,Mistral-7B-Instruct-v0.3,Mistral-7B-Instruct-v0.3,sponge_sink_counter,mutual_coop,282,0,,16,0,0,0,1,0,0,0,0,0,1,0,1,0,0,0,0,3,0,1,0
Mistral-7B-Instruct-v0.3 x Mistral-7B-Instruct-v0.3,Mistral-7B-Instruct-v0.3,Mistral-7B-Instruct-v0.3,sponge_sink_counter,asym_coop,283,0,,16,0,0,0,1,0,0,0,0,0,1,0,1,0,0,0,0,3,0,1,0
Mistral-7B-Instruct-v0.3 x Mistral-7B-Instruct-v0.3,Mistral-7B-Instruct-v0.3,Mistral-7B-Instruct-v0.3,sponge_sink_counter,asym_adv,284,1,counter,4,0,0,0,0,0,0,0,0,0,0,0,1,0,0,0,0,1,0,1,0
Mistral-7B-Instruct-v0.3 x Mistral-7B-Instruct-v0.3,Mistral-7B-Instruct-v0.3,Mistral-7B-Instruct-v0.3,sponge_sink_counter,conflict_coop,285,1,counter,2,0,0,0,0,0,0,0,0,0,0,0,0,0,0,0,0,0,0,0,0
Mistral-7B-Instruct-v0.3 x Mistral-7B-Instruct-v0.3,Mistral-7B-Instruct-v0.3,Mistral-7B-Instruct-v0.3,sponge_sink_counter,conflict_adv,286,1,counter,2,0,0,0,0,0,0,0,0,0,0,0,0,0,0,0,0,0,0,0,0
Mistral-7B-Instruct-v0.3 x Mistral-7B-Instruct-v0.3,Mistral-7B-Instruct-v0.3,Mistral-7B-Instruct-v0.3,sponge_sink_counter,mutual_incoh,287,1,counter,4,0,0,0,0,0,0,0,0,0,0,0,0,0,0,0,0,0,0,0,0
Mistral-7B-Instruct-v0.3 x Mistral-7B-Instruct-v0.3,Mistral-7B-Instruct-v0.3,Mistral-7B-Instruct-v0.3,comb_drawer_shelf,mutual_coop,288,0,,3,0,1,0,1,0,0,0,0,0,0,0,1,0,0,0,1,2,0,1,1
Mistral-7B-Instruct-v0.3 x Mistral-7B-Instruct-v0.3,Mistral-7B-Instruct-v0.3,Mistral-7B-Instruct-v0.3,comb_drawer_shelf,asym_coop,289,0,,16,0,0,0,1,0,0,0,0,1,1,0,1,0,0,0,0,4,0,1,0
Mistral-7B-Instruct-v0.3 x Mistral-7B-Instruct-v0.3,Mistral-7B-Instruct-v0.3,Mistral-7B-Instruct-v0.3,book_shelf_bag,conflict_adv,28,1,shelf,16,0,0,0,0,0,0,1,0,0,1,0,1,0,0,0,0,3,0,1,0
Mistral-7B-Instruct-v0.3 x Mistral-7B-Instruct-v0.3,Mistral-7B-Instruct-v0.3,Mistral-7B-Instruct-v0.3,comb_drawer_shelf,asym_adv,290,1,drawer,4,0,0,0,0,0,0,0,0,0,0,0,0,0,0,0,0,0,0,0,0
Mistral-7B-Instruct-v0.3 x Mistral-7B-Instruct-v0.3,Mistral-7B-Instruct-v0.3,Mistral-7B-Instruct-v0.3,comb_drawer_shelf,conflict_coop,291,0,,6,0,0,0,1,0,0,0,0,0,0,0,1,0,0,0,0,2,0,1,0
Mistral-7B-Instruct-v0.3 x Mistral-7B-Instruct-v0.3,Mistral-7B-Instruct-v0.3,Mistral-7B-Instruct-v0.3,comb_drawer_shelf,conflict_adv,292,0,,6,0,0,0,1,0,0,0,0,0,0,0,0,0,0,0,0,1,0,1,0
Mistral-7B-Instruct-v0.3 x Mistral-7B-Instruct-v0.3,Mistral-7B-Instruct-v0.3,Mistral-7B-Instruct-v0.3,comb_drawer_shelf,mutual_incoh,293,1,drawer,2,0,0,0,0,0,0,0,0,0,0,0,0,0,0,0,0,0,0,0,0
Mistral-7B-Instruct-v0.3 x Mistral-7B-Instruct-v0.3,Mistral-7B-Instruct-v0.3,Mistral-7B-Instruct-v0.3,marker_cup_tray,mutual_coop,294,1,tray,16,0,0,0,0,0,0,0,0,1,1,0,1,0,0,0,0,3,0,1,0
Mistral-7B-Instruct-v0.3 x Mistral-7B-Instruct-v0.3,Mistral-7B-Instruct-v0.3,Mistral-7B-Instruct-v0.3,marker_cup_tray,asym_coop,295,1,tray,6,0,0,0,0,0,0,0,0,0,0,0,1,0,0,0,0,1,0,1,0
Mistral-7B-Instruct-v0.3 x Mistral-7B-Instruct-v0.3,Mistral-7B-Instruct-v0.3,Mistral-7B-Instruct-v0.3,marker_cup_tray,asym_adv,296,1,tray,2,0,0,0,0,0,0,0,0,0,0,0,0,0,0,0,0,0,0,0,0
Mistral-7B-Instruct-v0.3 x Mistral-7B-Instruct-v0.3,Mistral-7B-Instruct-v0.3,Mistral-7B-Instruct-v0.3,marker_cup_tray,conflict_coop,297,1,tray,2,0,0,0,0,0,0,0,0,0,0,0,0,0,0,0,0,0,0,0,0
Mistral-7B-Instruct-v0.3 x Mistral-7B-Instruct-v0.3,Mistral-7B-Instruct-v0.3,Mistral-7B-Instruct-v0.3,marker_cup_tray,conflict_adv,298,0,,11,0,1,0,1,0,0,0,0,0,0,0,1,0,0,0,1,2,0,1,1
Mistral-7B-Instruct-v0.3 x Mistral-7B-Instruct-v0.3,Mistral-7B-Instruct-v0.3,Mistral-7B-Instruct-v0.3,marker_cup_tray,mutual_incoh,299,1,tray,4,0,0,0,0,0,0,0,0,0,0,0,0,0,0,0,0,0,0,0,0
Mistral-7B-Instruct-v0.3 x Mistral-7B-Instruct-v0.3,Mistral-7B-Instruct-v0.3,Mistral-7B-Instruct-v0.3,book_shelf_bag,mutual_incoh,29,0,,16,0,0,0,1,0,0,0,0,0,1,0,1,0,0,0,0,3,0,1,0
Mistral-7B-Instruct-v0.3 x Mistral-7B-Instruct-v0.3,Mistral-7B-Instruct-v0.3,Mistral-7B-Instruct-v0.3,key_in_boxes,asym_adv,2,1,red box,4,0,0,0,0,0,0,0,0,0,0,0,0,0,0,0,0,0,0,0,0
Mistral-7B-Instruct-v0.3 x Mistral-7B-Instruct-v0.3,Mistral-7B-Instruct-v0.3,Mistral-7B-Instruct-v0.3,rope_shed_trunk,mutual_coop,300,0,,16,0,1,0,1,0,0,0,0,0,1,0,1,0,0,0,1,3,0,1,1
Mistral-7B-Instruct-v0.3 x Mistral-7B-Instruct-v0.3,Mistral-7B-Instruct-v0.3,Mistral-7B-Instruct-v0.3,rope_shed_trunk,asym_coop,301,0,,16,0,0,0,1,0,0,0,0,0,1,0,1,0,0,0,0,3,0,1,0
Mistral-7B-Instruct-v0.3 x Mistral-7B-Instruct-v0.3,Mistral-7B-Instruct-v0.3,Mistral-7B-Instruct-v0.3,rope_shed_trunk,asym_adv,302,1,shed,16,0,1,0,0,0,0,0,0,0,1,0,1,0,0,0,1,2,0,1,1
Mistral-7B-Instruct-v0.3 x Mistral-7B-Instruct-v0.3,Mistral-7B-Instruct-v0.3,Mistral-7B-Instruct-v0.3,rope_shed_trunk,conflict_coop,303,1,shed,2,0,0,0,0,0,0,0,0,0,0,0,0,0,0,0,0,0,0,0,0
Mistral-7B-Instruct-v0.3 x Mistral-7B-Instruct-v0.3,Mistral-7B-Instruct-v0.3,Mistral-7B-Instruct-v0.3,rope_shed_trunk,conflict_adv,304,0,trunk,2,0,0,0,0,1,0,0,0,0,0,0,0,0,0,0,0,1,0,1,0
Mistral-7B-Instruct-v0.3 x Mistral-7B-Instruct-v0.3,Mistral-7B-Instruct-v0.3,Mistral-7B-Instruct-v0.3,rope_shed_trunk,mutual_incoh,305,1,shed,2,0,0,0,0,0,0,0,0,0,0,0,0,0,0,0,0,0,0,0,0
Mistral-7B-Instruct-v0.3 x Mistral-7B-Instruct-v0.3,Mistral-7B-Instruct-v0.3,Mistral-7B-Instruct-v0.3,vase_table_mantle,mutual_coop,306,1,mantle,2,0,0,0,0,0,0,0,0,0,0,0,0,0,0,0,0,0,0,0,0
Mistral-7B-Instruct-v0.3 x Mistral-7B-Instruct-v0.3,Mistral-7B-Instruct-v0.3,Mistral-7B-Instruct-v0.3,vase_table_mantle,asym_coop,307,0,,16,0,0,0,1,1,0,1,0,1,1,0,1,0,1,0,0,7,0,1,0
Mistral-7B-Instruct-v0.3 x Mistral-7B-Instruct-v0.3,Mistral-7B-Instruct-v0.3,Mistral-7B-Instruct-v0.3,vase_table_mantle,asym_adv,308,0,table,4,0,0,0,0,0,0,0,0,0,0,0,1,0,0,0,0,1,0,1,0
Mistral-7B-Instruct-v0.3 x Mistral-7B-Instruct-v0.3,Mistral-7B-Instruct-v0.3,Mistral-7B-Instruct-v0.3,vase_table_mantle,conflict_coop,309,1,mantle,2,0,0,0,0,0,0,0,0,0,0,0,0,0,0,0,0,0,0,0,0
Mistral-7B-Instruct-v0.3 x Mistral-7B-Instruct-v0.3,Mistral-7B-Instruct-v0.3,Mistral-7B-Instruct-v0.3,glasses_counter_shelf,mutual_coop,30,0,,5,0,0,0,1,0,0,0,0,0,0,0,1,0,0,0,0,2,0,1,0
Mistral-7B-Instruct-v0.3 x Mistral-7B-Instruct-v0.3,Mistral-7B-Instruct-v0.3,Mistral-7B-Instruct-v0.3,vase_table_mantle,conflict_adv,310,1,mantle,4,0,0,0,0,0,0,0,0,0,0,0,0,0,0,0,0,0,0,0,0
Mistral-7B-Instruct-v0.3 x Mistral-7B-Instruct-v0.3,Mistral-7B-Instruct-v0.3,Mistral-7B-Instruct-v0.3,vase_table_mantle,mutual_incoh,311,1,mantle,2,0,0,0,0,0,0,0,0,0,0,0,0,0,0,0,0,0,0,0,0
Mistral-7B-Instruct-v0.3 x Mistral-7B-Instruct-v0.3,Mistral-7B-Instruct-v0.3,Mistral-7B-Instruct-v0.3,bowl_table_counter,mutual_coop,312,1,table,2,0,0,0,0,0,0,0,0,0,0,0,0,0,0,0,0,0,0,0,0
Mistral-7B-Instruct-v0.3 x Mistral-7B-Instruct-v0.3,Mistral-7B-Instruct-v0.3,Mistral-7B-Instruct-v0.3,bowl_table_counter,asym_coop,313,1,table,2,0,0,0,0,0,0,0,0,0,0,0,0,0,0,0,0,0,0,0,0
Mistral-7B-Instruct-v0.3 x Mistral-7B-Instruct-v0.3,Mistral-7B-Instruct-v0.3,Mistral-7B-Instruct-v0.3,bowl_table_counter,asym_adv,314,0,counter,4,0,0,0,0,0,0,0,0,0,0,0,0,0,0,0,0,0,0,0,0
Mistral-7B-Instruct-v0.3 x Mistral-7B-Instruct-v0.3,Mistral-7B-Instruct-v0.3,Mistral-7B-Instruct-v0.3,bowl_table_counter,conflict_coop,315,1,table,2,0,0,0,0,0,0,0,0,0,0,0,0,0,0,0,0,0,0,0,0
Mistral-7B-Instruct-v0.3 x Mistral-7B-Instruct-v0.3,Mistral-7B-Instruct-v0.3,Mistral-7B-Instruct-v0.3,bowl_table_counter,conflict_adv,316,1,table,2,0,0,0,0,0,0,0,0,0,0,0,0,0,0,0,0,0,0,0,0
Mistral-7B-Instruct-v0.3 x Mistral-7B-Instruct-v0.3,Mistral-7B-Instruct-v0.3,Mistral-7B-Instruct-v0.3,bowl_table_counter,mutual_incoh,317,0,counter,2,0,0,0,0,0,0,0,0,0,0,0,0,0,0,0,0,0,0,0,0
Mistral-7B-Instruct-v0.3 x Mistral-7B-Instruct-v0.3,Mistral-7B-Instruct-v0.3,Mistral-7B-Instruct-v0.3,lighter_drawer_pocket,mutual_coop,318,0,,16,0,1,0,1,0,0,0,0,0,1,0,1,0,0,0,1,3,0,1,1
Mistral-7B-Instruct-v0.3 x Mistral-7B-Instruct-v0.3,Mistral-7B-Instruct-v0.3,Mistral-7B-Instruct-v0.3,lighter_drawer_pocket,asym_coop,319,1,pocket,2,0,0,0,0,0,0,0,0,0,0,0,0,0,0,0,0,0,0,0,0
Mistral-7B-Instruct-v0.3 x Mistral-7B-Instruct-v0.3,Mistral-7B-Instruct-v0.3,Mistral-7B-Instruct-v0.3,glasses_counter_shelf,asym_coop,31,1,shelf,16,0,0,0,0,0,0,0,0,1,1,0,1,0,0,0,0,3,0,1,0
Mistral-7B-Instruct-v0.3 x Mistral-7B-Instruct-v0.3,Mistral-7B-Instruct-v0.3,Mistral-7B-Instruct-v0.3,lighter_drawer_pocket,asym_adv,320,1,pocket,2,0,0,0,0,0,0,0,0,0,0,0,0,0,0,0,0,0,0,0,0
Mistral-7B-Instruct-v0.3 x Mistral-7B-Instruct-v0.3,Mistral-7B-Instruct-v0.3,Mistral-7B-Instruct-v0.3,lighter_drawer_pocket,conflict_coop,321,1,pocket,2,0,0,0,0,0,0,0,0,0,0,0,0,0,0,0,0,0,0,0,0
Mistral-7B-Instruct-v0.3 x Mistral-7B-Instruct-v0.3,Mistral-7B-Instruct-v0.3,Mistral-7B-Instruct-v0.3,lighter_drawer_pocket,conflict_adv,322,1,pocket,16,0,0,0,0,0,0,0,0,0,1,0,1,0,0,0,0,2,0,1,0
Mistral-7B-Instruct-v0.3 x Mistral-7B-Instruct-v0.3,Mistral-7B-Instruct-v0.3,Mistral-7B-Instruct-v0.3,lighter_drawer_pocket,mutual_incoh,323,1,pocket,16,0,0,0,0,0,0,0,0,1,1,0,1,0,0,0,0,3,0,1,0
Mistral-7B-Instruct-v0.3 x Mistral-7B-Instruct-v0.3,Mistral-7B-Instruct-v0.3,Mistral-7B-Instruct-v0.3,drill_bench_case,mutual_coop,324,1,bench,16,0,1,0,0,0,1,0,0,1,1,0,1,0,0,0,1,4,0,1,1
Mistral-7B-Instruct-v0.3 x Mistral-7B-Instruct-v0.3,Mistral-7B-Instruct-v0.3,Mistral-7B-Instruct-v0.3,drill_bench_case,asym_coop,325,1,bench,2,0,0,0,0,0,0,0,0,0,0,0,0,0,0,0,0,0,0,0,0
Mistral-7B-Instruct-v0.3 x Mistral-7B-Instruct-v0.3,Mistral-7B-Instruct-v0.3,Mistral-7B-Instruct-v0.3,drill_bench_case,asym_adv,326,1,bench,2,0,0,0,0,0,1,0,0,0,0,0,0,0,0,0,0,1,0,1,0
Mistral-7B-Instruct-v0.3 x Mistral-7B-Instruct-v0.3,Mistral-7B-Instruct-v0.3,Mistral-7B-Instruct-v0.3,drill_bench_case,conflict_coop,327,1,bench,4,0,0,0,0,0,0,0,0,0,0,0,0,0,0,0,0,0,0,0,0
Mistral-7B-Instruct-v0.3 x Mistral-7B-Instruct-v0.3,Mistral-7B-Instruct-v0.3,Mistral-7B-Instruct-v0.3,drill_bench_case,conflict_adv,328,0,case,2,0,0,0,0,0,0,0,0,0,0,0,0,0,0,0,0,0,0,0,0
Mistral-7B-Instruct-v0.3 x Mistral-7B-Instruct-v0.3,Mistral-7B-Instruct-v0.3,Mistral-7B-Instruct-v0.3,drill_bench_case,mutual_incoh,329,1,bench,2,0,0,0,0,0,1,0,0,0,0,0,0,0,0,0,0,1,0,1,0
Mistral-7B-Instruct-v0.3 x Mistral-7B-Instruct-v0.3,Mistral-7B-Instruct-v0.3,Mistral-7B-Instruct-v0.3,glasses_counter_shelf,asym_adv,32,1,shelf,4,0,0,0,0,0,0,0,0,0,0,0,0,0,0,0,0,0,0,0,0
Mistral-7B-Instruct-v0.3 x Mistral-7B-Instruct-v0.3,Mistral-7B-Instruct-v0.3,Mistral-7B-Instruct-v0.3,medal_shelf_box,mutual_coop,330,0,,16,0,0,0,1,0,0,0,0,1,1,0,1,0,0,0,0,4,0,1,0
Mistral-7B-Instruct-v0.3 x Mistral-7B-Instruct-v0.3,Mistral-7B-Instruct-v0.3,Mistral-7B-Instruct-v0.3,medal_shelf_box,asym_coop,331,1,box,2,0,0,0,0,0,0,0,0,0,0,0,0,0,0,0,0,0,0,0,0
Mistral-7B-Instruct-v0.3 x Mistral-7B-Instruct-v0.3,Mistral-7B-Instruct-v0.3,Mistral-7B-Instruct-v0.3,medal_shelf_box,asym_adv,332,0,,16,0,0,0,1,0,0,0,0,1,1,0,1,0,0,0,0,4,0,1,0
Mistral-7B-Instruct-v0.3 x Mistral-7B-Instruct-v0.3,Mistral-7B-Instruct-v0.3,Mistral-7B-Instruct-v0.3,medal_shelf_box,conflict_coop,333,1,box,2,0,0,0,0,0,0,0,0,0,0,0,0,0,0,0,0,0,0,0,0
Mistral-7B-Instruct-v0.3 x Mistral-7B-Instruct-v0.3,Mistral-7B-Instruct-v0.3,Mistral-7B-Instruct-v0.3,medal_shelf_box,conflict_adv,334,0,shelf,4,0,0,0,0,0,0,0,0,0,0,0,0,0,0,0,0,0,0,0,0
Mistral-7B-Instruct-v0.3 x Mistral-7B-Instruct-v0.3,Mistral-7B-Instruct-v0.3,Mistral-7B-Instruct-v0.3,medal_shelf_box,mutual_incoh,335,0,shelf,16,0,0,0,0,0,0,0,0,0,1,0,1,0,0,0,0,2,0,1,0
Mistral-7B-Instruct-v0.3 x Mistral-7B-Instruct-v0.3,Mistral-7B-Instruct-v0.3,Mistral-7B-Instruct-v0.3,lanyard_locker_desk,mutual_coop,336,0,,7,0,1,0,1,0,0,0,0,0,0,0,1,0,0,0,1,2,0,1,1
Mistral-7B-Instruct-v0.3 x Mistral-7B-Instruct-v0.3,Mistral-7B-Instruct-v0.3,Mistral-7B-Instruct-v0.3,lanyard_locker_desk,asym_coop,337,1,locker,2,0,0,0,0,0,0,0,0,0,0,0,0,0,0,0,0,0,0,0,0
Mistral-7B-Instruct-v0.3 x Mistral-7B-Instruct-v0.3,Mistral-7B-Instruct-v0.3,Mistral-7B-Instruct-v0.3,lanyard_locker_desk,asym_adv,338,1,locker,2,0,0,0,0,0,0,0,0,0,0,0,0,0,0,0,0,0,0,0,0
Mistral-7B-Instruct-v0.3 x Mistral-7B-Instruct-v0.3,Mistral-7B-Instruct-v0.3,Mistral-7B-Instruct-v0.3,lanyard_locker_desk,conflict_coop,339,1,locker,2,0,0,0,0,0,0,0,0,0,0,0,0,0,0,0,0,0,0,0,0
Mistral-7B-Instruct-v0.3 x Mistral-7B-Instruct-v0.3,Mistral-7B-Instruct-v0.3,Mistral-7B-Instruct-v0.3,glasses_counter_shelf,conflict_coop,33,1,shelf,2,0,0,0,0,0,0,0,0,0,0,0,0,0,0,0,0,0,0,0,0
Mistral-7B-Instruct-v0.3 x Mistral-7B-Instruct-v0.3,Mistral-7B-Instruct-v0.3,Mistral-7B-Instruct-v0.3,lanyard_locker_desk,conflict_adv,340,0,desk,16,0,0,0,0,0,0,0,0,0,1,0,1,0,1,0,0,3,0,1,0
Mistral-7B-Instruct-v0.3 x Mistral-7B-Instruct-v0.3,Mistral-7B-Instruct-v0.3,Mistral-7B-Instruct-v0.3,lanyard_locker_desk,mutual_incoh,341,1,locker,2,0,0,0,0,0,0,0,0,0,0,0,0,0,0,0,0,0,0,0,0
Mistral-7B-Instruct-v0.3 x Mistral-7B-Instruct-v0.3,Mistral-7B-Instruct-v0.3,Mistral-7B-Instruct-v0.3,apron_hook_drawer,mutual_coop,342,1,drawer,2,0,0,0,0,0,0,0,0,0,0,0,0,0,0,0,0,0,0,0,0
Mistral-7B-Instruct-v0.3 x Mistral-7B-Instruct-v0.3,Mistral-7B-Instruct-v0.3,Mistral-7B-Instruct-v0.3,apron_hook_drawer,asym_coop,343,1,drawer,16,0,0,0,0,0,0,0,0,1,1,0,1,0,0,0,0,3,0,1,0
Mistral-7B-Instruct-v0.3 x Mistral-7B-Instruct-v0.3,Mistral-7B-Instruct-v0.3,Mistral-7B-Instruct-v0.3,apron_hook_drawer,asym_adv,344,1,drawer,6,0,0,0,0,0,0,0,0,0,0,0,1,0,0,0,0,1,0,1,0
Mistral-7B-Instruct-v0.3 x Mistral-7B-Instruct-v0.3,Mistral-7B-Instruct-v0.3,Mistral-7B-Instruct-v0.3,apron_hook_drawer,conflict_coop,345,1,drawer,2,0,0,0,0,0,0,0,0,0,0,0,0,0,0,0,0,0,0,0,0
Mistral-7B-Instruct-v0.3 x Mistral-7B-Instruct-v0.3,Mistral-7B-Instruct-v0.3,Mistral-7B-Instruct-v0.3,apron_hook_drawer,conflict_adv,346,1,drawer,2,0,0,0,0,1,0,0,0,0,0,0,0,0,0,0,0,1,0,1,0
Mistral-7B-Instruct-v0.3 x Mistral-7B-Instruct-v0.3,Mistral-7B-Instruct-v0.3,Mistral-7B-Instruct-v0.3,apron_hook_drawer,mutual_incoh,347,1,drawer,2,0,0,0,0,0,0,0,0,0,0,0,0,0,0,0,0,0,0,0,0
Mistral-7B-Instruct-v0.3 x Mistral-7B-Instruct-v0.3,Mistral-7B-Instruct-v0.3,Mistral-7B-Instruct-v0.3,leash_hook_table,mutual_coop,348,1,hook,16,0,0,0,0,0,0,0,0,1,1,0,1,0,0,0,0,3,0,1,0
Mistral-7B-Instruct-v0.3 x Mistral-7B-Instruct-v0.3,Mistral-7B-Instruct-v0.3,Mistral-7B-Instruct-v0.3,leash_hook_table,asym_coop,349,1,hook,16,0,0,0,0,0,0,0,0,1,1,0,1,0,0,0,0,3,0,1,0
Mistral-7B-Instruct-v0.3 x Mistral-7B-Instruct-v0.3,Mistral-7B-Instruct-v0.3,Mistral-7B-Instruct-v0.3,glasses_counter_shelf,conflict_adv,34,1,shelf,4,0,0,0,0,0,0,0,0,0,0,0,0,0,0,0,0,0,0,0,0
Mistral-7B-Instruct-v0.3 x Mistral-7B-Instruct-v0.3,Mistral-7B-Instruct-v0.3,Mistral-7B-Instruct-v0.3,leash_hook_table,asym_adv,350,0,,12,0,0,0,1,0,0,0,0,0,0,0,1,0,0,0,0,2,0,1,0
Mistral-7B-Instruct-v0.3 x Mistral-7B-Instruct-v0.3,Mistral-7B-Instruct-v0.3,Mistral-7B-Instruct-v0.3,leash_hook_table,conflict_coop,351,1,hook,2,0,0,0,0,0,0,0,0,0,0,0,0,0,0,0,0,0,0,0,0
Mistral-7B-Instruct-v0.3 x Mistral-7B-Instruct-v0.3,Mistral-7B-Instruct-v0.3,Mistral-7B-Instruct-v0.3,leash_hook_table,conflict_adv,352,1,hook,6,0,0,0,0,0,0,0,0,0,0,0,1,0,0,0,0,1,0,1,0
Mistral-7B-Instruct-v0.3 x Mistral-7B-Instruct-v0.3,Mistral-7B-Instruct-v0.3,Mistral-7B-Instruct-v0.3,leash_hook_table,mutual_incoh,353,0,table,2,0,0,0,0,0,0,0,0,0,0,0,0,0,0,0,0,0,0,0,0
Mistral-7B-Instruct-v0.3 x Mistral-7B-Instruct-v0.3,Mistral-7B-Instruct-v0.3,Mistral-7B-Instruct-v0.3,mat_floor_shelf,mutual_coop,354,1,shelf,2,0,0,0,0,0,0,0,0,0,0,0,0,0,0,0,0,0,0,0,0
Mistral-7B-Instruct-v0.3 x Mistral-7B-Instruct-v0.3,Mistral-7B-Instruct-v0.3,Mistral-7B-Instruct-v0.3,mat_floor_shelf,asym_coop,355,1,shelf,2,0,0,0,0,0,0,0,0,0,0,0,0,0,0,0,0,0,0,0,0
Mistral-7B-Instruct-v0.3 x Mistral-7B-Instruct-v0.3,Mistral-7B-Instruct-v0.3,Mistral-7B-Instruct-v0.3,mat_floor_shelf,asym_adv,356,1,shelf,4,0,0,0,0,0,0,0,0,0,0,0,0,0,0,0,0,0,0,0,0
Mistral-7B-Instruct-v0.3 x Mistral-7B-Instruct-v0.3,Mistral-7B-Instruct-v0.3,Mistral-7B-Instruct-v0.3,mat_floor_shelf,conflict_coop,357,1,shelf,2,0,0,0,0,0,0,0,0,0,0,0,0,0,0,0,0,0,0,0,0
Mistral-7B-Instruct-v0.3 x Mistral-7B-Instruct-v0.3,Mistral-7B-Instruct-v0.3,Mistral-7B-Instruct-v0.3,mat_floor_shelf,conflict_adv,358,0,floor,4,0,0,0,0,0,0,0,0,0,0,0,0,0,0,0,0,0,0,0,0
Mistral-7B-Instruct-v0.3 x Mistral-7B-Instruct-v0.3,Mistral-7B-Instruct-v0.3,Mistral-7B-Instruct-v0.3,mat_floor_shelf,mutual_incoh,359,1,shelf,2,0,0,0,0,0,0,0,0,0,0,0,0,0,0,0,0,0,0,0,0
Mistral-7B-Instruct-v0.3 x Mistral-7B-Instruct-v0.3,Mistral-7B-Instruct-v0.3,Mistral-7B-Instruct-v0.3,glasses_counter_shelf,mutual_incoh,35,1,shelf,2,0,0,0,0,0,0,0,0,0,0,0,0,0,0,0,0,0,0,0,0
Mistral-7B-Instruct-v0.3 x Mistral-7B-Instruct-v0.3,Mistral-7B-Instruct-v0.3,Mistral-7B-Instruct-v0.3,clip_desk_tray,mutual_coop,360,0,,16,0,1,0,1,0,0,0,0,1,1,0,1,1,0,0,1,5,0,1,1
Mistral-7B-Instruct-v0.3 x Mistral-7B-Instruct-v0.3,Mistral-7B-Instruct-v0.3,Mistral-7B-Instruct-v0.3,clip_desk_tray,asym_coop,361,1,desk,6,0,0,0,0,0,0,0,0,0,0,0,1,0,0,0,0,1,0,1,0
Mistral-7B-Instruct-v0.3 x Mistral-7B-Instruct-v0.3,Mistral-7B-Instruct-v0.3,Mistral-7B-Instruct-v0.3,clip_desk_tray,asym_adv,362,0,,16,0,0,0,1,0,0,0,0,0,1,0,1,0,0,0,0,3,0,1,0
Mistral-7B-Instruct-v0.3 x Mistral-7B-Instruct-v0.3,Mistral-7B-Instruct-v0.3,Mistral-7B-Instruct-v0.3,clip_desk_tray,conflict_coop,363,1,desk,2,0,0,0,0,0,0,0,0,0,0,0,0,0,0,0,0,0,0,0,0
Mistral-7B-Instruct-v0.3 x Mistral-7B-Instruct-v0.3,Mistral-7B-Instruct-v0.3,Mistral-7B-Instruct-v0.3,clip_desk_tray,conflict_adv,364,0,tray,4,0,0,0,0,0,0,0,0,0,0,0,0,0,0,0,0,0,0,0,0
Mistral-7B-Instruct-v0.3 x Mistral-7B-Instruct-v0.3,Mistral-7B-Instruct-v0.3,Mistral-7B-Instruct-v0.3,clip_desk_tray,mutual_incoh,365,1,desk,2,0,0,0,0,0,0,0,0,0,0,0,0,0,0,0,0,0,0,0,0
Mistral-7B-Instruct-v0.3 x Mistral-7B-Instruct-v0.3,Mistral-7B-Instruct-v0.3,Mistral-7B-Instruct-v0.3,plug_desk_floor,mutual_coop,366,1,floor,2,0,0,0,0,0,0,0,0,0,0,0,0,0,0,0,0,0,0,0,0
Mistral-7B-Instruct-v0.3 x Mistral-7B-Instruct-v0.3,Mistral-7B-Instruct-v0.3,Mistral-7B-Instruct-v0.3,plug_desk_floor,asym_coop,367,1,floor,2,0,0,0,0,0,0,0,0,0,0,0,0,0,0,0,0,0,0,0,0
Mistral-7B-Instruct-v0.3 x Mistral-7B-Instruct-v0.3,Mistral-7B-Instruct-v0.3,Mistral-7B-Instruct-v0.3,plug_desk_floor,asym_adv,368,0,desk,4,0,1,0,0,0,0,0,0,0,0,0,1,0,0,0,1,1,0,1,1
Mistral-7B-Instruct-v0.3 x Mistral-7B-Instruct-v0.3,Mistral-7B-Instruct-v0.3,Mistral-7B-Instruct-v0.3,plug_desk_floor,conflict_coop,369,1,floor,2,0,0,0,0,0,0,0,0,0,0,0,0,0,0,0,0,0,0,0,0
Mistral-7B-Instruct-v0.3 x Mistral-7B-Instruct-v0.3,Mistral-7B-Instruct-v0.3,Mistral-7B-Instruct-v0.3,hat_hook_chair,mutual_coop,36,1,hook,16,0,0,0,0,0,0,0,0,1,1,0,1,0,0,0,0,3,0,1,0
Mistral-7B-Instruct-v0.3 x Mistral-7B-Instruct-v0.3,Mistral-7B-Instruct-v0.3,Mistral-7B-Instruct-v0.3,plug_desk_floor,conflict_adv,370,1,floor,4,0,0,0,0,0,0,0,0,0,0,0,0,0,0,0,0,0,0,0,0
Mistral-7B-Instruct-v0.3 x Mistral-7B-Instruct-v0.3,Mistral-7B-Instruct-v0.3,Mistral-7B-Instruct-v0.3,plug_desk_floor,mutual_incoh,371,1,floor,2,0,0,0,0,0,0,0,0,0,0,0,0,0,0,0,0,0,0,0,0
Mistral-7B-Instruct-v0.3 x Mistral-7B-Instruct-v0.3,Mistral-7B-Instruct-v0.3,Mistral-7B-Instruct-v0.3,lock_gate_shed,mutual_coop,372,1,gate,16,0,0,0,0,0,0,0,0,1,1,0,1,0,0,0,0,3,0,1,0
Mistral-7B-Instruct-v0.3 x Mistral-7B-Instruct-v0.3,Mistral-7B-Instruct-v0.3,Mistral-7B-Instruct-v0.3,lock_gate_shed,asym_coop,373,1,gate,16,0,1,0,0,0,0,0,0,0,1,0,1,0,0,0,1,2,0,1,1
Mistral-7B-Instruct-v0.3 x Mistral-7B-Instruct-v0.3,Mistral-7B-Instruct-v0.3,Mistral-7B-Instruct-v0.3,lock_gate_shed,asym_adv,374,0,shed,4,0,0,0,0,1,0,0,0,0,0,0,0,0,0,0,0,1,0,1,0
Mistral-7B-Instruct-v0.3 x Mistral-7B-Instruct-v0.3,Mistral-7B-Instruct-v0.3,Mistral-7B-Instruct-v0.3,lock_gate_shed,conflict_coop,375,1,gate,2,0,0,0,0,0,0,0,0,0,0,0,0,0,0,0,0,0,0,0,0
Mistral-7B-Instruct-v0.3 x Mistral-7B-Instruct-v0.3,Mistral-7B-Instruct-v0.3,Mistral-7B-Instruct-v0.3,lock_gate_shed,conflict_adv,376,0,,2,0,0,0,1,0,0,0,0,0,0,0,0,0,0,0,0,1,0,1,0
Mistral-7B-Instruct-v0.3 x Mistral-7B-Instruct-v0.3,Mistral-7B-Instruct-v0.3,Mistral-7B-Instruct-v0.3,lock_gate_shed,mutual_incoh,377,1,gate,16,0,0,0,0,0,0,0,0,0,1,0,1,0,0,0,0,2,0,1,0
Mistral-7B-Instruct-v0.3 x Mistral-7B-Instruct-v0.3,Mistral-7B-Instruct-v0.3,Mistral-7B-Instruct-v0.3,pan_stove_shelf,mutual_coop,378,1,shelf,2,0,0,0,0,0,0,0,0,0,0,0,0,0,0,0,0,0,0,0,0
Mistral-7B-Instruct-v0.3 x Mistral-7B-Instruct-v0.3,Mistral-7B-Instruct-v0.3,Mistral-7B-Instruct-v0.3,pan_stove_shelf,asym_coop,379,0,,16,0,0,0,1,0,0,0,0,0,1,0,1,0,0,0,0,3,0,1,0
Mistral-7B-Instruct-v0.3 x Mistral-7B-Instruct-v0.3,Mistral-7B-Instruct-v0.3,Mistral-7B-Instruct-v0.3,hat_hook_chair,asym_coop,37,0,,16,0,1,0,1,0,0,0,0,0,1,0,1,0,0,0,1,3,0,1,1
Mistral-7B-Instruct-v0.3 x Mistral-7B-Instruct-v0.3,Mistral-7B-Instruct-v0.3,Mistral-7B-Instruct-v0.3,pan_stove_shelf,asym_adv,380,0,stove,2,0,0,0,0,0,0,0,0,0,0,0,0,0,0,0,0,0,0,0,0
Mistral-7B-Instruct-v0.3 x Mistral-7B-Instruct-v0.3,Mistral-7B-Instruct-v0.3,Mistral-7B-Instruct-v0.3,pan_stove_shelf,conflict_coop,381,1,shelf,2,0,0,0,0,0,0,0,0,0,0,0,0,0,0,0,0,0,0,0,0
Mistral-7B-Instruct-v0.3 x Mistral-7B-Instruct-v0.3,Mistral-7B-Instruct-v0.3,Mistral-7B-Instruct-v0.3,pan_stove_shelf,conflict_adv,382,0,stove,2,0,0,0,0,0,0,0,0,0,0,0,0,0,0,0,0,0,0,0,0
Mistral-7B-Instruct-v0.3 x Mistral-7B-Instruct-v0.3,Mistral-7B-Instruct-v0.3,Mistral-7B-Instruct-v0.3,pan_stove_shelf,mutual_incoh,383,1,shelf,2,0,0,0,0,0,0,0,0,0,0,0,0,0,0,0,0,0,0,0,0
Mistral-7B-Instruct-v0.3 x Mistral-7B-Instruct-v0.3,Mistral-7B-Instruct-v0.3,Mistral-7B-Instruct-v0.3,lens_bag_case,mutual_coop,384,1,bag,16,0,0,0,0,0,0,0,0,1,1,0,1,0,0,0,0,3,0,1,0
Mistral-7B-Instruct-v0.3 x Mistral-7B-Instruct-v0.3,Mistral-7B-Instruct-v0.3,Mistral-7B-Instruct-v0.3,lens_bag_case,asym_coop,385,1,bag,2,0,0,0,0,0,0,0,0,0,0,0,0,0,0,0,0,0,0,0,0
Mistral-7B-Instruct-v0.3 x Mistral-7B-Instruct-v0.3,Mistral-7B-Instruct-v0.3,Mistral-7B-Instruct-v0.3,lens_bag_case,asym_adv,386,1,bag,6,0,0,0,0,0,0,0,0,0,0,0,1,0,0,0,0,1,0,1,0
Mistral-7B-Instruct-v0.3 x Mistral-7B-Instruct-v0.3,Mistral-7B-Instruct-v0.3,Mistral-7B-Instruct-v0.3,lens_bag_case,conflict_coop,387,1,bag,2,0,0,0,0,0,0,0,0,0,0,0,0,0,0,0,0,0,0,0,0
Mistral-7B-Instruct-v0.3 x Mistral-7B-Instruct-v0.3,Mistral-7B-Instruct-v0.3,Mistral-7B-Instruct-v0.3,lens_bag_case,conflict_adv,388,1,bag,16,0,0,0,0,0,0,0,0,0,1,0,1,0,0,0,0,2,0,1,0
Mistral-7B-Instruct-v0.3 x Mistral-7B-Instruct-v0.3,Mistral-7B-Instruct-v0.3,Mistral-7B-Instruct-v0.3,lens_bag_case,mutual_incoh,389,0,case,2,0,0,0,0,0,0,0,0,0,0,0,0,0,0,0,0,0,0,0,0
Mistral-7B-Instruct-v0.3 x Mistral-7B-Instruct-v0.3,Mistral-7B-Instruct-v0.3,Mistral-7B-Instruct-v0.3,hat_hook_chair,asym_adv,38,0,chair,4,0,0,0,0,0,0,0,0,0,0,0,0,0,0,0,0,0,0,0,0
Mistral-7B-Instruct-v0.3 x Mistral-7B-Instruct-v0.3,Mistral-7B-Instruct-v0.3,Mistral-7B-Instruct-v0.3,seed_pot_bag,mutual_coop,390,1,bag,6,1,0,0,0,0,0,0,0,0,0,0,1,0,0,0,1,1,0,1,1
Mistral-7B-Instruct-v0.3 x Mistral-7B-Instruct-v0.3,Mistral-7B-Instruct-v0.3,Mistral-7B-Instruct-v0.3,seed_pot_bag,asym_coop,391,0,pot,4,1,0,0,0,0,0,0,0,0,0,0,0,0,0,0,1,0,0,1,1
Mistral-7B-Instruct-v0.3 x Mistral-7B-Instruct-v0.3,Mistral-7B-Instruct-v0.3,Mistral-7B-Instruct-v0.3,seed_pot_bag,asym_adv,392,1,bag,2,0,0,0,0,0,0,0,0,0,0,0,0,0,0,0,0,0,0,0,0
Mistral-7B-Instruct-v0.3 x Mistral-7B-Instruct-v0.3,Mistral-7B-Instruct-v0.3,Mistral-7B-Instruct-v0.3,seed_pot_bag,conflict_coop,393,1,bag,2,0,0,0,0,0,0,0,0,0,0,0,0,0,0,0,0,0,0,0,0
Mistral-7B-Instruct-v0.3 x Mistral-7B-Instruct-v0.3,Mistral-7B-Instruct-v0.3,Mistral-7B-Instruct-v0.3,seed_pot_bag,conflict_adv,394,0,pot,2,0,0,0,0,0,0,0,0,0,0,0,0,0,0,0,0,0,0,0,0
Mistral-7B-Instruct-v0.3 x Mistral-7B-Instruct-v0.3,Mistral-7B-Instruct-v0.3,Mistral-7B-Instruct-v0.3,seed_pot_bag,mutual_incoh,395,1,bag,16,0,1,0,0,0,0,0,0,0,1,0,1,0,0,0,1,2,0,1,1
Mistral-7B-Instruct-v0.3 x Mistral-7B-Instruct-v0.3,Mistral-7B-Instruct-v0.3,Mistral-7B-Instruct-v0.3,bulb_box_shelf,mutual_coop,396,1,box,2,0,0,0,0,0,0,0,0,0,0,0,0,0,0,0,0,0,0,0,0
Mistral-7B-Instruct-v0.3 x Mistral-7B-Instruct-v0.3,Mistral-7B-Instruct-v0.3,Mistral-7B-Instruct-v0.3,bulb_box_shelf,asym_coop,397,1,box,2,0,0,0,0,0,0,0,0,0,0,0,0,0,0,0,0,0,0,0,0
Mistral-7B-Instruct-v0.3 x Mistral-7B-Instruct-v0.3,Mistral-7B-Instruct-v0.3,Mistral-7B-Instruct-v0.3,bulb_box_shelf,asym_adv,398,0,shelf,4,0,0,0,0,1,0,0,0,0,0,0,0,0,0,0,0,1,0,1,0
Mistral-7B-Instruct-v0.3 x Mistral-7B-Instruct-v0.3,Mistral-7B-Instruct-v0.3,Mistral-7B-Instruct-v0.3,bulb_box_shelf,conflict_coop,399,1,box,2,0,0,0,0,0,0,0,0,0,0,0,0,0,0,0,0,0,0,0,0
Mistral-7B-Instruct-v0.3 x Mistral-7B-Instruct-v0.3,Mistral-7B-Instruct-v0.3,Mistral-7B-Instruct-v0.3,hat_hook_chair,conflict_coop,39,1,hook,2,0,0,0,0,0,0,0,0,0,0,0,0,0,0,0,0,0,0,0,0
Mistral-7B-Instruct-v0.3 x Mistral-7B-Instruct-v0.3,Mistral-7B-Instruct-v0.3,Mistral-7B-Instruct-v0.3,key_in_boxes,conflict_coop,3,1,red box,2,0,0,0,0,0,0,0,0,0,0,0,0,0,0,0,0,0,0,0,0
Mistral-7B-Instruct-v0.3 x Mistral-7B-Instruct-v0.3,Mistral-7B-Instruct-v0.3,Mistral-7B-Instruct-v0.3,bulb_box_shelf,conflict_adv,400,0,shelf,4,0,0,0,0,0,0,0,0,0,0,0,0,0,0,0,0,0,0,0,0
Mistral-7B-Instruct-v0.3 x Mistral-7B-Instruct-v0.3,Mistral-7B-Instruct-v0.3,Mistral-7B-Instruct-v0.3,bulb_box_shelf,mutual_incoh,401,0,shelf,2,0,0,0,0,0,0,0,0,0,0,0,0,0,0,0,0,0,0,0,0
Mistral-7B-Instruct-v0.3 x Mistral-7B-Instruct-v0.3,Mistral-7B-Instruct-v0.3,Mistral-7B-Instruct-v0.3,cloth_rack_basket,mutual_coop,402,1,basket,6,0,0,0,0,0,0,0,0,0,0,0,1,0,0,0,0,1,0,1,0
Mistral-7B-Instruct-v0.3 x Mistral-7B-Instruct-v0.3,Mistral-7B-Instruct-v0.3,Mistral-7B-Instruct-v0.3,cloth_rack_basket,asym_coop,403,0,,3,0,1,0,1,0,0,0,0,0,0,0,1,0,0,0,1,2,0,1,1
Mistral-7B-Instruct-v0.3 x Mistral-7B-Instruct-v0.3,Mistral-7B-Instruct-v0.3,Mistral-7B-Instruct-v0.3,cloth_rack_basket,asym_adv,404,0,,16,0,0,0,1,1,0,0,0,0,1,0,1,0,0,0,0,4,0,1,0
Mistral-7B-Instruct-v0.3 x Mistral-7B-Instruct-v0.3,Mistral-7B-Instruct-v0.3,Mistral-7B-Instruct-v0.3,cloth_rack_basket,conflict_coop,405,1,basket,2,0,0,0,0,0,0,0,0,0,0,0,0,0,0,0,0,0,0,0,0
Mistral-7B-Instruct-v0.3 x Mistral-7B-Instruct-v0.3,Mistral-7B-Instruct-v0.3,Mistral-7B-Instruct-v0.3,cloth_rack_basket,conflict_adv,406,1,basket,6,0,0,0,0,0,0,0,0,0,0,0,0,0,0,0,0,0,0,0,0
Mistral-7B-Instruct-v0.3 x Mistral-7B-Instruct-v0.3,Mistral-7B-Instruct-v0.3,Mistral-7B-Instruct-v0.3,cloth_rack_basket,mutual_incoh,407,1,basket,2,0,0,0,0,0,0,0,0,0,0,0,0,0,0,0,0,0,0,0,0
Mistral-7B-Instruct-v0.3 x Mistral-7B-Instruct-v0.3,Mistral-7B-Instruct-v0.3,Mistral-7B-Instruct-v0.3,stapler_desk_drawer,mutual_coop,408,1,desk,16,0,0,0,0,0,0,0,0,1,1,0,1,0,1,0,0,4,0,1,0
Mistral-7B-Instruct-v0.3 x Mistral-7B-Instruct-v0.3,Mistral-7B-Instruct-v0.3,Mistral-7B-Instruct-v0.3,stapler_desk_drawer,asym_coop,409,1,desk,2,0,0,0,0,0,0,0,0,0,0,0,0,0,0,0,0,0,0,0,0
Mistral-7B-Instruct-v0.3 x Mistral-7B-Instruct-v0.3,Mistral-7B-Instruct-v0.3,Mistral-7B-Instruct-v0.3,hat_hook_chair,conflict_adv,40,0,chair,4,0,0,0,0,0,0,0,0,0,0,0,0,0,0,0,0,0,0,0,0
Mistral-7B-Instruct-v0.3 x Mistral-7B-Instruct-v0.3,Mistral-7B-Instruct-v0.3,Mistral-7B-Instruct-v0.3,stapler_desk_drawer,asym_adv,410,1,desk,4,0,0,0,0,0,0,0,0,0,0,0,0,0,0,0,0,0,0,0,0
Mistral-7B-Instruct-v0.3 x Mistral-7B-Instruct-v0.3,Mistral-7B-Instruct-v0.3,Mistral-7B-Instruct-v0.3,stapler_desk_drawer,conflict_coop,411,1,desk,2,0,0,0,0,0,0,0,0,0,0,0,0,0,0,0,0,0,0,0,0
Mistral-7B-Instruct-v0.3 x Mistral-7B-Instruct-v0.3,Mistral-7B-Instruct-v0.3,Mistral-7B-Instruct-v0.3,stapler_desk_drawer,conflict_adv,412,1,desk,2,0,0,0,0,0,0,0,0,0,0,0,0,0,0,0,0,0,0,0,0
Mistral-7B-Instruct-v0.3 x Mistral-7B-Instruct-v0.3,Mistral-7B-Instruct-v0.3,Mistral-7B-Instruct-v0.3,stapler_desk_drawer,mutual_incoh,413,0,drawer,2,0,0,0,0,0,0,0,0,0,0,0,0,0,0,0,0,0,0,0,0
Mistral-7B-Instruct-v0.3 x Mistral-7B-Instruct-v0.3,Mistral-7B-Instruct-v0.3,Mistral-7B-Instruct-v0.3,shovel_shed_yard,mutual_coop,414,1,yard,6,0,0,0,0,0,0,0,0,0,0,0,1,0,0,0,0,1,0,1,0
Mistral-7B-Instruct-v0.3 x Mistral-7B-Instruct-v0.3,Mistral-7B-Instruct-v0.3,Mistral-7B-Instruct-v0.3,shovel_shed_yard,asym_coop,415,1,yard,2,0,0,0,0,0,0,0,0,0,0,0,0,0,0,0,0,0,0,0,0
Mistral-7B-Instruct-v0.3 x Mistral-7B-Instruct-v0.3,Mistral-7B-Instruct-v0.3,Mistral-7B-Instruct-v0.3,shovel_shed_yard,asym_adv,416,1,yard,4,0,0,0,0,0,0,0,0,0,0,0,0,0,0,0,0,0,0,0,0
Mistral-7B-Instruct-v0.3 x Mistral-7B-Instruct-v0.3,Mistral-7B-Instruct-v0.3,Mistral-7B-Instruct-v0.3,shovel_shed_yard,conflict_coop,417,1,yard,2,0,0,0,0,0,0,0,0,0,0,0,0,0,0,0,0,0,0,0,0
Mistral-7B-Instruct-v0.3 x Mistral-7B-Instruct-v0.3,Mistral-7B-Instruct-v0.3,Mistral-7B-Instruct-v0.3,shovel_shed_yard,conflict_adv,418,1,yard,4,0,0,0,0,0,0,0,0,0,0,0,0,0,0,0,0,0,0,0,0
Mistral-7B-Instruct-v0.3 x Mistral-7B-Instruct-v0.3,Mistral-7B-Instruct-v0.3,Mistral-7B-Instruct-v0.3,shovel_shed_yard,mutual_incoh,419,1,yard,6,0,0,0,0,0,0,0,0,0,0,0,1,0,0,0,0,1,0,1,0
Mistral-7B-Instruct-v0.3 x Mistral-7B-Instruct-v0.3,Mistral-7B-Instruct-v0.3,Mistral-7B-Instruct-v0.3,hat_hook_chair,mutual_incoh,41,1,hook,16,0,0,0,0,0,0,0,0,1,1,0,1,0,0,0,0,3,0,1,0
Mistral-7B-Instruct-v0.3 x Mistral-7B-Instruct-v0.3,Mistral-7B-Instruct-v0.3,Mistral-7B-Instruct-v0.3,tray_oven_counter,mutual_coop,420,1,oven,2,0,0,0,0,0,0,0,0,0,0,0,0,0,0,0,0,0,0,0,0
Mistral-7B-Instruct-v0.3 x Mistral-7B-Instruct-v0.3,Mistral-7B-Instruct-v0.3,Mistral-7B-Instruct-v0.3,tray_oven_counter,asym_coop,421,1,oven,2,0,0,0,0,0,0,0,0,0,0,0,0,0,0,0,0,0,0,0,0
Mistral-7B-Instruct-v0.3 x Mistral-7B-Instruct-v0.3,Mistral-7B-Instruct-v0.3,Mistral-7B-Instruct-v0.3,tray_oven_counter,asym_adv,422,1,oven,4,0,0,0,0,0,0,0,0,0,0,0,0,0,0,0,0,0,0,0,0
Mistral-7B-Instruct-v0.3 x Mistral-7B-Instruct-v0.3,Mistral-7B-Instruct-v0.3,Mistral-7B-Instruct-v0.3,tray_oven_counter,conflict_coop,423,1,oven,2,0,0,0,0,0,0,0,0,0,0,0,0,0,0,0,0,0,0,0,0
Mistral-7B-Instruct-v0.3 x Mistral-7B-Instruct-v0.3,Mistral-7B-Instruct-v0.3,Mistral-7B-Instruct-v0.3,tray_oven_counter,conflict_adv,424,0,counter,4,0,0,0,0,0,0,0,0,0,0,0,0,0,0,0,0,0,0,0,0
Mistral-7B-Instruct-v0.3 x Mistral-7B-Instruct-v0.3,Mistral-7B-Instruct-v0.3,Mistral-7B-Instruct-v0.3,tray_oven_counter,mutual_incoh,425,1,oven,2,0,0,0,0,0,0,0,0,0,0,0,0,0,0,0,0,0,0,0,0
Mistral-7B-Instruct-v0.3 x Mistral-7B-Instruct-v0.3,Mistral-7B-Instruct-v0.3,Mistral-7B-Instruct-v0.3,belt_closet_chair,mutual_coop,426,0,,3,0,1,0,1,0,0,0,0,0,0,0,1,0,0,0,1,2,0,1,1
Mistral-7B-Instruct-v0.3 x Mistral-7B-Instruct-v0.3,Mistral-7B-Instruct-v0.3,Mistral-7B-Instruct-v0.3,belt_closet_chair,asym_coop,427,1,chair,2,0,0,0,0,0,0,0,0,0,0,0,0,0,0,0,0,0,0,0,0
Mistral-7B-Instruct-v0.3 x Mistral-7B-Instruct-v0.3,Mistral-7B-Instruct-v0.3,Mistral-7B-Instruct-v0.3,belt_closet_chair,asym_adv,428,1,chair,4,0,0,0,0,0,0,0,0,0,0,0,0,0,0,0,0,0,0,0,0
Mistral-7B-Instruct-v0.3 x Mistral-7B-Instruct-v0.3,Mistral-7B-Instruct-v0.3,Mistral-7B-Instruct-v0.3,belt_closet_chair,conflict_coop,429,1,chair,2,0,0,0,0,0,0,0,0,0,0,0,0,0,0,0,0,0,0,0,0
Mistral-7B-Instruct-v0.3 x Mistral-7B-Instruct-v0.3,Mistral-7B-Instruct-v0.3,Mistral-7B-Instruct-v0.3,pen_cup_tray,mutual_coop,42,1,tray,16,0,1,0,0,0,0,0,0,1,1,0,1,0,1,0,1,4,0,1,1
Mistral-7B-Instruct-v0.3 x Mistral-7B-Instruct-v0.3,Mistral-7B-Instruct-v0.3,Mistral-7B-Instruct-v0.3,belt_closet_chair,conflict_adv,430,1,chair,2,0,0,0,0,0,0,0,0,0,0,0,0,0,0,0,0,0,0,0,0
Mistral-7B-Instruct-v0.3 x Mistral-7B-Instruct-v0.3,Mistral-7B-Instruct-v0.3,Mistral-7B-Instruct-v0.3,belt_closet_chair,mutual_incoh,431,1,chair,2,0,0,0,0,0,0,0,0,0,0,0,0,0,0,0,0,0,0,0,0
Mistral-7B-Instruct-v0.3 x Mistral-7B-Instruct-v0.3,Mistral-7B-Instruct-v0.3,Mistral-7B-Instruct-v0.3,cup_shelf_table,mutual_coop,432,1,shelf,2,0,0,0,0,0,0,0,0,0,0,0,0,0,0,0,0,0,0,0,0
Mistral-7B-Instruct-v0.3 x Mistral-7B-Instruct-v0.3,Mistral-7B-Instruct-v0.3,Mistral-7B-Instruct-v0.3,cup_shelf_table,asym_coop,433,1,shelf,2,0,0,0,0,0,0,0,0,0,0,0,0,0,0,0,0,0,0,0,0
Mistral-7B-Instruct-v0.3 x Mistral-7B-Instruct-v0.3,Mistral-7B-Instruct-v0.3,Mistral-7B-Instruct-v0.3,cup_shelf_table,asym_adv,434,1,shelf,2,0,0,0,0,0,0,0,0,0,0,0,0,0,0,0,0,0,0,0,0
Mistral-7B-Instruct-v0.3 x Mistral-7B-Instruct-v0.3,Mistral-7B-Instruct-v0.3,Mistral-7B-Instruct-v0.3,cup_shelf_table,conflict_coop,435,1,shelf,2,0,0,0,0,0,0,0,0,0,0,0,0,0,0,0,0,0,0,0,0
Mistral-7B-Instruct-v0.3 x Mistral-7B-Instruct-v0.3,Mistral-7B-Instruct-v0.3,Mistral-7B-Instruct-v0.3,cup_shelf_table,conflict_adv,436,0,table,4,0,0,0,0,0,0,0,0,0,0,0,0,0,0,0,0,0,0,0,0
Mistral-7B-Instruct-v0.3 x Mistral-7B-Instruct-v0.3,Mistral-7B-Instruct-v0.3,Mistral-7B-Instruct-v0.3,cup_shelf_table,mutual_incoh,437,0,table,2,0,0,0,0,0,0,0,0,0,0,0,0,0,0,0,0,0,0,0,0
Mistral-7B-Instruct-v0.3 x Mistral-7B-Instruct-v0.3,Mistral-7B-Instruct-v0.3,Mistral-7B-Instruct-v0.3,mask_hook_drawer,mutual_coop,438,0,,9,0,0,0,1,0,0,0,0,0,0,0,1,0,0,0,0,2,0,1,0
Mistral-7B-Instruct-v0.3 x Mistral-7B-Instruct-v0.3,Mistral-7B-Instruct-v0.3,Mistral-7B-Instruct-v0.3,mask_hook_drawer,asym_coop,439,0,,2,0,0,0,1,0,0,0,0,0,0,0,0,0,0,0,0,1,0,1,0
Mistral-7B-Instruct-v0.3 x Mistral-7B-Instruct-v0.3,Mistral-7B-Instruct-v0.3,Mistral-7B-Instruct-v0.3,pen_cup_tray,asym_coop,43,1,tray,16,0,0,0,0,0,0,0,0,1,1,0,1,0,0,0,0,3,0,1,0
Mistral-7B-Instruct-v0.3 x Mistral-7B-Instruct-v0.3,Mistral-7B-Instruct-v0.3,Mistral-7B-Instruct-v0.3,mask_hook_drawer,asym_adv,440,1,drawer,4,0,0,0,0,0,0,0,0,0,0,0,0,0,0,0,0,0,0,0,0
Mistral-7B-Instruct-v0.3 x Mistral-7B-Instruct-v0.3,Mistral-7B-Instruct-v0.3,Mistral-7B-Instruct-v0.3,mask_hook_drawer,conflict_coop,441,1,drawer,2,0,0,0,0,0,0,0,0,0,0,0,0,0,0,0,0,0,0,0,0
Mistral-7B-Instruct-v0.3 x Mistral-7B-Instruct-v0.3,Mistral-7B-Instruct-v0.3,Mistral-7B-Instruct-v0.3,mask_hook_drawer,conflict_adv,442,0,hook,2,0,0,0,0,0,0,0,0,0,0,0,0,0,0,0,0,0,0,0,0
Mistral-7B-Instruct-v0.3 x Mistral-7B-Instruct-v0.3,Mistral-7B-Instruct-v0.3,Mistral-7B-Instruct-v0.3,mask_hook_drawer,mutual_incoh,443,0,,13,0,0,0,1,0,0,0,0,0,0,0,1,0,0,0,0,2,0,1,0
Mistral-7B-Instruct-v0.3 x Mistral-7B-Instruct-v0.3,Mistral-7B-Instruct-v0.3,Mistral-7B-Instruct-v0.3,film_shelf_drawer,mutual_coop,444,0,,3,0,1,0,1,0,0,0,0,0,0,0,1,0,0,0,1,2,0,1,1
Mistral-7B-Instruct-v0.3 x Mistral-7B-Instruct-v0.3,Mistral-7B-Instruct-v0.3,Mistral-7B-Instruct-v0.3,film_shelf_drawer,asym_coop,445,1,shelf,16,0,1,0,0,0,0,0,0,0,1,0,1,0,0,0,1,2,0,1,1
Mistral-7B-Instruct-v0.3 x Mistral-7B-Instruct-v0.3,Mistral-7B-Instruct-v0.3,Mistral-7B-Instruct-v0.3,film_shelf_drawer,asym_adv,446,0,drawer,4,0,0,0,0,0,0,0,0,0,0,0,0,0,0,0,0,0,0,0,0
Mistral-7B-Instruct-v0.3 x Mistral-7B-Instruct-v0.3,Mistral-7B-Instruct-v0.3,Mistral-7B-Instruct-v0.3,film_shelf_drawer,conflict_coop,447,1,shelf,2,0,0,0,0,0,0,0,0,0,0,0,0,0,0,0,0,0,0,0,0
Mistral-7B-Instruct-v0.3 x Mistral-7B-Instruct-v0.3,Mistral-7B-Instruct-v0.3,Mistral-7B-Instruct-v0.3,film_shelf_drawer,conflict_adv,448,1,shelf,4,0,0,0,0,0,0,0,0,0,0,0,1,0,0,0,0,1,0,1,0
Mistral-7B-Instruct-v0.3 x Mistral-7B-Instruct-v0.3,Mistral-7B-Instruct-v0.3,Mistral-7B-Instruct-v0.3,film_shelf_drawer,mutual_incoh,449,1,shelf,2,0,0,0,0,0,0,0,0,0,0,0,0,0,0,0,0,0,0,0,0
Mistral-7B-Instruct-v0.3 x Mistral-7B-Instruct-v0.3,Mistral-7B-Instruct-v0.3,Mistral-7B-Instruct-v0.3,pen_cup_tray,asym_adv,44,0,cup,4,0,0,0,0,0,0,0,0,0,0,0,0,0,0,0,0,0,0,0,0
Mistral-7B-Instruct-v0.3 x Mistral-7B-Instruct-v0.3,Mistral-7B-Instruct-v0.3,Mistral-7B-Instruct-v0.3,globe_desk_shelf,mutual_coop,450,0,,16,0,0,0,1,0,0,0,0,1,1,0,1,0,0,0,0,4,0,1,0
Mistral-7B-Instruct-v0.3 x Mistral-7B-Instruct-v0.3,Mistral-7B-Instruct-v0.3,Mistral-7B-Instruct-v0.3,globe_desk_shelf,asym_coop,451,0,,16,0,0,0,1,0,0,0,0,1,1,0,1,1,0,0,0,5,0,1,0
Mistral-7B-Instruct-v0.3 x Mistral-7B-Instruct-v0.3,Mistral-7B-Instruct-v0.3,Mistral-7B-Instruct-v0.3,globe_desk_shelf,asym_adv,452,0,desk,4,0,0,0,0,0,0,0,0,0,0,0,1,0,0,0,0,1,0,1,0
Mistral-7B-Instruct-v0.3 x Mistral-7B-Instruct-v0.3,Mistral-7B-Instruct-v0.3,Mistral-7B-Instruct-v0.3,globe_desk_shelf,conflict_coop,453,0,,16,0,0,0,1,0,0,0,0,1,1,0,1,1,0,0,0,5,0,1,0
Mistral-7B-Instruct-v0.3 x Mistral-7B-Instruct-v0.3,Mistral-7B-Instruct-v0.3,Mistral-7B-Instruct-v0.3,globe_desk_shelf,conflict_adv,454,0,desk,2,0,0,0,0,0,0,0,0,0,0,0,0,0,0,0,0,0,0,0,0
Mistral-7B-Instruct-v0.3 x Mistral-7B-Instruct-v0.3,Mistral-7B-Instruct-v0.3,Mistral-7B-Instruct-v0.3,globe_desk_shelf,mutual_incoh,455,1,shelf,2,0,0,0,0,0,0,0,0,0,0,0,0,0,0,0,0,0,0,0,0
Mistral-7B-Instruct-v0.3 x Mistral-7B-Instruct-v0.3,Mistral-7B-Instruct-v0.3,Mistral-7B-Instruct-v0.3,net_shed_yard,mutual_coop,456,1,shed,16,0,1,0,0,0,0,0,0,1,1,0,1,0,0,0,1,3,0,1,1
Mistral-7B-Instruct-v0.3 x Mistral-7B-Instruct-v0.3,Mistral-7B-Instruct-v0.3,Mistral-7B-Instruct-v0.3,net_shed_yard,asym_coop,457,1,shed,2,0,0,0,0,0,0,0,0,0,0,0,0,0,0,0,0,0,0,0,0
Mistral-7B-Instruct-v0.3 x Mistral-7B-Instruct-v0.3,Mistral-7B-Instruct-v0.3,Mistral-7B-Instruct-v0.3,net_shed_yard,asym_adv,458,1,shed,4,0,0,0,0,0,0,0,0,0,0,0,1,0,0,0,0,1,0,1,0
Mistral-7B-Instruct-v0.3 x Mistral-7B-Instruct-v0.3,Mistral-7B-Instruct-v0.3,Mistral-7B-Instruct-v0.3,net_shed_yard,conflict_coop,459,1,shed,2,0,0,0,0,0,0,0,0,0,0,0,0,0,0,0,0,0,0,0,0
Mistral-7B-Instruct-v0.3 x Mistral-7B-Instruct-v0.3,Mistral-7B-Instruct-v0.3,Mistral-7B-Instruct-v0.3,pen_cup_tray,conflict_coop,45,1,tray,2,0,0,0,0,0,0,0,0,0,0,0,0,0,0,0,0,0,0,0,0
Mistral-7B-Instruct-v0.3 x Mistral-7B-Instruct-v0.3,Mistral-7B-Instruct-v0.3,Mistral-7B-Instruct-v0.3,net_shed_yard,conflict_adv,460,0,yard,2,0,0,0,0,1,0,0,0,0,0,0,0,0,0,0,0,1,0,1,0
Mistral-7B-Instruct-v0.3 x Mistral-7B-Instruct-v0.3,Mistral-7B-Instruct-v0.3,Mistral-7B-Instruct-v0.3,net_shed_yard,mutual_incoh,461,1,shed,2,0,0,0,0,0,0,0,0,0,0,0,0,0,0,0,0,0,0,0,0
Mistral-7B-Instruct-v0.3 x Mistral-7B-Instruct-v0.3,Mistral-7B-Instruct-v0.3,Mistral-7B-Instruct-v0.3,chalk_tray_box,mutual_coop,462,1,box,4,0,0,0,0,0,0,0,0,0,0,0,1,0,0,0,0,1,0,1,0
Mistral-7B-Instruct-v0.3 x Mistral-7B-Instruct-v0.3,Mistral-7B-Instruct-v0.3,Mistral-7B-Instruct-v0.3,chalk_tray_box,asym_coop,463,1,box,16,0,0,0,0,0,0,0,0,1,1,0,1,0,0,0,0,3,0,1,0
Mistral-7B-Instruct-v0.3 x Mistral-7B-Instruct-v0.3,Mistral-7B-Instruct-v0.3,Mistral-7B-Instruct-v0.3,chalk_tray_box,asym_adv,464,0,,11,0,1,0,1,0,0,0,0,0,0,0,1,0,0,0,1,2,0,1,1
Mistral-7B-Instruct-v0.3 x Mistral-7B-Instruct-v0.3,Mistral-7B-Instruct-v0.3,Mistral-7B-Instruct-v0.3,chalk_tray_box,conflict_coop,465,1,box,16,0,0,0,0,0,0,0,0,0,1,0,1,0,0,0,0,2,0,1,0
Mistral-7B-Instruct-v0.3 x Mistral-7B-Instruct-v0.3,Mistral-7B-Instruct-v0.3,Mistral-7B-Instruct-v0.3,chalk_tray_box,conflict_adv,466,0,tray,6,0,0,0,0,0,0,0,0,0,0,0,1,0,0,0,0,1,0,1,0
Mistral-7B-Instruct-v0.3 x Mistral-7B-Instruct-v0.3,Mistral-7B-Instruct-v0.3,Mistral-7B-Instruct-v0.3,chalk_tray_box,mutual_incoh,467,1,box,2,0,0,0,0,0,0,0,0,0,0,0,0,0,0,0,0,0,0,0,0
Mistral-7B-Instruct-v0.3 x Mistral-7B-Instruct-v0.3,Mistral-7B-Instruct-v0.3,Mistral-7B-Instruct-v0.3,paint_shelf_bench,mutual_coop,468,1,shelf,16,0,0,0,0,0,0,0,0,1,1,0,1,0,0,0,0,3,0,1,0
Mistral-7B-Instruct-v0.3 x Mistral-7B-Instruct-v0.3,Mistral-7B-Instruct-v0.3,Mistral-7B-Instruct-v0.3,paint_shelf_bench,asym_coop,469,1,shelf,16,0,0,0,0,0,0,0,0,1,1,0,1,0,0,0,0,3,0,1,0
Mistral-7B-Instruct-v0.3 x Mistral-7B-Instruct-v0.3,Mistral-7B-Instruct-v0.3,Mistral-7B-Instruct-v0.3,pen_cup_tray,conflict_adv,46,0,cup,2,0,0,0,0,0,0,0,0,0,0,0,0,0,0,0,0,0,0,0,0
Mistral-7B-Instruct-v0.3 x Mistral-7B-Instruct-v0.3,Mistral-7B-Instruct-v0.3,Mistral-7B-Instruct-v0.3,paint_shelf_bench,asym_adv,470,1,shelf,4,0,0,0,0,0,1,0,0,0,0,0,0,0,0,0,0,1,0,1,0
Mistral-7B-Instruct-v0.3 x Mistral-7B-Instruct-v0.3,Mistral-7B-Instruct-v0.3,Mistral-7B-Instruct-v0.3,paint_shelf_bench,conflict_coop,471,0,,16,0,0,0,1,0,0,0,0,1,1,0,1,1,0,0,0,5,0,1,0
Mistral-7B-Instruct-v0.3 x Mistral-7B-Instruct-v0.3,Mistral-7B-Instruct-v0.3,Mistral-7B-Instruct-v0.3,paint_shelf_bench,conflict_adv,472,0,bench,2,0,0,0,0,0,0,0,0,0,0,0,0,0,0,0,0,0,0,0,0
Mistral-7B-Instruct-v0.3 x Mistral-7B-Instruct-v0.3,Mistral-7B-Instruct-v0.3,Mistral-7B-Instruct-v0.3,paint_shelf_bench,mutual_incoh,473,1,shelf,2,0,0,0,0,0,1,0,0,0,0,0,0,0,0,0,0,1,0,1,0
Mistral-7B-Instruct-v0.3 x Mistral-7B-Instruct-v0.3,Mistral-7B-Instruct-v0.3,Mistral-7B-Instruct-v0.3,needle_box_drawer,mutual_coop,474,0,,16,0,1,0,1,0,0,0,0,0,1,0,1,0,1,0,1,4,0,1,1
Mistral-7B-Instruct-v0.3 x Mistral-7B-Instruct-v0.3,Mistral-7B-Instruct-v0.3,Mistral-7B-Instruct-v0.3,needle_box_drawer,asym_coop,475,0,,5,0,0,0,1,0,0,0,0,0,0,0,1,0,0,0,0,2,0,1,0
Mistral-7B-Instruct-v0.3 x Mistral-7B-Instruct-v0.3,Mistral-7B-Instruct-v0.3,Mistral-7B-Instruct-v0.3,needle_box_drawer,asym_adv,476,1,drawer,2,0,0,0,0,0,0,0,0,0,0,0,0,0,0,0,0,0,0,0,0
Mistral-7B-Instruct-v0.3 x Mistral-7B-Instruct-v0.3,Mistral-7B-Instruct-v0.3,Mistral-7B-Instruct-v0.3,needle_box_drawer,conflict_coop,477,1,drawer,2,0,0,0,0,0,0,0,0,0,0,0,0,0,0,0,0,0,0,0,0
Mistral-7B-Instruct-v0.3 x Mistral-7B-Instruct-v0.3,Mistral-7B-Instruct-v0.3,Mistral-7B-Instruct-v0.3,needle_box_drawer,conflict_adv,478,0,box,4,0,0,0,0,0,0,0,0,0,0,0,0,0,0,0,0,0,0,0,0
Mistral-7B-Instruct-v0.3 x Mistral-7B-Instruct-v0.3,Mistral-7B-Instruct-v0.3,Mistral-7B-Instruct-v0.3,needle_box_drawer,mutual_incoh,479,1,drawer,16,0,0,0,0,0,0,0,0,1,1,0,1,0,0,0,0,3,0,1,0
Mistral-7B-Instruct-v0.3 x Mistral-7B-Instruct-v0.3,Mistral-7B-Instruct-v0.3,Mistral-7B-Instruct-v0.3,pen_cup_tray,mutual_incoh,47,0,cup,16,0,0,0,0,0,0,0,0,1,1,0,1,0,0,0,0,3,0,1,0
Mistral-7B-Instruct-v0.3 x Mistral-7B-Instruct-v0.3,Mistral-7B-Instruct-v0.3,Mistral-7B-Instruct-v0.3,whisk_drawer_hook,mutual_coop,480,1,drawer,16,0,0,0,0,0,0,0,0,1,1,0,1,1,0,0,0,4,0,1,0
Mistral-7B-Instruct-v0.3 x Mistral-7B-Instruct-v0.3,Mistral-7B-Instruct-v0.3,Mistral-7B-Instruct-v0.3,whisk_drawer_hook,asym_coop,481,0,,5,0,0,0,1,0,0,0,0,0,0,0,1,0,0,0,0,2,0,1,0
Mistral-7B-Instruct-v0.3 x Mistral-7B-Instruct-v0.3,Mistral-7B-Instruct-v0.3,Mistral-7B-Instruct-v0.3,whisk_drawer_hook,asym_adv,482,0,hook,4,0,0,0,0,0,0,0,0,0,0,0,0,0,0,0,0,0,0,0,0
Mistral-7B-Instruct-v0.3 x Mistral-7B-Instruct-v0.3,Mistral-7B-Instruct-v0.3,Mistral-7B-Instruct-v0.3,whisk_drawer_hook,conflict_coop,483,1,drawer,2,0,0,0,0,0,0,0,0,0,0,0,0,0,0,0,0,0,0,0,0
Mistral-7B-Instruct-v0.3 x Mistral-7B-Instruct-v0.3,Mistral-7B-Instruct-v0.3,Mistral-7B-Instruct-v0.3,whisk_drawer_hook,conflict_adv,484,1,drawer,4,0,0,0,0,0,0,0,0,0,0,0,0,0,0,0,0,0,0,0,0
Mistral-7B-Instruct-v0.3 x Mistral-7B-Instruct-v0.3,Mistral-7B-Instruct-v0.3,Mistral-7B-Instruct-v0.3,whisk_drawer_hook,mutual_incoh,485,0,,16,0,1,0,1,0,0,0,0,0,1,0,1,0,0,0,1,3,0,1,1
Mistral-7B-Instruct-v0.3 x Mistral-7B-Instruct-v0.3,Mistral-7B-Instruct-v0.3,Mistral-7B-Instruct-v0.3,flask_desk_locker,mutual_coop,486,1,locker,8,0,0,0,0,0,0,0,0,0,0,0,1,0,0,0,0,1,0,1,0
Mistral-7B-Instruct-v0.3 x Mistral-7B-Instruct-v0.3,Mistral-7B-Instruct-v0.3,Mistral-7B-Instruct-v0.3,flask_desk_locker,asym_coop,487,1,locker,4,0,0,0,0,0,0,0,0,0,0,0,1,0,0,0,0,1,0,1,0
Mistral-7B-Instruct-v0.3 x Mistral-7B-Instruct-v0.3,Mistral-7B-Instruct-v0.3,Mistral-7B-Instruct-v0.3,flask_desk_locker,asym_adv,488,1,locker,4,0,0,0,0,0,0,0,0,0,0,0,0,0,0,0,0,0,0,0,0
Mistral-7B-Instruct-v0.3 x Mistral-7B-Instruct-v0.3,Mistral-7B-Instruct-v0.3,Mistral-7B-Instruct-v0.3,flask_desk_locker,conflict_coop,489,1,locker,2,0,0,0,0,0,0,0,0,0,0,0,0,0,0,0,0,0,0,0,0
Mistral-7B-Instruct-v0.3 x Mistral-7B-Instruct-v0.3,Mistral-7B-Instruct-v0.3,Mistral-7B-Instruct-v0.3,ring_box_pouch,mutual_coop,48,1,box,2,0,0,0,0,0,0,0,0,0,0,0,0,0,0,0,0,0,0,0,0
Mistral-7B-Instruct-v0.3 x Mistral-7B-Instruct-v0.3,Mistral-7B-Instruct-v0.3,Mistral-7B-Instruct-v0.3,flask_desk_locker,conflict_adv,490,1,locker,2,0,0,0,0,1,0,0,0,0,0,0,0,0,0,0,0,1,0,1,0
Mistral-7B-Instruct-v0.3 x Mistral-7B-Instruct-v0.3,Mistral-7B-Instruct-v0.3,Mistral-7B-Instruct-v0.3,flask_desk_locker,mutual_incoh,491,1,locker,2,0,0,0,0,0,0,0,0,0,0,0,0,0,0,0,0,0,0,0,0
Mistral-7B-Instruct-v0.3 x Mistral-7B-Instruct-v0.3,Mistral-7B-Instruct-v0.3,Mistral-7B-Instruct-v0.3,rake_shed_fence,mutual_coop,492,1,shed,2,0,0,0,0,0,0,0,0,0,0,0,0,0,0,0,0,0,0,0,0
Mistral-7B-Instruct-v0.3 x Mistral-7B-Instruct-v0.3,Mistral-7B-Instruct-v0.3,Mistral-7B-Instruct-v0.3,rake_shed_fence,asym_coop,493,1,shed,2,0,0,0,0,0,0,0,0,0,0,0,0,0,0,0,0,0,0,0,0
Mistral-7B-Instruct-v0.3 x Mistral-7B-Instruct-v0.3,Mistral-7B-Instruct-v0.3,Mistral-7B-Instruct-v0.3,rake_shed_fence,asym_adv,494,0,fence,6,0,0,0,0,0,0,0,0,0,0,0,0,0,0,0,0,0,0,0,0
Mistral-7B-Instruct-v0.3 x Mistral-7B-Instruct-v0.3,Mistral-7B-Instruct-v0.3,Mistral-7B-Instruct-v0.3,rake_shed_fence,conflict_coop,495,1,shed,2,0,0,0,0,0,0,0,0,0,0,0,0,0,0,0,0,0,0,0,0
Mistral-7B-Instruct-v0.3 x Mistral-7B-Instruct-v0.3,Mistral-7B-Instruct-v0.3,Mistral-7B-Instruct-v0.3,rake_shed_fence,conflict_adv,496,1,shed,4,0,0,0,0,0,0,0,0,0,0,0,0,0,0,0,0,0,0,0,0
Mistral-7B-Instruct-v0.3 x Mistral-7B-Instruct-v0.3,Mistral-7B-Instruct-v0.3,Mistral-7B-Instruct-v0.3,rake_shed_fence,mutual_incoh,497,1,shed,16,0,0,0,0,0,0,0,0,0,1,0,1,0,0,0,0,2,0,1,0
Mistral-7B-Instruct-v0.3 x Mistral-7B-Instruct-v0.3,Mistral-7B-Instruct-v0.3,Mistral-7B-Instruct-v0.3,cord_desk_basket,mutual_coop,498,1,basket,16,0,0,0,0,0,0,0,0,1,1,0,1,0,0,0,0,3,0,1,0
Mistral-7B-Instruct-v0.3 x Mistral-7B-Instruct-v0.3,Mistral-7B-Instruct-v0.3,Mistral-7B-Instruct-v0.3,cord_desk_basket,asym_coop,499,1,basket,16,0,0,0,0,0,0,0,0,0,1,0,1,0,0,0,0,2,0,1,0
Mistral-7B-Instruct-v0.3 x Mistral-7B-Instruct-v0.3,Mistral-7B-Instruct-v0.3,Mistral-7B-Instruct-v0.3,ring_box_pouch,asym_coop,49,1,box,2,0,0,0,0,0,0,0,0,0,0,0,0,0,0,0,0,0,0,0,0
Mistral-7B-Instruct-v0.3 x Mistral-7B-Instruct-v0.3,Mistral-7B-Instruct-v0.3,Mistral-7B-Instruct-v0.3,key_in_boxes,conflict_adv,4,1,red box,16,0,0,0,0,0,0,0,0,0,1,0,1,0,0,0,0,2,0,1,0
Mistral-7B-Instruct-v0.3 x Mistral-7B-Instruct-v0.3,Mistral-7B-Instruct-v0.3,Mistral-7B-Instruct-v0.3,cord_desk_basket,asym_adv,500,0,desk,4,0,0,0,0,0,0,0,0,0,0,0,0,0,0,0,0,0,0,0,0
Mistral-7B-Instruct-v0.3 x Mistral-7B-Instruct-v0.3,Mistral-7B-Instruct-v0.3,Mistral-7B-Instruct-v0.3,cord_desk_basket,conflict_coop,501,1,basket,2,0,0,0,0,0,0,0,0,0,0,0,0,0,0,0,0,0,0,0,0
Mistral-7B-Instruct-v0.3 x Mistral-7B-Instruct-v0.3,Mistral-7B-Instruct-v0.3,Mistral-7B-Instruct-v0.3,cord_desk_basket,conflict_adv,502,0,desk,2,0,0,0,0,0,0,0,0,0,0,0,0,0,0,0,0,0,0,0,0
Mistral-7B-Instruct-v0.3 x Mistral-7B-Instruct-v0.3,Mistral-7B-Instruct-v0.3,Mistral-7B-Instruct-v0.3,cord_desk_basket,mutual_incoh,503,1,basket,2,0,0,0,0,0,0,0,0,0,0,0,0,0,0,0,0,0,0,0,0
Mistral-7B-Instruct-v0.3 x Mistral-7B-Instruct-v0.3,Mistral-7B-Instruct-v0.3,Mistral-7B-Instruct-v0.3,fan_shelf_floor,mutual_coop,504,0,,16,0,0,0,1,0,0,0,0,1,1,0,1,1,0,0,0,5,0,1,0
Mistral-7B-Instruct-v0.3 x Mistral-7B-Instruct-v0.3,Mistral-7B-Instruct-v0.3,Mistral-7B-Instruct-v0.3,fan_shelf_floor,asym_coop,505,0,,3,0,1,0,1,0,0,0,0,0,0,0,1,0,0,0,1,2,0,1,1
Mistral-7B-Instruct-v0.3 x Mistral-7B-Instruct-v0.3,Mistral-7B-Instruct-v0.3,Mistral-7B-Instruct-v0.3,fan_shelf_floor,asym_adv,506,1,shelf,2,0,0,0,0,0,0,0,0,0,0,0,0,0,0,0,0,0,0,0,0
Mistral-7B-Instruct-v0.3 x Mistral-7B-Instruct-v0.3,Mistral-7B-Instruct-v0.3,Mistral-7B-Instruct-v0.3,fan_shelf_floor,conflict_coop,507,1,shelf,4,0,0,0,0,0,0,0,0,0,0,0,0,0,0,0,0,0,0,0,0
Mistral-7B-Instruct-v0.3 x Mistral-7B-Instruct-v0.3,Mistral-7B-Instruct-v0.3,Mistral-7B-Instruct-v0.3,fan_shelf_floor,conflict_adv,508,1,shelf,4,0,0,0,0,0,0,0,0,0,0,0,0,0,0,0,0,0,0,0,0
Mistral-7B-Instruct-v0.3 x Mistral-7B-Instruct-v0.3,Mistral-7B-Instruct-v0.3,Mistral-7B-Instruct-v0.3,fan_shelf_floor,mutual_incoh,509,0,floor,4,0,0,0,0,0,0,0,0,0,0,0,0,0,0,0,0,0,0,0,0
Mistral-7B-Instruct-v0.3 x Mistral-7B-Instruct-v0.3,Mistral-7B-Instruct-v0.3,Mistral-7B-Instruct-v0.3,ring_box_pouch,asym_adv,50,0,pouch,4,0,0,0,0,0,0,0,0,0,0,0,0,0,0,0,0,0,0,0,0
Mistral-7B-Instruct-v0.3 x Mistral-7B-Instruct-v0.3,Mistral-7B-Instruct-v0.3,Mistral-7B-Instruct-v0.3,scale_counter_shelf,mutual_coop,510,0,,5,0,0,0,1,0,0,0,0,0,0,0,1,0,0,0,0,2,0,1,0
Mistral-7B-Instruct-v0.3 x Mistral-7B-Instruct-v0.3,Mistral-7B-Instruct-v0.3,Mistral-7B-Instruct-v0.3,scale_counter_shelf,asym_coop,511,0,,16,0,0,0,1,0,0,0,0,0,1,0,1,0,1,0,0,4,0,1,0
Mistral-7B-Instruct-v0.3 x Mistral-7B-Instruct-v0.3,Mistral-7B-Instruct-v0.3,Mistral-7B-Instruct-v0.3,scale_counter_shelf,asym_adv,512,1,shelf,4,0,0,0,0,0,0,0,0,0,0,0,0,0,0,0,0,0,0,0,0
Mistral-7B-Instruct-v0.3 x Mistral-7B-Instruct-v0.3,Mistral-7B-Instruct-v0.3,Mistral-7B-Instruct-v0.3,scale_counter_shelf,conflict_coop,513,1,shelf,16,0,1,0,0,0,0,0,0,0,1,0,1,0,0,0,1,2,0,1,1
Mistral-7B-Instruct-v0.3 x Mistral-7B-Instruct-v0.3,Mistral-7B-Instruct-v0.3,Mistral-7B-Instruct-v0.3,scale_counter_shelf,conflict_adv,514,1,shelf,4,0,0,0,0,0,0,0,0,0,0,0,0,0,0,0,0,0,0,0,0
Mistral-7B-Instruct-v0.3 x Mistral-7B-Instruct-v0.3,Mistral-7B-Instruct-v0.3,Mistral-7B-Instruct-v0.3,scale_counter_shelf,mutual_incoh,515,0,counter,2,0,0,0,0,0,0,0,0,0,0,0,0,0,0,0,0,0,0,0,0
Mistral-7B-Instruct-v0.3 x Mistral-7B-Instruct-v0.3,Mistral-7B-Instruct-v0.3,Mistral-7B-Instruct-v0.3,pail_shed_porch,mutual_coop,516,1,shed,2,0,0,0,0,0,0,0,0,0,0,0,0,0,0,0,0,0,0,0,0
Mistral-7B-Instruct-v0.3 x Mistral-7B-Instruct-v0.3,Mistral-7B-Instruct-v0.3,Mistral-7B-Instruct-v0.3,pail_shed_porch,asym_coop,517,0,,16,0,0,0,1,0,0,0,0,0,1,0,1,0,0,0,0,3,0,1,0
Mistral-7B-Instruct-v0.3 x Mistral-7B-Instruct-v0.3,Mistral-7B-Instruct-v0.3,Mistral-7B-Instruct-v0.3,pail_shed_porch,asym_adv,518,1,shed,4,0,0,0,0,1,0,0,0,0,0,0,0,0,0,0,0,1,0,1,0
Mistral-7B-Instruct-v0.3 x Mistral-7B-Instruct-v0.3,Mistral-7B-Instruct-v0.3,Mistral-7B-Instruct-v0.3,pail_shed_porch,conflict_coop,519,1,shed,2,0,0,0,0,0,0,0,0,0,0,0,0,0,0,0,0,0,0,0,0
Mistral-7B-Instruct-v0.3 x Mistral-7B-Instruct-v0.3,Mistral-7B-Instruct-v0.3,Mistral-7B-Instruct-v0.3,ring_box_pouch,conflict_coop,51,1,box,2,0,0,0,0,0,0,0,0,0,0,0,0,0,0,0,0,0,0,0,0
Mistral-7B-Instruct-v0.3 x Mistral-7B-Instruct-v0.3,Mistral-7B-Instruct-v0.3,Mistral-7B-Instruct-v0.3,pail_shed_porch,conflict_adv,520,0,porch,16,0,0,0,0,0,0,0,0,0,1,0,1,0,0,0,0,2,0,1,0
Mistral-7B-Instruct-v0.3 x Mistral-7B-Instruct-v0.3,Mistral-7B-Instruct-v0.3,Mistral-7B-Instruct-v0.3,pail_shed_porch,mutual_incoh,521,0,,10,0,0,0,1,0,0,0,0,0,0,0,1,0,0,0,0,2,0,1,0
Mistral-7B-Instruct-v0.3 x Mistral-7B-Instruct-v0.3,Mistral-7B-Instruct-v0.3,Mistral-7B-Instruct-v0.3,binder_shelf_desk,mutual_coop,522,0,,16,0,0,0,1,0,0,0,0,0,1,0,1,0,1,0,0,4,0,1,0
Mistral-7B-Instruct-v0.3 x Mistral-7B-Instruct-v0.3,Mistral-7B-Instruct-v0.3,Mistral-7B-Instruct-v0.3,binder_shelf_desk,asym_coop,523,0,shelf,4,0,0,0,0,0,0,0,0,0,0,0,1,0,0,0,0,1,0,1,0
Mistral-7B-Instruct-v0.3 x Mistral-7B-Instruct-v0.3,Mistral-7B-Instruct-v0.3,Mistral-7B-Instruct-v0.3,binder_shelf_desk,asym_adv,524,0,shelf,4,0,0,0,0,0,0,0,0,0,0,0,0,0,0,0,0,0,0,0,0
Mistral-7B-Instruct-v0.3 x Mistral-7B-Instruct-v0.3,Mistral-7B-Instruct-v0.3,Mistral-7B-Instruct-v0.3,binder_shelf_desk,conflict_coop,525,1,desk,2,0,0,0,0,0,0,0,0,0,0,0,0,0,0,0,0,0,0,0,0
Mistral-7B-Instruct-v0.3 x Mistral-7B-Instruct-v0.3,Mistral-7B-Instruct-v0.3,Mistral-7B-Instruct-v0.3,binder_shelf_desk,conflict_adv,526,0,shelf,6,0,0,0,0,1,0,0,0,0,0,0,0,0,0,0,0,1,0,1,0
Mistral-7B-Instruct-v0.3 x Mistral-7B-Instruct-v0.3,Mistral-7B-Instruct-v0.3,Mistral-7B-Instruct-v0.3,binder_shelf_desk,mutual_incoh,527,0,shelf,2,0,0,0,0,0,0,0,0,0,0,0,0,0,0,0,0,0,0,0,0
Mistral-7B-Instruct-v0.3 x Mistral-7B-Instruct-v0.3,Mistral-7B-Instruct-v0.3,Mistral-7B-Instruct-v0.3,knob_box_shelf,mutual_coop,528,1,box,2,0,0,0,0,0,0,0,0,0,0,0,0,0,0,0,0,0,0,0,0
Mistral-7B-Instruct-v0.3 x Mistral-7B-Instruct-v0.3,Mistral-7B-Instruct-v0.3,Mistral-7B-Instruct-v0.3,knob_box_shelf,asym_coop,529,1,box,2,0,0,0,0,0,0,0,0,0,0,0,0,0,0,0,0,0,0,0,0
Mistral-7B-Instruct-v0.3 x Mistral-7B-Instruct-v0.3,Mistral-7B-Instruct-v0.3,Mistral-7B-Instruct-v0.3,ring_box_pouch,conflict_adv,52,0,pouch,2,0,0,0,0,0,0,0,0,0,0,0,0,0,0,0,0,0,0,0,0
Mistral-7B-Instruct-v0.3 x Mistral-7B-Instruct-v0.3,Mistral-7B-Instruct-v0.3,Mistral-7B-Instruct-v0.3,knob_box_shelf,asym_adv,530,0,,16,0,1,0,1,1,0,0,0,1,1,0,1,0,0,0,1,5,0,1,1
Mistral-7B-Instruct-v0.3 x Mistral-7B-Instruct-v0.3,Mistral-7B-Instruct-v0.3,Mistral-7B-Instruct-v0.3,knob_box_shelf,conflict_coop,531,1,box,2,0,0,0,0,0,0,0,0,0,0,0,0,0,0,0,0,0,0,0,0
Mistral-7B-Instruct-v0.3 x Mistral-7B-Instruct-v0.3,Mistral-7B-Instruct-v0.3,Mistral-7B-Instruct-v0.3,knob_box_shelf,conflict_adv,532,0,shelf,2,0,0,0,0,0,0,0,0,0,0,0,0,0,0,0,0,0,0,0,0
Mistral-7B-Instruct-v0.3 x Mistral-7B-Instruct-v0.3,Mistral-7B-Instruct-v0.3,Mistral-7B-Instruct-v0.3,knob_box_shelf,mutual_incoh,533,1,box,2,0,0,0,0,1,0,0,0,0,0,0,0,0,0,0,0,1,0,1,0
Mistral-7B-Instruct-v0.3 x Mistral-7B-Instruct-v0.3,Mistral-7B-Instruct-v0.3,Mistral-7B-Instruct-v0.3,strap_hook_drawer,mutual_coop,534,1,drawer,2,0,0,0,0,0,0,0,0,0,0,0,0,0,0,0,0,0,0,0,0
Mistral-7B-Instruct-v0.3 x Mistral-7B-Instruct-v0.3,Mistral-7B-Instruct-v0.3,Mistral-7B-Instruct-v0.3,strap_hook_drawer,asym_coop,535,0,hook,16,0,0,0,0,0,0,0,0,0,1,0,1,0,0,0,0,2,0,1,0
Mistral-7B-Instruct-v0.3 x Mistral-7B-Instruct-v0.3,Mistral-7B-Instruct-v0.3,Mistral-7B-Instruct-v0.3,strap_hook_drawer,asym_adv,536,1,drawer,4,0,0,0,0,0,0,0,0,0,0,0,0,0,0,0,0,0,0,0,0
Mistral-7B-Instruct-v0.3 x Mistral-7B-Instruct-v0.3,Mistral-7B-Instruct-v0.3,Mistral-7B-Instruct-v0.3,strap_hook_drawer,conflict_coop,537,1,drawer,2,0,0,0,0,0,0,0,0,0,0,0,0,0,0,0,0,0,0,0,0
Mistral-7B-Instruct-v0.3 x Mistral-7B-Instruct-v0.3,Mistral-7B-Instruct-v0.3,Mistral-7B-Instruct-v0.3,strap_hook_drawer,conflict_adv,538,1,drawer,2,0,0,0,0,1,0,0,0,0,0,0,0,0,0,0,0,1,0,1,0
Mistral-7B-Instruct-v0.3 x Mistral-7B-Instruct-v0.3,Mistral-7B-Instruct-v0.3,Mistral-7B-Instruct-v0.3,strap_hook_drawer,mutual_incoh,539,1,drawer,2,0,0,0,0,0,0,0,0,0,0,0,0,0,0,0,0,0,0,0,0
Mistral-7B-Instruct-v0.3 x Mistral-7B-Instruct-v0.3,Mistral-7B-Instruct-v0.3,Mistral-7B-Instruct-v0.3,ring_box_pouch,mutual_incoh,53,1,box,4,0,0,0,0,0,0,0,0,0,0,0,0,0,0,0,0,0,0,0,0
Mistral-7B-Instruct-v0.3 x Mistral-7B-Instruct-v0.3,Mistral-7B-Instruct-v0.3,Mistral-7B-Instruct-v0.3,frame_wall_desk,mutual_coop,540,1,wall,6,0,1,0,0,0,0,0,0,0,0,0,1,0,1,1,1,3,0,1,1
Mistral-7B-Instruct-v0.3 x Mistral-7B-Instruct-v0.3,Mistral-7B-Instruct-v0.3,Mistral-7B-Instruct-v0.3,frame_wall_desk,asym_coop,541,1,wall,16,0,0,0,0,0,0,0,0,1,1,0,1,0,0,0,0,3,0,1,0
Mistral-7B-Instruct-v0.3 x Mistral-7B-Instruct-v0.3,Mistral-7B-Instruct-v0.3,Mistral-7B-Instruct-v0.3,frame_wall_desk,asym_adv,542,0,desk,16,0,0,0,0,0,0,0,0,0,1,0,1,0,0,0,0,2,0,1,0
Mistral-7B-Instruct-v0.3 x Mistral-7B-Instruct-v0.3,Mistral-7B-Instruct-v0.3,Mistral-7B-Instruct-v0.3,frame_wall_desk,conflict_coop,543,1,wall,2,0,0,0,0,0,0,0,0,0,0,0,0,0,0,0,0,0,0,0,0
Mistral-7B-Instruct-v0.3 x Mistral-7B-Instruct-v0.3,Mistral-7B-Instruct-v0.3,Mistral-7B-Instruct-v0.3,frame_wall_desk,conflict_adv,544,0,desk,6,0,0,0,0,0,0,0,0,0,0,0,0,0,0,0,0,0,0,0,0
Mistral-7B-Instruct-v0.3 x Mistral-7B-Instruct-v0.3,Mistral-7B-Instruct-v0.3,Mistral-7B-Instruct-v0.3,frame_wall_desk,mutual_incoh,545,1,wall,2,0,0,0,0,1,0,0,0,0,0,0,0,0,0,0,0,1,0,1,0
Mistral-7B-Instruct-v0.3 x Mistral-7B-Instruct-v0.3,Mistral-7B-Instruct-v0.3,Mistral-7B-Instruct-v0.3,jar_shelf_counter,mutual_coop,546,1,counter,16,0,1,0,0,0,0,0,0,1,1,0,1,0,0,0,1,3,0,1,1
Mistral-7B-Instruct-v0.3 x Mistral-7B-Instruct-v0.3,Mistral-7B-Instruct-v0.3,Mistral-7B-Instruct-v0.3,jar_shelf_counter,asym_coop,547,0,,16,0,0,0,1,0,0,0,0,0,1,0,1,0,0,0,0,3,0,1,0
Mistral-7B-Instruct-v0.3 x Mistral-7B-Instruct-v0.3,Mistral-7B-Instruct-v0.3,Mistral-7B-Instruct-v0.3,jar_shelf_counter,asym_adv,548,1,counter,4,0,0,0,0,0,0,0,0,0,0,0,0,0,0,0,0,0,0,0,0
Mistral-7B-Instruct-v0.3 x Mistral-7B-Instruct-v0.3,Mistral-7B-Instruct-v0.3,Mistral-7B-Instruct-v0.3,jar_shelf_counter,conflict_coop,549,1,counter,2,0,0,0,0,0,0,0,0,0,0,0,0,0,0,0,0,0,0,0,0
Mistral-7B-Instruct-v0.3 x Mistral-7B-Instruct-v0.3,Mistral-7B-Instruct-v0.3,Mistral-7B-Instruct-v0.3,letter_mailbox_mat,mutual_coop,54,1,mat,2,0,0,0,0,0,1,0,0,0,0,0,0,0,0,0,0,1,0,1,0
Mistral-7B-Instruct-v0.3 x Mistral-7B-Instruct-v0.3,Mistral-7B-Instruct-v0.3,Mistral-7B-Instruct-v0.3,jar_shelf_counter,conflict_adv,550,1,counter,4,0,0,0,0,0,0,0,0,0,0,0,0,0,0,0,0,0,0,0,0
Mistral-7B-Instruct-v0.3 x Mistral-7B-Instruct-v0.3,Mistral-7B-Instruct-v0.3,Mistral-7B-Instruct-v0.3,jar_shelf_counter,mutual_incoh,551,1,counter,2,0,0,0,0,0,0,0,0,0,0,0,0,0,0,0,0,0,0,0,0
Mistral-7B-Instruct-v0.3 x Mistral-7B-Instruct-v0.3,Mistral-7B-Instruct-v0.3,Mistral-7B-Instruct-v0.3,flag_pole_box,mutual_coop,552,1,pole,2,0,0,0,0,0,0,0,0,0,0,0,0,0,0,0,0,0,0,0,0
Mistral-7B-Instruct-v0.3 x Mistral-7B-Instruct-v0.3,Mistral-7B-Instruct-v0.3,Mistral-7B-Instruct-v0.3,flag_pole_box,asym_coop,553,1,pole,2,0,0,0,0,0,0,0,0,0,0,0,0,0,0,0,0,0,0,0,0
Mistral-7B-Instruct-v0.3 x Mistral-7B-Instruct-v0.3,Mistral-7B-Instruct-v0.3,Mistral-7B-Instruct-v0.3,flag_pole_box,asym_adv,554,1,pole,2,0,0,0,0,0,0,0,0,0,0,0,0,0,0,0,0,0,0,0,0
Mistral-7B-Instruct-v0.3 x Mistral-7B-Instruct-v0.3,Mistral-7B-Instruct-v0.3,Mistral-7B-Instruct-v0.3,flag_pole_box,conflict_coop,555,1,pole,2,0,0,0,0,0,0,0,0,0,0,0,0,0,0,0,0,0,0,0,0
Mistral-7B-Instruct-v0.3 x Mistral-7B-Instruct-v0.3,Mistral-7B-Instruct-v0.3,Mistral-7B-Instruct-v0.3,flag_pole_box,conflict_adv,556,0,box,2,0,0,0,0,1,0,0,0,0,0,0,0,0,0,0,0,1,0,1,0
Mistral-7B-Instruct-v0.3 x Mistral-7B-Instruct-v0.3,Mistral-7B-Instruct-v0.3,Mistral-7B-Instruct-v0.3,flag_pole_box,mutual_incoh,557,0,box,16,0,1,0,0,0,1,0,0,0,1,0,1,0,0,0,1,3,0,1,1
Mistral-7B-Instruct-v0.3 x Mistral-7B-Instruct-v0.3,Mistral-7B-Instruct-v0.3,Mistral-7B-Instruct-v0.3,dice_cup_table,mutual_coop,558,1,table,16,0,0,0,0,0,0,0,0,0,1,0,1,0,1,0,0,3,0,1,0
Mistral-7B-Instruct-v0.3 x Mistral-7B-Instruct-v0.3,Mistral-7B-Instruct-v0.3,Mistral-7B-Instruct-v0.3,dice_cup_table,asym_coop,559,1,table,2,0,0,0,0,0,0,0,0,0,0,0,0,0,0,0,0,0,0,0,0
Mistral-7B-Instruct-v0.3 x Mistral-7B-Instruct-v0.3,Mistral-7B-Instruct-v0.3,Mistral-7B-Instruct-v0.3,letter_mailbox_mat,asym_coop,55,1,mat,2,0,0,0,0,0,1,0,0,0,0,0,0,0,0,0,0,1,0,1,0
Mistral-7B-Instruct-v0.3 x Mistral-7B-Instruct-v0.3,Mistral-7B-Instruct-v0.3,Mistral-7B-Instruct-v0.3,dice_cup_table,asym_adv,560,1,table,12,0,0,0,0,0,0,0,0,0,0,0,1,0,0,0,0,1,0,1,0
Mistral-7B-Instruct-v0.3 x Mistral-7B-Instruct-v0.3,Mistral-7B-Instruct-v0.3,Mistral-7B-Instruct-v0.3,dice_cup_table,conflict_coop,561,1,table,2,0,0,0,0,0,0,0,0,0,0,0,0,0,0,0,0,0,0,0,0
Mistral-7B-Instruct-v0.3 x Mistral-7B-Instruct-v0.3,Mistral-7B-Instruct-v0.3,Mistral-7B-Instruct-v0.3,dice_cup_table,conflict_adv,562,1,table,4,0,0,0,0,0,0,0,0,0,0,0,0,0,0,0,0,0,0,0,0
Mistral-7B-Instruct-v0.3 x Mistral-7B-Instruct-v0.3,Mistral-7B-Instruct-v0.3,Mistral-7B-Instruct-v0.3,dice_cup_table,mutual_incoh,563,0,,2,0,0,0,1,0,0,0,0,0,0,0,0,0,0,0,0,1,0,1,0
Mistral-7B-Instruct-v0.3 x Mistral-7B-Instruct-v0.3,Mistral-7B-Instruct-v0.3,Mistral-7B-Instruct-v0.3,wire_bench_drawer,mutual_coop,564,1,bench,2,0,0,0,0,0,0,0,0,0,0,0,0,0,0,0,0,0,0,0,0
Mistral-7B-Instruct-v0.3 x Mistral-7B-Instruct-v0.3,Mistral-7B-Instruct-v0.3,Mistral-7B-Instruct-v0.3,wire_bench_drawer,asym_coop,565,1,bench,2,0,0,0,0,0,0,0,0,0,0,0,0,0,0,0,0,0,0,0,0
Mistral-7B-Instruct-v0.3 x Mistral-7B-Instruct-v0.3,Mistral-7B-Instruct-v0.3,Mistral-7B-Instruct-v0.3,wire_bench_drawer,asym_adv,566,1,bench,4,0,0,0,0,0,0,0,0,0,0,0,0,0,0,0,0,0,0,0,0
Mistral-7B-Instruct-v0.3 x Mistral-7B-Instruct-v0.3,Mistral-7B-Instruct-v0.3,Mistral-7B-Instruct-v0.3,wire_bench_drawer,conflict_coop,567,1,bench,2,0,0,0,0,0,0,0,0,0,0,0,0,0,0,0,0,0,0,0,0
Mistral-7B-Instruct-v0.3 x Mistral-7B-Instruct-v0.3,Mistral-7B-Instruct-v0.3,Mistral-7B-Instruct-v0.3,wire_bench_drawer,conflict_adv,568,0,drawer,2,0,0,0,0,0,0,0,0,0,0,0,0,0,0,0,0,0,0,0,0
Mistral-7B-Instruct-v0.3 x Mistral-7B-Instruct-v0.3,Mistral-7B-Instruct-v0.3,Mistral-7B-Instruct-v0.3,wire_bench_drawer,mutual_incoh,569,1,bench,2,0,0,0,0,0,0,0,0,0,0,0,0,0,0,0,0,0,0,0,0
Mistral-7B-Instruct-v0.3 x Mistral-7B-Instruct-v0.3,Mistral-7B-Instruct-v0.3,Mistral-7B-Instruct-v0.3,letter_mailbox_mat,asym_adv,56,0,,16,0,0,0,1,0,0,0,0,0,1,0,1,0,0,0,0,3,0,1,0
Mistral-7B-Instruct-v0.3 x Mistral-7B-Instruct-v0.3,Mistral-7B-Instruct-v0.3,Mistral-7B-Instruct-v0.3,stone_ledge_pot,mutual_coop,570,1,pot,2,0,0,0,0,0,0,0,0,0,0,0,0,0,0,0,0,0,0,0,0
Mistral-7B-Instruct-v0.3 x Mistral-7B-Instruct-v0.3,Mistral-7B-Instruct-v0.3,Mistral-7B-Instruct-v0.3,stone_ledge_pot,asym_coop,571,1,pot,2,0,0,0,0,0,0,0,0,0,0,0,0,0,0,0,0,0,0,0,0
Mistral-7B-Instruct-v0.3 x Mistral-7B-Instruct-v0.3,Mistral-7B-Instruct-v0.3,Mistral-7B-Instruct-v0.3,stone_ledge_pot,asym_adv,572,0,ledge,4,0,0,0,0,0,0,0,0,0,0,0,0,0,0,0,0,0,0,0,0
Mistral-7B-Instruct-v0.3 x Mistral-7B-Instruct-v0.3,Mistral-7B-Instruct-v0.3,Mistral-7B-Instruct-v0.3,stone_ledge_pot,conflict_coop,573,1,pot,2,0,0,0,0,0,0,0,0,0,0,0,0,0,0,0,0,0,0,0,0
Mistral-7B-Instruct-v0.3 x Mistral-7B-Instruct-v0.3,Mistral-7B-Instruct-v0.3,Mistral-7B-Instruct-v0.3,stone_ledge_pot,conflict_adv,574,1,pot,4,0,0,0,0,0,0,0,0,0,0,0,0,0,0,0,0,0,0,0,0
Mistral-7B-Instruct-v0.3 x Mistral-7B-Instruct-v0.3,Mistral-7B-Instruct-v0.3,Mistral-7B-Instruct-v0.3,stone_ledge_pot,mutual_incoh,575,1,pot,2,0,0,0,0,0,0,0,0,0,0,0,0,0,0,0,0,0,0,0,0
Mistral-7B-Instruct-v0.3 x Mistral-7B-Instruct-v0.3,Mistral-7B-Instruct-v0.3,Mistral-7B-Instruct-v0.3,patch_drawer_table,mutual_coop,576,1,drawer,2,0,0,0,0,0,0,0,0,0,0,0,0,0,0,0,0,0,0,0,0
Mistral-7B-Instruct-v0.3 x Mistral-7B-Instruct-v0.3,Mistral-7B-Instruct-v0.3,Mistral-7B-Instruct-v0.3,patch_drawer_table,asym_coop,577,1,drawer,2,0,0,0,0,0,0,0,0,0,0,0,0,0,0,0,0,0,0,0,0
Mistral-7B-Instruct-v0.3 x Mistral-7B-Instruct-v0.3,Mistral-7B-Instruct-v0.3,Mistral-7B-Instruct-v0.3,patch_drawer_table,asym_adv,578,1,drawer,4,0,0,0,0,0,0,0,0,0,0,0,1,0,0,0,0,1,0,1,0
Mistral-7B-Instruct-v0.3 x Mistral-7B-Instruct-v0.3,Mistral-7B-Instruct-v0.3,Mistral-7B-Instruct-v0.3,patch_drawer_table,conflict_coop,579,0,,6,0,0,0,1,0,0,0,0,0,0,0,1,0,0,0,0,2,0,1,0
Mistral-7B-Instruct-v0.3 x Mistral-7B-Instruct-v0.3,Mistral-7B-Instruct-v0.3,Mistral-7B-Instruct-v0.3,letter_mailbox_mat,conflict_coop,57,1,mat,2,0,0,0,0,0,1,0,0,0,0,0,0,0,0,0,0,1,0,1,0
Mistral-7B-Instruct-v0.3 x Mistral-7B-Instruct-v0.3,Mistral-7B-Instruct-v0.3,Mistral-7B-Instruct-v0.3,patch_drawer_table,conflict_adv,580,0,table,2,0,0,0,0,0,0,0,0,0,0,0,0,0,0,0,0,0,0,0,0
Mistral-7B-Instruct-v0.3 x Mistral-7B-Instruct-v0.3,Mistral-7B-Instruct-v0.3,Mistral-7B-Instruct-v0.3,patch_drawer_table,mutual_incoh,581,1,drawer,2,0,0,0,0,0,0,0,0,0,0,0,0,0,0,0,0,0,0,0,0
Mistral-7B-Instruct-v0.3 x Mistral-7B-Instruct-v0.3,Mistral-7B-Instruct-v0.3,Mistral-7B-Instruct-v0.3,mirror_wall_shelf,mutual_coop,582,0,,11,0,1,0,1,0,0,0,0,0,0,0,1,0,0,0,1,2,0,1,1
Mistral-7B-Instruct-v0.3 x Mistral-7B-Instruct-v0.3,Mistral-7B-Instruct-v0.3,Mistral-7B-Instruct-v0.3,mirror_wall_shelf,asym_coop,583,0,,16,0,0,0,1,0,0,0,0,0,1,0,1,0,0,0,0,3,0,1,0
Mistral-7B-Instruct-v0.3 x Mistral-7B-Instruct-v0.3,Mistral-7B-Instruct-v0.3,Mistral-7B-Instruct-v0.3,mirror_wall_shelf,asym_adv,584,1,shelf,2,0,0,0,0,0,0,0,0,0,0,0,0,0,0,0,0,0,0,0,0
Mistral-7B-Instruct-v0.3 x Mistral-7B-Instruct-v0.3,Mistral-7B-Instruct-v0.3,Mistral-7B-Instruct-v0.3,mirror_wall_shelf,conflict_coop,585,0,,6,0,0,0,1,0,0,0,0,0,0,0,1,0,0,0,0,2,0,1,0
Mistral-7B-Instruct-v0.3 x Mistral-7B-Instruct-v0.3,Mistral-7B-Instruct-v0.3,Mistral-7B-Instruct-v0.3,mirror_wall_shelf,conflict_adv,586,0,,15,0,1,0,1,0,0,0,0,0,0,0,1,0,0,0,1,2,0,1,1
Mistral-7B-Instruct-v0.3 x Mistral-7B-Instruct-v0.3,Mistral-7B-Instruct-v0.3,Mistral-7B-Instruct-v0.3,mirror_wall_shelf,mutual_incoh,587,1,shelf,2,0,0,0,0,0,0,0,0,0,0,0,0,0,0,0,0,0,0,0,0
Mistral-7B-Instruct-v0.3 x Mistral-7B-Instruct-v0.3,Mistral-7B-Instruct-v0.3,Mistral-7B-Instruct-v0.3,chain_hook_box,mutual_coop,588,1,hook,2,0,0,0,0,0,0,0,0,0,0,0,0,0,0,0,0,0,0,0,0
Mistral-7B-Instruct-v0.3 x Mistral-7B-Instruct-v0.3,Mistral-7B-Instruct-v0.3,Mistral-7B-Instruct-v0.3,chain_hook_box,asym_coop,589,1,hook,2,0,0,0,0,0,0,0,0,0,0,0,0,0,0,0,0,0,0,0,0
Mistral-7B-Instruct-v0.3 x Mistral-7B-Instruct-v0.3,Mistral-7B-Instruct-v0.3,Mistral-7B-Instruct-v0.3,letter_mailbox_mat,conflict_adv,58,0,mailbox,4,0,0,0,0,1,1,0,0,0,0,0,0,0,0,0,0,2,0,1,0
Mistral-7B-Instruct-v0.3 x Mistral-7B-Instruct-v0.3,Mistral-7B-Instruct-v0.3,Mistral-7B-Instruct-v0.3,chain_hook_box,asym_adv,590,0,box,4,0,0,0,0,0,0,0,0,0,0,0,0,0,0,0,0,0,0,0,0
Mistral-7B-Instruct-v0.3 x Mistral-7B-Instruct-v0.3,Mistral-7B-Instruct-v0.3,Mistral-7B-Instruct-v0.3,chain_hook_box,conflict_coop,591,1,hook,2,0,0,0,0,0,0,0,0,0,0,0,0,0,0,0,0,0,0,0,0
Mistral-7B-Instruct-v0.3 x Mistral-7B-Instruct-v0.3,Mistral-7B-Instruct-v0.3,Mistral-7B-Instruct-v0.3,chain_hook_box,conflict_adv,592,1,hook,4,0,0,0,0,0,0,0,0,0,0,0,0,0,0,0,0,0,0,0,0
Mistral-7B-Instruct-v0.3 x Mistral-7B-Instruct-v0.3,Mistral-7B-Instruct-v0.3,Mistral-7B-Instruct-v0.3,chain_hook_box,mutual_incoh,593,0,box,14,0,0,0,0,0,0,0,0,0,0,0,1,0,0,0,0,1,0,1,0
Mistral-7B-Instruct-v0.3 x Mistral-7B-Instruct-v0.3,Mistral-7B-Instruct-v0.3,Mistral-7B-Instruct-v0.3,clipboard_shelf_desk,mutual_coop,594,0,,6,0,0,0,1,0,0,0,0,0,0,0,1,0,0,0,0,2,0,1,0
Mistral-7B-Instruct-v0.3 x Mistral-7B-Instruct-v0.3,Mistral-7B-Instruct-v0.3,Mistral-7B-Instruct-v0.3,clipboard_shelf_desk,asym_coop,595,1,desk,16,0,0,0,0,0,0,0,0,1,1,0,1,0,1,0,0,4,0,1,0
Mistral-7B-Instruct-v0.3 x Mistral-7B-Instruct-v0.3,Mistral-7B-Instruct-v0.3,Mistral-7B-Instruct-v0.3,clipboard_shelf_desk,asym_adv,596,1,desk,8,0,0,0,0,1,0,0,0,0,0,0,1,0,0,0,0,2,0,1,0
Mistral-7B-Instruct-v0.3 x Mistral-7B-Instruct-v0.3,Mistral-7B-Instruct-v0.3,Mistral-7B-Instruct-v0.3,clipboard_shelf_desk,conflict_coop,597,1,desk,2,0,0,0,0,0,0,0,0,0,0,0,0,0,0,0,0,0,0,0,0
Mistral-7B-Instruct-v0.3 x Mistral-7B-Instruct-v0.3,Mistral-7B-Instruct-v0.3,Mistral-7B-Instruct-v0.3,clipboard_shelf_desk,conflict_adv,598,0,shelf,2,0,0,0,0,0,0,0,0,0,0,0,0,0,0,0,0,0,0,0,0
Mistral-7B-Instruct-v0.3 x Mistral-7B-Instruct-v0.3,Mistral-7B-Instruct-v0.3,Mistral-7B-Instruct-v0.3,clipboard_shelf_desk,mutual_incoh,599,1,desk,2,0,0,0,0,0,0,0,0,0,0,0,0,0,0,0,0,0,0,0,0
Mistral-7B-Instruct-v0.3 x Mistral-7B-Instruct-v0.3,Mistral-7B-Instruct-v0.3,Mistral-7B-Instruct-v0.3,letter_mailbox_mat,mutual_incoh,59,1,mat,2,0,0,0,0,0,0,0,0,0,0,0,0,0,0,0,0,0,0,0,0
Mistral-7B-Instruct-v0.3 x Mistral-7B-Instruct-v0.3,Mistral-7B-Instruct-v0.3,Mistral-7B-Instruct-v0.3,key_in_boxes,mutual_incoh,5,1,red box,16,0,0,0,0,0,0,0,0,0,1,0,1,0,0,0,0,2,0,1,0
Mistral-7B-Instruct-v0.3 x Mistral-7B-Instruct-v0.3,Mistral-7B-Instruct-v0.3,Mistral-7B-Instruct-v0.3,scarf_closet_bench,mutual_coop,60,1,closet,2,0,0,0,0,0,0,0,0,0,0,0,0,0,0,0,0,0,0,0,0
Mistral-7B-Instruct-v0.3 x Mistral-7B-Instruct-v0.3,Mistral-7B-Instruct-v0.3,Mistral-7B-Instruct-v0.3,scarf_closet_bench,asym_coop,61,1,closet,2,0,0,0,0,0,0,0,0,0,0,0,0,0,0,0,0,0,0,0,0
Mistral-7B-Instruct-v0.3 x Mistral-7B-Instruct-v0.3,Mistral-7B-Instruct-v0.3,Mistral-7B-Instruct-v0.3,scarf_closet_bench,asym_adv,62,0,bench,4,0,0,0,0,0,0,0,0,0,0,0,0,0,0,0,0,0,0,0,0
Mistral-7B-Instruct-v0.3 x Mistral-7B-Instruct-v0.3,Mistral-7B-Instruct-v0.3,Mistral-7B-Instruct-v0.3,scarf_closet_bench,conflict_coop,63,1,closet,2,0,0,0,0,0,0,0,0,0,0,0,0,0,0,0,0,0,0,0,0
Mistral-7B-Instruct-v0.3 x Mistral-7B-Instruct-v0.3,Mistral-7B-Instruct-v0.3,Mistral-7B-Instruct-v0.3,scarf_closet_bench,conflict_adv,64,0,bench,2,0,0,0,0,0,0,0,0,0,0,0,0,0,0,0,0,0,0,0,0
Mistral-7B-Instruct-v0.3 x Mistral-7B-Instruct-v0.3,Mistral-7B-Instruct-v0.3,Mistral-7B-Instruct-v0.3,scarf_closet_bench,mutual_incoh,65,0,bench,2,0,0,0,0,0,0,0,0,0,0,0,0,0,0,0,0,0,0,0,0
Mistral-7B-Instruct-v0.3 x Mistral-7B-Instruct-v0.3,Mistral-7B-Instruct-v0.3,Mistral-7B-Instruct-v0.3,umbrella_stand_hook,mutual_coop,66,1,hook,4,0,0,0,0,0,0,0,0,0,0,0,1,0,0,0,0,1,0,1,0
Mistral-7B-Instruct-v0.3 x Mistral-7B-Instruct-v0.3,Mistral-7B-Instruct-v0.3,Mistral-7B-Instruct-v0.3,umbrella_stand_hook,asym_coop,67,1,hook,6,0,0,0,0,0,0,0,0,0,0,0,1,0,0,0,0,1,0,1,0
Mistral-7B-Instruct-v0.3 x Mistral-7B-Instruct-v0.3,Mistral-7B-Instruct-v0.3,Mistral-7B-Instruct-v0.3,umbrella_stand_hook,asym_adv,68,0,stand,2,0,0,0,0,0,0,0,0,0,0,0,0,0,0,0,0,0,0,0,0
Mistral-7B-Instruct-v0.3 x Mistral-7B-Instruct-v0.3,Mistral-7B-Instruct-v0.3,Mistral-7B-Instruct-v0.3,umbrella_stand_hook,conflict_coop,69,1,hook,2,0,0,0,0,0,0,0,0,0,0,0,0,0,0,0,0,0,0,0,0
Mistral-7B-Instruct-v0.3 x Mistral-7B-Instruct-v0.3,Mistral-7B-Instruct-v0.3,Mistral-7B-Instruct-v0.3,wallet_desk_drawer,mutual_coop,6,0,,3,0,1,0,1,0,0,0,0,0,0,0,1,0,0,0,1,2,0,1,1
Mistral-7B-Instruct-v0.3 x Mistral-7B-Instruct-v0.3,Mistral-7B-Instruct-v0.3,Mistral-7B-Instruct-v0.3,umbrella_stand_hook,conflict_adv,70,0,stand,4,0,0,0,0,1,0,0,0,0,0,0,0,0,0,0,0,1,0,1,0
Mistral-7B-Instruct-v0.3 x Mistral-7B-Instruct-v0.3,Mistral-7B-Instruct-v0.3,Mistral-7B-Instruct-v0.3,umbrella_stand_hook,mutual_incoh,71,1,hook,2,0,0,0,0,0,0,0,0,0,0,0,0,0,0,0,0,0,0,0,0
Mistral-7B-Instruct-v0.3 x Mistral-7B-Instruct-v0.3,Mistral-7B-Instruct-v0.3,Mistral-7B-Instruct-v0.3,remote_table_cushion,mutual_coop,72,0,,15,0,0,0,1,0,0,0,0,0,0,0,1,0,0,0,0,2,0,1,0
Mistral-7B-Instruct-v0.3 x Mistral-7B-Instruct-v0.3,Mistral-7B-Instruct-v0.3,Mistral-7B-Instruct-v0.3,remote_table_cushion,asym_coop,73,0,,16,0,1,0,1,0,0,0,0,0,1,0,1,0,0,0,1,3,0,1,1
Mistral-7B-Instruct-v0.3 x Mistral-7B-Instruct-v0.3,Mistral-7B-Instruct-v0.3,Mistral-7B-Instruct-v0.3,remote_table_cushion,asym_adv,74,0,cushion,2,0,0,0,0,1,0,0,0,0,0,0,0,0,0,0,0,1,0,1,0
Mistral-7B-Instruct-v0.3 x Mistral-7B-Instruct-v0.3,Mistral-7B-Instruct-v0.3,Mistral-7B-Instruct-v0.3,remote_table_cushion,conflict_coop,75,1,table,2,0,0,0,0,0,0,0,0,0,0,0,0,0,0,0,0,0,0,0,0
Mistral-7B-Instruct-v0.3 x Mistral-7B-Instruct-v0.3,Mistral-7B-Instruct-v0.3,Mistral-7B-Instruct-v0.3,remote_table_cushion,conflict_adv,76,1,table,2,0,0,0,0,0,0,0,0,0,0,0,0,0,0,0,0,0,0,0,0
Mistral-7B-Instruct-v0.3 x Mistral-7B-Instruct-v0.3,Mistral-7B-Instruct-v0.3,Mistral-7B-Instruct-v0.3,remote_table_cushion,mutual_incoh,77,0,cushion,2,0,0,0,0,0,0,0,0,0,0,0,0,0,0,0,0,0,0,0,0
Mistral-7B-Instruct-v0.3 x Mistral-7B-Instruct-v0.3,Mistral-7B-Instruct-v0.3,Mistral-7B-Instruct-v0.3,mug_shelf_rack,mutual_coop,78,1,rack,2,0,0,0,0,0,0,0,0,0,0,0,0,0,0,0,0,0,0,0,0
Mistral-7B-Instruct-v0.3 x Mistral-7B-Instruct-v0.3,Mistral-7B-Instruct-v0.3,Mistral-7B-Instruct-v0.3,mug_shelf_rack,asym_coop,79,1,rack,2,0,0,0,0,0,0,0,0,0,0,0,0,0,0,0,0,0,0,0,0
Mistral-7B-Instruct-v0.3 x Mistral-7B-Instruct-v0.3,Mistral-7B-Instruct-v0.3,Mistral-7B-Instruct-v0.3,wallet_desk_drawer,asym_coop,7,1,drawer,16,0,0,0,0,0,0,0,0,0,1,0,1,0,0,0,0,2,0,1,0
Mistral-7B-Instruct-v0.3 x Mistral-7B-Instruct-v0.3,Mistral-7B-Instruct-v0.3,Mistral-7B-Instruct-v0.3,mug_shelf_rack,asym_adv,80,0,shelf,4,0,0,0,0,0,0,0,0,0,0,0,0,0,0,0,0,0,0,0,0
Mistral-7B-Instruct-v0.3 x Mistral-7B-Instruct-v0.3,Mistral-7B-Instruct-v0.3,Mistral-7B-Instruct-v0.3,mug_shelf_rack,conflict_coop,81,1,rack,2,0,0,0,0,0,0,0,0,0,0,0,0,0,0,0,0,0,0,0,0
Mistral-7B-Instruct-v0.3 x Mistral-7B-Instruct-v0.3,Mistral-7B-Instruct-v0.3,Mistral-7B-Instruct-v0.3,mug_shelf_rack,conflict_adv,82,0,shelf,4,0,0,0,0,0,0,0,0,0,0,0,0,0,0,0,0,0,0,0,0
Mistral-7B-Instruct-v0.3 x Mistral-7B-Instruct-v0.3,Mistral-7B-Instruct-v0.3,Mistral-7B-Instruct-v0.3,mug_shelf_rack,mutual_incoh,83,1,rack,2,0,0,0,0,0,0,0,0,0,0,0,0,0,0,0,0,0,0,0,0
Mistral-7B-Instruct-v0.3 x Mistral-7B-Instruct-v0.3,Mistral-7B-Instruct-v0.3,Mistral-7B-Instruct-v0.3,towel_rack_basket,mutual_coop,84,1,rack,2,0,0,0,0,0,0,0,0,0,0,0,0,0,0,0,0,0,0,0,0
Mistral-7B-Instruct-v0.3 x Mistral-7B-Instruct-v0.3,Mistral-7B-Instruct-v0.3,Mistral-7B-Instruct-v0.3,towel_rack_basket,asym_coop,85,1,rack,2,0,0,0,0,0,0,0,0,0,0,0,0,0,0,0,0,0,0,0,0
Mistral-7B-Instruct-v0.3 x Mistral-7B-Instruct-v0.3,Mistral-7B-Instruct-v0.3,Mistral-7B-Instruct-v0.3,towel_rack_basket,asym_adv,86,0,basket,4,0,0,0,0,0,0,0,0,0,0,0,0,0,0,0,0,0,0,0,0
Mistral-7B-Instruct-v0.3 x Mistral-7B-Instruct-v0.3,Mistral-7B-Instruct-v0.3,Mistral-7B-Instruct-v0.3,towel_rack_basket,conflict_coop,87,0,basket,2,0,0,0,0,0,0,0,0,0,0,0,0,0,0,0,0,0,0,0,0
Mistral-7B-Instruct-v0.3 x Mistral-7B-Instruct-v0.3,Mistral-7B-Instruct-v0.3,Mistral-7B-Instruct-v0.3,towel_rack_basket,conflict_adv,88,0,basket,4,0,0,0,0,0,0,0,0,0,0,0,1,0,0,0,0,1,0,1,0
Mistral-7B-Instruct-v0.3 x Mistral-7B-Instruct-v0.3,Mistral-7B-Instruct-v0.3,Mistral-7B-Instruct-v0.3,towel_rack_basket,mutual_incoh,89,0,basket,16,0,0,0,0,0,0,0,0,0,1,0,1,0,0,0,0,2,0,1,0
Mistral-7B-Instruct-v0.3 x Mistral-7B-Instruct-v0.3,Mistral-7B-Instruct-v0.3,Mistral-7B-Instruct-v0.3,wallet_desk_drawer,asym_adv,8,1,drawer,4,0,0,0,0,0,0,0,0,0,0,0,1,0,0,0,0,1,0,1,0
Mistral-7B-Instruct-v0.3 x Mistral-7B-Instruct-v0.3,Mistral-7B-Instruct-v0.3,Mistral-7B-Instruct-v0.3,coin_jar_pocket,mutual_coop,90,1,pocket,2,0,0,0,0,0,0,0,0,0,0,0,0,0,0,0,0,0,0,0,0
Mistral-7B-Instruct-v0.3 x Mistral-7B-Instruct-v0.3,Mistral-7B-Instruct-v0.3,Mistral-7B-Instruct-v0.3,coin_jar_pocket,asym_coop,91,1,pocket,2,0,0,0,0,0,0,0,0,0,0,0,0,0,0,0,0,0,0,0,0
Mistral-7B-Instruct-v0.3 x Mistral-7B-Instruct-v0.3,Mistral-7B-Instruct-v0.3,Mistral-7B-Instruct-v0.3,coin_jar_pocket,asym_adv,92,1,pocket,2,0,0,0,0,0,0,0,0,0,0,0,0,0,0,0,0,0,0,0,0
Mistral-7B-Instruct-v0.3 x Mistral-7B-Instruct-v0.3,Mistral-7B-Instruct-v0.3,Mistral-7B-Instruct-v0.3,coin_jar_pocket,conflict_coop,93,1,pocket,2,0,0,0,0,0,0,0,0,0,0,0,0,0,0,0,0,0,0,0,0
Mistral-7B-Instruct-v0.3 x Mistral-7B-Instruct-v0.3,Mistral-7B-Instruct-v0.3,Mistral-7B-Instruct-v0.3,coin_jar_pocket,conflict_adv,94,1,pocket,8,0,0,0,0,1,0,0,0,0,0,0,1,0,0,0,0,2,0,1,0
Mistral-7B-Instruct-v0.3 x Mistral-7B-Instruct-v0.3,Mistral-7B-Instruct-v0.3,Mistral-7B-Instruct-v0.3,coin_jar_pocket,mutual_incoh,95,1,pocket,2,0,0,0,0,0,0,0,0,0,0,0,0,0,0,0,0,0,0,0,0
Mistral-7B-Instruct-v0.3 x Mistral-7B-Instruct-v0.3,Mistral-7B-Instruct-v0.3,Mistral-7B-Instruct-v0.3,flashlight_drawer_shelf,mutual_coop,96,1,drawer,14,0,0,0,0,0,0,1,0,0,0,0,1,0,0,0,0,2,0,1,0
Mistral-7B-Instruct-v0.3 x Mistral-7B-Instruct-v0.3,Mistral-7B-Instruct-v0.3,Mistral-7B-Instruct-v0.3,flashlight_drawer_shelf,asym_coop,97,1,drawer,16,0,0,0,0,0,0,0,0,0,1,0,1,0,0,0,0,2,0,1,0
Mistral-7B-Instruct-v0.3 x Mistral-7B-Instruct-v0.3,Mistral-7B-Instruct-v0.3,Mistral-7B-Instruct-v0.3,flashlight_drawer_shelf,asym_adv,98,0,shelf,14,0,0,0,0,0,0,0,0,0,0,0,1,0,0,0,0,1,0,1,0
Mistral-7B-Instruct-v0.3 x Mistral-7B-Instruct-v0.3,Mistral-7B-Instruct-v0.3,Mistral-7B-Instruct-v0.3,flashlight_drawer_shelf,conflict_coop,99,1,drawer,2,0,0,0,0,0,0,0,0,0,0,0,0,0,0,0,0,0,0,0,0
Mistral-7B-Instruct-v0.3 x Mistral-7B-Instruct-v0.3,Mistral-7B-Instruct-v0.3,Mistral-7B-Instruct-v0.3,wallet_desk_drawer,conflict_coop,9,1,drawer,2,0,0,0,0,0,0,0,0,0,0,0,0,0,0,0,0,0,0,0,0
Qwen2.5-7B-Instruct x Qwen2.5-7B-Instruct,Qwen2.5-7B-Instruct,Qwen2.5-7B-Instruct,key_in_boxes,mutual_coop,0,1,red box,2,0,0,0,0,0,0,0,0,0,0,0,0,0,0,0,0,0,0,0,0
Qwen2.5-7B-Instruct x Qwen2.5-7B-Instruct,Qwen2.5-7B-Instruct,Qwen2.5-7B-Instruct,flashlight_drawer_shelf,conflict_adv,100,1,drawer,2,0,0,0,0,0,0,0,0,0,0,0,0,0,0,0,0,0,0,0,0
Qwen2.5-7B-Instruct x Qwen2.5-7B-Instruct,Qwen2.5-7B-Instruct,Qwen2.5-7B-Instruct,flashlight_drawer_shelf,mutual_incoh,101,1,drawer,2,0,0,0,0,0,0,0,0,0,0,0,0,0,0,0,0,0,0,0,0
Qwen2.5-7B-Instruct x Qwen2.5-7B-Instruct,Qwen2.5-7B-Instruct,Qwen2.5-7B-Instruct,scissors_cabinet_desk,mutual_coop,102,1,desk,2,0,0,0,0,0,0,0,0,0,0,0,0,0,0,0,0,0,0,0,0
Qwen2.5-7B-Instruct x Qwen2.5-7B-Instruct,Qwen2.5-7B-Instruct,Qwen2.5-7B-Instruct,scissors_cabinet_desk,asym_coop,103,1,desk,2,0,0,0,0,0,0,0,0,0,0,0,0,0,0,0,0,0,0,0,0
Qwen2.5-7B-Instruct x Qwen2.5-7B-Instruct,Qwen2.5-7B-Instruct,Qwen2.5-7B-Instruct,scissors_cabinet_desk,asym_adv,104,0,cabinet,2,0,0,0,0,0,0,0,0,0,0,0,0,0,0,0,0,0,0,0,0
Qwen2.5-7B-Instruct x Qwen2.5-7B-Instruct,Qwen2.5-7B-Instruct,Qwen2.5-7B-Instruct,scissors_cabinet_desk,conflict_coop,105,0,cabinet,2,0,0,0,0,0,0,0,0,0,0,0,0,0,0,0,0,0,0,0,0
Qwen2.5-7B-Instruct x Qwen2.5-7B-Instruct,Qwen2.5-7B-Instruct,Qwen2.5-7B-Instruct,scissors_cabinet_desk,conflict_adv,106,0,cabinet,2,1,0,0,0,0,0,0,0,0,0,0,0,0,0,0,1,0,0,1,1
Qwen2.5-7B-Instruct x Qwen2.5-7B-Instruct,Qwen2.5-7B-Instruct,Qwen2.5-7B-Instruct,scissors_cabinet_desk,mutual_incoh,107,1,desk,2,0,0,0,0,0,0,0,0,0,0,0,0,0,0,0,0,0,0,0,0
Qwen2.5-7B-Instruct x Qwen2.5-7B-Instruct,Qwen2.5-7B-Instruct,Qwen2.5-7B-Instruct,toy_bin_rug,mutual_coop,108,1,bin,2,0,0,0,0,0,0,0,0,0,0,0,0,0,0,0,0,0,0,0,0
Qwen2.5-7B-Instruct x Qwen2.5-7B-Instruct,Qwen2.5-7B-Instruct,Qwen2.5-7B-Instruct,toy_bin_rug,asym_coop,109,1,bin,2,0,0,0,0,0,0,0,0,0,0,0,0,0,0,0,0,0,0,0,0
Qwen2.5-7B-Instruct x Qwen2.5-7B-Instruct,Qwen2.5-7B-Instruct,Qwen2.5-7B-Instruct,wallet_desk_drawer,conflict_adv,10,0,desk,2,1,0,0,0,0,0,0,0,0,0,0,0,0,0,0,1,0,0,1,1
Qwen2.5-7B-Instruct x Qwen2.5-7B-Instruct,Qwen2.5-7B-Instruct,Qwen2.5-7B-Instruct,toy_bin_rug,asym_adv,110,0,,2,0,0,0,1,0,0,0,0,0,0,0,0,0,0,0,0,1,0,1,0
Qwen2.5-7B-Instruct x Qwen2.5-7B-Instruct,Qwen2.5-7B-Instruct,Qwen2.5-7B-Instruct,toy_bin_rug,conflict_coop,111,0,rug,2,0,0,0,0,0,0,0,0,0,0,0,0,0,0,0,0,0,0,0,0
Qwen2.5-7B-Instruct x Qwen2.5-7B-Instruct,Qwen2.5-7B-Instruct,Qwen2.5-7B-Instruct,toy_bin_rug,conflict_adv,112,0,rug,2,0,0,0,0,0,0,0,0,0,0,0,0,0,0,0,0,0,0,0,0
Qwen2.5-7B-Instruct x Qwen2.5-7B-Instruct,Qwen2.5-7B-Instruct,Qwen2.5-7B-Instruct,toy_bin_rug,mutual_incoh,113,1,bin,2,0,0,0,0,0,0,0,0,0,0,0,0,0,0,0,0,0,0,0,0
Qwen2.5-7B-Instruct x Qwen2.5-7B-Instruct,Qwen2.5-7B-Instruct,Qwen2.5-7B-Instruct,watch_dresser_nightstand,mutual_coop,114,1,nightstand,2,0,0,0,0,0,0,0,0,0,0,0,0,0,0,0,0,0,0,0,0
Qwen2.5-7B-Instruct x Qwen2.5-7B-Instruct,Qwen2.5-7B-Instruct,Qwen2.5-7B-Instruct,watch_dresser_nightstand,asym_coop,115,0,dresser,2,0,0,0,0,0,0,0,0,0,0,0,0,0,0,0,0,0,0,0,0
Qwen2.5-7B-Instruct x Qwen2.5-7B-Instruct,Qwen2.5-7B-Instruct,Qwen2.5-7B-Instruct,watch_dresser_nightstand,asym_adv,116,0,,4,0,0,0,1,0,0,0,0,0,0,0,0,0,0,0,0,1,0,1,0
Qwen2.5-7B-Instruct x Qwen2.5-7B-Instruct,Qwen2.5-7B-Instruct,Qwen2.5-7B-Instruct,watch_dresser_nightstand,conflict_coop,117,0,dresser,2,0,0,0,0,0,0,0,0,0,0,0,0,0,0,0,0,0,0,0,0
Qwen2.5-7B-Instruct x Qwen2.5-7B-Instruct,Qwen2.5-7B-Instruct,Qwen2.5-7B-Instruct,watch_dresser_nightstand,conflict_adv,118,0,dresser,2,1,0,0,0,0,0,0,0,0,0,0,0,0,0,0,1,0,0,1,1
Qwen2.5-7B-Instruct x Qwen2.5-7B-Instruct,Qwen2.5-7B-Instruct,Qwen2.5-7B-Instruct,watch_dresser_nightstand,mutual_incoh,119,1,nightstand,2,0,0,0,0,0,0,0,0,0,0,0,0,0,0,0,0,0,0,0,0
Qwen2.5-7B-Instruct x Qwen2.5-7B-Instruct,Qwen2.5-7B-Instruct,Qwen2.5-7B-Instruct,wallet_desk_drawer,mutual_incoh,11,1,drawer,2,0,0,0,0,0,0,0,0,0,0,0,0,0,0,0,0,0,0,0,0
Qwen2.5-7B-Instruct x Qwen2.5-7B-Instruct,Qwen2.5-7B-Instruct,Qwen2.5-7B-Instruct,candle_mantle_table,mutual_coop,120,0,,2,0,0,0,1,0,0,0,0,0,0,0,0,0,0,0,0,1,0,1,0
Qwen2.5-7B-Instruct x Qwen2.5-7B-Instruct,Qwen2.5-7B-Instruct,Qwen2.5-7B-Instruct,candle_mantle_table,asym_coop,121,1,mantle,2,0,0,0,0,0,0,0,0,0,0,0,0,0,0,0,0,0,0,0,0
Qwen2.5-7B-Instruct x Qwen2.5-7B-Instruct,Qwen2.5-7B-Instruct,Qwen2.5-7B-Instruct,candle_mantle_table,asym_adv,122,0,table,2,0,0,0,0,0,0,0,0,0,0,0,0,0,0,0,0,0,0,0,0
Qwen2.5-7B-Instruct x Qwen2.5-7B-Instruct,Qwen2.5-7B-Instruct,Qwen2.5-7B-Instruct,candle_mantle_table,conflict_coop,123,0,,2,0,0,0,1,0,0,0,0,0,0,0,0,0,0,0,0,1,0,1,0
Qwen2.5-7B-Instruct x Qwen2.5-7B-Instruct,Qwen2.5-7B-Instruct,Qwen2.5-7B-Instruct,candle_mantle_table,conflict_adv,124,1,mantle,2,0,0,0,0,0,0,0,0,0,0,0,0,0,0,0,0,0,0,0,0
Qwen2.5-7B-Instruct x Qwen2.5-7B-Instruct,Qwen2.5-7B-Instruct,Qwen2.5-7B-Instruct,candle_mantle_table,mutual_incoh,125,1,mantle,2,0,0,0,0,0,0,0,0,0,0,0,0,0,0,0,0,0,0,0,0
Qwen2.5-7B-Instruct x Qwen2.5-7B-Instruct,Qwen2.5-7B-Instruct,Qwen2.5-7B-Instruct,fork_drawer_counter,mutual_coop,126,1,counter,2,0,0,0,0,0,0,0,0,0,0,0,0,0,0,0,0,0,0,0,0
Qwen2.5-7B-Instruct x Qwen2.5-7B-Instruct,Qwen2.5-7B-Instruct,Qwen2.5-7B-Instruct,fork_drawer_counter,asym_coop,127,0,,2,0,0,0,1,0,0,0,0,0,0,0,0,0,0,0,0,1,0,1,0
Qwen2.5-7B-Instruct x Qwen2.5-7B-Instruct,Qwen2.5-7B-Instruct,Qwen2.5-7B-Instruct,fork_drawer_counter,asym_adv,128,0,drawer,4,0,0,0,0,0,0,0,0,0,0,0,0,0,0,0,0,0,0,0,0
Qwen2.5-7B-Instruct x Qwen2.5-7B-Instruct,Qwen2.5-7B-Instruct,Qwen2.5-7B-Instruct,fork_drawer_counter,conflict_coop,129,0,drawer,2,0,0,0,0,0,0,0,0,0,0,0,0,0,0,0,0,0,0,0,0
Qwen2.5-7B-Instruct x Qwen2.5-7B-Instruct,Qwen2.5-7B-Instruct,Qwen2.5-7B-Instruct,package_door_porch,mutual_coop,12,0,,2,0,0,0,1,0,0,0,0,0,0,0,0,0,0,0,0,1,0,1,0
Qwen2.5-7B-Instruct x Qwen2.5-7B-Instruct,Qwen2.5-7B-Instruct,Qwen2.5-7B-Instruct,fork_drawer_counter,conflict_adv,130,1,counter,2,1,0,0,0,1,0,0,0,0,0,0,0,0,0,0,1,1,0,1,1
Qwen2.5-7B-Instruct x Qwen2.5-7B-Instruct,Qwen2.5-7B-Instruct,Qwen2.5-7B-Instruct,fork_drawer_counter,mutual_incoh,131,1,counter,2,0,0,0,0,0,0,0,0,0,0,0,0,0,0,0,0,0,0,0,0
Qwen2.5-7B-Instruct x Qwen2.5-7B-Instruct,Qwen2.5-7B-Instruct,Qwen2.5-7B-Instruct,ticket_pocket_bag,mutual_coop,132,0,,2,0,0,0,1,0,0,0,0,0,0,0,0,0,0,0,0,1,0,1,0
Qwen2.5-7B-Instruct x Qwen2.5-7B-Instruct,Qwen2.5-7B-Instruct,Qwen2.5-7B-Instruct,ticket_pocket_bag,asym_coop,133,1,pocket,2,0,0,0,0,0,0,0,0,0,0,0,0,0,0,0,0,0,0,0,0
Qwen2.5-7B-Instruct x Qwen2.5-7B-Instruct,Qwen2.5-7B-Instruct,Qwen2.5-7B-Instruct,ticket_pocket_bag,asym_adv,134,1,pocket,2,1,0,0,0,0,0,0,0,0,0,0,0,0,0,0,1,0,0,1,1
Qwen2.5-7B-Instruct x Qwen2.5-7B-Instruct,Qwen2.5-7B-Instruct,Qwen2.5-7B-Instruct,ticket_pocket_bag,conflict_coop,135,1,pocket,2,0,0,0,0,0,0,0,0,0,0,0,0,0,0,0,0,0,0,0,0
Qwen2.5-7B-Instruct x Qwen2.5-7B-Instruct,Qwen2.5-7B-Instruct,Qwen2.5-7B-Instruct,ticket_pocket_bag,conflict_adv,136,0,bag,2,1,0,0,0,0,0,0,0,0,0,0,0,0,0,0,1,0,0,1,1
Qwen2.5-7B-Instruct x Qwen2.5-7B-Instruct,Qwen2.5-7B-Instruct,Qwen2.5-7B-Instruct,ticket_pocket_bag,mutual_incoh,137,0,,1,1,0,1,1,0,0,0,0,0,0,0,0,0,0,0,1,2,0,1,1
Qwen2.5-7B-Instruct x Qwen2.5-7B-Instruct,Qwen2.5-7B-Instruct,Qwen2.5-7B-Instruct,map_table_wall,mutual_coop,138,1,wall,2,0,0,0,0,0,0,0,0,0,0,0,0,0,0,0,0,0,0,0,0
Qwen2.5-7B-Instruct x Qwen2.5-7B-Instruct,Qwen2.5-7B-Instruct,Qwen2.5-7B-Instruct,map_table_wall,asym_coop,139,1,wall,2,0,0,0,0,0,0,0,0,0,0,0,0,0,0,0,0,0,0,0,0
Qwen2.5-7B-Instruct x Qwen2.5-7B-Instruct,Qwen2.5-7B-Instruct,Qwen2.5-7B-Instruct,package_door_porch,asym_coop,13,1,back porch,2,0,0,0,0,0,0,0,0,0,0,0,0,0,0,0,0,0,0,0,0
Qwen2.5-7B-Instruct x Qwen2.5-7B-Instruct,Qwen2.5-7B-Instruct,Qwen2.5-7B-Instruct,map_table_wall,asym_adv,140,0,table,2,0,0,0,0,0,0,0,0,0,0,0,0,0,0,0,0,0,0,0,0
Qwen2.5-7B-Instruct x Qwen2.5-7B-Instruct,Qwen2.5-7B-Instruct,Qwen2.5-7B-Instruct,map_table_wall,conflict_coop,141,0,table,2,0,0,0,0,0,0,0,0,0,0,0,0,0,0,0,0,0,0,0,0
Qwen2.5-7B-Instruct x Qwen2.5-7B-Instruct,Qwen2.5-7B-Instruct,Qwen2.5-7B-Instruct,map_table_wall,conflict_adv,142,0,table,2,0,0,0,0,0,0,0,0,0,0,0,0,0,0,0,0,0,0,0,0
Qwen2.5-7B-Instruct x Qwen2.5-7B-Instruct,Qwen2.5-7B-Instruct,Qwen2.5-7B-Instruct,map_table_wall,mutual_incoh,143,1,wall,2,0,0,0,0,0,0,0,0,0,0,0,0,0,0,0,0,0,0,0,0
Qwen2.5-7B-Instruct x Qwen2.5-7B-Instruct,Qwen2.5-7B-Instruct,Qwen2.5-7B-Instruct,broom_closet_corner,mutual_coop,144,1,closet,2,0,0,0,0,0,0,0,0,0,0,0,0,0,0,0,0,0,0,0,0
Qwen2.5-7B-Instruct x Qwen2.5-7B-Instruct,Qwen2.5-7B-Instruct,Qwen2.5-7B-Instruct,broom_closet_corner,asym_coop,145,1,closet,2,0,0,0,0,0,0,0,0,0,0,0,0,0,0,0,0,0,0,0,0
Qwen2.5-7B-Instruct x Qwen2.5-7B-Instruct,Qwen2.5-7B-Instruct,Qwen2.5-7B-Instruct,broom_closet_corner,asym_adv,146,0,corner,2,0,0,0,0,0,0,0,0,0,0,0,0,0,0,0,0,0,0,0,0
Qwen2.5-7B-Instruct x Qwen2.5-7B-Instruct,Qwen2.5-7B-Instruct,Qwen2.5-7B-Instruct,broom_closet_corner,conflict_coop,147,0,corner,2,0,0,0,0,0,0,0,0,0,0,0,0,0,0,0,0,0,0,0,0
Qwen2.5-7B-Instruct x Qwen2.5-7B-Instruct,Qwen2.5-7B-Instruct,Qwen2.5-7B-Instruct,broom_closet_corner,conflict_adv,148,0,corner,2,1,0,0,0,0,0,0,0,0,0,0,0,0,0,0,1,0,0,1,1
Qwen2.5-7B-Instruct x Qwen2.5-7B-Instruct,Qwen2.5-7B-Instruct,Qwen2.5-7B-Instruct,broom_closet_corner,mutual_incoh,149,1,closet,2,0,0,0,0,0,0,0,0,0,0,0,0,0,0,0,0,0,0,0,0
Qwen2.5-7B-Instruct x Qwen2.5-7B-Instruct,Qwen2.5-7B-Instruct,Qwen2.5-7B-Instruct,package_door_porch,asym_adv,14,0,front door,2,0,0,0,0,0,0,0,0,0,0,0,0,0,0,0,0,0,0,0,0
Qwen2.5-7B-Instruct x Qwen2.5-7B-Instruct,Qwen2.5-7B-Instruct,Qwen2.5-7B-Instruct,camera_bag_shelf,mutual_coop,150,0,,2,0,0,0,1,0,0,0,0,0,0,0,0,0,0,0,0,1,0,1,0
Qwen2.5-7B-Instruct x Qwen2.5-7B-Instruct,Qwen2.5-7B-Instruct,Qwen2.5-7B-Instruct,camera_bag_shelf,asym_coop,151,1,shelf,2,0,0,0,0,0,0,0,0,0,0,0,0,0,0,0,0,0,0,0,0
Qwen2.5-7B-Instruct x Qwen2.5-7B-Instruct,Qwen2.5-7B-Instruct,Qwen2.5-7B-Instruct,camera_bag_shelf,asym_adv,152,0,,2,0,0,0,1,0,0,0,0,0,0,0,0,0,0,0,0,1,0,1,0
Qwen2.5-7B-Instruct x Qwen2.5-7B-Instruct,Qwen2.5-7B-Instruct,Qwen2.5-7B-Instruct,camera_bag_shelf,conflict_coop,153,0,bag,2,0,0,0,0,0,0,0,0,0,0,0,0,0,0,0,0,0,0,0,0
Qwen2.5-7B-Instruct x Qwen2.5-7B-Instruct,Qwen2.5-7B-Instruct,Qwen2.5-7B-Instruct,camera_bag_shelf,conflict_adv,154,0,bag,2,1,0,0,0,0,0,0,0,0,0,0,0,0,0,0,1,0,0,1,1
Qwen2.5-7B-Instruct x Qwen2.5-7B-Instruct,Qwen2.5-7B-Instruct,Qwen2.5-7B-Instruct,camera_bag_shelf,mutual_incoh,155,1,shelf,2,0,0,0,0,0,0,0,0,0,0,0,0,0,0,0,0,0,0,0,0
Qwen2.5-7B-Instruct x Qwen2.5-7B-Instruct,Qwen2.5-7B-Instruct,Qwen2.5-7B-Instruct,brush_drawer_counter,mutual_coop,156,1,drawer,2,0,0,0,0,0,0,0,0,0,0,0,0,0,0,0,0,0,0,0,0
Qwen2.5-7B-Instruct x Qwen2.5-7B-Instruct,Qwen2.5-7B-Instruct,Qwen2.5-7B-Instruct,brush_drawer_counter,asym_coop,157,1,drawer,2,0,0,0,0,0,0,0,0,0,0,0,0,0,0,0,0,0,0,0,0
Qwen2.5-7B-Instruct x Qwen2.5-7B-Instruct,Qwen2.5-7B-Instruct,Qwen2.5-7B-Instruct,brush_drawer_counter,asym_adv,158,1,drawer,4,0,0,0,0,0,0,0,0,0,0,0,0,0,0,0,0,0,0,0,0
Qwen2.5-7B-Instruct x Qwen2.5-7B-Instruct,Qwen2.5-7B-Instruct,Qwen2.5-7B-Instruct,brush_drawer_counter,conflict_coop,159,0,counter,2,0,0,0,0,0,0,0,0,0,0,0,0,0,0,0,0,0,0,0,0
Qwen2.5-7B-Instruct x Qwen2.5-7B-Instruct,Qwen2.5-7B-Instruct,Qwen2.5-7B-Instruct,package_door_porch,conflict_coop,15,0,front door,2,0,0,0,0,0,0,0,0,0,0,0,0,0,0,0,0,0,0,0,0
Qwen2.5-7B-Instruct x Qwen2.5-7B-Instruct,Qwen2.5-7B-Instruct,Qwen2.5-7B-Instruct,brush_drawer_counter,conflict_adv,160,0,,2,0,0,0,1,0,0,0,0,0,0,0,0,0,0,0,0,1,0,1,0
Qwen2.5-7B-Instruct x Qwen2.5-7B-Instruct,Qwen2.5-7B-Instruct,Qwen2.5-7B-Instruct,brush_drawer_counter,mutual_incoh,161,1,drawer,2,0,0,0,0,0,0,0,0,0,0,0,0,0,0,0,0,0,0,0,0
Qwen2.5-7B-Instruct x Qwen2.5-7B-Instruct,Qwen2.5-7B-Instruct,Qwen2.5-7B-Instruct,spoon_cup_bowl,mutual_coop,162,1,bowl,2,0,0,0,0,0,0,0,0,0,0,0,0,0,0,0,0,0,0,0,0
Qwen2.5-7B-Instruct x Qwen2.5-7B-Instruct,Qwen2.5-7B-Instruct,Qwen2.5-7B-Instruct,spoon_cup_bowl,asym_coop,163,1,bowl,2,0,0,0,0,0,0,0,0,0,0,0,0,0,0,0,0,0,0,0,0
Qwen2.5-7B-Instruct x Qwen2.5-7B-Instruct,Qwen2.5-7B-Instruct,Qwen2.5-7B-Instruct,spoon_cup_bowl,asym_adv,164,0,cup,2,0,0,0,0,0,0,0,0,0,0,0,0,0,0,0,0,0,0,0,0
Qwen2.5-7B-Instruct x Qwen2.5-7B-Instruct,Qwen2.5-7B-Instruct,Qwen2.5-7B-Instruct,spoon_cup_bowl,conflict_coop,165,0,,2,0,0,0,1,0,0,0,0,0,0,0,0,0,0,0,0,1,0,1,0
Qwen2.5-7B-Instruct x Qwen2.5-7B-Instruct,Qwen2.5-7B-Instruct,Qwen2.5-7B-Instruct,spoon_cup_bowl,conflict_adv,166,1,bowl,2,0,0,0,0,0,0,0,0,0,0,0,0,0,0,0,0,0,0,0,0
Qwen2.5-7B-Instruct x Qwen2.5-7B-Instruct,Qwen2.5-7B-Instruct,Qwen2.5-7B-Instruct,spoon_cup_bowl,mutual_incoh,167,1,bowl,2,0,0,0,0,0,0,0,0,0,0,0,0,0,0,0,0,0,0,0,0
Qwen2.5-7B-Instruct x Qwen2.5-7B-Instruct,Qwen2.5-7B-Instruct,Qwen2.5-7B-Instruct,badge_desk_hook,mutual_coop,168,1,desk,2,0,0,0,0,0,0,0,0,0,0,0,0,0,0,0,0,0,0,0,0
Qwen2.5-7B-Instruct x Qwen2.5-7B-Instruct,Qwen2.5-7B-Instruct,Qwen2.5-7B-Instruct,badge_desk_hook,asym_coop,169,1,desk,2,0,0,0,0,0,0,0,0,0,0,0,0,0,0,0,0,0,0,0,0
Qwen2.5-7B-Instruct x Qwen2.5-7B-Instruct,Qwen2.5-7B-Instruct,Qwen2.5-7B-Instruct,package_door_porch,conflict_adv,16,0,front door,2,0,0,0,0,0,0,0,0,0,0,0,0,0,0,0,0,0,0,0,0
Qwen2.5-7B-Instruct x Qwen2.5-7B-Instruct,Qwen2.5-7B-Instruct,Qwen2.5-7B-Instruct,badge_desk_hook,asym_adv,170,1,desk,2,0,0,0,0,0,0,0,0,0,0,0,0,0,0,0,0,0,0,0,0
Qwen2.5-7B-Instruct x Qwen2.5-7B-Instruct,Qwen2.5-7B-Instruct,Qwen2.5-7B-Instruct,badge_desk_hook,conflict_coop,171,1,desk,2,0,0,0,0,0,0,0,0,0,0,0,0,0,0,0,0,0,0,0,0
Qwen2.5-7B-Instruct x Qwen2.5-7B-Instruct,Qwen2.5-7B-Instruct,Qwen2.5-7B-Instruct,badge_desk_hook,conflict_adv,172,1,desk,2,1,0,0,0,0,0,0,0,0,0,0,0,0,0,0,1,0,0,1,1
Qwen2.5-7B-Instruct x Qwen2.5-7B-Instruct,Qwen2.5-7B-Instruct,Qwen2.5-7B-Instruct,badge_desk_hook,mutual_incoh,173,1,desk,2,0,0,0,0,0,0,0,0,0,0,0,0,0,0,0,0,0,0,0,0
Qwen2.5-7B-Instruct x Qwen2.5-7B-Instruct,Qwen2.5-7B-Instruct,Qwen2.5-7B-Instruct,lantern_tent_truck,mutual_coop,174,1,truck,2,0,0,0,0,0,0,0,0,0,0,0,0,0,0,0,0,0,0,0,0
Qwen2.5-7B-Instruct x Qwen2.5-7B-Instruct,Qwen2.5-7B-Instruct,Qwen2.5-7B-Instruct,lantern_tent_truck,asym_coop,175,1,truck,2,0,0,0,0,0,0,0,0,0,0,0,0,0,0,0,0,0,0,0,0
Qwen2.5-7B-Instruct x Qwen2.5-7B-Instruct,Qwen2.5-7B-Instruct,Qwen2.5-7B-Instruct,lantern_tent_truck,asym_adv,176,0,tent,2,0,0,0,0,0,0,0,0,0,0,0,0,0,0,0,0,0,0,0,0
Qwen2.5-7B-Instruct x Qwen2.5-7B-Instruct,Qwen2.5-7B-Instruct,Qwen2.5-7B-Instruct,lantern_tent_truck,conflict_coop,177,1,truck,2,0,0,0,0,0,0,0,0,0,0,0,0,0,0,0,0,0,0,0,0
Qwen2.5-7B-Instruct x Qwen2.5-7B-Instruct,Qwen2.5-7B-Instruct,Qwen2.5-7B-Instruct,lantern_tent_truck,conflict_adv,178,1,truck,2,1,0,0,0,1,0,0,0,0,0,0,0,0,0,0,1,1,0,1,1
Qwen2.5-7B-Instruct x Qwen2.5-7B-Instruct,Qwen2.5-7B-Instruct,Qwen2.5-7B-Instruct,lantern_tent_truck,mutual_incoh,179,1,truck,2,0,0,0,0,0,0,0,0,0,0,0,0,0,0,0,0,0,0,0,0
Qwen2.5-7B-Instruct x Qwen2.5-7B-Instruct,Qwen2.5-7B-Instruct,Qwen2.5-7B-Instruct,package_door_porch,mutual_incoh,17,1,back porch,2,0,0,0,0,0,0,0,0,0,0,0,0,0,0,0,0,0,0,0,0
Qwen2.5-7B-Instruct x Qwen2.5-7B-Instruct,Qwen2.5-7B-Instruct,Qwen2.5-7B-Instruct,blanket_bed_chair,mutual_coop,180,0,,2,0,0,0,1,0,0,0,0,0,0,0,0,0,0,0,0,1,0,1,0
Qwen2.5-7B-Instruct x Qwen2.5-7B-Instruct,Qwen2.5-7B-Instruct,Qwen2.5-7B-Instruct,blanket_bed_chair,asym_coop,181,1,bed,2,0,0,0,0,0,0,0,0,0,0,0,0,0,0,0,0,0,0,0,0
Qwen2.5-7B-Instruct x Qwen2.5-7B-Instruct,Qwen2.5-7B-Instruct,Qwen2.5-7B-Instruct,blanket_bed_chair,asym_adv,182,0,chair,2,0,0,0,0,0,0,0,0,0,0,0,0,0,0,0,0,0,0,0,0
Qwen2.5-7B-Instruct x Qwen2.5-7B-Instruct,Qwen2.5-7B-Instruct,Qwen2.5-7B-Instruct,blanket_bed_chair,conflict_coop,183,0,chair,2,0,0,0,0,0,0,0,0,0,0,0,0,0,0,0,0,0,0,0,0
Qwen2.5-7B-Instruct x Qwen2.5-7B-Instruct,Qwen2.5-7B-Instruct,Qwen2.5-7B-Instruct,blanket_bed_chair,conflict_adv,184,1,bed,2,0,0,0,0,0,0,0,0,0,0,0,0,0,0,0,0,0,0,0,0
Qwen2.5-7B-Instruct x Qwen2.5-7B-Instruct,Qwen2.5-7B-Instruct,Qwen2.5-7B-Instruct,blanket_bed_chair,mutual_incoh,185,1,bed,2,0,0,0,0,0,0,0,0,0,0,0,0,0,0,0,0,0,0,0,0
Qwen2.5-7B-Instruct x Qwen2.5-7B-Instruct,Qwen2.5-7B-Instruct,Qwen2.5-7B-Instruct,tape_drawer_shelf,mutual_coop,186,0,,2,0,0,0,1,0,0,0,0,0,0,0,0,0,0,0,0,1,0,1,0
Qwen2.5-7B-Instruct x Qwen2.5-7B-Instruct,Qwen2.5-7B-Instruct,Qwen2.5-7B-Instruct,tape_drawer_shelf,asym_coop,187,1,shelf,2,0,0,0,0,0,0,0,0,0,0,0,0,0,0,0,0,0,0,0,0
Qwen2.5-7B-Instruct x Qwen2.5-7B-Instruct,Qwen2.5-7B-Instruct,Qwen2.5-7B-Instruct,tape_drawer_shelf,asym_adv,188,0,drawer,4,0,0,0,0,0,0,0,0,0,0,0,0,0,0,0,0,0,0,0,0
Qwen2.5-7B-Instruct x Qwen2.5-7B-Instruct,Qwen2.5-7B-Instruct,Qwen2.5-7B-Instruct,tape_drawer_shelf,conflict_coop,189,1,shelf,2,0,0,0,0,1,0,0,0,0,0,0,0,0,0,0,0,1,0,1,0
Qwen2.5-7B-Instruct x Qwen2.5-7B-Instruct,Qwen2.5-7B-Instruct,Qwen2.5-7B-Instruct,phone_table_couch,mutual_coop,18,1,table,2,0,0,0,0,0,0,0,0,0,0,0,0,0,0,0,0,0,0,0,0
Qwen2.5-7B-Instruct x Qwen2.5-7B-Instruct,Qwen2.5-7B-Instruct,Qwen2.5-7B-Instruct,tape_drawer_shelf,conflict_adv,190,0,drawer,2,1,0,0,0,0,0,0,0,0,0,0,0,0,0,0,1,0,0,1,1
Qwen2.5-7B-Instruct x Qwen2.5-7B-Instruct,Qwen2.5-7B-Instruct,Qwen2.5-7B-Instruct,tape_drawer_shelf,mutual_incoh,191,1,shelf,2,0,0,0,0,0,0,0,0,0,0,0,0,0,0,0,0,0,0,0,0
Qwen2.5-7B-Instruct x Qwen2.5-7B-Instruct,Qwen2.5-7B-Instruct,Qwen2.5-7B-Instruct,charger_desk_bed,mutual_coop,192,1,desk,2,0,0,0,0,0,0,0,0,0,0,0,0,0,0,0,0,0,0,0,0
Qwen2.5-7B-Instruct x Qwen2.5-7B-Instruct,Qwen2.5-7B-Instruct,Qwen2.5-7B-Instruct,charger_desk_bed,asym_coop,193,0,bed,2,0,0,0,0,0,0,0,0,0,0,0,0,0,0,0,0,0,0,0,0
Qwen2.5-7B-Instruct x Qwen2.5-7B-Instruct,Qwen2.5-7B-Instruct,Qwen2.5-7B-Instruct,charger_desk_bed,asym_adv,194,0,bed,2,0,0,0,0,0,0,0,0,0,0,0,0,0,0,0,0,0,0,0,0
Qwen2.5-7B-Instruct x Qwen2.5-7B-Instruct,Qwen2.5-7B-Instruct,Qwen2.5-7B-Instruct,charger_desk_bed,conflict_coop,195,0,bed,2,0,0,0,0,0,0,0,0,0,0,0,0,0,0,0,0,0,0,0,0
Qwen2.5-7B-Instruct x Qwen2.5-7B-Instruct,Qwen2.5-7B-Instruct,Qwen2.5-7B-Instruct,charger_desk_bed,conflict_adv,196,0,bed,2,1,0,0,0,0,0,0,0,0,0,0,0,0,0,0,1,0,0,1,1
Qwen2.5-7B-Instruct x Qwen2.5-7B-Instruct,Qwen2.5-7B-Instruct,Qwen2.5-7B-Instruct,charger_desk_bed,mutual_incoh,197,1,desk,2,0,0,0,0,0,0,0,0,0,0,0,0,0,0,0,0,0,0,0,0
Qwen2.5-7B-Instruct x Qwen2.5-7B-Instruct,Qwen2.5-7B-Instruct,Qwen2.5-7B-Instruct,bottle_fridge_counter,mutual_coop,198,1,counter,2,0,0,0,0,0,0,0,0,0,0,0,0,0,0,0,0,0,0,0,0
Qwen2.5-7B-Instruct x Qwen2.5-7B-Instruct,Qwen2.5-7B-Instruct,Qwen2.5-7B-Instruct,bottle_fridge_counter,asym_coop,199,1,counter,2,0,0,0,0,0,0,0,0,0,0,0,0,0,0,0,0,0,0,0,0
Qwen2.5-7B-Instruct x Qwen2.5-7B-Instruct,Qwen2.5-7B-Instruct,Qwen2.5-7B-Instruct,phone_table_couch,asym_coop,19,1,table,2,0,0,0,0,0,0,0,0,0,0,0,0,0,0,0,0,0,0,0,0
Qwen2.5-7B-Instruct x Qwen2.5-7B-Instruct,Qwen2.5-7B-Instruct,Qwen2.5-7B-Instruct,key_in_boxes,asym_coop,1,1,red box,4,0,0,0,0,0,0,0,0,0,0,0,0,0,0,0,0,0,0,0,0
Qwen2.5-7B-Instruct x Qwen2.5-7B-Instruct,Qwen2.5-7B-Instruct,Qwen2.5-7B-Instruct,bottle_fridge_counter,asym_adv,200,0,fridge,4,0,0,0,0,0,0,0,0,0,0,0,0,0,0,0,0,0,0,0,0
Qwen2.5-7B-Instruct x Qwen2.5-7B-Instruct,Qwen2.5-7B-Instruct,Qwen2.5-7B-Instruct,bottle_fridge_counter,conflict_coop,201,0,fridge,2,0,0,0,0,0,0,0,0,0,0,0,0,0,0,0,0,0,0,0,0
Qwen2.5-7B-Instruct x Qwen2.5-7B-Instruct,Qwen2.5-7B-Instruct,Qwen2.5-7B-Instruct,bottle_fridge_counter,conflict_adv,202,0,fridge,2,0,0,0,0,0,0,0,0,0,0,0,0,0,0,0,0,0,0,0,0
Qwen2.5-7B-Instruct x Qwen2.5-7B-Instruct,Qwen2.5-7B-Instruct,Qwen2.5-7B-Instruct,bottle_fridge_counter,mutual_incoh,203,1,counter,2,0,0,0,0,0,0,0,0,0,0,0,0,0,0,0,0,0,0,0,0
Qwen2.5-7B-Instruct x Qwen2.5-7B-Instruct,Qwen2.5-7B-Instruct,Qwen2.5-7B-Instruct,notebook_desk_backpack,mutual_coop,204,0,,2,0,0,0,1,0,0,0,0,0,0,0,0,0,0,0,0,1,0,1,0
Qwen2.5-7B-Instruct x Qwen2.5-7B-Instruct,Qwen2.5-7B-Instruct,Qwen2.5-7B-Instruct,notebook_desk_backpack,asym_coop,205,1,desk,2,0,0,0,0,0,0,0,0,0,0,0,0,0,0,0,0,0,0,0,0
Qwen2.5-7B-Instruct x Qwen2.5-7B-Instruct,Qwen2.5-7B-Instruct,Qwen2.5-7B-Instruct,notebook_desk_backpack,asym_adv,206,0,backpack,2,0,0,0,0,0,0,0,0,0,0,0,0,0,0,0,0,0,0,0,0
Qwen2.5-7B-Instruct x Qwen2.5-7B-Instruct,Qwen2.5-7B-Instruct,Qwen2.5-7B-Instruct,notebook_desk_backpack,conflict_coop,207,0,backpack,2,0,0,0,0,0,0,0,0,0,0,0,0,0,0,0,0,0,0,0,0
Qwen2.5-7B-Instruct x Qwen2.5-7B-Instruct,Qwen2.5-7B-Instruct,Qwen2.5-7B-Instruct,notebook_desk_backpack,conflict_adv,208,0,backpack,2,1,0,0,0,0,0,0,0,0,0,0,0,0,0,0,1,0,0,1,1
Qwen2.5-7B-Instruct x Qwen2.5-7B-Instruct,Qwen2.5-7B-Instruct,Qwen2.5-7B-Instruct,notebook_desk_backpack,mutual_incoh,209,1,desk,2,0,0,0,0,0,0,0,0,0,0,0,0,0,0,0,0,0,0,0,0
Qwen2.5-7B-Instruct x Qwen2.5-7B-Instruct,Qwen2.5-7B-Instruct,Qwen2.5-7B-Instruct,phone_table_couch,asym_adv,20,0,couch,2,0,0,0,0,0,0,0,0,0,0,0,0,0,0,0,0,0,0,0,0
Qwen2.5-7B-Instruct x Qwen2.5-7B-Instruct,Qwen2.5-7B-Instruct,Qwen2.5-7B-Instruct,wrench_bench_toolbox,mutual_coop,210,1,toolbox,2,0,0,0,0,0,0,0,0,0,0,0,0,0,0,0,0,0,0,0,0
Qwen2.5-7B-Instruct x Qwen2.5-7B-Instruct,Qwen2.5-7B-Instruct,Qwen2.5-7B-Instruct,wrench_bench_toolbox,asym_coop,211,1,toolbox,2,0,0,0,0,0,0,0,0,0,0,0,0,0,0,0,0,0,0,0,0
Qwen2.5-7B-Instruct x Qwen2.5-7B-Instruct,Qwen2.5-7B-Instruct,Qwen2.5-7B-Instruct,wrench_bench_toolbox,asym_adv,212,0,bench,4,0,0,0,0,0,1,0,0,0,0,0,0,0,0,0,0,1,0,1,0
Qwen2.5-7B-Instruct x Qwen2.5-7B-Instruct,Qwen2.5-7B-Instruct,Qwen2.5-7B-Instruct,wrench_bench_toolbox,conflict_coop,213,1,toolbox,2,0,0,0,0,0,0,0,0,0,0,0,0,0,0,0,0,0,0,0,0
Qwen2.5-7B-Instruct x Qwen2.5-7B-Instruct,Qwen2.5-7B-Instruct,Qwen2.5-7B-Instruct,wrench_bench_toolbox,conflict_adv,214,0,bench,2,1,0,0,0,0,1,0,0,0,0,0,0,0,0,0,1,1,0,1,1
Qwen2.5-7B-Instruct x Qwen2.5-7B-Instruct,Qwen2.5-7B-Instruct,Qwen2.5-7B-Instruct,wrench_bench_toolbox,mutual_incoh,215,1,toolbox,2,0,0,0,0,0,1,0,0,0,0,0,0,0,0,0,0,1,0,1,0
Qwen2.5-7B-Instruct x Qwen2.5-7B-Instruct,Qwen2.5-7B-Instruct,Qwen2.5-7B-Instruct,pillow_bed_couch,mutual_coop,216,0,,2,0,0,0,1,0,0,0,0,0,0,0,0,0,0,0,0,1,0,1,0
Qwen2.5-7B-Instruct x Qwen2.5-7B-Instruct,Qwen2.5-7B-Instruct,Qwen2.5-7B-Instruct,pillow_bed_couch,asym_coop,217,1,bed,2,0,0,0,0,0,0,0,0,0,0,0,0,0,0,0,0,0,0,0,0
Qwen2.5-7B-Instruct x Qwen2.5-7B-Instruct,Qwen2.5-7B-Instruct,Qwen2.5-7B-Instruct,pillow_bed_couch,asym_adv,218,0,couch,2,0,0,0,0,0,0,0,0,0,0,0,0,0,0,0,0,0,0,0,0
Qwen2.5-7B-Instruct x Qwen2.5-7B-Instruct,Qwen2.5-7B-Instruct,Qwen2.5-7B-Instruct,pillow_bed_couch,conflict_coop,219,0,couch,2,0,0,0,0,0,0,0,0,0,0,0,0,0,0,0,0,0,0,0,0
Qwen2.5-7B-Instruct x Qwen2.5-7B-Instruct,Qwen2.5-7B-Instruct,Qwen2.5-7B-Instruct,phone_table_couch,conflict_coop,21,1,table,2,0,0,0,0,1,0,0,0,0,0,0,0,0,0,0,0,1,0,1,0
Qwen2.5-7B-Instruct x Qwen2.5-7B-Instruct,Qwen2.5-7B-Instruct,Qwen2.5-7B-Instruct,pillow_bed_couch,conflict_adv,220,0,couch,2,0,0,0,0,0,0,0,0,0,0,0,0,0,0,0,0,0,0,0,0
Qwen2.5-7B-Instruct x Qwen2.5-7B-Instruct,Qwen2.5-7B-Instruct,Qwen2.5-7B-Instruct,pillow_bed_couch,mutual_incoh,221,1,bed,2,0,0,0,0,0,0,0,0,0,0,0,0,0,0,0,0,0,0,0,0
Qwen2.5-7B-Instruct x Qwen2.5-7B-Instruct,Qwen2.5-7B-Instruct,Qwen2.5-7B-Instruct,hammer_shelf_floor,mutual_coop,222,1,floor,2,0,0,0,0,0,0,0,0,0,0,0,0,0,0,0,0,0,0,0,0
Qwen2.5-7B-Instruct x Qwen2.5-7B-Instruct,Qwen2.5-7B-Instruct,Qwen2.5-7B-Instruct,hammer_shelf_floor,asym_coop,223,1,floor,2,0,0,0,0,0,0,0,0,0,0,0,0,0,0,0,0,0,0,0,0
Qwen2.5-7B-Instruct x Qwen2.5-7B-Instruct,Qwen2.5-7B-Instruct,Qwen2.5-7B-Instruct,hammer_shelf_floor,asym_adv,224,0,shelf,2,0,0,0,0,0,0,0,0,0,0,0,0,0,0,0,0,0,0,0,0
Qwen2.5-7B-Instruct x Qwen2.5-7B-Instruct,Qwen2.5-7B-Instruct,Qwen2.5-7B-Instruct,hammer_shelf_floor,conflict_coop,225,0,shelf,2,0,0,0,0,0,0,0,0,0,0,0,0,0,0,0,0,0,0,0,0
Qwen2.5-7B-Instruct x Qwen2.5-7B-Instruct,Qwen2.5-7B-Instruct,Qwen2.5-7B-Instruct,hammer_shelf_floor,conflict_adv,226,0,shelf,2,1,0,0,0,0,0,0,0,0,0,0,0,0,0,0,1,0,0,1,1
Qwen2.5-7B-Instruct x Qwen2.5-7B-Instruct,Qwen2.5-7B-Instruct,Qwen2.5-7B-Instruct,hammer_shelf_floor,mutual_incoh,227,1,floor,2,0,0,0,0,0,0,0,0,0,0,0,0,0,0,0,0,0,0,0,0
Qwen2.5-7B-Instruct x Qwen2.5-7B-Instruct,Qwen2.5-7B-Instruct,Qwen2.5-7B-Instruct,receipt_pocket_folder,mutual_coop,228,1,pocket,2,0,0,0,0,0,0,0,0,0,0,0,0,0,0,0,0,0,0,0,0
Qwen2.5-7B-Instruct x Qwen2.5-7B-Instruct,Qwen2.5-7B-Instruct,Qwen2.5-7B-Instruct,receipt_pocket_folder,asym_coop,229,1,pocket,2,0,0,0,0,0,0,0,0,0,0,0,0,0,0,0,0,0,0,0,0
Qwen2.5-7B-Instruct x Qwen2.5-7B-Instruct,Qwen2.5-7B-Instruct,Qwen2.5-7B-Instruct,phone_table_couch,conflict_adv,22,0,couch,2,0,0,0,0,0,0,0,0,0,0,0,0,0,0,0,0,0,0,0,0
Qwen2.5-7B-Instruct x Qwen2.5-7B-Instruct,Qwen2.5-7B-Instruct,Qwen2.5-7B-Instruct,receipt_pocket_folder,asym_adv,230,1,pocket,2,1,0,0,0,0,0,0,0,0,0,0,0,0,0,0,1,0,0,1,1
Qwen2.5-7B-Instruct x Qwen2.5-7B-Instruct,Qwen2.5-7B-Instruct,Qwen2.5-7B-Instruct,receipt_pocket_folder,conflict_coop,231,1,pocket,2,0,0,0,0,0,0,0,0,0,0,0,0,0,0,0,0,0,0,0,0
Qwen2.5-7B-Instruct x Qwen2.5-7B-Instruct,Qwen2.5-7B-Instruct,Qwen2.5-7B-Instruct,receipt_pocket_folder,conflict_adv,232,0,folder,2,1,0,0,0,0,0,0,0,0,0,0,0,0,0,0,1,0,0,1,1
Qwen2.5-7B-Instruct x Qwen2.5-7B-Instruct,Qwen2.5-7B-Instruct,Qwen2.5-7B-Instruct,receipt_pocket_folder,mutual_incoh,233,1,pocket,2,1,0,0,0,0,0,0,0,0,0,0,0,0,0,0,1,0,0,1,1
Qwen2.5-7B-Instruct x Qwen2.5-7B-Instruct,Qwen2.5-7B-Instruct,Qwen2.5-7B-Instruct,plate_table_sink,mutual_coop,234,1,sink,2,0,0,0,0,0,0,0,0,0,0,0,0,0,0,0,0,0,0,0,0
Qwen2.5-7B-Instruct x Qwen2.5-7B-Instruct,Qwen2.5-7B-Instruct,Qwen2.5-7B-Instruct,plate_table_sink,asym_coop,235,1,sink,2,0,0,0,0,0,0,0,0,0,0,0,0,0,0,0,0,0,0,0,0
Qwen2.5-7B-Instruct x Qwen2.5-7B-Instruct,Qwen2.5-7B-Instruct,Qwen2.5-7B-Instruct,plate_table_sink,asym_adv,236,0,table,2,0,0,0,0,0,0,0,0,0,0,0,0,0,0,0,0,0,0,0,0
Qwen2.5-7B-Instruct x Qwen2.5-7B-Instruct,Qwen2.5-7B-Instruct,Qwen2.5-7B-Instruct,plate_table_sink,conflict_coop,237,0,table,2,0,0,0,0,0,0,0,0,0,0,0,0,0,0,0,0,0,0,0,0
Qwen2.5-7B-Instruct x Qwen2.5-7B-Instruct,Qwen2.5-7B-Instruct,Qwen2.5-7B-Instruct,plate_table_sink,conflict_adv,238,0,table,2,0,0,0,0,0,0,0,0,0,0,0,0,0,0,0,0,0,0,0,0
Qwen2.5-7B-Instruct x Qwen2.5-7B-Instruct,Qwen2.5-7B-Instruct,Qwen2.5-7B-Instruct,plate_table_sink,mutual_incoh,239,1,sink,2,0,0,0,0,0,0,0,0,0,0,0,0,0,0,0,0,0,0,0,0
Qwen2.5-7B-Instruct x Qwen2.5-7B-Instruct,Qwen2.5-7B-Instruct,Qwen2.5-7B-Instruct,phone_table_couch,mutual_incoh,23,1,table,2,0,0,0,0,0,0,0,0,0,0,0,0,0,0,0,0,0,0,0,0
Qwen2.5-7B-Instruct x Qwen2.5-7B-Instruct,Qwen2.5-7B-Instruct,Qwen2.5-7B-Instruct,jacket_hook_chair,mutual_coop,240,1,hook,2,0,0,0,0,0,0,0,0,0,0,0,0,0,0,0,0,0,0,0,0
Qwen2.5-7B-Instruct x Qwen2.5-7B-Instruct,Qwen2.5-7B-Instruct,Qwen2.5-7B-Instruct,jacket_hook_chair,asym_coop,241,1,hook,2,0,0,0,0,0,0,0,0,0,0,0,0,0,0,0,0,0,0,0,0
Qwen2.5-7B-Instruct x Qwen2.5-7B-Instruct,Qwen2.5-7B-Instruct,Qwen2.5-7B-Instruct,jacket_hook_chair,asym_adv,242,0,chair,2,0,0,0,0,0,0,0,0,0,0,0,0,0,0,0,0,0,0,0,0
Qwen2.5-7B-Instruct x Qwen2.5-7B-Instruct,Qwen2.5-7B-Instruct,Qwen2.5-7B-Instruct,jacket_hook_chair,conflict_coop,243,0,chair,2,0,0,0,0,0,0,0,0,0,0,0,0,0,0,0,0,0,0,0,0
Qwen2.5-7B-Instruct x Qwen2.5-7B-Instruct,Qwen2.5-7B-Instruct,Qwen2.5-7B-Instruct,jacket_hook_chair,conflict_adv,244,0,,1,1,0,1,1,0,0,0,0,0,0,0,0,0,0,0,1,2,0,1,1
Qwen2.5-7B-Instruct x Qwen2.5-7B-Instruct,Qwen2.5-7B-Instruct,Qwen2.5-7B-Instruct,jacket_hook_chair,mutual_incoh,245,1,hook,2,0,0,0,0,0,0,0,0,0,0,0,0,0,0,0,0,0,0,0,0
Qwen2.5-7B-Instruct x Qwen2.5-7B-Instruct,Qwen2.5-7B-Instruct,Qwen2.5-7B-Instruct,ball_yard_garage,mutual_coop,246,0,,2,0,0,0,1,0,0,0,0,0,0,0,0,0,0,0,0,1,0,1,0
Qwen2.5-7B-Instruct x Qwen2.5-7B-Instruct,Qwen2.5-7B-Instruct,Qwen2.5-7B-Instruct,ball_yard_garage,asym_coop,247,0,,2,0,0,0,1,0,0,0,0,0,0,0,0,0,0,0,0,1,0,1,0
Qwen2.5-7B-Instruct x Qwen2.5-7B-Instruct,Qwen2.5-7B-Instruct,Qwen2.5-7B-Instruct,ball_yard_garage,asym_adv,248,0,,2,0,0,0,1,0,0,0,0,0,0,0,0,0,0,0,0,1,0,1,0
Qwen2.5-7B-Instruct x Qwen2.5-7B-Instruct,Qwen2.5-7B-Instruct,Qwen2.5-7B-Instruct,ball_yard_garage,conflict_coop,249,0,yard,2,0,0,0,0,0,0,0,0,0,0,0,0,0,0,0,0,0,0,0,0
Qwen2.5-7B-Instruct x Qwen2.5-7B-Instruct,Qwen2.5-7B-Instruct,Qwen2.5-7B-Instruct,book_shelf_bag,mutual_coop,24,1,shelf,2,0,0,0,0,0,0,0,0,0,0,0,0,0,0,0,0,0,0,0,0
Qwen2.5-7B-Instruct x Qwen2.5-7B-Instruct,Qwen2.5-7B-Instruct,Qwen2.5-7B-Instruct,ball_yard_garage,conflict_adv,250,1,garage,4,0,0,0,0,0,0,0,0,0,0,0,0,0,0,0,0,0,0,0,0
Qwen2.5-7B-Instruct x Qwen2.5-7B-Instruct,Qwen2.5-7B-Instruct,Qwen2.5-7B-Instruct,ball_yard_garage,mutual_incoh,251,1,garage,2,0,0,0,0,0,0,0,0,0,0,0,0,0,0,0,0,0,0,0,0
Qwen2.5-7B-Instruct x Qwen2.5-7B-Instruct,Qwen2.5-7B-Instruct,Qwen2.5-7B-Instruct,stamp_drawer_tray,mutual_coop,252,1,drawer,2,0,0,0,0,0,0,0,0,0,0,0,0,0,0,0,0,0,0,0,0
Qwen2.5-7B-Instruct x Qwen2.5-7B-Instruct,Qwen2.5-7B-Instruct,Qwen2.5-7B-Instruct,stamp_drawer_tray,asym_coop,253,0,,2,0,0,0,1,0,0,0,0,0,0,0,0,0,0,0,0,1,0,1,0
Qwen2.5-7B-Instruct x Qwen2.5-7B-Instruct,Qwen2.5-7B-Instruct,Qwen2.5-7B-Instruct,stamp_drawer_tray,asym_adv,254,0,tray,2,0,0,0,0,0,0,0,0,0,0,0,0,0,0,0,0,0,0,0,0
Qwen2.5-7B-Instruct x Qwen2.5-7B-Instruct,Qwen2.5-7B-Instruct,Qwen2.5-7B-Instruct,stamp_drawer_tray,conflict_coop,255,0,tray,2,0,0,0,0,0,0,0,0,0,0,0,0,0,0,0,0,0,0,0,0
Qwen2.5-7B-Instruct x Qwen2.5-7B-Instruct,Qwen2.5-7B-Instruct,Qwen2.5-7B-Instruct,stamp_drawer_tray,conflict_adv,256,1,drawer,2,1,0,0,0,1,0,0,0,0,0,0,0,0,0,0,1,1,0,1,1
Qwen2.5-7B-Instruct x Qwen2.5-7B-Instruct,Qwen2.5-7B-Instruct,Qwen2.5-7B-Instruct,stamp_drawer_tray,mutual_incoh,257,1,drawer,2,1,0,0,0,0,0,0,0,0,0,0,0,0,0,0,1,0,0,1,1
Qwen2.5-7B-Instruct x Qwen2.5-7B-Instruct,Qwen2.5-7B-Instruct,Qwen2.5-7B-Instruct,photo_shelf_drawer,mutual_coop,258,1,drawer,2,0,0,0,0,0,0,0,0,0,0,0,0,0,0,0,0,0,0,0,0
Qwen2.5-7B-Instruct x Qwen2.5-7B-Instruct,Qwen2.5-7B-Instruct,Qwen2.5-7B-Instruct,photo_shelf_drawer,asym_coop,259,1,drawer,2,0,0,0,0,0,0,0,0,0,0,0,0,0,0,0,0,0,0,0,0
Qwen2.5-7B-Instruct x Qwen2.5-7B-Instruct,Qwen2.5-7B-Instruct,Qwen2.5-7B-Instruct,book_shelf_bag,asym_coop,25,1,shelf,2,0,0,0,0,0,0,0,0,0,0,0,0,0,0,0,0,0,0,0,0
Qwen2.5-7B-Instruct x Qwen2.5-7B-Instruct,Qwen2.5-7B-Instruct,Qwen2.5-7B-Instruct,photo_shelf_drawer,asym_adv,260,0,shelf,2,0,0,0,0,0,0,0,0,0,0,0,0,0,0,0,0,0,0,0,0
Qwen2.5-7B-Instruct x Qwen2.5-7B-Instruct,Qwen2.5-7B-Instruct,Qwen2.5-7B-Instruct,photo_shelf_drawer,conflict_coop,261,1,drawer,2,0,0,0,0,0,0,0,0,0,0,0,0,0,0,0,0,0,0,0,0
Qwen2.5-7B-Instruct x Qwen2.5-7B-Instruct,Qwen2.5-7B-Instruct,Qwen2.5-7B-Instruct,photo_shelf_drawer,conflict_adv,262,1,drawer,2,0,0,0,0,0,0,0,0,0,0,0,0,0,0,0,0,0,0,0,0
Qwen2.5-7B-Instruct x Qwen2.5-7B-Instruct,Qwen2.5-7B-Instruct,Qwen2.5-7B-Instruct,photo_shelf_drawer,mutual_incoh,263,1,drawer,2,0,0,0,0,1,0,0,0,0,0,0,0,0,0,0,0,1,0,1,0
Qwen2.5-7B-Instruct x Qwen2.5-7B-Instruct,Qwen2.5-7B-Instruct,Qwen2.5-7B-Instruct,cable_desk_floor,mutual_coop,264,1,desk,2,0,0,0,0,0,0,0,0,0,0,0,0,0,0,0,0,0,0,0,0
Qwen2.5-7B-Instruct x Qwen2.5-7B-Instruct,Qwen2.5-7B-Instruct,Qwen2.5-7B-Instruct,cable_desk_floor,asym_coop,265,1,desk,2,0,0,0,0,0,0,0,0,0,0,0,0,0,0,0,0,0,0,0,0
Qwen2.5-7B-Instruct x Qwen2.5-7B-Instruct,Qwen2.5-7B-Instruct,Qwen2.5-7B-Instruct,cable_desk_floor,asym_adv,266,1,desk,2,1,0,0,0,0,0,0,0,0,0,0,0,0,0,0,1,0,0,1,1
Qwen2.5-7B-Instruct x Qwen2.5-7B-Instruct,Qwen2.5-7B-Instruct,Qwen2.5-7B-Instruct,cable_desk_floor,conflict_coop,267,0,floor,2,0,0,0,0,0,0,0,0,0,0,0,0,0,0,0,0,0,0,0,0
Qwen2.5-7B-Instruct x Qwen2.5-7B-Instruct,Qwen2.5-7B-Instruct,Qwen2.5-7B-Instruct,cable_desk_floor,conflict_adv,268,1,desk,4,0,0,0,0,0,0,0,0,0,0,0,0,0,0,0,0,0,0,0,0
Qwen2.5-7B-Instruct x Qwen2.5-7B-Instruct,Qwen2.5-7B-Instruct,Qwen2.5-7B-Instruct,cable_desk_floor,mutual_incoh,269,1,desk,2,0,0,0,0,0,0,0,0,0,0,0,0,0,0,0,0,0,0,0,0
Qwen2.5-7B-Instruct x Qwen2.5-7B-Instruct,Qwen2.5-7B-Instruct,Qwen2.5-7B-Instruct,book_shelf_bag,asym_adv,26,0,,2,0,0,0,1,0,0,0,0,0,0,0,0,0,0,0,0,1,0,1,0
Qwen2.5-7B-Instruct x Qwen2.5-7B-Instruct,Qwen2.5-7B-Instruct,Qwen2.5-7B-Instruct,soap_shelf_ledge,mutual_coop,270,1,ledge,2,0,0,0,0,0,0,0,0,0,0,0,0,0,0,0,0,0,0,0,0
Qwen2.5-7B-Instruct x Qwen2.5-7B-Instruct,Qwen2.5-7B-Instruct,Qwen2.5-7B-Instruct,soap_shelf_ledge,asym_coop,271,1,ledge,2,0,0,0,0,0,0,0,0,0,0,0,0,0,0,0,0,0,0,0,0
Qwen2.5-7B-Instruct x Qwen2.5-7B-Instruct,Qwen2.5-7B-Instruct,Qwen2.5-7B-Instruct,soap_shelf_ledge,asym_adv,272,0,,2,0,0,0,1,0,0,0,0,0,0,0,0,0,0,0,0,1,0,1,0
Qwen2.5-7B-Instruct x Qwen2.5-7B-Instruct,Qwen2.5-7B-Instruct,Qwen2.5-7B-Instruct,soap_shelf_ledge,conflict_coop,273,1,ledge,2,0,0,0,0,0,0,0,0,0,0,0,0,0,0,0,0,0,0,0,0
Qwen2.5-7B-Instruct x Qwen2.5-7B-Instruct,Qwen2.5-7B-Instruct,Qwen2.5-7B-Instruct,soap_shelf_ledge,conflict_adv,274,0,shelf,4,0,0,0,0,0,0,0,0,0,0,0,0,0,0,0,0,0,0,0,0
Qwen2.5-7B-Instruct x Qwen2.5-7B-Instruct,Qwen2.5-7B-Instruct,Qwen2.5-7B-Instruct,soap_shelf_ledge,mutual_incoh,275,1,ledge,2,0,0,0,0,0,0,0,0,0,0,0,0,0,0,0,0,0,0,0,0
Qwen2.5-7B-Instruct x Qwen2.5-7B-Instruct,Qwen2.5-7B-Instruct,Qwen2.5-7B-Instruct,glove_bench_pocket,mutual_coop,276,1,bench,2,0,0,0,0,0,0,0,0,0,0,0,0,0,0,0,0,0,0,0,0
Qwen2.5-7B-Instruct x Qwen2.5-7B-Instruct,Qwen2.5-7B-Instruct,Qwen2.5-7B-Instruct,glove_bench_pocket,asym_coop,277,1,bench,2,0,0,0,0,0,0,0,0,0,0,0,0,0,0,0,0,0,0,0,0
Qwen2.5-7B-Instruct x Qwen2.5-7B-Instruct,Qwen2.5-7B-Instruct,Qwen2.5-7B-Instruct,glove_bench_pocket,asym_adv,278,0,pocket,4,0,0,0,0,0,0,0,0,0,0,0,0,0,0,0,0,0,0,0,0
Qwen2.5-7B-Instruct x Qwen2.5-7B-Instruct,Qwen2.5-7B-Instruct,Qwen2.5-7B-Instruct,glove_bench_pocket,conflict_coop,279,0,pocket,2,0,0,0,0,0,0,0,0,0,0,0,0,0,0,0,0,0,0,0,0
Qwen2.5-7B-Instruct x Qwen2.5-7B-Instruct,Qwen2.5-7B-Instruct,Qwen2.5-7B-Instruct,book_shelf_bag,conflict_coop,27,0,bag,2,0,0,0,0,0,0,0,0,0,0,0,0,0,0,0,0,0,0,0,0
Qwen2.5-7B-Instruct x Qwen2.5-7B-Instruct,Qwen2.5-7B-Instruct,Qwen2.5-7B-Instruct,glove_bench_pocket,conflict_adv,280,0,pocket,2,1,0,0,0,0,0,0,0,0,0,0,0,0,0,0,1,0,0,1,1
Qwen2.5-7B-Instruct x Qwen2.5-7B-Instruct,Qwen2.5-7B-Instruct,Qwen2.5-7B-Instruct,glove_bench_pocket,mutual_incoh,281,1,bench,2,0,0,0,0,0,0,0,0,0,0,0,0,0,0,0,0,0,0,0,0
Qwen2.5-7B-Instruct x Qwen2.5-7B-Instruct,Qwen2.5-7B-Instruct,Qwen2.5-7B-Instruct,sponge_sink_counter,mutual_coop,282,1,counter,2,0,0,0,0,0,0,0,0,0,0,0,0,0,0,0,0,0,0,0,0
Qwen2.5-7B-Instruct x Qwen2.5-7B-Instruct,Qwen2.5-7B-Instruct,Qwen2.5-7B-Instruct,sponge_sink_counter,asym_coop,283,1,counter,2,0,0,0,0,0,0,0,0,0,0,0,0,0,0,0,0,0,0,0,0
Qwen2.5-7B-Instruct x Qwen2.5-7B-Instruct,Qwen2.5-7B-Instruct,Qwen2.5-7B-Instruct,sponge_sink_counter,asym_adv,284,0,,2,0,0,0,1,0,0,0,0,0,0,0,0,0,0,0,0,1,0,1,0
Qwen2.5-7B-Instruct x Qwen2.5-7B-Instruct,Qwen2.5-7B-Instruct,Qwen2.5-7B-Instruct,sponge_sink_counter,conflict_coop,285,0,sink,2,0,0,0,0,0,0,0,0,0,0,0,0,0,0,0,0,0,0,0,0
Qwen2.5-7B-Instruct x Qwen2.5-7B-Instruct,Qwen2.5-7B-Instruct,Qwen2.5-7B-Instruct,sponge_sink_counter,conflict_adv,286,0,sink,2,1,0,0,0,0,0,0,0,0,0,0,0,0,0,0,1,0,0,1,1
Qwen2.5-7B-Instruct x Qwen2.5-7B-Instruct,Qwen2.5-7B-Instruct,Qwen2.5-7B-Instruct,sponge_sink_counter,mutual_incoh,287,1,counter,2,0,0,0,0,0,0,0,0,0,0,0,0,0,0,0,0,0,0,0,0
Qwen2.5-7B-Instruct x Qwen2.5-7B-Instruct,Qwen2.5-7B-Instruct,Qwen2.5-7B-Instruct,comb_drawer_shelf,mutual_coop,288,0,,2,0,0,0,1,0,0,0,0,0,0,0,0,0,0,0,0,1,0,1,0
Qwen2.5-7B-Instruct x Qwen2.5-7B-Instruct,Qwen2.5-7B-Instruct,Qwen2.5-7B-Instruct,comb_drawer_shelf,asym_coop,289,1,drawer,2,0,0,0,0,0,0,0,0,0,0,0,0,0,0,0,0,0,0,0,0
Qwen2.5-7B-Instruct x Qwen2.5-7B-Instruct,Qwen2.5-7B-Instruct,Qwen2.5-7B-Instruct,book_shelf_bag,conflict_adv,28,0,bag,2,1,0,0,0,0,0,0,0,0,0,0,0,0,0,0,1,0,0,1,1
Qwen2.5-7B-Instruct x Qwen2.5-7B-Instruct,Qwen2.5-7B-Instruct,Qwen2.5-7B-Instruct,comb_drawer_shelf,asym_adv,290,0,,2,0,0,0,1,0,0,0,0,0,0,0,0,0,0,0,0,1,0,1,0
Qwen2.5-7B-Instruct x Qwen2.5-7B-Instruct,Qwen2.5-7B-Instruct,Qwen2.5-7B-Instruct,comb_drawer_shelf,conflict_coop,291,0,shelf,2,0,0,0,0,0,0,0,0,0,0,0,0,0,0,0,0,0,0,0,0
Qwen2.5-7B-Instruct x Qwen2.5-7B-Instruct,Qwen2.5-7B-Instruct,Qwen2.5-7B-Instruct,comb_drawer_shelf,conflict_adv,292,0,shelf,2,0,0,0,0,0,0,0,0,0,0,0,0,0,0,0,0,0,0,0,0
Qwen2.5-7B-Instruct x Qwen2.5-7B-Instruct,Qwen2.5-7B-Instruct,Qwen2.5-7B-Instruct,comb_drawer_shelf,mutual_incoh,293,1,drawer,2,0,0,0,0,0,0,0,0,0,0,0,0,0,0,0,0,0,0,0,0
Qwen2.5-7B-Instruct x Qwen2.5-7B-Instruct,Qwen2.5-7B-Instruct,Qwen2.5-7B-Instruct,marker_cup_tray,mutual_coop,294,1,tray,2,0,0,0,0,0,0,0,0,0,0,0,0,0,0,0,0,0,0,0,0
Qwen2.5-7B-Instruct x Qwen2.5-7B-Instruct,Qwen2.5-7B-Instruct,Qwen2.5-7B-Instruct,marker_cup_tray,asym_coop,295,1,tray,2,0,0,0,0,0,0,0,0,0,0,0,0,0,0,0,0,0,0,0,0
Qwen2.5-7B-Instruct x Qwen2.5-7B-Instruct,Qwen2.5-7B-Instruct,Qwen2.5-7B-Instruct,marker_cup_tray,asym_adv,296,0,cup,2,0,0,0,0,0,0,0,0,0,0,0,0,0,0,0,0,0,0,0,0
Qwen2.5-7B-Instruct x Qwen2.5-7B-Instruct,Qwen2.5-7B-Instruct,Qwen2.5-7B-Instruct,marker_cup_tray,conflict_coop,297,0,cup,2,0,0,0,0,0,0,0,0,0,0,0,0,0,0,0,0,0,0,0,0
Qwen2.5-7B-Instruct x Qwen2.5-7B-Instruct,Qwen2.5-7B-Instruct,Qwen2.5-7B-Instruct,marker_cup_tray,conflict_adv,298,0,cup,2,0,0,0,0,0,0,0,0,0,0,0,0,0,0,0,0,0,0,0,0
Qwen2.5-7B-Instruct x Qwen2.5-7B-Instruct,Qwen2.5-7B-Instruct,Qwen2.5-7B-Instruct,marker_cup_tray,mutual_incoh,299,1,tray,2,0,0,0,0,0,0,0,0,0,0,0,0,0,0,0,0,0,0,0,0
Qwen2.5-7B-Instruct x Qwen2.5-7B-Instruct,Qwen2.5-7B-Instruct,Qwen2.5-7B-Instruct,book_shelf_bag,mutual_incoh,29,1,shelf,2,0,0,0,0,0,0,0,0,0,0,0,0,0,0,0,0,0,0,0,0
Qwen2.5-7B-Instruct x Qwen2.5-7B-Instruct,Qwen2.5-7B-Instruct,Qwen2.5-7B-Instruct,key_in_boxes,asym_adv,2,0,blue box,2,0,0,0,0,0,0,0,0,0,0,0,0,0,0,0,0,0,0,0,0
Qwen2.5-7B-Instruct x Qwen2.5-7B-Instruct,Qwen2.5-7B-Instruct,Qwen2.5-7B-Instruct,rope_shed_trunk,mutual_coop,300,1,shed,2,0,0,0,0,0,0,0,0,0,0,0,0,0,0,0,0,0,0,0,0
Qwen2.5-7B-Instruct x Qwen2.5-7B-Instruct,Qwen2.5-7B-Instruct,Qwen2.5-7B-Instruct,rope_shed_trunk,asym_coop,301,1,shed,2,0,0,0,0,0,0,0,0,0,0,0,0,0,0,0,0,0,0,0,0
Qwen2.5-7B-Instruct x Qwen2.5-7B-Instruct,Qwen2.5-7B-Instruct,Qwen2.5-7B-Instruct,rope_shed_trunk,asym_adv,302,0,trunk,2,0,0,0,0,0,0,0,0,0,0,0,0,0,0,0,0,0,0,0,0
Qwen2.5-7B-Instruct x Qwen2.5-7B-Instruct,Qwen2.5-7B-Instruct,Qwen2.5-7B-Instruct,rope_shed_trunk,conflict_coop,303,0,trunk,2,0,0,0,0,0,0,0,0,0,0,0,0,0,0,0,0,0,0,0,0
Qwen2.5-7B-Instruct x Qwen2.5-7B-Instruct,Qwen2.5-7B-Instruct,Qwen2.5-7B-Instruct,rope_shed_trunk,conflict_adv,304,0,trunk,2,1,0,0,0,0,0,0,0,0,0,0,0,0,0,0,1,0,0,1,1
Qwen2.5-7B-Instruct x Qwen2.5-7B-Instruct,Qwen2.5-7B-Instruct,Qwen2.5-7B-Instruct,rope_shed_trunk,mutual_incoh,305,1,shed,2,0,0,0,0,0,0,0,0,0,0,0,0,0,0,0,0,0,0,0,0
Qwen2.5-7B-Instruct x Qwen2.5-7B-Instruct,Qwen2.5-7B-Instruct,Qwen2.5-7B-Instruct,vase_table_mantle,mutual_coop,306,1,mantle,2,0,0,0,0,0,0,0,0,0,0,0,0,0,0,0,0,0,0,0,0
Qwen2.5-7B-Instruct x Qwen2.5-7B-Instruct,Qwen2.5-7B-Instruct,Qwen2.5-7B-Instruct,vase_table_mantle,asym_coop,307,1,mantle,2,0,0,0,0,0,0,0,0,0,0,0,0,0,0,0,0,0,0,0,0
Qwen2.5-7B-Instruct x Qwen2.5-7B-Instruct,Qwen2.5-7B-Instruct,Qwen2.5-7B-Instruct,vase_table_mantle,asym_adv,308,0,table,2,0,0,0,0,0,0,0,0,0,0,0,0,0,0,0,0,0,0,0,0
Qwen2.5-7B-Instruct x Qwen2.5-7B-Instruct,Qwen2.5-7B-Instruct,Qwen2.5-7B-Instruct,vase_table_mantle,conflict_coop,309,0,table,2,0,0,0,0,0,0,0,0,0,0,0,0,0,0,0,0,0,0,0,0
Qwen2.5-7B-Instruct x Qwen2.5-7B-Instruct,Qwen2.5-7B-Instruct,Qwen2.5-7B-Instruct,glasses_counter_shelf,mutual_coop,30,1,shelf,2,0,0,0,0,0,0,0,0,0,0,0,0,0,0,0,0,0,0,0,0
Qwen2.5-7B-Instruct x Qwen2.5-7B-Instruct,Qwen2.5-7B-Instruct,Qwen2.5-7B-Instruct,vase_table_mantle,conflict_adv,310,1,mantle,2,0,0,0,0,0,0,0,0,0,0,0,0,0,0,0,0,0,0,0,0
Qwen2.5-7B-Instruct x Qwen2.5-7B-Instruct,Qwen2.5-7B-Instruct,Qwen2.5-7B-Instruct,vase_table_mantle,mutual_incoh,311,1,mantle,2,0,0,0,0,0,0,0,0,0,0,0,0,0,0,0,0,0,0,0,0
Qwen2.5-7B-Instruct x Qwen2.5-7B-Instruct,Qwen2.5-7B-Instruct,Qwen2.5-7B-Instruct,bowl_table_counter,mutual_coop,312,1,table,2,0,0,0,0,0,0,0,0,0,0,0,0,0,0,0,0,0,0,0,0
Qwen2.5-7B-Instruct x Qwen2.5-7B-Instruct,Qwen2.5-7B-Instruct,Qwen2.5-7B-Instruct,bowl_table_counter,asym_coop,313,1,table,2,0,0,0,0,0,0,0,0,0,0,0,0,0,0,0,0,0,0,0,0
Qwen2.5-7B-Instruct x Qwen2.5-7B-Instruct,Qwen2.5-7B-Instruct,Qwen2.5-7B-Instruct,bowl_table_counter,asym_adv,314,0,,2,0,0,0,1,0,0,0,0,0,0,0,0,0,0,0,0,1,0,1,0
Qwen2.5-7B-Instruct x Qwen2.5-7B-Instruct,Qwen2.5-7B-Instruct,Qwen2.5-7B-Instruct,bowl_table_counter,conflict_coop,315,0,counter,2,0,0,0,0,0,0,0,0,0,0,0,0,0,0,0,0,0,0,0,0
Qwen2.5-7B-Instruct x Qwen2.5-7B-Instruct,Qwen2.5-7B-Instruct,Qwen2.5-7B-Instruct,bowl_table_counter,conflict_adv,316,0,counter,2,0,0,0,0,0,0,0,0,0,0,0,0,0,0,0,0,0,0,0,0
Qwen2.5-7B-Instruct x Qwen2.5-7B-Instruct,Qwen2.5-7B-Instruct,Qwen2.5-7B-Instruct,bowl_table_counter,mutual_incoh,317,1,table,2,0,0,0,0,0,0,0,0,0,0,0,0,0,0,0,0,0,0,0,0
Qwen2.5-7B-Instruct x Qwen2.5-7B-Instruct,Qwen2.5-7B-Instruct,Qwen2.5-7B-Instruct,lighter_drawer_pocket,mutual_coop,318,1,pocket,2,0,0,0,0,0,0,0,0,0,0,0,0,0,0,0,0,0,0,0,0
Qwen2.5-7B-Instruct x Qwen2.5-7B-Instruct,Qwen2.5-7B-Instruct,Qwen2.5-7B-Instruct,lighter_drawer_pocket,asym_coop,319,0,,2,0,0,0,1,0,0,0,0,0,0,0,0,0,0,0,0,1,0,1,0
Qwen2.5-7B-Instruct x Qwen2.5-7B-Instruct,Qwen2.5-7B-Instruct,Qwen2.5-7B-Instruct,glasses_counter_shelf,asym_coop,31,1,shelf,2,0,0,0,0,0,0,0,0,0,0,0,0,0,0,0,0,0,0,0,0
Qwen2.5-7B-Instruct x Qwen2.5-7B-Instruct,Qwen2.5-7B-Instruct,Qwen2.5-7B-Instruct,lighter_drawer_pocket,asym_adv,320,0,drawer,2,0,0,0,0,0,0,0,0,0,0,0,0,0,0,0,0,0,0,0,0
Qwen2.5-7B-Instruct x Qwen2.5-7B-Instruct,Qwen2.5-7B-Instruct,Qwen2.5-7B-Instruct,lighter_drawer_pocket,conflict_coop,321,1,pocket,2,0,0,0,0,0,0,0,0,0,0,0,0,0,0,0,0,0,0,0,0
Qwen2.5-7B-Instruct x Qwen2.5-7B-Instruct,Qwen2.5-7B-Instruct,Qwen2.5-7B-Instruct,lighter_drawer_pocket,conflict_adv,322,1,pocket,2,0,0,0,0,1,0,0,0,0,0,0,0,0,0,0,0,1,0,1,0
Qwen2.5-7B-Instruct x Qwen2.5-7B-Instruct,Qwen2.5-7B-Instruct,Qwen2.5-7B-Instruct,lighter_drawer_pocket,mutual_incoh,323,1,pocket,2,0,0,0,0,0,0,0,0,0,0,0,0,0,0,0,0,0,0,0,0
Qwen2.5-7B-Instruct x Qwen2.5-7B-Instruct,Qwen2.5-7B-Instruct,Qwen2.5-7B-Instruct,drill_bench_case,mutual_coop,324,1,bench,2,0,0,0,0,0,1,0,0,0,0,0,0,0,0,0,0,1,0,1,0
Qwen2.5-7B-Instruct x Qwen2.5-7B-Instruct,Qwen2.5-7B-Instruct,Qwen2.5-7B-Instruct,drill_bench_case,asym_coop,325,1,bench,2,0,0,0,0,0,1,0,0,0,0,0,0,0,0,0,0,1,0,1,0
Qwen2.5-7B-Instruct x Qwen2.5-7B-Instruct,Qwen2.5-7B-Instruct,Qwen2.5-7B-Instruct,drill_bench_case,asym_adv,326,0,case,2,0,0,0,0,0,0,0,0,0,0,0,0,0,0,0,0,0,0,0,0
Qwen2.5-7B-Instruct x Qwen2.5-7B-Instruct,Qwen2.5-7B-Instruct,Qwen2.5-7B-Instruct,drill_bench_case,conflict_coop,327,0,case,2,0,0,0,0,0,1,0,0,0,0,0,0,0,0,0,0,1,0,1,0
Qwen2.5-7B-Instruct x Qwen2.5-7B-Instruct,Qwen2.5-7B-Instruct,Qwen2.5-7B-Instruct,drill_bench_case,conflict_adv,328,0,case,2,1,0,0,0,0,0,0,0,0,0,0,0,0,0,0,1,0,0,1,1
Qwen2.5-7B-Instruct x Qwen2.5-7B-Instruct,Qwen2.5-7B-Instruct,Qwen2.5-7B-Instruct,drill_bench_case,mutual_incoh,329,0,,2,0,0,0,1,0,0,0,0,0,0,0,0,0,0,0,0,1,0,1,0
Qwen2.5-7B-Instruct x Qwen2.5-7B-Instruct,Qwen2.5-7B-Instruct,Qwen2.5-7B-Instruct,glasses_counter_shelf,asym_adv,32,0,,2,0,0,0,1,0,0,0,0,0,0,0,0,0,0,0,0,1,0,1,0
Qwen2.5-7B-Instruct x Qwen2.5-7B-Instruct,Qwen2.5-7B-Instruct,Qwen2.5-7B-Instruct,medal_shelf_box,mutual_coop,330,1,box,2,0,0,0,0,0,0,0,0,0,0,0,0,0,0,0,0,0,0,0,0
Qwen2.5-7B-Instruct x Qwen2.5-7B-Instruct,Qwen2.5-7B-Instruct,Qwen2.5-7B-Instruct,medal_shelf_box,asym_coop,331,0,,2,0,0,0,1,0,0,0,0,0,0,0,0,0,0,0,0,1,0,1,0
Qwen2.5-7B-Instruct x Qwen2.5-7B-Instruct,Qwen2.5-7B-Instruct,Qwen2.5-7B-Instruct,medal_shelf_box,asym_adv,332,1,box,2,0,0,0,0,0,0,0,0,0,0,0,0,0,0,0,0,0,0,0,0
Qwen2.5-7B-Instruct x Qwen2.5-7B-Instruct,Qwen2.5-7B-Instruct,Qwen2.5-7B-Instruct,medal_shelf_box,conflict_coop,333,0,,1,1,0,1,1,0,0,0,0,0,0,0,0,0,0,0,1,2,0,1,1
Qwen2.5-7B-Instruct x Qwen2.5-7B-Instruct,Qwen2.5-7B-Instruct,Qwen2.5-7B-Instruct,medal_shelf_box,conflict_adv,334,0,,3,0,0,1,1,0,0,0,0,0,0,0,0,0,0,0,0,2,0,1,0
Qwen2.5-7B-Instruct x Qwen2.5-7B-Instruct,Qwen2.5-7B-Instruct,Qwen2.5-7B-Instruct,medal_shelf_box,mutual_incoh,335,1,box,2,0,0,0,0,0,0,0,0,0,0,0,0,0,0,0,0,0,0,0,0
Qwen2.5-7B-Instruct x Qwen2.5-7B-Instruct,Qwen2.5-7B-Instruct,Qwen2.5-7B-Instruct,lanyard_locker_desk,mutual_coop,336,1,locker,2,0,0,0,0,0,0,0,0,0,0,0,0,0,0,0,0,0,0,0,0
Qwen2.5-7B-Instruct x Qwen2.5-7B-Instruct,Qwen2.5-7B-Instruct,Qwen2.5-7B-Instruct,lanyard_locker_desk,asym_coop,337,0,desk,2,0,0,0,0,0,0,0,0,0,0,0,0,0,0,0,0,0,0,0,0
Qwen2.5-7B-Instruct x Qwen2.5-7B-Instruct,Qwen2.5-7B-Instruct,Qwen2.5-7B-Instruct,lanyard_locker_desk,asym_adv,338,0,desk,2,0,0,0,0,0,0,0,0,0,0,0,0,0,0,0,0,0,0,0,0
Qwen2.5-7B-Instruct x Qwen2.5-7B-Instruct,Qwen2.5-7B-Instruct,Qwen2.5-7B-Instruct,lanyard_locker_desk,conflict_coop,339,1,locker,2,0,0,0,0,0,0,0,0,0,0,0,0,0,0,0,0,0,0,0,0
Qwen2.5-7B-Instruct x Qwen2.5-7B-Instruct,Qwen2.5-7B-Instruct,Qwen2.5-7B-Instruct,glasses_counter_shelf,conflict_coop,33,0,counter,2,0,0,0,0,0,0,0,0,0,0,0,0,0,0,0,0,0,0,0,0
Qwen2.5-7B-Instruct x Qwen2.5-7B-Instruct,Qwen2.5-7B-Instruct,Qwen2.5-7B-Instruct,lanyard_locker_desk,conflict_adv,340,0,desk,2,1,0,0,0,0,0,0,0,0,0,0,0,0,0,0,1,0,0,1,1
Qwen2.5-7B-Instruct x Qwen2.5-7B-Instruct,Qwen2.5-7B-Instruct,Qwen2.5-7B-Instruct,lanyard_locker_desk,mutual_incoh,341,1,locker,2,0,0,0,0,0,0,0,0,0,0,0,0,0,0,0,0,0,0,0,0
Qwen2.5-7B-Instruct x Qwen2.5-7B-Instruct,Qwen2.5-7B-Instruct,Qwen2.5-7B-Instruct,apron_hook_drawer,mutual_coop,342,1,drawer,2,0,0,0,0,0,0,0,0,0,0,0,0,0,0,0,0,0,0,0,0
Qwen2.5-7B-Instruct x Qwen2.5-7B-Instruct,Qwen2.5-7B-Instruct,Qwen2.5-7B-Instruct,apron_hook_drawer,asym_coop,343,1,drawer,2,0,0,0,0,0,0,0,0,0,0,0,0,0,0,0,0,0,0,0,0
Qwen2.5-7B-Instruct x Qwen2.5-7B-Instruct,Qwen2.5-7B-Instruct,Qwen2.5-7B-Instruct,apron_hook_drawer,asym_adv,344,0,hook,4,0,0,0,0,0,0,0,0,0,0,0,0,0,0,0,0,0,0,0,0
Qwen2.5-7B-Instruct x Qwen2.5-7B-Instruct,Qwen2.5-7B-Instruct,Qwen2.5-7B-Instruct,apron_hook_drawer,conflict_coop,345,0,hook,2,0,0,0,0,0,0,0,0,0,0,0,0,0,0,0,0,0,0,0,0
Qwen2.5-7B-Instruct x Qwen2.5-7B-Instruct,Qwen2.5-7B-Instruct,Qwen2.5-7B-Instruct,apron_hook_drawer,conflict_adv,346,0,hook,2,0,0,0,0,0,0,0,0,0,0,0,0,0,0,0,0,0,0,0,0
Qwen2.5-7B-Instruct x Qwen2.5-7B-Instruct,Qwen2.5-7B-Instruct,Qwen2.5-7B-Instruct,apron_hook_drawer,mutual_incoh,347,1,drawer,2,0,0,0,0,0,0,0,0,0,0,0,0,0,0,0,0,0,0,0,0
Qwen2.5-7B-Instruct x Qwen2.5-7B-Instruct,Qwen2.5-7B-Instruct,Qwen2.5-7B-Instruct,leash_hook_table,mutual_coop,348,1,hook,2,0,0,0,0,0,0,0,0,0,0,0,0,0,0,0,0,0,0,0,0
Qwen2.5-7B-Instruct x Qwen2.5-7B-Instruct,Qwen2.5-7B-Instruct,Qwen2.5-7B-Instruct,leash_hook_table,asym_coop,349,1,hook,2,0,0,0,0,0,0,0,0,0,0,0,0,0,0,0,0,0,0,0,0
Qwen2.5-7B-Instruct x Qwen2.5-7B-Instruct,Qwen2.5-7B-Instruct,Qwen2.5-7B-Instruct,glasses_counter_shelf,conflict_adv,34,1,shelf,2,1,0,0,0,0,0,0,0,0,0,0,0,0,0,0,1,0,0,1,1
Qwen2.5-7B-Instruct x Qwen2.5-7B-Instruct,Qwen2.5-7B-Instruct,Qwen2.5-7B-Instruct,leash_hook_table,asym_adv,350,0,,2,0,0,0,1,0,0,0,0,0,0,0,0,0,0,0,0,1,0,1,0
Qwen2.5-7B-Instruct x Qwen2.5-7B-Instruct,Qwen2.5-7B-Instruct,Qwen2.5-7B-Instruct,leash_hook_table,conflict_coop,351,0,table,2,0,0,0,0,0,0,0,0,0,0,0,0,0,0,0,0,0,0,0,0
Qwen2.5-7B-Instruct x Qwen2.5-7B-Instruct,Qwen2.5-7B-Instruct,Qwen2.5-7B-Instruct,leash_hook_table,conflict_adv,352,0,table,2,0,0,0,0,0,0,0,0,0,0,0,0,0,0,0,0,0,0,0,0
Qwen2.5-7B-Instruct x Qwen2.5-7B-Instruct,Qwen2.5-7B-Instruct,Qwen2.5-7B-Instruct,leash_hook_table,mutual_incoh,353,1,hook,2,0,0,0,0,0,0,0,0,0,0,0,0,0,0,0,0,0,0,0,0
Qwen2.5-7B-Instruct x Qwen2.5-7B-Instruct,Qwen2.5-7B-Instruct,Qwen2.5-7B-Instruct,mat_floor_shelf,mutual_coop,354,1,shelf,2,0,0,0,0,0,0,0,0,0,0,0,0,0,0,0,0,0,0,0,0
Qwen2.5-7B-Instruct x Qwen2.5-7B-Instruct,Qwen2.5-7B-Instruct,Qwen2.5-7B-Instruct,mat_floor_shelf,asym_coop,355,1,shelf,2,0,0,0,0,0,0,0,0,0,0,0,0,0,0,0,0,0,0,0,0
Qwen2.5-7B-Instruct x Qwen2.5-7B-Instruct,Qwen2.5-7B-Instruct,Qwen2.5-7B-Instruct,mat_floor_shelf,asym_adv,356,0,floor,2,0,0,0,0,0,0,0,0,0,0,0,0,0,0,0,0,0,0,0,0
Qwen2.5-7B-Instruct x Qwen2.5-7B-Instruct,Qwen2.5-7B-Instruct,Qwen2.5-7B-Instruct,mat_floor_shelf,conflict_coop,357,0,floor,2,0,0,0,0,0,0,0,0,0,0,0,0,0,0,0,0,0,0,0,0
Qwen2.5-7B-Instruct x Qwen2.5-7B-Instruct,Qwen2.5-7B-Instruct,Qwen2.5-7B-Instruct,mat_floor_shelf,conflict_adv,358,0,floor,2,1,0,0,0,0,0,0,0,0,0,0,0,0,0,0,1,0,0,1,1
Qwen2.5-7B-Instruct x Qwen2.5-7B-Instruct,Qwen2.5-7B-Instruct,Qwen2.5-7B-Instruct,mat_floor_shelf,mutual_incoh,359,1,shelf,2,0,0,0,0,0,0,0,0,0,0,0,0,0,0,0,0,0,0,0,0
Qwen2.5-7B-Instruct x Qwen2.5-7B-Instruct,Qwen2.5-7B-Instruct,Qwen2.5-7B-Instruct,glasses_counter_shelf,mutual_incoh,35,1,shelf,2,0,0,0,0,0,0,0,0,0,0,0,0,0,0,0,0,0,0,0,0
Qwen2.5-7B-Instruct x Qwen2.5-7B-Instruct,Qwen2.5-7B-Instruct,Qwen2.5-7B-Instruct,clip_desk_tray,mutual_coop,360,1,desk,2,0,0,0,0,0,0,0,0,0,0,0,0,0,0,0,0,0,0,0,0
Qwen2.5-7B-Instruct x Qwen2.5-7B-Instruct,Qwen2.5-7B-Instruct,Qwen2.5-7B-Instruct,clip_desk_tray,asym_coop,361,1,desk,2,0,0,0,0,0,0,0,0,0,0,0,0,0,0,0,0,0,0,0,0
Qwen2.5-7B-Instruct x Qwen2.5-7B-Instruct,Qwen2.5-7B-Instruct,Qwen2.5-7B-Instruct,clip_desk_tray,asym_adv,362,0,tray,2,1,0,0,0,0,0,0,0,0,0,0,0,0,0,0,1,0,0,1,1
Qwen2.5-7B-Instruct x Qwen2.5-7B-Instruct,Qwen2.5-7B-Instruct,Qwen2.5-7B-Instruct,clip_desk_tray,conflict_coop,363,1,desk,2,0,0,0,0,0,0,0,0,0,0,0,0,0,0,0,0,0,0,0,0
Qwen2.5-7B-Instruct x Qwen2.5-7B-Instruct,Qwen2.5-7B-Instruct,Qwen2.5-7B-Instruct,clip_desk_tray,conflict_adv,364,0,tray,2,1,0,0,0,0,0,0,0,0,0,0,0,0,0,0,1,0,0,1,1
Qwen2.5-7B-Instruct x Qwen2.5-7B-Instruct,Qwen2.5-7B-Instruct,Qwen2.5-7B-Instruct,clip_desk_tray,mutual_incoh,365,1,desk,2,0,0,0,0,0,0,0,0,0,0,0,0,0,0,0,0,0,0,0,0
Qwen2.5-7B-Instruct x Qwen2.5-7B-Instruct,Qwen2.5-7B-Instruct,Qwen2.5-7B-Instruct,plug_desk_floor,mutual_coop,366,1,floor,2,0,0,0,0,0,0,0,0,0,0,0,0,0,0,0,0,0,0,0,0
Qwen2.5-7B-Instruct x Qwen2.5-7B-Instruct,Qwen2.5-7B-Instruct,Qwen2.5-7B-Instruct,plug_desk_floor,asym_coop,367,1,floor,2,0,0,0,0,0,0,0,0,0,0,0,0,0,0,0,0,0,0,0,0
Qwen2.5-7B-Instruct x Qwen2.5-7B-Instruct,Qwen2.5-7B-Instruct,Qwen2.5-7B-Instruct,plug_desk_floor,asym_adv,368,0,,2,0,0,0,1,0,0,0,0,0,0,0,0,0,0,0,0,1,0,1,0
Qwen2.5-7B-Instruct x Qwen2.5-7B-Instruct,Qwen2.5-7B-Instruct,Qwen2.5-7B-Instruct,plug_desk_floor,conflict_coop,369,1,floor,2,0,0,0,0,0,0,0,0,0,0,0,0,0,0,0,0,0,0,0,0
Qwen2.5-7B-Instruct x Qwen2.5-7B-Instruct,Qwen2.5-7B-Instruct,Qwen2.5-7B-Instruct,hat_hook_chair,mutual_coop,36,1,hook,2,0,0,0,0,0,0,0,0,0,0,0,0,0,0,0,0,0,0,0,0
Qwen2.5-7B-Instruct x Qwen2.5-7B-Instruct,Qwen2.5-7B-Instruct,Qwen2.5-7B-Instruct,plug_desk_floor,conflict_adv,370,0,desk,2,1,0,0,0,0,0,0,0,0,0,0,0,0,0,0,1,0,0,1,1
Qwen2.5-7B-Instruct x Qwen2.5-7B-Instruct,Qwen2.5-7B-Instruct,Qwen2.5-7B-Instruct,plug_desk_floor,mutual_incoh,371,1,floor,2,0,0,0,0,0,0,0,0,0,0,0,0,0,0,0,0,0,0,0,0
Qwen2.5-7B-Instruct x Qwen2.5-7B-Instruct,Qwen2.5-7B-Instruct,Qwen2.5-7B-Instruct,lock_gate_shed,mutual_coop,372,1,gate,2,0,0,0,0,0,0,0,0,0,0,0,0,0,0,0,0,0,0,0,0
Qwen2.5-7B-Instruct x Qwen2.5-7B-Instruct,Qwen2.5-7B-Instruct,Qwen2.5-7B-Instruct,lock_gate_shed,asym_coop,373,1,gate,2,0,0,0,0,0,0,0,0,0,0,0,0,0,0,0,0,0,0,0,0
Qwen2.5-7B-Instruct x Qwen2.5-7B-Instruct,Qwen2.5-7B-Instruct,Qwen2.5-7B-Instruct,lock_gate_shed,asym_adv,374,0,,2,0,0,0,1,0,0,0,0,0,0,0,0,0,0,0,0,1,0,1,0
Qwen2.5-7B-Instruct x Qwen2.5-7B-Instruct,Qwen2.5-7B-Instruct,Qwen2.5-7B-Instruct,lock_gate_shed,conflict_coop,375,1,gate,2,0,0,0,0,0,0,0,0,0,0,0,0,0,0,0,0,0,0,0,0
Qwen2.5-7B-Instruct x Qwen2.5-7B-Instruct,Qwen2.5-7B-Instruct,Qwen2.5-7B-Instruct,lock_gate_shed,conflict_adv,376,0,,2,0,0,0,1,0,0,0,0,0,0,0,0,0,0,0,0,1,0,1,0
Qwen2.5-7B-Instruct x Qwen2.5-7B-Instruct,Qwen2.5-7B-Instruct,Qwen2.5-7B-Instruct,lock_gate_shed,mutual_incoh,377,0,shed,2,0,0,0,0,0,0,0,0,0,0,0,0,0,0,0,0,0,0,0,0
Qwen2.5-7B-Instruct x Qwen2.5-7B-Instruct,Qwen2.5-7B-Instruct,Qwen2.5-7B-Instruct,pan_stove_shelf,mutual_coop,378,1,shelf,2,0,0,0,0,0,0,0,0,0,0,0,0,0,0,0,0,0,0,0,0
Qwen2.5-7B-Instruct x Qwen2.5-7B-Instruct,Qwen2.5-7B-Instruct,Qwen2.5-7B-Instruct,pan_stove_shelf,asym_coop,379,1,shelf,2,0,0,0,0,0,0,0,0,0,0,0,0,0,0,0,0,0,0,0,0
Qwen2.5-7B-Instruct x Qwen2.5-7B-Instruct,Qwen2.5-7B-Instruct,Qwen2.5-7B-Instruct,hat_hook_chair,asym_coop,37,1,hook,2,0,0,0,0,0,0,0,0,0,0,0,0,0,0,0,0,0,0,0,0
Qwen2.5-7B-Instruct x Qwen2.5-7B-Instruct,Qwen2.5-7B-Instruct,Qwen2.5-7B-Instruct,pan_stove_shelf,asym_adv,380,0,stove,2,0,0,0,0,1,0,0,0,0,0,0,0,0,0,0,0,1,0,1,0
Qwen2.5-7B-Instruct x Qwen2.5-7B-Instruct,Qwen2.5-7B-Instruct,Qwen2.5-7B-Instruct,pan_stove_shelf,conflict_coop,381,0,stove,2,0,0,0,0,0,0,0,0,0,0,0,0,0,0,0,0,0,0,0,0
Qwen2.5-7B-Instruct x Qwen2.5-7B-Instruct,Qwen2.5-7B-Instruct,Qwen2.5-7B-Instruct,pan_stove_shelf,conflict_adv,382,0,stove,2,1,0,0,0,0,0,0,0,0,0,0,0,0,0,0,1,0,0,1,1
Qwen2.5-7B-Instruct x Qwen2.5-7B-Instruct,Qwen2.5-7B-Instruct,Qwen2.5-7B-Instruct,pan_stove_shelf,mutual_incoh,383,1,shelf,2,0,0,0,0,0,0,0,0,0,0,0,0,0,0,0,0,0,0,0,0
Qwen2.5-7B-Instruct x Qwen2.5-7B-Instruct,Qwen2.5-7B-Instruct,Qwen2.5-7B-Instruct,lens_bag_case,mutual_coop,384,1,bag,2,0,0,0,0,0,0,0,0,0,0,0,0,0,0,0,0,0,0,0,0
Qwen2.5-7B-Instruct x Qwen2.5-7B-Instruct,Qwen2.5-7B-Instruct,Qwen2.5-7B-Instruct,lens_bag_case,asym_coop,385,1,bag,2,0,0,0,0,0,0,0,0,0,0,0,0,0,0,0,0,0,0,0,0
Qwen2.5-7B-Instruct x Qwen2.5-7B-Instruct,Qwen2.5-7B-Instruct,Qwen2.5-7B-Instruct,lens_bag_case,asym_adv,386,0,case,2,0,0,0,0,0,0,0,0,0,0,0,0,0,0,0,0,0,0,0,0
Qwen2.5-7B-Instruct x Qwen2.5-7B-Instruct,Qwen2.5-7B-Instruct,Qwen2.5-7B-Instruct,lens_bag_case,conflict_coop,387,1,bag,2,0,0,0,0,0,0,0,0,0,0,0,0,0,0,0,0,0,0,0,0
Qwen2.5-7B-Instruct x Qwen2.5-7B-Instruct,Qwen2.5-7B-Instruct,Qwen2.5-7B-Instruct,lens_bag_case,conflict_adv,388,1,bag,2,1,0,0,0,0,0,0,0,0,0,0,0,0,0,0,1,0,0,1,1
Qwen2.5-7B-Instruct x Qwen2.5-7B-Instruct,Qwen2.5-7B-Instruct,Qwen2.5-7B-Instruct,lens_bag_case,mutual_incoh,389,1,bag,2,0,0,0,0,0,0,0,0,0,0,0,0,0,0,0,0,0,0,0,0
Qwen2.5-7B-Instruct x Qwen2.5-7B-Instruct,Qwen2.5-7B-Instruct,Qwen2.5-7B-Instruct,hat_hook_chair,asym_adv,38,0,,2,0,0,0,1,0,0,0,0,0,0,0,0,0,0,0,0,1,0,1,0
Qwen2.5-7B-Instruct x Qwen2.5-7B-Instruct,Qwen2.5-7B-Instruct,Qwen2.5-7B-Instruct,seed_pot_bag,mutual_coop,390,1,bag,2,0,0,0,0,0,0,0,0,0,0,0,0,0,0,0,0,0,0,0,0
Qwen2.5-7B-Instruct x Qwen2.5-7B-Instruct,Qwen2.5-7B-Instruct,Qwen2.5-7B-Instruct,seed_pot_bag,asym_coop,391,1,bag,2,0,0,0,0,0,0,0,0,0,0,0,0,0,0,0,0,0,0,0,0
Qwen2.5-7B-Instruct x Qwen2.5-7B-Instruct,Qwen2.5-7B-Instruct,Qwen2.5-7B-Instruct,seed_pot_bag,asym_adv,392,1,bag,4,0,0,0,0,0,0,0,0,0,0,0,0,0,0,0,0,0,0,0,0
Qwen2.5-7B-Instruct x Qwen2.5-7B-Instruct,Qwen2.5-7B-Instruct,Qwen2.5-7B-Instruct,seed_pot_bag,conflict_coop,393,1,bag,2,0,0,0,0,0,0,0,0,0,0,0,0,0,0,0,0,0,0,0,0
Qwen2.5-7B-Instruct x Qwen2.5-7B-Instruct,Qwen2.5-7B-Instruct,Qwen2.5-7B-Instruct,seed_pot_bag,conflict_adv,394,0,pot,2,0,0,0,0,0,0,0,0,0,0,0,0,0,0,0,0,0,0,0,0
Qwen2.5-7B-Instruct x Qwen2.5-7B-Instruct,Qwen2.5-7B-Instruct,Qwen2.5-7B-Instruct,seed_pot_bag,mutual_incoh,395,0,pot,2,0,0,0,0,0,0,0,0,0,0,0,0,0,0,0,0,0,0,0,0
Qwen2.5-7B-Instruct x Qwen2.5-7B-Instruct,Qwen2.5-7B-Instruct,Qwen2.5-7B-Instruct,bulb_box_shelf,mutual_coop,396,1,box,2,0,0,0,0,0,0,0,0,0,0,0,0,0,0,0,0,0,0,0,0
Qwen2.5-7B-Instruct x Qwen2.5-7B-Instruct,Qwen2.5-7B-Instruct,Qwen2.5-7B-Instruct,bulb_box_shelf,asym_coop,397,1,box,2,0,0,0,0,0,0,0,0,0,0,0,0,0,0,0,0,0,0,0,0
Qwen2.5-7B-Instruct x Qwen2.5-7B-Instruct,Qwen2.5-7B-Instruct,Qwen2.5-7B-Instruct,bulb_box_shelf,asym_adv,398,0,shelf,2,0,0,0,0,0,0,0,0,0,0,0,0,0,0,0,0,0,0,0,0
Qwen2.5-7B-Instruct x Qwen2.5-7B-Instruct,Qwen2.5-7B-Instruct,Qwen2.5-7B-Instruct,bulb_box_shelf,conflict_coop,399,0,shelf,2,0,0,0,0,0,0,0,0,0,0,0,0,0,0,0,0,0,0,0,0
Qwen2.5-7B-Instruct x Qwen2.5-7B-Instruct,Qwen2.5-7B-Instruct,Qwen2.5-7B-Instruct,hat_hook_chair,conflict_coop,39,0,chair,2,0,0,0,0,0,0,0,0,0,0,0,0,0,0,0,0,0,0,0,0
Qwen2.5-7B-Instruct x Qwen2.5-7B-Instruct,Qwen2.5-7B-Instruct,Qwen2.5-7B-Instruct,key_in_boxes,conflict_coop,3,0,blue box,2,0,0,0,0,0,0,0,0,0,0,0,0,0,0,0,0,0,0,0,0
Qwen2.5-7B-Instruct x Qwen2.5-7B-Instruct,Qwen2.5-7B-Instruct,Qwen2.5-7B-Instruct,bulb_box_shelf,conflict_adv,400,0,shelf,2,0,0,0,0,0,0,0,0,0,0,0,0,0,0,0,0,0,0,0,0
Qwen2.5-7B-Instruct x Qwen2.5-7B-Instruct,Qwen2.5-7B-Instruct,Qwen2.5-7B-Instruct,bulb_box_shelf,mutual_incoh,401,1,box,2,0,0,0,0,0,0,0,0,0,0,0,0,0,0,0,0,0,0,0,0
Qwen2.5-7B-Instruct x Qwen2.5-7B-Instruct,Qwen2.5-7B-Instruct,Qwen2.5-7B-Instruct,cloth_rack_basket,mutual_coop,402,1,basket,2,0,0,0,0,0,0,0,0,0,0,0,0,0,0,0,0,0,0,0,0
Qwen2.5-7B-Instruct x Qwen2.5-7B-Instruct,Qwen2.5-7B-Instruct,Qwen2.5-7B-Instruct,cloth_rack_basket,asym_coop,403,1,basket,2,0,0,0,0,0,0,0,0,0,0,0,0,0,0,0,0,0,0,0,0
Qwen2.5-7B-Instruct x Qwen2.5-7B-Instruct,Qwen2.5-7B-Instruct,Qwen2.5-7B-Instruct,cloth_rack_basket,asym_adv,404,0,rack,2,0,0,0,0,0,0,0,0,0,0,0,0,0,0,0,0,0,0,0,0
Qwen2.5-7B-Instruct x Qwen2.5-7B-Instruct,Qwen2.5-7B-Instruct,Qwen2.5-7B-Instruct,cloth_rack_basket,conflict_coop,405,0,rack,2,0,0,0,0,0,0,0,0,0,0,0,0,0,0,0,0,0,0,0,0
Qwen2.5-7B-Instruct x Qwen2.5-7B-Instruct,Qwen2.5-7B-Instruct,Qwen2.5-7B-Instruct,cloth_rack_basket,conflict_adv,406,1,basket,2,0,0,0,0,0,0,0,0,0,0,0,0,0,0,0,0,0,0,0,0
Qwen2.5-7B-Instruct x Qwen2.5-7B-Instruct,Qwen2.5-7B-Instruct,Qwen2.5-7B-Instruct,cloth_rack_basket,mutual_incoh,407,1,basket,2,0,0,0,0,0,0,0,0,0,0,0,0,0,0,0,0,0,0,0,0
Qwen2.5-7B-Instruct x Qwen2.5-7B-Instruct,Qwen2.5-7B-Instruct,Qwen2.5-7B-Instruct,stapler_desk_drawer,mutual_coop,408,1,desk,2,0,0,0,0,0,0,0,0,0,0,0,0,0,0,0,0,0,0,0,0
Qwen2.5-7B-Instruct x Qwen2.5-7B-Instruct,Qwen2.5-7B-Instruct,Qwen2.5-7B-Instruct,stapler_desk_drawer,asym_coop,409,1,desk,2,0,0,0,0,0,0,0,0,0,0,0,0,0,0,0,0,0,0,0,0
Qwen2.5-7B-Instruct x Qwen2.5-7B-Instruct,Qwen2.5-7B-Instruct,Qwen2.5-7B-Instruct,hat_hook_chair,conflict_adv,40,1,hook,2,0,0,0,0,0,0,0,0,0,0,0,0,0,0,0,0,0,0,0,0
Qwen2.5-7B-Instruct x Qwen2.5-7B-Instruct,Qwen2.5-7B-Instruct,Qwen2.5-7B-Instruct,stapler_desk_drawer,asym_adv,410,0,drawer,4,0,0,0,0,0,0,0,0,0,0,0,0,0,0,0,0,0,0,0,0
Qwen2.5-7B-Instruct x Qwen2.5-7B-Instruct,Qwen2.5-7B-Instruct,Qwen2.5-7B-Instruct,stapler_desk_drawer,conflict_coop,411,0,drawer,2,0,0,0,0,0,0,0,0,0,0,0,0,0,0,0,0,0,0,0,0
Qwen2.5-7B-Instruct x Qwen2.5-7B-Instruct,Qwen2.5-7B-Instruct,Qwen2.5-7B-Instruct,stapler_desk_drawer,conflict_adv,412,0,drawer,2,1,0,0,0,0,0,0,0,0,0,0,0,0,0,0,1,0,0,1,1
Qwen2.5-7B-Instruct x Qwen2.5-7B-Instruct,Qwen2.5-7B-Instruct,Qwen2.5-7B-Instruct,stapler_desk_drawer,mutual_incoh,413,1,desk,2,0,0,0,0,0,0,0,0,0,0,0,0,0,0,0,0,0,0,0,0
Qwen2.5-7B-Instruct x Qwen2.5-7B-Instruct,Qwen2.5-7B-Instruct,Qwen2.5-7B-Instruct,shovel_shed_yard,mutual_coop,414,1,yard,2,0,0,0,0,0,0,0,0,0,0,0,0,0,0,0,0,0,0,0,0
Qwen2.5-7B-Instruct x Qwen2.5-7B-Instruct,Qwen2.5-7B-Instruct,Qwen2.5-7B-Instruct,shovel_shed_yard,asym_coop,415,1,yard,2,0,0,0,0,0,0,0,0,0,0,0,0,0,0,0,0,0,0,0,0
Qwen2.5-7B-Instruct x Qwen2.5-7B-Instruct,Qwen2.5-7B-Instruct,Qwen2.5-7B-Instruct,shovel_shed_yard,asym_adv,416,0,shed,2,0,0,0,0,0,0,0,0,0,0,0,0,0,0,0,0,0,0,0,0
Qwen2.5-7B-Instruct x Qwen2.5-7B-Instruct,Qwen2.5-7B-Instruct,Qwen2.5-7B-Instruct,shovel_shed_yard,conflict_coop,417,0,shed,2,0,0,0,0,0,0,0,0,0,0,0,0,0,0,0,0,0,0,0,0
Qwen2.5-7B-Instruct x Qwen2.5-7B-Instruct,Qwen2.5-7B-Instruct,Qwen2.5-7B-Instruct,shovel_shed_yard,conflict_adv,418,0,shed,2,0,0,0,0,0,0,0,0,0,0,0,0,0,0,0,0,0,0,0,0
Qwen2.5-7B-Instruct x Qwen2.5-7B-Instruct,Qwen2.5-7B-Instruct,Qwen2.5-7B-Instruct,shovel_shed_yard,mutual_incoh,419,0,shed,2,0,0,0,0,0,0,0,0,0,0,0,0,0,0,0,0,0,0,0,0
Qwen2.5-7B-Instruct x Qwen2.5-7B-Instruct,Qwen2.5-7B-Instruct,Qwen2.5-7B-Instruct,hat_hook_chair,mutual_incoh,41,1,hook,2,1,0,0,0,0,0,0,0,0,0,0,0,0,0,0,1,0,0,1,1
Qwen2.5-7B-Instruct x Qwen2.5-7B-Instruct,Qwen2.5-7B-Instruct,Qwen2.5-7B-Instruct,tray_oven_counter,mutual_coop,420,1,oven,2,0,0,0,0,0,0,0,0,0,0,0,0,0,0,0,0,0,0,0,0
Qwen2.5-7B-Instruct x Qwen2.5-7B-Instruct,Qwen2.5-7B-Instruct,Qwen2.5-7B-Instruct,tray_oven_counter,asym_coop,421,0,,2,0,0,0,1,0,0,0,0,0,0,0,0,0,0,0,0,1,0,1,0
Qwen2.5-7B-Instruct x Qwen2.5-7B-Instruct,Qwen2.5-7B-Instruct,Qwen2.5-7B-Instruct,tray_oven_counter,asym_adv,422,0,,1,0,0,1,1,0,0,0,0,0,0,0,0,0,0,0,0,2,0,1,0
Qwen2.5-7B-Instruct x Qwen2.5-7B-Instruct,Qwen2.5-7B-Instruct,Qwen2.5-7B-Instruct,tray_oven_counter,conflict_coop,423,0,counter,2,0,0,0,0,0,0,0,0,0,0,0,0,0,0,0,0,0,0,0,0
Qwen2.5-7B-Instruct x Qwen2.5-7B-Instruct,Qwen2.5-7B-Instruct,Qwen2.5-7B-Instruct,tray_oven_counter,conflict_adv,424,0,counter,2,1,0,0,0,0,0,0,0,0,0,0,0,0,0,0,1,0,0,1,1
Qwen2.5-7B-Instruct x Qwen2.5-7B-Instruct,Qwen2.5-7B-Instruct,Qwen2.5-7B-Instruct,tray_oven_counter,mutual_incoh,425,0,counter,2,0,0,0,0,0,0,0,0,0,0,0,0,0,0,0,0,0,0,0,0
Qwen2.5-7B-Instruct x Qwen2.5-7B-Instruct,Qwen2.5-7B-Instruct,Qwen2.5-7B-Instruct,belt_closet_chair,mutual_coop,426,0,,2,0,0,0,1,0,0,0,0,0,0,0,0,0,0,0,0,1,0,1,0
Qwen2.5-7B-Instruct x Qwen2.5-7B-Instruct,Qwen2.5-7B-Instruct,Qwen2.5-7B-Instruct,belt_closet_chair,asym_coop,427,1,chair,2,0,0,0,0,0,0,0,0,0,0,0,0,0,0,0,0,0,0,0,0
Qwen2.5-7B-Instruct x Qwen2.5-7B-Instruct,Qwen2.5-7B-Instruct,Qwen2.5-7B-Instruct,belt_closet_chair,asym_adv,428,0,closet,2,0,0,0,0,0,0,0,0,0,0,0,0,0,0,0,0,0,0,0,0
Qwen2.5-7B-Instruct x Qwen2.5-7B-Instruct,Qwen2.5-7B-Instruct,Qwen2.5-7B-Instruct,belt_closet_chair,conflict_coop,429,0,closet,2,0,0,0,0,0,0,0,0,0,0,0,0,0,0,0,0,0,0,0,0
Qwen2.5-7B-Instruct x Qwen2.5-7B-Instruct,Qwen2.5-7B-Instruct,Qwen2.5-7B-Instruct,pen_cup_tray,mutual_coop,42,1,tray,2,0,0,0,0,0,0,0,0,0,0,0,0,0,0,0,0,0,0,0,0
Qwen2.5-7B-Instruct x Qwen2.5-7B-Instruct,Qwen2.5-7B-Instruct,Qwen2.5-7B-Instruct,belt_closet_chair,conflict_adv,430,0,closet,2,1,0,0,0,0,0,0,0,0,0,0,0,0,0,0,1,0,0,1,1
Qwen2.5-7B-Instruct x Qwen2.5-7B-Instruct,Qwen2.5-7B-Instruct,Qwen2.5-7B-Instruct,belt_closet_chair,mutual_incoh,431,0,closet,2,0,0,0,0,0,0,0,0,0,0,0,0,0,0,0,0,0,0,0,0
Qwen2.5-7B-Instruct x Qwen2.5-7B-Instruct,Qwen2.5-7B-Instruct,Qwen2.5-7B-Instruct,cup_shelf_table,mutual_coop,432,1,shelf,2,0,0,0,0,0,0,0,0,0,0,0,0,0,0,0,0,0,0,0,0
Qwen2.5-7B-Instruct x Qwen2.5-7B-Instruct,Qwen2.5-7B-Instruct,Qwen2.5-7B-Instruct,cup_shelf_table,asym_coop,433,1,shelf,2,0,0,0,0,0,0,0,0,0,0,0,0,0,0,0,0,0,0,0,0
Qwen2.5-7B-Instruct x Qwen2.5-7B-Instruct,Qwen2.5-7B-Instruct,Qwen2.5-7B-Instruct,cup_shelf_table,asym_adv,434,0,,2,0,0,0,1,0,0,0,0,0,0,0,0,0,0,0,0,1,0,1,0
Qwen2.5-7B-Instruct x Qwen2.5-7B-Instruct,Qwen2.5-7B-Instruct,Qwen2.5-7B-Instruct,cup_shelf_table,conflict_coop,435,0,table,2,0,0,0,0,0,0,0,0,0,0,0,0,0,0,0,0,0,0,0,0
Qwen2.5-7B-Instruct x Qwen2.5-7B-Instruct,Qwen2.5-7B-Instruct,Qwen2.5-7B-Instruct,cup_shelf_table,conflict_adv,436,0,,1,1,0,1,1,0,0,0,0,0,0,0,0,0,0,0,1,2,0,1,1
Qwen2.5-7B-Instruct x Qwen2.5-7B-Instruct,Qwen2.5-7B-Instruct,Qwen2.5-7B-Instruct,cup_shelf_table,mutual_incoh,437,1,shelf,2,0,0,0,0,0,0,0,0,0,0,0,0,0,0,0,0,0,0,0,0
Qwen2.5-7B-Instruct x Qwen2.5-7B-Instruct,Qwen2.5-7B-Instruct,Qwen2.5-7B-Instruct,mask_hook_drawer,mutual_coop,438,1,drawer,2,0,0,0,0,0,0,0,0,0,0,0,0,0,0,0,0,0,0,0,0
Qwen2.5-7B-Instruct x Qwen2.5-7B-Instruct,Qwen2.5-7B-Instruct,Qwen2.5-7B-Instruct,mask_hook_drawer,asym_coop,439,1,drawer,2,0,0,0,0,0,0,0,0,0,0,0,0,0,0,0,0,0,0,0,0
Qwen2.5-7B-Instruct x Qwen2.5-7B-Instruct,Qwen2.5-7B-Instruct,Qwen2.5-7B-Instruct,pen_cup_tray,asym_coop,43,1,tray,2,0,0,0,0,0,0,0,0,0,0,0,0,0,0,0,0,0,0,0,0
Qwen2.5-7B-Instruct x Qwen2.5-7B-Instruct,Qwen2.5-7B-Instruct,Qwen2.5-7B-Instruct,mask_hook_drawer,asym_adv,440,0,,2,0,0,0,1,0,0,0,0,0,0,0,0,0,0,0,0,1,0,1,0
Qwen2.5-7B-Instruct x Qwen2.5-7B-Instruct,Qwen2.5-7B-Instruct,Qwen2.5-7B-Instruct,mask_hook_drawer,conflict_coop,441,0,hook,2,0,0,0,0,0,0,0,0,0,0,0,0,0,0,0,0,0,0,0,0
Qwen2.5-7B-Instruct x Qwen2.5-7B-Instruct,Qwen2.5-7B-Instruct,Qwen2.5-7B-Instruct,mask_hook_drawer,conflict_adv,442,1,drawer,2,0,0,0,0,0,0,0,0,0,0,0,0,0,0,0,0,0,0,0,0
Qwen2.5-7B-Instruct x Qwen2.5-7B-Instruct,Qwen2.5-7B-Instruct,Qwen2.5-7B-Instruct,mask_hook_drawer,mutual_incoh,443,1,drawer,2,0,0,0,0,0,0,0,0,0,0,0,0,0,0,0,0,0,0,0,0
Qwen2.5-7B-Instruct x Qwen2.5-7B-Instruct,Qwen2.5-7B-Instruct,Qwen2.5-7B-Instruct,film_shelf_drawer,mutual_coop,444,1,shelf,2,0,0,0,0,0,0,0,0,0,0,0,0,0,0,0,0,0,0,0,0
Qwen2.5-7B-Instruct x Qwen2.5-7B-Instruct,Qwen2.5-7B-Instruct,Qwen2.5-7B-Instruct,film_shelf_drawer,asym_coop,445,1,shelf,2,0,0,0,0,0,0,0,0,0,0,0,0,0,0,0,0,0,0,0,0
Qwen2.5-7B-Instruct x Qwen2.5-7B-Instruct,Qwen2.5-7B-Instruct,Qwen2.5-7B-Instruct,film_shelf_drawer,asym_adv,446,1,shelf,2,0,0,0,0,0,0,0,0,0,0,0,0,0,0,0,0,0,0,0,0
Qwen2.5-7B-Instruct x Qwen2.5-7B-Instruct,Qwen2.5-7B-Instruct,Qwen2.5-7B-Instruct,film_shelf_drawer,conflict_coop,447,0,drawer,2,0,0,0,0,0,0,0,0,0,0,0,0,0,0,0,0,0,0,0,0
Qwen2.5-7B-Instruct x Qwen2.5-7B-Instruct,Qwen2.5-7B-Instruct,Qwen2.5-7B-Instruct,film_shelf_drawer,conflict_adv,448,0,drawer,2,1,0,0,0,0,0,0,0,0,0,0,0,0,0,0,1,0,0,1,1
Qwen2.5-7B-Instruct x Qwen2.5-7B-Instruct,Qwen2.5-7B-Instruct,Qwen2.5-7B-Instruct,film_shelf_drawer,mutual_incoh,449,1,shelf,2,0,0,0,0,0,0,0,0,0,0,0,0,0,0,0,0,0,0,0,0
Qwen2.5-7B-Instruct x Qwen2.5-7B-Instruct,Qwen2.5-7B-Instruct,Qwen2.5-7B-Instruct,pen_cup_tray,asym_adv,44,1,tray,2,0,0,0,0,0,0,0,0,0,0,0,0,0,0,0,0,0,0,0,0
Qwen2.5-7B-Instruct x Qwen2.5-7B-Instruct,Qwen2.5-7B-Instruct,Qwen2.5-7B-Instruct,globe_desk_shelf,mutual_coop,450,1,shelf,2,0,0,0,0,0,0,0,0,0,0,0,0,0,0,0,0,0,0,0,0
Qwen2.5-7B-Instruct x Qwen2.5-7B-Instruct,Qwen2.5-7B-Instruct,Qwen2.5-7B-Instruct,globe_desk_shelf,asym_coop,451,1,shelf,2,0,0,0,0,0,0,0,0,0,0,0,0,0,0,0,0,0,0,0,0
Qwen2.5-7B-Instruct x Qwen2.5-7B-Instruct,Qwen2.5-7B-Instruct,Qwen2.5-7B-Instruct,globe_desk_shelf,asym_adv,452,0,desk,2,0,0,0,0,0,0,0,0,0,0,0,0,0,0,0,0,0,0,0,0
Qwen2.5-7B-Instruct x Qwen2.5-7B-Instruct,Qwen2.5-7B-Instruct,Qwen2.5-7B-Instruct,globe_desk_shelf,conflict_coop,453,0,desk,2,0,0,0,0,0,0,0,0,0,0,0,0,0,0,0,0,0,0,0,0
Qwen2.5-7B-Instruct x Qwen2.5-7B-Instruct,Qwen2.5-7B-Instruct,Qwen2.5-7B-Instruct,globe_desk_shelf,conflict_adv,454,0,desk,2,1,0,0,0,0,0,0,0,0,0,0,0,0,0,0,1,0,0,1,1
Qwen2.5-7B-Instruct x Qwen2.5-7B-Instruct,Qwen2.5-7B-Instruct,Qwen2.5-7B-Instruct,globe_desk_shelf,mutual_incoh,455,1,shelf,2,0,0,0,0,0,0,0,0,0,0,0,0,0,0,0,0,0,0,0,0
Qwen2.5-7B-Instruct x Qwen2.5-7B-Instruct,Qwen2.5-7B-Instruct,Qwen2.5-7B-Instruct,net_shed_yard,mutual_coop,456,1,shed,2,0,0,0,0,0,0,0,0,0,0,0,0,0,0,0,0,0,0,0,0
Qwen2.5-7B-Instruct x Qwen2.5-7B-Instruct,Qwen2.5-7B-Instruct,Qwen2.5-7B-Instruct,net_shed_yard,asym_coop,457,0,yard,2,0,0,0,0,0,0,0,0,0,0,0,0,0,0,0,0,0,0,0,0
Qwen2.5-7B-Instruct x Qwen2.5-7B-Instruct,Qwen2.5-7B-Instruct,Qwen2.5-7B-Instruct,net_shed_yard,asym_adv,458,0,yard,2,0,0,0,0,0,0,0,0,0,0,0,0,0,0,0,0,0,0,0,0
Qwen2.5-7B-Instruct x Qwen2.5-7B-Instruct,Qwen2.5-7B-Instruct,Qwen2.5-7B-Instruct,net_shed_yard,conflict_coop,459,0,yard,2,0,0,0,0,0,0,0,0,0,0,0,0,0,0,0,0,0,0,0,0
Qwen2.5-7B-Instruct x Qwen2.5-7B-Instruct,Qwen2.5-7B-Instruct,Qwen2.5-7B-Instruct,pen_cup_tray,conflict_coop,45,0,cup,2,0,0,0,0,0,0,0,0,0,0,0,0,0,0,0,0,0,0,0,0
Qwen2.5-7B-Instruct x Qwen2.5-7B-Instruct,Qwen2.5-7B-Instruct,Qwen2.5-7B-Instruct,net_shed_yard,conflict_adv,460,0,yard,2,1,0,0,0,0,0,0,0,0,0,0,0,0,0,0,1,0,0,1,1
Qwen2.5-7B-Instruct x Qwen2.5-7B-Instruct,Qwen2.5-7B-Instruct,Qwen2.5-7B-Instruct,net_shed_yard,mutual_incoh,461,0,yard,2,0,0,0,0,0,0,0,0,0,0,0,0,0,0,0,0,0,0,0,0
Qwen2.5-7B-Instruct x Qwen2.5-7B-Instruct,Qwen2.5-7B-Instruct,Qwen2.5-7B-Instruct,chalk_tray_box,mutual_coop,462,1,box,2,0,0,0,0,0,0,0,0,0,0,0,0,0,0,0,0,0,0,0,0
Qwen2.5-7B-Instruct x Qwen2.5-7B-Instruct,Qwen2.5-7B-Instruct,Qwen2.5-7B-Instruct,chalk_tray_box,asym_coop,463,1,box,2,0,0,0,0,0,0,0,0,0,0,0,0,0,0,0,0,0,0,0,0
Qwen2.5-7B-Instruct x Qwen2.5-7B-Instruct,Qwen2.5-7B-Instruct,Qwen2.5-7B-Instruct,chalk_tray_box,asym_adv,464,0,,2,0,0,0,1,0,0,0,0,0,0,0,0,0,0,0,0,1,0,1,0
Qwen2.5-7B-Instruct x Qwen2.5-7B-Instruct,Qwen2.5-7B-Instruct,Qwen2.5-7B-Instruct,chalk_tray_box,conflict_coop,465,0,tray,2,0,0,0,0,0,0,0,0,0,0,0,0,0,0,0,0,0,0,0,0
Qwen2.5-7B-Instruct x Qwen2.5-7B-Instruct,Qwen2.5-7B-Instruct,Qwen2.5-7B-Instruct,chalk_tray_box,conflict_adv,466,0,,2,1,0,0,1,0,0,0,0,0,0,0,0,0,0,0,1,1,0,1,1
Qwen2.5-7B-Instruct x Qwen2.5-7B-Instruct,Qwen2.5-7B-Instruct,Qwen2.5-7B-Instruct,chalk_tray_box,mutual_incoh,467,0,tray,2,0,0,0,0,0,0,0,0,0,0,0,0,0,0,0,0,0,0,0,0
Qwen2.5-7B-Instruct x Qwen2.5-7B-Instruct,Qwen2.5-7B-Instruct,Qwen2.5-7B-Instruct,paint_shelf_bench,mutual_coop,468,1,shelf,2,0,0,0,0,0,0,0,0,0,0,0,0,0,0,0,0,0,0,0,0
Qwen2.5-7B-Instruct x Qwen2.5-7B-Instruct,Qwen2.5-7B-Instruct,Qwen2.5-7B-Instruct,paint_shelf_bench,asym_coop,469,1,shelf,2,0,0,0,0,0,0,0,0,0,0,0,0,0,0,0,0,0,0,0,0
Qwen2.5-7B-Instruct x Qwen2.5-7B-Instruct,Qwen2.5-7B-Instruct,Qwen2.5-7B-Instruct,pen_cup_tray,conflict_adv,46,1,tray,2,0,0,0,0,1,0,0,0,0,0,0,0,0,0,0,0,1,0,1,0
Qwen2.5-7B-Instruct x Qwen2.5-7B-Instruct,Qwen2.5-7B-Instruct,Qwen2.5-7B-Instruct,paint_shelf_bench,asym_adv,470,0,bench,2,0,0,0,0,0,1,0,0,0,0,0,0,0,0,0,0,1,0,1,0
Qwen2.5-7B-Instruct x Qwen2.5-7B-Instruct,Qwen2.5-7B-Instruct,Qwen2.5-7B-Instruct,paint_shelf_bench,conflict_coop,471,0,bench,2,0,0,0,0,0,0,0,0,0,0,0,0,0,0,0,0,0,0,0,0
Qwen2.5-7B-Instruct x Qwen2.5-7B-Instruct,Qwen2.5-7B-Instruct,Qwen2.5-7B-Instruct,paint_shelf_bench,conflict_adv,472,0,bench,2,1,0,0,0,0,1,0,0,0,0,0,0,0,0,0,1,1,0,1,1
Qwen2.5-7B-Instruct x Qwen2.5-7B-Instruct,Qwen2.5-7B-Instruct,Qwen2.5-7B-Instruct,paint_shelf_bench,mutual_incoh,473,1,shelf,2,1,0,0,0,0,0,0,0,0,0,0,0,0,0,0,1,0,0,1,1
Qwen2.5-7B-Instruct x Qwen2.5-7B-Instruct,Qwen2.5-7B-Instruct,Qwen2.5-7B-Instruct,needle_box_drawer,mutual_coop,474,1,drawer,2,0,0,0,0,0,0,0,0,0,0,0,0,0,0,0,0,0,0,0,0
Qwen2.5-7B-Instruct x Qwen2.5-7B-Instruct,Qwen2.5-7B-Instruct,Qwen2.5-7B-Instruct,needle_box_drawer,asym_coop,475,1,drawer,2,0,0,0,0,0,0,0,0,0,0,0,0,0,0,0,0,0,0,0,0
Qwen2.5-7B-Instruct x Qwen2.5-7B-Instruct,Qwen2.5-7B-Instruct,Qwen2.5-7B-Instruct,needle_box_drawer,asym_adv,476,0,box,2,0,0,0,0,0,0,0,0,0,0,0,0,0,0,0,0,0,0,0,0
Qwen2.5-7B-Instruct x Qwen2.5-7B-Instruct,Qwen2.5-7B-Instruct,Qwen2.5-7B-Instruct,needle_box_drawer,conflict_coop,477,0,box,2,0,0,0,0,0,0,0,0,0,0,0,0,0,0,0,0,0,0,0,0
Qwen2.5-7B-Instruct x Qwen2.5-7B-Instruct,Qwen2.5-7B-Instruct,Qwen2.5-7B-Instruct,needle_box_drawer,conflict_adv,478,1,drawer,4,0,0,0,0,0,0,0,0,0,0,0,0,0,0,0,0,0,0,0,0
Qwen2.5-7B-Instruct x Qwen2.5-7B-Instruct,Qwen2.5-7B-Instruct,Qwen2.5-7B-Instruct,needle_box_drawer,mutual_incoh,479,1,drawer,2,0,0,0,0,0,0,0,0,0,0,0,0,0,0,0,0,0,0,0,0
Qwen2.5-7B-Instruct x Qwen2.5-7B-Instruct,Qwen2.5-7B-Instruct,Qwen2.5-7B-Instruct,pen_cup_tray,mutual_incoh,47,0,cup,2,0,0,0,0,1,0,0,0,0,0,0,0,0,0,0,0,1,0,1,0
Qwen2.5-7B-Instruct x Qwen2.5-7B-Instruct,Qwen2.5-7B-Instruct,Qwen2.5-7B-Instruct,whisk_drawer_hook,mutual_coop,480,1,drawer,2,0,0,0,0,0,0,0,0,0,0,0,0,0,0,0,0,0,0,0,0
Qwen2.5-7B-Instruct x Qwen2.5-7B-Instruct,Qwen2.5-7B-Instruct,Qwen2.5-7B-Instruct,whisk_drawer_hook,asym_coop,481,1,drawer,2,0,0,0,0,0,0,0,0,0,0,0,0,0,0,0,0,0,0,0,0
Qwen2.5-7B-Instruct x Qwen2.5-7B-Instruct,Qwen2.5-7B-Instruct,Qwen2.5-7B-Instruct,whisk_drawer_hook,asym_adv,482,1,drawer,2,1,0,0,0,0,0,0,0,0,0,0,0,0,0,0,1,0,0,1,1
Qwen2.5-7B-Instruct x Qwen2.5-7B-Instruct,Qwen2.5-7B-Instruct,Qwen2.5-7B-Instruct,whisk_drawer_hook,conflict_coop,483,0,hook,2,0,0,0,0,0,0,0,0,0,0,0,0,0,0,0,0,0,0,0,0
Qwen2.5-7B-Instruct x Qwen2.5-7B-Instruct,Qwen2.5-7B-Instruct,Qwen2.5-7B-Instruct,whisk_drawer_hook,conflict_adv,484,0,hook,2,1,0,0,0,0,0,0,0,0,0,0,0,0,0,0,1,0,0,1,1
Qwen2.5-7B-Instruct x Qwen2.5-7B-Instruct,Qwen2.5-7B-Instruct,Qwen2.5-7B-Instruct,whisk_drawer_hook,mutual_incoh,485,1,drawer,2,0,0,0,0,0,0,0,0,0,0,0,0,0,0,0,0,0,0,0,0
Qwen2.5-7B-Instruct x Qwen2.5-7B-Instruct,Qwen2.5-7B-Instruct,Qwen2.5-7B-Instruct,flask_desk_locker,mutual_coop,486,1,locker,2,0,0,0,0,0,0,0,0,0,0,0,0,0,0,0,0,0,0,0,0
Qwen2.5-7B-Instruct x Qwen2.5-7B-Instruct,Qwen2.5-7B-Instruct,Qwen2.5-7B-Instruct,flask_desk_locker,asym_coop,487,1,locker,2,0,0,0,0,0,0,0,0,0,0,0,0,0,0,0,0,0,0,0,0
Qwen2.5-7B-Instruct x Qwen2.5-7B-Instruct,Qwen2.5-7B-Instruct,Qwen2.5-7B-Instruct,flask_desk_locker,asym_adv,488,1,locker,2,0,0,0,0,0,0,0,0,0,0,0,0,0,0,0,0,0,0,0,0
Qwen2.5-7B-Instruct x Qwen2.5-7B-Instruct,Qwen2.5-7B-Instruct,Qwen2.5-7B-Instruct,flask_desk_locker,conflict_coop,489,0,desk,2,0,0,0,0,0,0,0,0,0,0,0,0,0,0,0,0,0,0,0,0
Qwen2.5-7B-Instruct x Qwen2.5-7B-Instruct,Qwen2.5-7B-Instruct,Qwen2.5-7B-Instruct,ring_box_pouch,mutual_coop,48,1,box,2,0,0,0,0,0,0,0,0,0,0,0,0,0,0,0,0,0,0,0,0
Qwen2.5-7B-Instruct x Qwen2.5-7B-Instruct,Qwen2.5-7B-Instruct,Qwen2.5-7B-Instruct,flask_desk_locker,conflict_adv,490,1,locker,2,0,0,0,0,0,0,0,0,0,0,0,0,0,0,0,0,0,0,0,0
Qwen2.5-7B-Instruct x Qwen2.5-7B-Instruct,Qwen2.5-7B-Instruct,Qwen2.5-7B-Instruct,flask_desk_locker,mutual_incoh,491,1,locker,2,0,0,0,0,0,0,0,0,0,0,0,0,0,0,0,0,0,0,0,0
Qwen2.5-7B-Instruct x Qwen2.5-7B-Instruct,Qwen2.5-7B-Instruct,Qwen2.5-7B-Instruct,rake_shed_fence,mutual_coop,492,1,shed,2,0,0,0,0,0,0,0,0,0,0,0,0,0,0,0,0,0,0,0,0
Qwen2.5-7B-Instruct x Qwen2.5-7B-Instruct,Qwen2.5-7B-Instruct,Qwen2.5-7B-Instruct,rake_shed_fence,asym_coop,493,1,shed,2,0,0,0,0,0,0,0,0,0,0,0,0,0,0,0,0,0,0,0,0
Qwen2.5-7B-Instruct x Qwen2.5-7B-Instruct,Qwen2.5-7B-Instruct,Qwen2.5-7B-Instruct,rake_shed_fence,asym_adv,494,0,fence,2,0,0,0,0,0,0,0,0,0,0,0,0,0,0,0,0,0,0,0,0
Qwen2.5-7B-Instruct x Qwen2.5-7B-Instruct,Qwen2.5-7B-Instruct,Qwen2.5-7B-Instruct,rake_shed_fence,conflict_coop,495,0,fence,2,0,0,0,0,0,0,0,0,0,0,0,0,0,0,0,0,0,0,0,0
Qwen2.5-7B-Instruct x Qwen2.5-7B-Instruct,Qwen2.5-7B-Instruct,Qwen2.5-7B-Instruct,rake_shed_fence,conflict_adv,496,0,fence,2,1,0,0,0,0,0,0,0,0,0,0,0,0,0,0,1,0,0,1,1
Qwen2.5-7B-Instruct x Qwen2.5-7B-Instruct,Qwen2.5-7B-Instruct,Qwen2.5-7B-Instruct,rake_shed_fence,mutual_incoh,497,1,shed,2,0,0,0,0,0,0,0,0,0,0,0,0,0,0,0,0,0,0,0,0
Qwen2.5-7B-Instruct x Qwen2.5-7B-Instruct,Qwen2.5-7B-Instruct,Qwen2.5-7B-Instruct,cord_desk_basket,mutual_coop,498,1,basket,2,0,0,0,0,0,0,0,0,0,0,0,0,0,0,0,0,0,0,0,0
Qwen2.5-7B-Instruct x Qwen2.5-7B-Instruct,Qwen2.5-7B-Instruct,Qwen2.5-7B-Instruct,cord_desk_basket,asym_coop,499,1,basket,2,0,0,0,0,0,0,0,0,0,0,0,0,0,0,0,0,0,0,0,0
Qwen2.5-7B-Instruct x Qwen2.5-7B-Instruct,Qwen2.5-7B-Instruct,Qwen2.5-7B-Instruct,ring_box_pouch,asym_coop,49,1,box,2,0,0,0,0,0,0,0,0,0,0,0,0,0,0,0,0,0,0,0,0
Qwen2.5-7B-Instruct x Qwen2.5-7B-Instruct,Qwen2.5-7B-Instruct,Qwen2.5-7B-Instruct,key_in_boxes,conflict_adv,4,0,blue box,4,0,0,0,0,0,0,0,0,0,0,0,0,0,0,0,0,0,0,0,0
Qwen2.5-7B-Instruct x Qwen2.5-7B-Instruct,Qwen2.5-7B-Instruct,Qwen2.5-7B-Instruct,cord_desk_basket,asym_adv,500,1,basket,2,0,0,0,0,1,0,0,0,0,0,0,0,0,0,0,0,1,0,1,0
Qwen2.5-7B-Instruct x Qwen2.5-7B-Instruct,Qwen2.5-7B-Instruct,Qwen2.5-7B-Instruct,cord_desk_basket,conflict_coop,501,1,basket,2,0,0,0,0,1,0,0,0,0,0,0,0,0,0,0,0,1,0,1,0
Qwen2.5-7B-Instruct x Qwen2.5-7B-Instruct,Qwen2.5-7B-Instruct,Qwen2.5-7B-Instruct,cord_desk_basket,conflict_adv,502,1,basket,2,0,0,0,0,0,0,0,0,0,0,0,0,0,0,0,0,0,0,0,0
Qwen2.5-7B-Instruct x Qwen2.5-7B-Instruct,Qwen2.5-7B-Instruct,Qwen2.5-7B-Instruct,cord_desk_basket,mutual_incoh,503,0,desk,2,0,0,0,0,0,0,0,0,0,0,0,0,0,0,0,0,0,0,0,0
Qwen2.5-7B-Instruct x Qwen2.5-7B-Instruct,Qwen2.5-7B-Instruct,Qwen2.5-7B-Instruct,fan_shelf_floor,mutual_coop,504,1,shelf,2,0,0,0,0,0,0,0,0,0,0,0,0,0,0,0,0,0,0,0,0
Qwen2.5-7B-Instruct x Qwen2.5-7B-Instruct,Qwen2.5-7B-Instruct,Qwen2.5-7B-Instruct,fan_shelf_floor,asym_coop,505,1,shelf,2,0,0,0,0,0,0,0,0,0,0,0,0,0,0,0,0,0,0,0,0
Qwen2.5-7B-Instruct x Qwen2.5-7B-Instruct,Qwen2.5-7B-Instruct,Qwen2.5-7B-Instruct,fan_shelf_floor,asym_adv,506,0,,2,1,0,0,1,0,0,0,0,0,0,0,0,0,0,0,1,1,0,1,1
Qwen2.5-7B-Instruct x Qwen2.5-7B-Instruct,Qwen2.5-7B-Instruct,Qwen2.5-7B-Instruct,fan_shelf_floor,conflict_coop,507,1,shelf,2,0,0,0,0,0,0,0,0,0,0,0,0,0,0,0,0,0,0,0,0
Qwen2.5-7B-Instruct x Qwen2.5-7B-Instruct,Qwen2.5-7B-Instruct,Qwen2.5-7B-Instruct,fan_shelf_floor,conflict_adv,508,0,floor,2,1,0,0,0,0,0,0,0,0,0,0,0,0,0,0,1,0,0,1,1
Qwen2.5-7B-Instruct x Qwen2.5-7B-Instruct,Qwen2.5-7B-Instruct,Qwen2.5-7B-Instruct,fan_shelf_floor,mutual_incoh,509,1,shelf,2,0,0,0,0,0,0,0,0,0,0,0,0,0,0,0,0,0,0,0,0
Qwen2.5-7B-Instruct x Qwen2.5-7B-Instruct,Qwen2.5-7B-Instruct,Qwen2.5-7B-Instruct,ring_box_pouch,asym_adv,50,0,pouch,2,0,0,0,0,0,0,0,0,0,0,0,0,0,0,0,0,0,0,0,0
Qwen2.5-7B-Instruct x Qwen2.5-7B-Instruct,Qwen2.5-7B-Instruct,Qwen2.5-7B-Instruct,scale_counter_shelf,mutual_coop,510,1,shelf,2,0,0,0,0,0,0,0,0,0,0,0,0,0,0,0,0,0,0,0,0
Qwen2.5-7B-Instruct x Qwen2.5-7B-Instruct,Qwen2.5-7B-Instruct,Qwen2.5-7B-Instruct,scale_counter_shelf,asym_coop,511,1,shelf,2,0,0,0,0,0,0,0,0,0,0,0,0,0,0,0,0,0,0,0,0
Qwen2.5-7B-Instruct x Qwen2.5-7B-Instruct,Qwen2.5-7B-Instruct,Qwen2.5-7B-Instruct,scale_counter_shelf,asym_adv,512,0,,2,0,0,0,1,0,0,0,0,0,0,0,0,0,0,0,0,1,0,1,0
Qwen2.5-7B-Instruct x Qwen2.5-7B-Instruct,Qwen2.5-7B-Instruct,Qwen2.5-7B-Instruct,scale_counter_shelf,conflict_coop,513,0,counter,2,0,0,0,0,0,0,0,0,0,0,0,0,0,0,0,0,0,0,0,0
Qwen2.5-7B-Instruct x Qwen2.5-7B-Instruct,Qwen2.5-7B-Instruct,Qwen2.5-7B-Instruct,scale_counter_shelf,conflict_adv,514,0,counter,2,1,0,0,0,0,0,0,0,0,0,0,0,0,0,0,1,0,0,1,1
Qwen2.5-7B-Instruct x Qwen2.5-7B-Instruct,Qwen2.5-7B-Instruct,Qwen2.5-7B-Instruct,scale_counter_shelf,mutual_incoh,515,1,shelf,2,0,0,0,0,0,0,0,0,0,0,0,0,0,0,0,0,0,0,0,0
Qwen2.5-7B-Instruct x Qwen2.5-7B-Instruct,Qwen2.5-7B-Instruct,Qwen2.5-7B-Instruct,pail_shed_porch,mutual_coop,516,1,shed,2,0,0,0,0,0,0,0,0,0,0,0,0,0,0,0,0,0,0,0,0
Qwen2.5-7B-Instruct x Qwen2.5-7B-Instruct,Qwen2.5-7B-Instruct,Qwen2.5-7B-Instruct,pail_shed_porch,asym_coop,517,1,shed,2,0,0,0,0,0,0,0,0,0,0,0,0,0,0,0,0,0,0,0,0
Qwen2.5-7B-Instruct x Qwen2.5-7B-Instruct,Qwen2.5-7B-Instruct,Qwen2.5-7B-Instruct,pail_shed_porch,asym_adv,518,0,,2,0,0,0,1,0,0,0,0,0,0,0,0,0,0,0,0,1,0,1,0
Qwen2.5-7B-Instruct x Qwen2.5-7B-Instruct,Qwen2.5-7B-Instruct,Qwen2.5-7B-Instruct,pail_shed_porch,conflict_coop,519,0,porch,2,0,0,0,0,0,0,0,0,0,0,0,0,0,0,0,0,0,0,0,0
Qwen2.5-7B-Instruct x Qwen2.5-7B-Instruct,Qwen2.5-7B-Instruct,Qwen2.5-7B-Instruct,ring_box_pouch,conflict_coop,51,0,pouch,2,0,0,0,0,0,0,0,0,0,0,0,0,0,0,0,0,0,0,0,0
Qwen2.5-7B-Instruct x Qwen2.5-7B-Instruct,Qwen2.5-7B-Instruct,Qwen2.5-7B-Instruct,pail_shed_porch,conflict_adv,520,0,,2,0,0,0,1,0,0,0,0,0,0,0,0,0,0,0,0,1,0,1,0
Qwen2.5-7B-Instruct x Qwen2.5-7B-Instruct,Qwen2.5-7B-Instruct,Qwen2.5-7B-Instruct,pail_shed_porch,mutual_incoh,521,0,porch,2,0,0,0,0,0,0,0,0,0,0,0,0,0,0,0,0,0,0,0,0
Qwen2.5-7B-Instruct x Qwen2.5-7B-Instruct,Qwen2.5-7B-Instruct,Qwen2.5-7B-Instruct,binder_shelf_desk,mutual_coop,522,1,desk,2,0,0,0,0,0,0,0,0,0,0,0,0,0,0,0,0,0,0,0,0
Qwen2.5-7B-Instruct x Qwen2.5-7B-Instruct,Qwen2.5-7B-Instruct,Qwen2.5-7B-Instruct,binder_shelf_desk,asym_coop,523,1,desk,2,0,0,0,0,0,0,0,0,0,0,0,0,0,0,0,0,0,0,0,0
Qwen2.5-7B-Instruct x Qwen2.5-7B-Instruct,Qwen2.5-7B-Instruct,Qwen2.5-7B-Instruct,binder_shelf_desk,asym_adv,524,0,,2,0,0,0,1,0,0,0,0,0,0,0,0,0,0,0,0,1,0,1,0
Qwen2.5-7B-Instruct x Qwen2.5-7B-Instruct,Qwen2.5-7B-Instruct,Qwen2.5-7B-Instruct,binder_shelf_desk,conflict_coop,525,1,desk,2,0,0,0,0,0,0,0,0,0,0,0,0,0,0,0,0,0,0,0,0
Qwen2.5-7B-Instruct x Qwen2.5-7B-Instruct,Qwen2.5-7B-Instruct,Qwen2.5-7B-Instruct,binder_shelf_desk,conflict_adv,526,0,,2,0,0,1,1,0,0,0,0,0,0,0,0,0,0,0,0,2,0,1,0
Qwen2.5-7B-Instruct x Qwen2.5-7B-Instruct,Qwen2.5-7B-Instruct,Qwen2.5-7B-Instruct,binder_shelf_desk,mutual_incoh,527,1,desk,2,0,0,0,0,0,0,0,0,0,0,0,0,0,0,0,0,0,0,0,0
Qwen2.5-7B-Instruct x Qwen2.5-7B-Instruct,Qwen2.5-7B-Instruct,Qwen2.5-7B-Instruct,knob_box_shelf,mutual_coop,528,1,box,2,0,0,0,0,0,0,0,0,0,0,0,0,0,0,0,0,0,0,0,0
Qwen2.5-7B-Instruct x Qwen2.5-7B-Instruct,Qwen2.5-7B-Instruct,Qwen2.5-7B-Instruct,knob_box_shelf,asym_coop,529,1,box,2,0,0,0,0,0,0,0,0,0,0,0,0,0,0,0,0,0,0,0,0
Qwen2.5-7B-Instruct x Qwen2.5-7B-Instruct,Qwen2.5-7B-Instruct,Qwen2.5-7B-Instruct,ring_box_pouch,conflict_adv,52,0,pouch,2,1,0,0,0,0,0,0,0,0,0,0,0,0,0,0,1,0,0,1,1
Qwen2.5-7B-Instruct x Qwen2.5-7B-Instruct,Qwen2.5-7B-Instruct,Qwen2.5-7B-Instruct,knob_box_shelf,asym_adv,530,0,shelf,2,0,0,0,0,0,0,0,0,0,0,0,0,0,0,0,0,0,0,0,0
Qwen2.5-7B-Instruct x Qwen2.5-7B-Instruct,Qwen2.5-7B-Instruct,Qwen2.5-7B-Instruct,knob_box_shelf,conflict_coop,531,1,box,2,0,0,0,0,0,0,0,0,0,0,0,0,0,0,0,0,0,0,0,0
Qwen2.5-7B-Instruct x Qwen2.5-7B-Instruct,Qwen2.5-7B-Instruct,Qwen2.5-7B-Instruct,knob_box_shelf,conflict_adv,532,1,box,2,0,0,0,0,0,0,0,0,0,0,0,0,0,0,0,0,0,0,0,0
Qwen2.5-7B-Instruct x Qwen2.5-7B-Instruct,Qwen2.5-7B-Instruct,Qwen2.5-7B-Instruct,knob_box_shelf,mutual_incoh,533,1,box,2,0,0,0,0,0,0,0,0,0,0,0,0,0,0,0,0,0,0,0,0
Qwen2.5-7B-Instruct x Qwen2.5-7B-Instruct,Qwen2.5-7B-Instruct,Qwen2.5-7B-Instruct,strap_hook_drawer,mutual_coop,534,1,drawer,2,0,0,0,0,0,0,0,0,0,0,0,0,0,0,0,0,0,0,0,0
Qwen2.5-7B-Instruct x Qwen2.5-7B-Instruct,Qwen2.5-7B-Instruct,Qwen2.5-7B-Instruct,strap_hook_drawer,asym_coop,535,1,drawer,2,0,0,0,0,0,0,0,0,0,0,0,0,0,0,0,0,0,0,0,0
Qwen2.5-7B-Instruct x Qwen2.5-7B-Instruct,Qwen2.5-7B-Instruct,Qwen2.5-7B-Instruct,strap_hook_drawer,asym_adv,536,0,hook,2,0,0,0,0,0,0,0,0,0,0,0,0,0,0,0,0,0,0,0,0
Qwen2.5-7B-Instruct x Qwen2.5-7B-Instruct,Qwen2.5-7B-Instruct,Qwen2.5-7B-Instruct,strap_hook_drawer,conflict_coop,537,1,drawer,2,0,0,0,0,0,0,0,0,0,0,0,0,0,0,0,0,0,0,0,0
Qwen2.5-7B-Instruct x Qwen2.5-7B-Instruct,Qwen2.5-7B-Instruct,Qwen2.5-7B-Instruct,strap_hook_drawer,conflict_adv,538,0,hook,2,1,0,0,0,0,0,0,0,0,0,0,0,0,0,0,1,0,0,1,1
Qwen2.5-7B-Instruct x Qwen2.5-7B-Instruct,Qwen2.5-7B-Instruct,Qwen2.5-7B-Instruct,strap_hook_drawer,mutual_incoh,539,1,drawer,2,0,0,0,0,0,0,0,0,0,0,0,0,0,0,0,0,0,0,0,0
Qwen2.5-7B-Instruct x Qwen2.5-7B-Instruct,Qwen2.5-7B-Instruct,Qwen2.5-7B-Instruct,ring_box_pouch,mutual_incoh,53,0,pouch,2,0,0,0,0,1,0,0,0,0,0,0,0,0,0,0,0,1,0,1,0
Qwen2.5-7B-Instruct x Qwen2.5-7B-Instruct,Qwen2.5-7B-Instruct,Qwen2.5-7B-Instruct,frame_wall_desk,mutual_coop,540,1,wall,2,0,0,0,0,0,0,0,0,0,0,0,0,0,0,0,0,0,0,0,0
Qwen2.5-7B-Instruct x Qwen2.5-7B-Instruct,Qwen2.5-7B-Instruct,Qwen2.5-7B-Instruct,frame_wall_desk,asym_coop,541,1,wall,2,0,0,0,0,0,0,0,0,0,0,0,0,0,0,0,0,0,0,0,0
Qwen2.5-7B-Instruct x Qwen2.5-7B-Instruct,Qwen2.5-7B-Instruct,Qwen2.5-7B-Instruct,frame_wall_desk,asym_adv,542,0,desk,2,0,0,0,0,0,0,0,0,0,0,0,0,0,0,0,0,0,0,0,0
Qwen2.5-7B-Instruct x Qwen2.5-7B-Instruct,Qwen2.5-7B-Instruct,Qwen2.5-7B-Instruct,frame_wall_desk,conflict_coop,543,0,desk,2,0,0,0,0,0,0,0,0,0,0,0,0,0,0,0,0,0,0,0,0
Qwen2.5-7B-Instruct x Qwen2.5-7B-Instruct,Qwen2.5-7B-Instruct,Qwen2.5-7B-Instruct,frame_wall_desk,conflict_adv,544,1,wall,2,0,0,0,0,0,0,0,0,0,0,0,0,0,0,0,0,0,0,0,0
Qwen2.5-7B-Instruct x Qwen2.5-7B-Instruct,Qwen2.5-7B-Instruct,Qwen2.5-7B-Instruct,frame_wall_desk,mutual_incoh,545,0,desk,2,0,0,0,0,0,0,0,0,0,0,0,0,0,0,0,0,0,0,0,0
Qwen2.5-7B-Instruct x Qwen2.5-7B-Instruct,Qwen2.5-7B-Instruct,Qwen2.5-7B-Instruct,jar_shelf_counter,mutual_coop,546,1,counter,2,0,0,0,0,0,0,0,0,0,0,0,0,0,0,0,0,0,0,0,0
Qwen2.5-7B-Instruct x Qwen2.5-7B-Instruct,Qwen2.5-7B-Instruct,Qwen2.5-7B-Instruct,jar_shelf_counter,asym_coop,547,1,counter,2,0,0,0,0,0,0,0,0,0,0,0,0,0,0,0,0,0,0,0,0
Qwen2.5-7B-Instruct x Qwen2.5-7B-Instruct,Qwen2.5-7B-Instruct,Qwen2.5-7B-Instruct,jar_shelf_counter,asym_adv,548,0,shelf,2,0,0,0,0,0,0,0,0,0,0,0,0,0,0,0,0,0,0,0,0
Qwen2.5-7B-Instruct x Qwen2.5-7B-Instruct,Qwen2.5-7B-Instruct,Qwen2.5-7B-Instruct,jar_shelf_counter,conflict_coop,549,1,counter,2,0,0,0,0,0,0,0,0,0,0,0,0,0,0,0,0,0,0,0,0
Qwen2.5-7B-Instruct x Qwen2.5-7B-Instruct,Qwen2.5-7B-Instruct,Qwen2.5-7B-Instruct,letter_mailbox_mat,mutual_coop,54,0,,2,0,0,0,1,0,0,0,0,0,0,0,0,0,0,0,0,1,0,1,0
Qwen2.5-7B-Instruct x Qwen2.5-7B-Instruct,Qwen2.5-7B-Instruct,Qwen2.5-7B-Instruct,jar_shelf_counter,conflict_adv,550,1,counter,2,0,0,0,0,0,0,0,0,0,0,0,0,0,0,0,0,0,0,0,0
Qwen2.5-7B-Instruct x Qwen2.5-7B-Instruct,Qwen2.5-7B-Instruct,Qwen2.5-7B-Instruct,jar_shelf_counter,mutual_incoh,551,1,counter,2,0,0,0,0,0,0,0,0,0,0,0,0,0,0,0,0,0,0,0,0
Qwen2.5-7B-Instruct x Qwen2.5-7B-Instruct,Qwen2.5-7B-Instruct,Qwen2.5-7B-Instruct,flag_pole_box,mutual_coop,552,1,pole,2,0,0,0,0,0,0,0,0,0,0,0,0,0,0,0,0,0,0,0,0
Qwen2.5-7B-Instruct x Qwen2.5-7B-Instruct,Qwen2.5-7B-Instruct,Qwen2.5-7B-Instruct,flag_pole_box,asym_coop,553,1,pole,2,0,0,0,0,0,0,0,0,0,0,0,0,0,0,0,0,0,0,0,0
Qwen2.5-7B-Instruct x Qwen2.5-7B-Instruct,Qwen2.5-7B-Instruct,Qwen2.5-7B-Instruct,flag_pole_box,asym_adv,554,1,pole,2,0,0,0,0,0,0,0,0,0,0,0,0,0,0,0,0,0,0,0,0
Qwen2.5-7B-Instruct x Qwen2.5-7B-Instruct,Qwen2.5-7B-Instruct,Qwen2.5-7B-Instruct,flag_pole_box,conflict_coop,555,0,box,2,0,0,0,0,0,0,0,0,0,0,0,0,0,0,0,0,0,0,0,0
Qwen2.5-7B-Instruct x Qwen2.5-7B-Instruct,Qwen2.5-7B-Instruct,Qwen2.5-7B-Instruct,flag_pole_box,conflict_adv,556,0,box,2,1,0,0,0,0,0,0,0,0,0,0,0,0,0,0,1,0,0,1,1
Qwen2.5-7B-Instruct x Qwen2.5-7B-Instruct,Qwen2.5-7B-Instruct,Qwen2.5-7B-Instruct,flag_pole_box,mutual_incoh,557,1,pole,2,0,0,0,0,0,0,0,0,0,0,0,0,0,0,0,0,0,0,0,0
Qwen2.5-7B-Instruct x Qwen2.5-7B-Instruct,Qwen2.5-7B-Instruct,Qwen2.5-7B-Instruct,dice_cup_table,mutual_coop,558,0,,2,0,0,0,1,0,0,0,0,0,0,0,0,0,0,0,0,1,0,1,0
Qwen2.5-7B-Instruct x Qwen2.5-7B-Instruct,Qwen2.5-7B-Instruct,Qwen2.5-7B-Instruct,dice_cup_table,asym_coop,559,0,,2,0,0,0,1,0,0,0,0,0,0,0,0,0,0,0,0,1,0,1,0
Qwen2.5-7B-Instruct x Qwen2.5-7B-Instruct,Qwen2.5-7B-Instruct,Qwen2.5-7B-Instruct,letter_mailbox_mat,asym_coop,55,1,mat,2,0,0,0,0,0,0,0,0,0,0,0,0,0,0,0,0,0,0,0,0
Qwen2.5-7B-Instruct x Qwen2.5-7B-Instruct,Qwen2.5-7B-Instruct,Qwen2.5-7B-Instruct,dice_cup_table,asym_adv,560,1,table,2,1,0,0,0,0,0,0,0,0,0,0,0,0,0,0,1,0,0,1,1
Qwen2.5-7B-Instruct x Qwen2.5-7B-Instruct,Qwen2.5-7B-Instruct,Qwen2.5-7B-Instruct,dice_cup_table,conflict_coop,561,0,cup,2,0,0,0,0,0,0,0,0,0,0,0,0,0,0,0,0,0,0,0,0
Qwen2.5-7B-Instruct x Qwen2.5-7B-Instruct,Qwen2.5-7B-Instruct,Qwen2.5-7B-Instruct,dice_cup_table,conflict_adv,562,1,table,2,1,0,0,0,1,0,0,0,0,0,0,0,0,0,0,1,1,0,1,1
Qwen2.5-7B-Instruct x Qwen2.5-7B-Instruct,Qwen2.5-7B-Instruct,Qwen2.5-7B-Instruct,dice_cup_table,mutual_incoh,563,1,table,2,0,0,0,0,0,0,0,0,0,0,0,0,0,0,0,0,0,0,0,0
Qwen2.5-7B-Instruct x Qwen2.5-7B-Instruct,Qwen2.5-7B-Instruct,Qwen2.5-7B-Instruct,wire_bench_drawer,mutual_coop,564,1,bench,2,0,0,0,0,0,0,0,0,0,0,0,0,0,0,0,0,0,0,0,0
Qwen2.5-7B-Instruct x Qwen2.5-7B-Instruct,Qwen2.5-7B-Instruct,Qwen2.5-7B-Instruct,wire_bench_drawer,asym_coop,565,1,bench,2,0,0,0,0,0,0,0,0,0,0,0,0,0,0,0,0,0,0,0,0
Qwen2.5-7B-Instruct x Qwen2.5-7B-Instruct,Qwen2.5-7B-Instruct,Qwen2.5-7B-Instruct,wire_bench_drawer,asym_adv,566,1,bench,2,0,0,0,0,0,0,0,0,0,0,0,0,0,0,0,0,0,0,0,0
Qwen2.5-7B-Instruct x Qwen2.5-7B-Instruct,Qwen2.5-7B-Instruct,Qwen2.5-7B-Instruct,wire_bench_drawer,conflict_coop,567,0,drawer,2,0,0,0,0,0,0,0,0,0,0,0,0,0,0,0,0,0,0,0,0
Qwen2.5-7B-Instruct x Qwen2.5-7B-Instruct,Qwen2.5-7B-Instruct,Qwen2.5-7B-Instruct,wire_bench_drawer,conflict_adv,568,0,drawer,2,1,0,0,0,0,0,0,0,0,0,0,0,0,0,0,1,0,0,1,1
Qwen2.5-7B-Instruct x Qwen2.5-7B-Instruct,Qwen2.5-7B-Instruct,Qwen2.5-7B-Instruct,wire_bench_drawer,mutual_incoh,569,1,bench,2,0,0,0,0,0,0,0,0,0,0,0,0,0,0,0,0,0,0,0,0
Qwen2.5-7B-Instruct x Qwen2.5-7B-Instruct,Qwen2.5-7B-Instruct,Qwen2.5-7B-Instruct,letter_mailbox_mat,asym_adv,56,0,,2,0,0,0,1,0,0,0,0,0,0,0,0,0,0,0,0,1,0,1,0
Qwen2.5-7B-Instruct x Qwen2.5-7B-Instruct,Qwen2.5-7B-Instruct,Qwen2.5-7B-Instruct,stone_ledge_pot,mutual_coop,570,1,pot,2,0,0,0,0,0,0,0,0,0,0,0,0,0,0,0,0,0,0,0,0
Qwen2.5-7B-Instruct x Qwen2.5-7B-Instruct,Qwen2.5-7B-Instruct,Qwen2.5-7B-Instruct,stone_ledge_pot,asym_coop,571,1,pot,2,0,0,0,0,0,0,0,0,0,0,0,0,0,0,0,0,0,0,0,0
Qwen2.5-7B-Instruct x Qwen2.5-7B-Instruct,Qwen2.5-7B-Instruct,Qwen2.5-7B-Instruct,stone_ledge_pot,asym_adv,572,0,ledge,2,0,0,0,0,0,0,0,0,0,0,0,0,0,0,0,0,0,0,0,0
Qwen2.5-7B-Instruct x Qwen2.5-7B-Instruct,Qwen2.5-7B-Instruct,Qwen2.5-7B-Instruct,stone_ledge_pot,conflict_coop,573,0,,2,0,0,0,1,0,0,0,0,0,0,0,0,0,0,0,0,1,0,1,0
Qwen2.5-7B-Instruct x Qwen2.5-7B-Instruct,Qwen2.5-7B-Instruct,Qwen2.5-7B-Instruct,stone_ledge_pot,conflict_adv,574,1,pot,2,1,0,0,0,0,0,0,0,0,0,0,0,0,0,0,1,0,0,1,1
Qwen2.5-7B-Instruct x Qwen2.5-7B-Instruct,Qwen2.5-7B-Instruct,Qwen2.5-7B-Instruct,stone_ledge_pot,mutual_incoh,575,1,pot,2,0,0,0,0,0,0,0,0,0,0,0,0,0,0,0,0,0,0,0,0
Qwen2.5-7B-Instruct x Qwen2.5-7B-Instruct,Qwen2.5-7B-Instruct,Qwen2.5-7B-Instruct,patch_drawer_table,mutual_coop,576,1,drawer,2,0,0,0,0,0,0,0,0,0,0,0,0,0,0,0,0,0,0,0,0
Qwen2.5-7B-Instruct x Qwen2.5-7B-Instruct,Qwen2.5-7B-Instruct,Qwen2.5-7B-Instruct,patch_drawer_table,asym_coop,577,1,drawer,2,0,0,0,0,0,0,0,0,0,0,0,0,0,0,0,0,0,0,0,0
Qwen2.5-7B-Instruct x Qwen2.5-7B-Instruct,Qwen2.5-7B-Instruct,Qwen2.5-7B-Instruct,patch_drawer_table,asym_adv,578,0,,2,0,0,0,1,0,0,0,0,0,0,0,0,0,0,0,0,1,0,1,0
Qwen2.5-7B-Instruct x Qwen2.5-7B-Instruct,Qwen2.5-7B-Instruct,Qwen2.5-7B-Instruct,patch_drawer_table,conflict_coop,579,0,table,2,0,0,0,0,0,0,0,0,0,0,0,0,0,0,0,0,0,0,0,0
Qwen2.5-7B-Instruct x Qwen2.5-7B-Instruct,Qwen2.5-7B-Instruct,Qwen2.5-7B-Instruct,letter_mailbox_mat,conflict_coop,57,1,mat,2,0,0,0,0,0,0,0,0,0,0,0,0,0,0,0,0,0,0,0,0
Qwen2.5-7B-Instruct x Qwen2.5-7B-Instruct,Qwen2.5-7B-Instruct,Qwen2.5-7B-Instruct,patch_drawer_table,conflict_adv,580,0,table,2,1,0,0,0,0,0,0,0,0,0,0,0,0,0,0,1,0,0,1,1
Qwen2.5-7B-Instruct x Qwen2.5-7B-Instruct,Qwen2.5-7B-Instruct,Qwen2.5-7B-Instruct,patch_drawer_table,mutual_incoh,581,1,drawer,2,0,0,0,0,0,0,0,0,0,0,0,0,0,0,0,0,0,0,0,0
Qwen2.5-7B-Instruct x Qwen2.5-7B-Instruct,Qwen2.5-7B-Instruct,Qwen2.5-7B-Instruct,mirror_wall_shelf,mutual_coop,582,1,shelf,2,0,0,0,0,0,0,0,0,0,0,0,0,0,0,0,0,0,0,0,0
Qwen2.5-7B-Instruct x Qwen2.5-7B-Instruct,Qwen2.5-7B-Instruct,Qwen2.5-7B-Instruct,mirror_wall_shelf,asym_coop,583,1,shelf,2,0,0,0,0,0,0,0,0,0,0,0,0,0,0,0,0,0,0,0,0
Qwen2.5-7B-Instruct x Qwen2.5-7B-Instruct,Qwen2.5-7B-Instruct,Qwen2.5-7B-Instruct,mirror_wall_shelf,asym_adv,584,0,,2,0,0,0,1,0,0,0,0,0,0,0,0,0,0,0,0,1,0,1,0
Qwen2.5-7B-Instruct x Qwen2.5-7B-Instruct,Qwen2.5-7B-Instruct,Qwen2.5-7B-Instruct,mirror_wall_shelf,conflict_coop,585,0,wall,2,0,0,0,0,0,0,0,0,0,0,0,0,0,0,0,0,0,0,0,0
Qwen2.5-7B-Instruct x Qwen2.5-7B-Instruct,Qwen2.5-7B-Instruct,Qwen2.5-7B-Instruct,mirror_wall_shelf,conflict_adv,586,0,wall,2,1,0,0,0,0,0,0,0,0,0,0,0,0,0,0,1,0,0,1,1
Qwen2.5-7B-Instruct x Qwen2.5-7B-Instruct,Qwen2.5-7B-Instruct,Qwen2.5-7B-Instruct,mirror_wall_shelf,mutual_incoh,587,1,shelf,2,0,0,0,0,0,0,0,0,0,0,0,0,0,0,0,0,0,0,0,0
Qwen2.5-7B-Instruct x Qwen2.5-7B-Instruct,Qwen2.5-7B-Instruct,Qwen2.5-7B-Instruct,chain_hook_box,mutual_coop,588,1,hook,2,0,0,0,0,0,0,0,0,0,0,0,0,0,0,0,0,0,0,0,0
Qwen2.5-7B-Instruct x Qwen2.5-7B-Instruct,Qwen2.5-7B-Instruct,Qwen2.5-7B-Instruct,chain_hook_box,asym_coop,589,1,hook,2,0,0,0,0,0,0,0,0,0,0,0,0,0,0,0,0,0,0,0,0
Qwen2.5-7B-Instruct x Qwen2.5-7B-Instruct,Qwen2.5-7B-Instruct,Qwen2.5-7B-Instruct,letter_mailbox_mat,conflict_adv,58,0,,2,1,0,0,1,0,0,0,0,0,0,0,0,0,0,0,1,1,0,1,1
Qwen2.5-7B-Instruct x Qwen2.5-7B-Instruct,Qwen2.5-7B-Instruct,Qwen2.5-7B-Instruct,chain_hook_box,asym_adv,590,0,,2,0,0,0,1,0,0,0,0,0,0,0,0,0,0,0,0,1,0,1,0
Qwen2.5-7B-Instruct x Qwen2.5-7B-Instruct,Qwen2.5-7B-Instruct,Qwen2.5-7B-Instruct,chain_hook_box,conflict_coop,591,0,box,2,0,0,0,0,0,0,0,0,0,0,0,0,0,0,0,0,0,0,0,0
Qwen2.5-7B-Instruct x Qwen2.5-7B-Instruct,Qwen2.5-7B-Instruct,Qwen2.5-7B-Instruct,chain_hook_box,conflict_adv,592,0,,2,0,0,0,1,0,0,0,0,0,0,0,0,0,0,0,0,1,0,1,0
Qwen2.5-7B-Instruct x Qwen2.5-7B-Instruct,Qwen2.5-7B-Instruct,Qwen2.5-7B-Instruct,chain_hook_box,mutual_incoh,593,1,hook,2,1,0,0,0,0,0,0,0,0,0,0,0,0,0,0,1,0,0,1,1
Qwen2.5-7B-Instruct x Qwen2.5-7B-Instruct,Qwen2.5-7B-Instruct,Qwen2.5-7B-Instruct,clipboard_shelf_desk,mutual_coop,594,1,desk,2,0,0,0,0,0,0,0,0,0,0,0,0,0,0,0,0,0,0,0,0
Qwen2.5-7B-Instruct x Qwen2.5-7B-Instruct,Qwen2.5-7B-Instruct,Qwen2.5-7B-Instruct,clipboard_shelf_desk,asym_coop,595,1,desk,2,0,0,0,0,0,0,0,0,0,0,0,0,0,0,0,0,0,0,0,0
Qwen2.5-7B-Instruct x Qwen2.5-7B-Instruct,Qwen2.5-7B-Instruct,Qwen2.5-7B-Instruct,clipboard_shelf_desk,asym_adv,596,0,,2,0,0,0,1,0,0,0,0,0,0,0,0,0,0,0,0,1,0,1,0
Qwen2.5-7B-Instruct x Qwen2.5-7B-Instruct,Qwen2.5-7B-Instruct,Qwen2.5-7B-Instruct,clipboard_shelf_desk,conflict_coop,597,0,shelf,2,0,0,0,0,0,0,0,0,0,0,0,0,0,0,0,0,0,0,0,0
Qwen2.5-7B-Instruct x Qwen2.5-7B-Instruct,Qwen2.5-7B-Instruct,Qwen2.5-7B-Instruct,clipboard_shelf_desk,conflict_adv,598,0,shelf,2,1,0,0,0,0,0,0,0,0,0,0,0,0,0,0,1,0,0,1,1
Qwen2.5-7B-Instruct x Qwen2.5-7B-Instruct,Qwen2.5-7B-Instruct,Qwen2.5-7B-Instruct,clipboard_shelf_desk,mutual_incoh,599,1,desk,2,0,0,0,0,0,0,0,0,0,0,0,0,0,0,0,0,0,0,0,0
Qwen2.5-7B-Instruct x Qwen2.5-7B-Instruct,Qwen2.5-7B-Instruct,Qwen2.5-7B-Instruct,letter_mailbox_mat,mutual_incoh,59,0,mailbox,2,0,0,0,0,0,0,0,0,0,0,0,0,0,0,0,0,0,0,0,0
Qwen2.5-7B-Instruct x Qwen2.5-7B-Instruct,Qwen2.5-7B-Instruct,Qwen2.5-7B-Instruct,key_in_boxes,mutual_incoh,5,1,red box,2,0,0,0,0,0,0,0,0,0,0,0,0,0,0,0,0,0,0,0,0
Qwen2.5-7B-Instruct x Qwen2.5-7B-Instruct,Qwen2.5-7B-Instruct,Qwen2.5-7B-Instruct,scarf_closet_bench,mutual_coop,60,1,closet,2,0,0,0,0,0,0,0,0,0,0,0,0,0,0,0,0,0,0,0,0
Qwen2.5-7B-Instruct x Qwen2.5-7B-Instruct,Qwen2.5-7B-Instruct,Qwen2.5-7B-Instruct,scarf_closet_bench,asym_coop,61,1,closet,2,0,0,0,0,0,0,0,0,0,0,0,0,0,0,0,0,0,0,0,0
Qwen2.5-7B-Instruct x Qwen2.5-7B-Instruct,Qwen2.5-7B-Instruct,Qwen2.5-7B-Instruct,scarf_closet_bench,asym_adv,62,0,bench,2,0,0,0,0,0,0,0,0,0,0,0,0,0,0,0,0,0,0,0,0
Qwen2.5-7B-Instruct x Qwen2.5-7B-Instruct,Qwen2.5-7B-Instruct,Qwen2.5-7B-Instruct,scarf_closet_bench,conflict_coop,63,0,,2,0,0,0,1,0,0,0,0,0,0,0,0,0,0,0,0,1,0,1,0
Qwen2.5-7B-Instruct x Qwen2.5-7B-Instruct,Qwen2.5-7B-Instruct,Qwen2.5-7B-Instruct,scarf_closet_bench,conflict_adv,64,1,closet,2,0,0,0,0,0,0,0,0,0,0,0,0,0,0,0,0,0,0,0,0
Qwen2.5-7B-Instruct x Qwen2.5-7B-Instruct,Qwen2.5-7B-Instruct,Qwen2.5-7B-Instruct,scarf_closet_bench,mutual_incoh,65,1,closet,2,0,0,0,0,0,0,0,0,0,0,0,0,0,0,0,0,0,0,0,0
Qwen2.5-7B-Instruct x Qwen2.5-7B-Instruct,Qwen2.5-7B-Instruct,Qwen2.5-7B-Instruct,umbrella_stand_hook,mutual_coop,66,1,hook,2,0,0,0,0,0,0,0,0,0,0,0,0,0,0,0,0,0,0,0,0
Qwen2.5-7B-Instruct x Qwen2.5-7B-Instruct,Qwen2.5-7B-Instruct,Qwen2.5-7B-Instruct,umbrella_stand_hook,asym_coop,67,0,stand,2,0,0,0,0,0,0,0,0,0,0,0,0,0,0,0,0,0,0,0,0
Qwen2.5-7B-Instruct x Qwen2.5-7B-Instruct,Qwen2.5-7B-Instruct,Qwen2.5-7B-Instruct,umbrella_stand_hook,asym_adv,68,1,hook,4,0,0,0,0,0,0,0,0,0,0,0,0,0,0,0,0,0,0,0,0
Qwen2.5-7B-Instruct x Qwen2.5-7B-Instruct,Qwen2.5-7B-Instruct,Qwen2.5-7B-Instruct,umbrella_stand_hook,conflict_coop,69,1,hook,2,0,0,0,0,0,0,0,0,0,0,0,0,0,0,0,0,0,0,0,0
Qwen2.5-7B-Instruct x Qwen2.5-7B-Instruct,Qwen2.5-7B-Instruct,Qwen2.5-7B-Instruct,wallet_desk_drawer,mutual_coop,6,1,drawer,2,0,0,0,0,0,0,0,0,0,0,0,0,0,0,0,0,0,0,0,0
Qwen2.5-7B-Instruct x Qwen2.5-7B-Instruct,Qwen2.5-7B-Instruct,Qwen2.5-7B-Instruct,umbrella_stand_hook,conflict_adv,70,1,hook,2,1,0,0,0,0,0,0,0,0,0,0,0,0,0,0,1,0,0,1,1
Qwen2.5-7B-Instruct x Qwen2.5-7B-Instruct,Qwen2.5-7B-Instruct,Qwen2.5-7B-Instruct,umbrella_stand_hook,mutual_incoh,71,1,hook,2,0,0,0,0,0,0,0,0,0,0,0,0,0,0,0,0,0,0,0,0
Qwen2.5-7B-Instruct x Qwen2.5-7B-Instruct,Qwen2.5-7B-Instruct,Qwen2.5-7B-Instruct,remote_table_cushion,mutual_coop,72,0,cushion,2,0,0,0,0,0,0,0,0,0,0,0,0,0,0,0,0,0,0,0,0
Qwen2.5-7B-Instruct x Qwen2.5-7B-Instruct,Qwen2.5-7B-Instruct,Qwen2.5-7B-Instruct,remote_table_cushion,asym_coop,73,1,table,2,0,0,0,0,0,0,0,0,0,0,0,0,0,0,0,0,0,0,0,0
Qwen2.5-7B-Instruct x Qwen2.5-7B-Instruct,Qwen2.5-7B-Instruct,Qwen2.5-7B-Instruct,remote_table_cushion,asym_adv,74,0,cushion,2,0,0,0,0,0,0,0,0,0,0,0,0,0,0,0,0,0,0,0,0
Qwen2.5-7B-Instruct x Qwen2.5-7B-Instruct,Qwen2.5-7B-Instruct,Qwen2.5-7B-Instruct,remote_table_cushion,conflict_coop,75,0,cushion,2,0,0,0,0,0,0,0,0,0,0,0,0,0,0,0,0,0,0,0,0
Qwen2.5-7B-Instruct x Qwen2.5-7B-Instruct,Qwen2.5-7B-Instruct,Qwen2.5-7B-Instruct,remote_table_cushion,conflict_adv,76,0,cushion,2,0,0,0,0,0,0,0,0,0,0,0,0,0,0,0,0,0,0,0,0
Qwen2.5-7B-Instruct x Qwen2.5-7B-Instruct,Qwen2.5-7B-Instruct,Qwen2.5-7B-Instruct,remote_table_cushion,mutual_incoh,77,0,,2,0,0,0,1,0,0,0,0,0,0,0,0,0,0,0,0,1,0,1,0
Qwen2.5-7B-Instruct x Qwen2.5-7B-Instruct,Qwen2.5-7B-Instruct,Qwen2.5-7B-Instruct,mug_shelf_rack,mutual_coop,78,1,rack,2,0,0,0,0,0,0,0,0,0,0,0,0,0,0,0,0,0,0,0,0
Qwen2.5-7B-Instruct x Qwen2.5-7B-Instruct,Qwen2.5-7B-Instruct,Qwen2.5-7B-Instruct,mug_shelf_rack,asym_coop,79,1,rack,2,0,0,0,0,0,0,0,0,0,0,0,0,0,0,0,0,0,0,0,0
Qwen2.5-7B-Instruct x Qwen2.5-7B-Instruct,Qwen2.5-7B-Instruct,Qwen2.5-7B-Instruct,wallet_desk_drawer,asym_coop,7,0,,2,0,0,0,1,0,0,0,0,0,0,0,0,0,0,0,0,1,0,1,0
Qwen2.5-7B-Instruct x Qwen2.5-7B-Instruct,Qwen2.5-7B-Instruct,Qwen2.5-7B-Instruct,mug_shelf_rack,asym_adv,80,0,shelf,2,0,0,0,0,0,0,0,0,0,0,0,0,0,0,0,0,0,0,0,0
Qwen2.5-7B-Instruct x Qwen2.5-7B-Instruct,Qwen2.5-7B-Instruct,Qwen2.5-7B-Instruct,mug_shelf_rack,conflict_coop,81,1,rack,2,0,0,0,0,0,0,0,0,0,0,0,0,0,0,0,0,0,0,0,0
Qwen2.5-7B-Instruct x Qwen2.5-7B-Instruct,Qwen2.5-7B-Instruct,Qwen2.5-7B-Instruct,mug_shelf_rack,conflict_adv,82,0,shelf,2,0,0,0,0,0,0,0,0,0,0,0,0,0,0,0,0,0,0,0,0
Qwen2.5-7B-Instruct x Qwen2.5-7B-Instruct,Qwen2.5-7B-Instruct,Qwen2.5-7B-Instruct,mug_shelf_rack,mutual_incoh,83,0,shelf,2,0,0,0,0,0,0,0,0,0,0,0,0,0,0,0,0,0,0,0,0
Qwen2.5-7B-Instruct x Qwen2.5-7B-Instruct,Qwen2.5-7B-Instruct,Qwen2.5-7B-Instruct,towel_rack_basket,mutual_coop,84,1,rack,2,0,0,0,0,0,0,0,0,0,0,0,0,0,0,0,0,0,0,0,0
Qwen2.5-7B-Instruct x Qwen2.5-7B-Instruct,Qwen2.5-7B-Instruct,Qwen2.5-7B-Instruct,towel_rack_basket,asym_coop,85,1,rack,2,0,0,0,0,0,0,0,0,0,0,0,0,0,0,0,0,0,0,0,0
Qwen2.5-7B-Instruct x Qwen2.5-7B-Instruct,Qwen2.5-7B-Instruct,Qwen2.5-7B-Instruct,towel_rack_basket,asym_adv,86,0,,2,0,0,0,1,0,0,0,0,0,0,0,0,0,0,0,0,1,0,1,0
Qwen2.5-7B-Instruct x Qwen2.5-7B-Instruct,Qwen2.5-7B-Instruct,Qwen2.5-7B-Instruct,towel_rack_basket,conflict_coop,87,0,basket,2,0,0,0,0,0,0,0,0,0,0,0,0,0,0,0,0,0,0,0,0
Qwen2.5-7B-Instruct x Qwen2.5-7B-Instruct,Qwen2.5-7B-Instruct,Qwen2.5-7B-Instruct,towel_rack_basket,conflict_adv,88,1,rack,2,1,0,0,0,0,0,0,0,0,0,0,0,0,0,0,1,0,0,1,1
Qwen2.5-7B-Instruct x Qwen2.5-7B-Instruct,Qwen2.5-7B-Instruct,Qwen2.5-7B-Instruct,towel_rack_basket,mutual_incoh,89,1,rack,2,1,0,0,0,0,0,0,0,0,0,0,0,0,0,0,1,0,0,1,1
Qwen2.5-7B-Instruct x Qwen2.5-7B-Instruct,Qwen2.5-7B-Instruct,Qwen2.5-7B-Instruct,wallet_desk_drawer,asym_adv,8,0,desk,2,0,0,0,0,0,0,0,0,0,0,0,0,0,0,0,0,0,0,0,0
Qwen2.5-7B-Instruct x Qwen2.5-7B-Instruct,Qwen2.5-7B-Instruct,Qwen2.5-7B-Instruct,coin_jar_pocket,mutual_coop,90,0,,2,0,0,0,1,0,0,0,0,0,0,0,0,0,0,0,0,1,0,1,0
Qwen2.5-7B-Instruct x Qwen2.5-7B-Instruct,Qwen2.5-7B-Instruct,Qwen2.5-7B-Instruct,coin_jar_pocket,asym_coop,91,1,pocket,2,0,0,0,0,0,0,0,0,0,0,0,0,0,0,0,0,0,0,0,0
Qwen2.5-7B-Instruct x Qwen2.5-7B-Instruct,Qwen2.5-7B-Instruct,Qwen2.5-7B-Instruct,coin_jar_pocket,asym_adv,92,0,jar,2,0,0,0,0,0,0,0,0,0,0,0,0,0,0,0,0,0,0,0,0
Qwen2.5-7B-Instruct x Qwen2.5-7B-Instruct,Qwen2.5-7B-Instruct,Qwen2.5-7B-Instruct,coin_jar_pocket,conflict_coop,93,0,jar,2,0,0,0,0,0,0,0,0,0,0,0,0,0,0,0,0,0,0,0,0
Qwen2.5-7B-Instruct x Qwen2.5-7B-Instruct,Qwen2.5-7B-Instruct,Qwen2.5-7B-Instruct,coin_jar_pocket,conflict_adv,94,1,pocket,2,0,0,0,0,1,0,0,0,0,0,0,0,0,0,0,0,1,0,1,0
Qwen2.5-7B-Instruct x Qwen2.5-7B-Instruct,Qwen2.5-7B-Instruct,Qwen2.5-7B-Instruct,coin_jar_pocket,mutual_incoh,95,1,pocket,2,0,0,0,0,0,0,0,0,0,0,0,0,0,0,0,0,0,0,0,0
Qwen2.5-7B-Instruct x Qwen2.5-7B-Instruct,Qwen2.5-7B-Instruct,Qwen2.5-7B-Instruct,flashlight_drawer_shelf,mutual_coop,96,1,drawer,2,0,0,0,0,0,0,0,0,0,0,0,0,0,0,0,0,0,0,0,0
Qwen2.5-7B-Instruct x Qwen2.5-7B-Instruct,Qwen2.5-7B-Instruct,Qwen2.5-7B-Instruct,flashlight_drawer_shelf,asym_coop,97,1,drawer,2,0,0,0,0,0,0,0,0,0,0,0,0,0,0,0,0,0,0,0,0
Qwen2.5-7B-Instruct x Qwen2.5-7B-Instruct,Qwen2.5-7B-Instruct,Qwen2.5-7B-Instruct,flashlight_drawer_shelf,asym_adv,98,0,,1,0,0,1,1,0,0,0,0,0,0,0,0,0,0,0,0,2,0,1,0
Qwen2.5-7B-Instruct x Qwen2.5-7B-Instruct,Qwen2.5-7B-Instruct,Qwen2.5-7B-Instruct,flashlight_drawer_shelf,conflict_coop,99,0,shelf,2,0,0,0,0,0,0,0,0,0,0,0,0,0,0,0,0,0,0,0,0
Qwen2.5-7B-Instruct x Qwen2.5-7B-Instruct,Qwen2.5-7B-Instruct,Qwen2.5-7B-Instruct,wallet_desk_drawer,conflict_coop,9,1,drawer,2,0,0,0,0,0,0,0,0,0,0,0,0,0,0,0,0,0,0,0,0
Qwen3-8B x Qwen3-8B,Qwen3-8B,Qwen3-8B,key_in_boxes,mutual_coop,0,1,red box,2,0,0,0,0,0,0,0,0,0,0,0,0,0,0,0,0,0,0,0,0
Qwen3-8B x Qwen3-8B,Qwen3-8B,Qwen3-8B,wallet_desk_drawer,conflict_adv,10,1,drawer,4,0,0,0,0,0,0,0,0,0,0,0,0,0,0,0,0,0,0,0,0
Qwen3-8B x Qwen3-8B,Qwen3-8B,Qwen3-8B,wallet_desk_drawer,mutual_incoh,11,1,drawer,2,0,0,0,0,0,0,0,0,0,0,0,0,0,0,0,0,0,0,0,0
Qwen3-8B x Qwen3-8B,Qwen3-8B,Qwen3-8B,package_door_porch,mutual_coop,12,1,back porch,2,0,0,0,0,0,0,0,0,0,0,0,0,0,0,0,0,0,0,0,0
Qwen3-8B x Qwen3-8B,Qwen3-8B,Qwen3-8B,package_door_porch,asym_coop,13,1,back porch,2,0,0,0,0,0,0,0,0,0,0,0,0,0,0,0,0,0,0,0,0
Qwen3-8B x Qwen3-8B,Qwen3-8B,Qwen3-8B,package_door_porch,asym_adv,14,1,back porch,2,0,0,0,0,0,0,0,0,0,0,0,0,0,0,0,0,0,0,0,0
Qwen3-8B x Qwen3-8B,Qwen3-8B,Qwen3-8B,package_door_porch,conflict_coop,15,1,back porch,2,0,0,0,0,0,0,0,0,0,0,0,0,0,0,0,0,0,0,0,0
Qwen3-8B x Qwen3-8B,Qwen3-8B,Qwen3-8B,package_door_porch,conflict_adv,16,0,front door,14,0,0,0,0,0,0,0,0,1,0,0,0,1,0,0,0,2,0,1,0
Qwen3-8B x Qwen3-8B,Qwen3-8B,Qwen3-8B,package_door_porch,mutual_incoh,17,1,back porch,2,0,0,0,0,0,0,0,0,0,0,0,0,0,0,0,0,0,0,0,0
Qwen3-8B x Qwen3-8B,Qwen3-8B,Qwen3-8B,phone_table_couch,mutual_coop,18,1,table,2,0,0,0,0,0,0,0,0,0,0,0,0,0,0,0,0,0,0,0,0
Qwen3-8B x Qwen3-8B,Qwen3-8B,Qwen3-8B,phone_table_couch,asym_coop,19,1,table,2,0,0,0,0,0,0,0,0,0,0,0,0,0,0,0,0,0,0,0,0
Qwen3-8B x Qwen3-8B,Qwen3-8B,Qwen3-8B,key_in_boxes,asym_coop,1,1,red box,2,0,0,0,0,0,0,0,0,0,0,0,0,0,0,0,0,0,0,0,0
Qwen3-8B x Qwen3-8B,Qwen3-8B,Qwen3-8B,phone_table_couch,asym_adv,20,1,table,4,1,0,0,0,0,0,0,0,0,0,0,0,0,0,0,1,0,0,1,1
Qwen3-8B x Qwen3-8B,Qwen3-8B,Qwen3-8B,phone_table_couch,conflict_coop,21,0,couch,2,0,0,0,0,0,0,0,0,0,0,0,0,0,0,0,0,0,0,0,0
Qwen3-8B x Qwen3-8B,Qwen3-8B,Qwen3-8B,phone_table_couch,conflict_adv,22,1,table,4,0,0,0,0,0,0,0,0,0,0,0,0,0,0,0,0,0,0,0,0
Qwen3-8B x Qwen3-8B,Qwen3-8B,Qwen3-8B,phone_table_couch,mutual_incoh,23,1,table,2,0,0,0,0,0,0,0,0,0,0,0,0,0,0,0,0,0,0,0,0
Qwen3-8B x Qwen3-8B,Qwen3-8B,Qwen3-8B,book_shelf_bag,mutual_coop,24,1,shelf,2,0,0,0,0,0,0,0,0,0,0,0,0,0,0,0,0,0,0,0,0
Qwen3-8B x Qwen3-8B,Qwen3-8B,Qwen3-8B,book_shelf_bag,asym_coop,25,1,shelf,2,0,0,0,0,0,0,0,0,0,0,0,0,0,0,0,0,0,0,0,0
Qwen3-8B x Qwen3-8B,Qwen3-8B,Qwen3-8B,book_shelf_bag,asym_adv,26,1,shelf,2,0,0,0,0,0,0,0,0,0,0,0,0,0,0,0,0,0,0,0,0
Qwen3-8B x Qwen3-8B,Qwen3-8B,Qwen3-8B,book_shelf_bag,conflict_coop,27,1,shelf,2,0,0,0,0,1,0,0,0,0,0,0,0,0,0,0,0,1,0,1,0
Qwen3-8B x Qwen3-8B,Qwen3-8B,Qwen3-8B,book_shelf_bag,conflict_adv,28,1,shelf,2,0,0,0,0,0,0,0,0,0,0,0,0,0,0,0,0,0,0,0,0
Qwen3-8B x Qwen3-8B,Qwen3-8B,Qwen3-8B,book_shelf_bag,mutual_incoh,29,0,,16,0,0,1,1,0,0,0,0,1,1,1,0,0,0,0,0,5,0,1,0
Qwen3-8B x Qwen3-8B,Qwen3-8B,Qwen3-8B,key_in_boxes,asym_adv,2,0,,2,0,0,0,1,0,0,0,0,0,0,0,0,0,0,0,0,1,0,1,0
Qwen3-8B x Qwen3-8B,Qwen3-8B,Qwen3-8B,glasses_counter_shelf,mutual_coop,30,1,shelf,2,0,0,0,0,0,0,0,0,0,0,0,0,0,0,0,0,0,0,0,0
Qwen3-8B x Qwen3-8B,Qwen3-8B,Qwen3-8B,glasses_counter_shelf,asym_coop,31,1,shelf,2,0,0,0,0,0,0,0,0,0,0,0,0,0,0,0,0,0,0,0,0
Qwen3-8B x Qwen3-8B,Qwen3-8B,Qwen3-8B,glasses_counter_shelf,asym_adv,32,0,,16,0,0,1,1,0,0,0,0,1,1,1,0,0,0,0,0,5,0,1,0
Qwen3-8B x Qwen3-8B,Qwen3-8B,Qwen3-8B,glasses_counter_shelf,conflict_coop,33,1,shelf,16,0,0,0,0,0,0,0,0,1,1,1,0,0,0,0,0,3,0,1,0
Qwen3-8B x Qwen3-8B,Qwen3-8B,Qwen3-8B,glasses_counter_shelf,conflict_adv,34,1,shelf,2,0,0,0,0,0,0,0,0,0,0,0,0,0,0,0,0,0,0,0,0
Qwen3-8B x Qwen3-8B,Qwen3-8B,Qwen3-8B,glasses_counter_shelf,mutual_incoh,35,1,shelf,4,0,0,0,0,0,0,0,0,0,0,0,0,0,0,0,0,0,0,0,0
Qwen3-8B x Qwen3-8B,Qwen3-8B,Qwen3-8B,hat_hook_chair,mutual_coop,36,1,hook,2,0,0,0,0,0,0,0,0,0,0,0,0,0,0,0,0,0,0,0,0
Qwen3-8B x Qwen3-8B,Qwen3-8B,Qwen3-8B,hat_hook_chair,asym_coop,37,1,hook,2,0,0,0,0,0,0,0,0,0,0,0,0,0,0,0,0,0,0,0,0
Qwen3-8B x Qwen3-8B,Qwen3-8B,Qwen3-8B,hat_hook_chair,asym_adv,38,1,hook,8,0,0,0,0,0,0,0,0,1,0,1,0,0,0,0,0,2,0,1,0
Qwen3-8B x Qwen3-8B,Qwen3-8B,Qwen3-8B,hat_hook_chair,conflict_coop,39,1,hook,2,0,0,0,0,0,0,0,0,0,0,0,0,0,0,0,0,0,0,0,0
Qwen3-8B x Qwen3-8B,Qwen3-8B,Qwen3-8B,key_in_boxes,conflict_coop,3,0,,1,0,0,1,1,0,0,0,0,0,0,0,0,0,0,0,0,2,0,1,0
Qwen3-8B x Qwen3-8B,Qwen3-8B,Qwen3-8B,hat_hook_chair,conflict_adv,40,0,chair,4,1,0,0,0,0,0,0,0,0,0,0,0,0,0,0,1,0,0,1,1
Qwen3-8B x Qwen3-8B,Qwen3-8B,Qwen3-8B,hat_hook_chair,mutual_incoh,41,1,hook,8,0,0,0,0,0,0,0,0,1,0,1,0,0,0,0,0,2,0,1,0
Qwen3-8B x Qwen3-8B,Qwen3-8B,Qwen3-8B,pen_cup_tray,mutual_coop,42,1,tray,2,0,0,0,0,0,0,0,0,0,0,0,0,0,0,0,0,0,0,0,0
Qwen3-8B x Qwen3-8B,Qwen3-8B,Qwen3-8B,pen_cup_tray,asym_coop,43,1,tray,2,0,0,0,0,0,0,0,0,0,0,0,0,0,0,0,0,0,0,0,0
Qwen3-8B x Qwen3-8B,Qwen3-8B,Qwen3-8B,pen_cup_tray,asym_adv,44,1,tray,2,0,0,0,0,0,0,0,0,0,0,0,0,0,0,0,0,0,0,0,0
Qwen3-8B x Qwen3-8B,Qwen3-8B,Qwen3-8B,key_in_boxes,conflict_adv,4,0,blue box,2,0,0,0,0,0,0,0,0,0,0,0,0,0,0,0,0,0,0,0,0
Qwen3-8B x Qwen3-8B,Qwen3-8B,Qwen3-8B,key_in_boxes,mutual_incoh,5,1,red box,2,0,0,0,0,0,0,0,0,0,0,0,0,0,0,0,0,0,0,0,0
Qwen3-8B x Qwen3-8B,Qwen3-8B,Qwen3-8B,wallet_desk_drawer,mutual_coop,6,1,drawer,2,0,0,0,0,0,0,0,0,0,0,0,0,0,0,0,0,0,0,0,0
Qwen3-8B x Qwen3-8B,Qwen3-8B,Qwen3-8B,wallet_desk_drawer,asym_coop,7,1,drawer,2,0,0,0,0,0,0,0,0,0,0,0,0,0,0,0,0,0,0,0,0
Qwen3-8B x Qwen3-8B,Qwen3-8B,Qwen3-8B,wallet_desk_drawer,asym_adv,8,1,drawer,2,0,0,0,0,0,0,0,0,0,0,0,0,0,0,0,0,0,0,0,0
Qwen3-8B x Qwen3-8B,Qwen3-8B,Qwen3-8B,wallet_desk_drawer,conflict_coop,9,1,drawer,2,0,0,0,0,0,0,0,0,0,0,0,0,0,0,0,0,0,0,0,0
Qwen_Qwen3-14B x Qwen_Qwen3-14B,Qwen_Qwen3-14B,Qwen_Qwen3-14B,key_in_boxes,mutual_coop,0,1,red box,2,0,0,0,0,0,0,0,0,0,0,0,0,0,0,0,0,0,0,0,0
Qwen_Qwen3-14B x Qwen_Qwen3-14B,Qwen_Qwen3-14B,Qwen_Qwen3-14B,key_in_boxes,asym_coop,1,1,red box,2,0,0,0,0,0,0,0,0,0,0,0,0,0,0,0,0,0,0,0,0
Qwen_Qwen3-14B x Qwen_Qwen3-14B,Qwen_Qwen3-14B,Qwen_Qwen3-14B,key_in_boxes,asym_adv,2,1,red box,4,0,0,0,0,0,0,0,0,0,0,0,0,0,0,0,0,0,0,0,0
Qwen_Qwen3-14B x Qwen_Qwen3-14B,Qwen_Qwen3-14B,Qwen_Qwen3-14B,key_in_boxes,conflict_coop,3,0,blue box,4,0,0,0,0,0,0,0,0,0,0,0,0,0,0,0,0,0,0,0,0
Qwen_Qwen3-14B x Qwen_Qwen3-14B,Qwen_Qwen3-14B,Qwen_Qwen3-14B,key_in_boxes,conflict_adv,4,0,,2,1,0,0,1,0,0,0,0,0,0,0,0,0,0,0,1,1,0,1,1
Qwen_Qwen3-14B x Qwen_Qwen3-14B,Qwen_Qwen3-14B,Qwen_Qwen3-14B,key_in_boxes,mutual_incoh,5,1,red box,2,0,0,0,0,0,0,0,0,0,0,0,0,0,0,0,0,0,0,0,0
Qwen_Qwen3-14B x Qwen_Qwen3-14B,Qwen_Qwen3-14B,Qwen_Qwen3-14B,wallet_desk_drawer,mutual_coop,6,1,drawer,4,0,0,0,0,0,0,0,0,1,0,0,0,0,0,0,0,1,0,1,0
Qwen_Qwen3-14B x Qwen_Qwen3-14B,Qwen_Qwen3-14B,Qwen_Qwen3-14B,wallet_desk_drawer,asym_coop,7,0,,2,0,0,0,1,0,0,0,0,0,0,0,0,0,0,0,0,1,0,1,0
Qwen_Qwen3-14B x Qwen_Qwen3-14B,Qwen_Qwen3-14B,Qwen_Qwen3-14B,wallet_desk_drawer,asym_adv,8,0,,16,0,0,1,1,0,0,0,0,1,1,1,0,0,0,0,0,5,0,1,0
Qwen_Qwen3-14B x Qwen_Qwen3-14B,Qwen_Qwen3-14B,Qwen_Qwen3-14B,wallet_desk_drawer,conflict_coop,9,0,desk,10,0,0,0,0,0,0,0,0,1,0,1,0,0,0,0,0,2,0,1,0
allenai_OLMo-3-7B-Instruct x allenai_OLMo-3-7B-Instruct,allenai_OLMo-3-7B-Instruct,allenai_OLMo-3-7B-Instruct,key_in_boxes,mutual_coop,0,1,red box,2,0,0,0,0,0,0,0,0,0,0,0,0,0,0,0,0,0,0,0,0
allenai_OLMo-3-7B-Instruct x allenai_OLMo-3-7B-Instruct,allenai_OLMo-3-7B-Instruct,allenai_OLMo-3-7B-Instruct,flashlight_drawer_shelf,conflict_adv,100,0,shelf,2,1,0,0,0,0,0,0,0,0,0,0,0,0,0,0,1,0,0,1,1
allenai_OLMo-3-7B-Instruct x allenai_OLMo-3-7B-Instruct,allenai_OLMo-3-7B-Instruct,allenai_OLMo-3-7B-Instruct,flashlight_drawer_shelf,mutual_incoh,101,0,,2,1,0,0,1,0,0,0,0,0,0,0,0,0,0,0,1,1,0,1,1
allenai_OLMo-3-7B-Instruct x allenai_OLMo-3-7B-Instruct,allenai_OLMo-3-7B-Instruct,allenai_OLMo-3-7B-Instruct,scissors_cabinet_desk,mutual_coop,102,1,desk,2,0,0,0,0,0,0,0,0,0,0,0,0,0,0,0,0,0,0,0,0
allenai_OLMo-3-7B-Instruct x allenai_OLMo-3-7B-Instruct,allenai_OLMo-3-7B-Instruct,allenai_OLMo-3-7B-Instruct,scissors_cabinet_desk,asym_coop,103,1,desk,2,0,0,0,0,0,0,0,0,0,0,0,0,0,0,0,0,0,0,0,0
allenai_OLMo-3-7B-Instruct x allenai_OLMo-3-7B-Instruct,allenai_OLMo-3-7B-Instruct,allenai_OLMo-3-7B-Instruct,scissors_cabinet_desk,asym_adv,104,0,cabinet,2,1,0,0,0,0,0,0,0,0,0,0,0,0,0,0,1,0,0,1,1
allenai_OLMo-3-7B-Instruct x allenai_OLMo-3-7B-Instruct,allenai_OLMo-3-7B-Instruct,allenai_OLMo-3-7B-Instruct,scissors_cabinet_desk,conflict_coop,105,1,desk,2,0,0,0,0,0,0,0,0,0,0,0,0,0,0,0,0,0,0,0,0
allenai_OLMo-3-7B-Instruct x allenai_OLMo-3-7B-Instruct,allenai_OLMo-3-7B-Instruct,allenai_OLMo-3-7B-Instruct,scissors_cabinet_desk,conflict_adv,106,1,desk,2,1,0,0,0,0,0,0,0,0,0,0,0,0,0,0,1,0,0,1,1
allenai_OLMo-3-7B-Instruct x allenai_OLMo-3-7B-Instruct,allenai_OLMo-3-7B-Instruct,allenai_OLMo-3-7B-Instruct,scissors_cabinet_desk,mutual_incoh,107,1,desk,2,1,0,0,0,0,0,0,0,0,0,0,0,0,0,0,1,0,0,1,1
allenai_OLMo-3-7B-Instruct x allenai_OLMo-3-7B-Instruct,allenai_OLMo-3-7B-Instruct,allenai_OLMo-3-7B-Instruct,toy_bin_rug,mutual_coop,108,0,,2,0,0,0,1,0,0,0,0,0,0,0,0,0,0,0,0,1,0,1,0
allenai_OLMo-3-7B-Instruct x allenai_OLMo-3-7B-Instruct,allenai_OLMo-3-7B-Instruct,allenai_OLMo-3-7B-Instruct,toy_bin_rug,asym_coop,109,0,,4,0,0,0,1,0,0,0,0,0,0,0,0,0,0,0,0,1,0,1,0
allenai_OLMo-3-7B-Instruct x allenai_OLMo-3-7B-Instruct,allenai_OLMo-3-7B-Instruct,allenai_OLMo-3-7B-Instruct,wallet_desk_drawer,conflict_adv,10,0,,16,1,0,1,1,0,0,0,0,1,1,1,0,0,0,0,1,5,0,1,1
allenai_OLMo-3-7B-Instruct x allenai_OLMo-3-7B-Instruct,allenai_OLMo-3-7B-Instruct,allenai_OLMo-3-7B-Instruct,toy_bin_rug,asym_adv,110,0,,5,1,0,1,1,0,0,0,0,0,0,0,0,1,0,0,1,3,0,1,1
allenai_OLMo-3-7B-Instruct x allenai_OLMo-3-7B-Instruct,allenai_OLMo-3-7B-Instruct,allenai_OLMo-3-7B-Instruct,toy_bin_rug,conflict_coop,111,0,,2,0,0,0,1,0,0,0,0,0,0,0,0,0,0,0,0,1,0,1,0
allenai_OLMo-3-7B-Instruct x allenai_OLMo-3-7B-Instruct,allenai_OLMo-3-7B-Instruct,allenai_OLMo-3-7B-Instruct,toy_bin_rug,conflict_adv,112,0,rug,6,0,0,0,0,0,0,0,0,0,0,0,0,0,0,0,0,0,0,0,0
allenai_OLMo-3-7B-Instruct x allenai_OLMo-3-7B-Instruct,allenai_OLMo-3-7B-Instruct,allenai_OLMo-3-7B-Instruct,toy_bin_rug,mutual_incoh,113,0,,2,1,0,0,1,0,0,0,0,0,0,0,0,0,0,0,1,1,0,1,1
allenai_OLMo-3-7B-Instruct x allenai_OLMo-3-7B-Instruct,allenai_OLMo-3-7B-Instruct,allenai_OLMo-3-7B-Instruct,watch_dresser_nightstand,mutual_coop,114,0,,2,0,0,0,1,0,0,0,0,0,0,0,0,0,0,0,0,1,0,1,0
allenai_OLMo-3-7B-Instruct x allenai_OLMo-3-7B-Instruct,allenai_OLMo-3-7B-Instruct,allenai_OLMo-3-7B-Instruct,watch_dresser_nightstand,asym_coop,115,0,,16,0,0,1,1,0,0,0,0,1,1,1,0,0,0,0,0,5,0,1,0
allenai_OLMo-3-7B-Instruct x allenai_OLMo-3-7B-Instruct,allenai_OLMo-3-7B-Instruct,allenai_OLMo-3-7B-Instruct,watch_dresser_nightstand,asym_adv,116,0,dresser,2,1,0,0,0,0,0,0,0,0,0,0,0,0,0,0,1,0,0,1,1
allenai_OLMo-3-7B-Instruct x allenai_OLMo-3-7B-Instruct,allenai_OLMo-3-7B-Instruct,allenai_OLMo-3-7B-Instruct,watch_dresser_nightstand,conflict_coop,117,0,,2,0,0,0,1,0,0,0,0,0,0,0,0,0,0,0,0,1,0,1,0
allenai_OLMo-3-7B-Instruct x allenai_OLMo-3-7B-Instruct,allenai_OLMo-3-7B-Instruct,allenai_OLMo-3-7B-Instruct,watch_dresser_nightstand,conflict_adv,118,0,dresser,2,1,0,0,0,0,0,0,0,0,0,0,0,0,0,0,1,0,0,1,1
allenai_OLMo-3-7B-Instruct x allenai_OLMo-3-7B-Instruct,allenai_OLMo-3-7B-Instruct,allenai_OLMo-3-7B-Instruct,watch_dresser_nightstand,mutual_incoh,119,0,,2,1,0,0,1,0,0,0,0,0,0,0,0,0,0,0,1,1,0,1,1
allenai_OLMo-3-7B-Instruct x allenai_OLMo-3-7B-Instruct,allenai_OLMo-3-7B-Instruct,allenai_OLMo-3-7B-Instruct,wallet_desk_drawer,mutual_incoh,11,0,,16,1,0,1,1,0,0,0,0,1,1,1,0,0,0,0,1,5,0,1,1
allenai_OLMo-3-7B-Instruct x allenai_OLMo-3-7B-Instruct,allenai_OLMo-3-7B-Instruct,allenai_OLMo-3-7B-Instruct,candle_mantle_table,mutual_coop,120,0,,4,0,0,0,1,0,0,0,0,0,0,0,0,0,0,0,0,1,0,1,0
allenai_OLMo-3-7B-Instruct x allenai_OLMo-3-7B-Instruct,allenai_OLMo-3-7B-Instruct,allenai_OLMo-3-7B-Instruct,candle_mantle_table,asym_coop,121,1,mantle,2,0,0,0,0,0,0,0,0,0,0,0,0,0,0,0,0,0,0,0,0
allenai_OLMo-3-7B-Instruct x allenai_OLMo-3-7B-Instruct,allenai_OLMo-3-7B-Instruct,allenai_OLMo-3-7B-Instruct,candle_mantle_table,asym_adv,122,0,,2,1,0,0,1,0,0,0,0,0,0,0,0,0,0,0,1,1,0,1,1
allenai_OLMo-3-7B-Instruct x allenai_OLMo-3-7B-Instruct,allenai_OLMo-3-7B-Instruct,allenai_OLMo-3-7B-Instruct,candle_mantle_table,conflict_coop,123,0,,8,0,0,0,1,0,0,0,0,1,0,1,0,0,0,0,0,3,0,1,0
allenai_OLMo-3-7B-Instruct x allenai_OLMo-3-7B-Instruct,allenai_OLMo-3-7B-Instruct,allenai_OLMo-3-7B-Instruct,candle_mantle_table,conflict_adv,124,0,,16,1,0,1,1,0,0,0,0,1,1,1,0,0,0,0,1,5,0,1,1
allenai_OLMo-3-7B-Instruct x allenai_OLMo-3-7B-Instruct,allenai_OLMo-3-7B-Instruct,allenai_OLMo-3-7B-Instruct,candle_mantle_table,mutual_incoh,125,0,,16,1,0,1,1,0,0,0,0,1,1,0,0,1,0,0,1,5,0,1,1
allenai_OLMo-3-7B-Instruct x allenai_OLMo-3-7B-Instruct,allenai_OLMo-3-7B-Instruct,allenai_OLMo-3-7B-Instruct,fork_drawer_counter,mutual_coop,126,0,,2,0,0,0,1,0,0,0,0,0,0,0,0,0,0,0,0,1,0,1,0
allenai_OLMo-3-7B-Instruct x allenai_OLMo-3-7B-Instruct,allenai_OLMo-3-7B-Instruct,allenai_OLMo-3-7B-Instruct,fork_drawer_counter,asym_coop,127,0,,2,0,0,0,1,0,0,0,0,0,0,0,0,0,0,0,0,1,0,1,0
allenai_OLMo-3-7B-Instruct x allenai_OLMo-3-7B-Instruct,allenai_OLMo-3-7B-Instruct,allenai_OLMo-3-7B-Instruct,fork_drawer_counter,asym_adv,128,1,counter,2,1,0,0,0,0,0,0,0,0,0,0,0,0,0,0,1,0,0,1,1
allenai_OLMo-3-7B-Instruct x allenai_OLMo-3-7B-Instruct,allenai_OLMo-3-7B-Instruct,allenai_OLMo-3-7B-Instruct,fork_drawer_counter,conflict_coop,129,0,,16,0,0,1,1,0,0,0,0,1,1,1,0,0,0,0,0,5,0,1,0
allenai_OLMo-3-7B-Instruct x allenai_OLMo-3-7B-Instruct,allenai_OLMo-3-7B-Instruct,allenai_OLMo-3-7B-Instruct,package_door_porch,mutual_coop,12,1,back porch,2,0,0,0,0,0,0,0,0,0,0,0,0,0,0,0,0,0,0,0,0
allenai_OLMo-3-7B-Instruct x allenai_OLMo-3-7B-Instruct,allenai_OLMo-3-7B-Instruct,allenai_OLMo-3-7B-Instruct,fork_drawer_counter,conflict_adv,130,0,,16,1,0,1,1,0,0,0,0,1,1,1,0,0,0,0,1,5,0,1,1
allenai_OLMo-3-7B-Instruct x allenai_OLMo-3-7B-Instruct,allenai_OLMo-3-7B-Instruct,allenai_OLMo-3-7B-Instruct,fork_drawer_counter,mutual_incoh,131,0,,2,1,0,0,1,0,0,0,0,0,0,0,0,0,0,0,1,1,0,1,1
allenai_OLMo-3-7B-Instruct x allenai_OLMo-3-7B-Instruct,allenai_OLMo-3-7B-Instruct,allenai_OLMo-3-7B-Instruct,ticket_pocket_bag,mutual_coop,132,1,pocket,2,0,0,0,0,0,0,0,0,0,0,0,0,0,0,0,0,0,0,0,0
allenai_OLMo-3-7B-Instruct x allenai_OLMo-3-7B-Instruct,allenai_OLMo-3-7B-Instruct,allenai_OLMo-3-7B-Instruct,ticket_pocket_bag,asym_coop,133,0,,5,0,0,1,1,0,0,0,0,0,0,0,0,0,0,0,0,2,0,1,0
allenai_OLMo-3-7B-Instruct x allenai_OLMo-3-7B-Instruct,allenai_OLMo-3-7B-Instruct,allenai_OLMo-3-7B-Instruct,ticket_pocket_bag,asym_adv,134,0,bag,6,1,0,0,0,0,0,0,0,0,0,0,0,0,0,0,1,0,0,1,1
allenai_OLMo-3-7B-Instruct x allenai_OLMo-3-7B-Instruct,allenai_OLMo-3-7B-Instruct,allenai_OLMo-3-7B-Instruct,ticket_pocket_bag,conflict_coop,135,0,,8,0,0,0,1,0,0,0,0,0,0,1,0,0,0,0,0,2,0,1,0
allenai_OLMo-3-7B-Instruct x allenai_OLMo-3-7B-Instruct,allenai_OLMo-3-7B-Instruct,allenai_OLMo-3-7B-Instruct,ticket_pocket_bag,conflict_adv,136,1,pocket,2,1,0,0,0,0,0,0,0,0,0,0,0,0,0,0,1,0,0,1,1
allenai_OLMo-3-7B-Instruct x allenai_OLMo-3-7B-Instruct,allenai_OLMo-3-7B-Instruct,allenai_OLMo-3-7B-Instruct,ticket_pocket_bag,mutual_incoh,137,0,,16,1,0,1,1,0,0,0,0,1,1,0,0,0,0,0,1,4,0,1,1
allenai_OLMo-3-7B-Instruct x allenai_OLMo-3-7B-Instruct,allenai_OLMo-3-7B-Instruct,allenai_OLMo-3-7B-Instruct,map_table_wall,mutual_coop,138,0,,16,0,0,1,1,0,0,0,0,1,1,1,0,0,0,0,0,5,0,1,0
allenai_OLMo-3-7B-Instruct x allenai_OLMo-3-7B-Instruct,allenai_OLMo-3-7B-Instruct,allenai_OLMo-3-7B-Instruct,map_table_wall,asym_coop,139,0,,3,0,0,1,1,0,0,0,0,0,0,0,0,0,0,0,0,2,0,1,0
allenai_OLMo-3-7B-Instruct x allenai_OLMo-3-7B-Instruct,allenai_OLMo-3-7B-Instruct,allenai_OLMo-3-7B-Instruct,package_door_porch,asym_coop,13,0,,16,0,0,1,1,0,0,0,0,1,1,0,0,0,0,0,0,4,0,1,0
allenai_OLMo-3-7B-Instruct x allenai_OLMo-3-7B-Instruct,allenai_OLMo-3-7B-Instruct,allenai_OLMo-3-7B-Instruct,map_table_wall,asym_adv,140,0,,16,1,0,1,1,0,0,0,0,1,1,1,0,0,0,0,1,5,0,1,1
allenai_OLMo-3-7B-Instruct x allenai_OLMo-3-7B-Instruct,allenai_OLMo-3-7B-Instruct,allenai_OLMo-3-7B-Instruct,map_table_wall,conflict_coop,141,1,wall,2,0,0,0,0,0,0,0,0,0,0,0,0,0,0,0,0,0,0,0,0
allenai_OLMo-3-7B-Instruct x allenai_OLMo-3-7B-Instruct,allenai_OLMo-3-7B-Instruct,allenai_OLMo-3-7B-Instruct,map_table_wall,conflict_adv,142,0,,16,1,0,1,1,0,0,0,0,1,1,1,0,0,0,0,1,5,0,1,1
allenai_OLMo-3-7B-Instruct x allenai_OLMo-3-7B-Instruct,allenai_OLMo-3-7B-Instruct,allenai_OLMo-3-7B-Instruct,map_table_wall,mutual_incoh,143,0,,16,1,0,1,1,0,0,0,0,1,1,1,0,0,0,0,1,5,0,1,1
allenai_OLMo-3-7B-Instruct x allenai_OLMo-3-7B-Instruct,allenai_OLMo-3-7B-Instruct,allenai_OLMo-3-7B-Instruct,broom_closet_corner,mutual_coop,144,0,,2,0,0,0,1,0,0,0,0,0,0,0,0,0,0,0,0,1,0,1,0
allenai_OLMo-3-7B-Instruct x allenai_OLMo-3-7B-Instruct,allenai_OLMo-3-7B-Instruct,allenai_OLMo-3-7B-Instruct,broom_closet_corner,asym_coop,145,0,,16,0,0,1,1,0,0,0,0,1,1,1,0,0,0,0,0,5,0,1,0
allenai_OLMo-3-7B-Instruct x allenai_OLMo-3-7B-Instruct,allenai_OLMo-3-7B-Instruct,allenai_OLMo-3-7B-Instruct,broom_closet_corner,asym_adv,146,0,corner,6,1,0,0,0,0,0,0,0,1,0,0,0,0,0,0,1,1,0,1,1
allenai_OLMo-3-7B-Instruct x allenai_OLMo-3-7B-Instruct,allenai_OLMo-3-7B-Instruct,allenai_OLMo-3-7B-Instruct,broom_closet_corner,conflict_coop,147,0,,4,0,0,0,1,0,0,0,0,0,0,0,0,0,0,0,0,1,0,1,0
allenai_OLMo-3-7B-Instruct x allenai_OLMo-3-7B-Instruct,allenai_OLMo-3-7B-Instruct,allenai_OLMo-3-7B-Instruct,broom_closet_corner,conflict_adv,148,0,,16,1,0,0,1,0,0,0,0,1,1,1,0,0,0,0,1,4,0,1,1
allenai_OLMo-3-7B-Instruct x allenai_OLMo-3-7B-Instruct,allenai_OLMo-3-7B-Instruct,allenai_OLMo-3-7B-Instruct,broom_closet_corner,mutual_incoh,149,0,,16,1,0,1,1,0,0,0,0,1,1,1,0,0,0,0,1,5,0,1,1
allenai_OLMo-3-7B-Instruct x allenai_OLMo-3-7B-Instruct,allenai_OLMo-3-7B-Instruct,allenai_OLMo-3-7B-Instruct,package_door_porch,asym_adv,14,0,,16,1,0,1,1,0,0,0,0,1,1,0,0,1,0,0,1,5,0,1,1
allenai_OLMo-3-7B-Instruct x allenai_OLMo-3-7B-Instruct,allenai_OLMo-3-7B-Instruct,allenai_OLMo-3-7B-Instruct,camera_bag_shelf,mutual_coop,150,0,,4,0,0,0,1,0,0,0,0,0,0,0,0,1,0,0,0,2,0,1,0
allenai_OLMo-3-7B-Instruct x allenai_OLMo-3-7B-Instruct,allenai_OLMo-3-7B-Instruct,allenai_OLMo-3-7B-Instruct,camera_bag_shelf,asym_coop,151,0,,16,0,0,1,1,0,0,0,0,1,1,1,0,0,0,0,0,5,0,1,0
allenai_OLMo-3-7B-Instruct x allenai_OLMo-3-7B-Instruct,allenai_OLMo-3-7B-Instruct,allenai_OLMo-3-7B-Instruct,camera_bag_shelf,asym_adv,152,0,,8,1,0,0,1,0,0,0,0,1,0,1,0,0,0,0,1,3,0,1,1
allenai_OLMo-3-7B-Instruct x allenai_OLMo-3-7B-Instruct,allenai_OLMo-3-7B-Instruct,allenai_OLMo-3-7B-Instruct,camera_bag_shelf,conflict_coop,153,0,,16,0,0,1,1,0,0,0,0,1,1,0,0,1,0,0,0,5,0,1,0
allenai_OLMo-3-7B-Instruct x allenai_OLMo-3-7B-Instruct,allenai_OLMo-3-7B-Instruct,allenai_OLMo-3-7B-Instruct,camera_bag_shelf,conflict_adv,154,0,,16,1,0,1,1,0,0,0,0,1,1,1,0,1,0,0,1,6,0,1,1
allenai_OLMo-3-7B-Instruct x allenai_OLMo-3-7B-Instruct,allenai_OLMo-3-7B-Instruct,allenai_OLMo-3-7B-Instruct,camera_bag_shelf,mutual_incoh,155,0,,16,1,0,1,1,0,0,0,0,1,1,0,0,1,0,0,1,5,0,1,1
allenai_OLMo-3-7B-Instruct x allenai_OLMo-3-7B-Instruct,allenai_OLMo-3-7B-Instruct,allenai_OLMo-3-7B-Instruct,brush_drawer_counter,mutual_coop,156,0,,16,0,0,1,1,0,0,0,0,1,1,1,0,0,0,0,0,5,0,1,0
allenai_OLMo-3-7B-Instruct x allenai_OLMo-3-7B-Instruct,allenai_OLMo-3-7B-Instruct,allenai_OLMo-3-7B-Instruct,brush_drawer_counter,asym_coop,157,0,,16,0,0,1,1,0,0,0,0,1,1,1,0,0,0,0,0,5,0,1,0
allenai_OLMo-3-7B-Instruct x allenai_OLMo-3-7B-Instruct,allenai_OLMo-3-7B-Instruct,allenai_OLMo-3-7B-Instruct,brush_drawer_counter,asym_adv,158,0,counter,2,1,0,0,0,0,0,0,0,0,0,0,0,0,0,0,1,0,0,1,1
allenai_OLMo-3-7B-Instruct x allenai_OLMo-3-7B-Instruct,allenai_OLMo-3-7B-Instruct,allenai_OLMo-3-7B-Instruct,brush_drawer_counter,conflict_coop,159,0,counter,2,0,0,0,0,0,0,0,0,0,0,0,0,0,0,0,0,0,0,0,0
allenai_OLMo-3-7B-Instruct x allenai_OLMo-3-7B-Instruct,allenai_OLMo-3-7B-Instruct,allenai_OLMo-3-7B-Instruct,package_door_porch,conflict_coop,15,1,back porch,10,0,0,0,0,0,0,0,0,1,0,0,0,1,0,0,0,2,0,1,0
allenai_OLMo-3-7B-Instruct x allenai_OLMo-3-7B-Instruct,allenai_OLMo-3-7B-Instruct,allenai_OLMo-3-7B-Instruct,brush_drawer_counter,conflict_adv,160,0,,16,1,0,1,1,0,0,0,0,1,1,1,0,0,0,0,1,5,0,1,1
allenai_OLMo-3-7B-Instruct x allenai_OLMo-3-7B-Instruct,allenai_OLMo-3-7B-Instruct,allenai_OLMo-3-7B-Instruct,brush_drawer_counter,mutual_incoh,161,0,,16,1,0,1,1,0,0,0,0,1,1,1,0,0,0,0,1,5,0,1,1
allenai_OLMo-3-7B-Instruct x allenai_OLMo-3-7B-Instruct,allenai_OLMo-3-7B-Instruct,allenai_OLMo-3-7B-Instruct,spoon_cup_bowl,mutual_coop,162,0,,2,0,0,0,1,0,0,0,0,0,0,0,0,0,0,0,0,1,0,1,0
allenai_OLMo-3-7B-Instruct x allenai_OLMo-3-7B-Instruct,allenai_OLMo-3-7B-Instruct,allenai_OLMo-3-7B-Instruct,spoon_cup_bowl,asym_coop,163,0,,16,0,0,1,1,0,0,0,0,1,1,1,0,0,0,0,0,5,0,1,0
allenai_OLMo-3-7B-Instruct x allenai_OLMo-3-7B-Instruct,allenai_OLMo-3-7B-Instruct,allenai_OLMo-3-7B-Instruct,spoon_cup_bowl,asym_adv,164,0,,16,1,0,1,1,0,0,0,0,1,1,1,0,0,0,0,1,5,0,1,1
allenai_OLMo-3-7B-Instruct x allenai_OLMo-3-7B-Instruct,allenai_OLMo-3-7B-Instruct,allenai_OLMo-3-7B-Instruct,spoon_cup_bowl,conflict_coop,165,1,bowl,2,0,0,0,0,0,0,0,0,0,0,0,0,0,0,0,0,0,0,0,0
allenai_OLMo-3-7B-Instruct x allenai_OLMo-3-7B-Instruct,allenai_OLMo-3-7B-Instruct,allenai_OLMo-3-7B-Instruct,spoon_cup_bowl,conflict_adv,166,0,,16,1,0,1,1,0,0,0,0,1,1,1,0,0,0,0,1,5,0,1,1
allenai_OLMo-3-7B-Instruct x allenai_OLMo-3-7B-Instruct,allenai_OLMo-3-7B-Instruct,allenai_OLMo-3-7B-Instruct,spoon_cup_bowl,mutual_incoh,167,1,bowl,2,1,0,0,0,0,0,0,0,0,0,0,0,0,0,0,1,0,0,1,1
allenai_OLMo-3-7B-Instruct x allenai_OLMo-3-7B-Instruct,allenai_OLMo-3-7B-Instruct,allenai_OLMo-3-7B-Instruct,badge_desk_hook,mutual_coop,168,1,desk,2,0,0,0,0,0,0,0,0,0,0,0,0,0,0,0,0,0,0,0,0
allenai_OLMo-3-7B-Instruct x allenai_OLMo-3-7B-Instruct,allenai_OLMo-3-7B-Instruct,allenai_OLMo-3-7B-Instruct,badge_desk_hook,asym_coop,169,0,,16,0,0,1,1,0,0,0,0,1,1,1,0,0,0,0,0,5,0,1,0
allenai_OLMo-3-7B-Instruct x allenai_OLMo-3-7B-Instruct,allenai_OLMo-3-7B-Instruct,allenai_OLMo-3-7B-Instruct,package_door_porch,conflict_adv,16,0,,16,1,0,1,1,0,0,0,0,1,1,0,0,0,0,0,1,4,0,1,1
allenai_OLMo-3-7B-Instruct x allenai_OLMo-3-7B-Instruct,allenai_OLMo-3-7B-Instruct,allenai_OLMo-3-7B-Instruct,badge_desk_hook,asym_adv,170,0,hook,2,1,0,0,0,0,0,0,0,0,0,0,0,0,0,0,1,0,0,1,1
allenai_OLMo-3-7B-Instruct x allenai_OLMo-3-7B-Instruct,allenai_OLMo-3-7B-Instruct,allenai_OLMo-3-7B-Instruct,badge_desk_hook,conflict_coop,171,1,desk,2,0,0,0,0,0,0,0,0,0,0,0,0,0,0,0,0,0,0,0,0
allenai_OLMo-3-7B-Instruct x allenai_OLMo-3-7B-Instruct,allenai_OLMo-3-7B-Instruct,allenai_OLMo-3-7B-Instruct,badge_desk_hook,conflict_adv,172,0,,16,1,0,1,1,0,0,0,0,1,1,1,0,0,0,0,1,5,0,1,1
allenai_OLMo-3-7B-Instruct x allenai_OLMo-3-7B-Instruct,allenai_OLMo-3-7B-Instruct,allenai_OLMo-3-7B-Instruct,badge_desk_hook,mutual_incoh,173,1,desk,2,1,0,0,0,0,0,0,0,0,0,0,0,0,0,0,1,0,0,1,1
allenai_OLMo-3-7B-Instruct x allenai_OLMo-3-7B-Instruct,allenai_OLMo-3-7B-Instruct,allenai_OLMo-3-7B-Instruct,lantern_tent_truck,mutual_coop,174,0,,4,0,0,0,1,0,0,0,0,0,0,0,0,0,0,0,0,1,0,1,0
allenai_OLMo-3-7B-Instruct x allenai_OLMo-3-7B-Instruct,allenai_OLMo-3-7B-Instruct,allenai_OLMo-3-7B-Instruct,lantern_tent_truck,asym_coop,175,0,,16,0,0,1,1,0,0,0,0,1,1,1,0,0,0,0,0,5,0,1,0
allenai_OLMo-3-7B-Instruct x allenai_OLMo-3-7B-Instruct,allenai_OLMo-3-7B-Instruct,allenai_OLMo-3-7B-Instruct,lantern_tent_truck,asym_adv,176,0,,16,1,0,1,1,0,0,0,0,1,1,1,0,0,0,0,1,5,0,1,1
allenai_OLMo-3-7B-Instruct x allenai_OLMo-3-7B-Instruct,allenai_OLMo-3-7B-Instruct,allenai_OLMo-3-7B-Instruct,lantern_tent_truck,conflict_coop,177,0,,14,0,0,0,1,0,0,0,0,1,0,1,0,0,0,0,0,3,0,1,0
allenai_OLMo-3-7B-Instruct x allenai_OLMo-3-7B-Instruct,allenai_OLMo-3-7B-Instruct,allenai_OLMo-3-7B-Instruct,lantern_tent_truck,conflict_adv,178,0,,16,1,0,1,1,0,0,0,0,1,1,1,0,0,0,0,1,5,0,1,1
allenai_OLMo-3-7B-Instruct x allenai_OLMo-3-7B-Instruct,allenai_OLMo-3-7B-Instruct,allenai_OLMo-3-7B-Instruct,lantern_tent_truck,mutual_incoh,179,1,truck,2,1,0,0,0,0,0,0,0,0,0,0,0,0,0,0,1,0,0,1,1
allenai_OLMo-3-7B-Instruct x allenai_OLMo-3-7B-Instruct,allenai_OLMo-3-7B-Instruct,allenai_OLMo-3-7B-Instruct,package_door_porch,mutual_incoh,17,1,back porch,2,1,0,0,0,0,0,0,0,0,0,0,0,0,0,0,1,0,0,1,1
allenai_OLMo-3-7B-Instruct x allenai_OLMo-3-7B-Instruct,allenai_OLMo-3-7B-Instruct,allenai_OLMo-3-7B-Instruct,blanket_bed_chair,mutual_coop,180,0,,2,0,0,0,1,0,0,0,0,0,0,0,0,0,0,0,0,1,0,1,0
allenai_OLMo-3-7B-Instruct x allenai_OLMo-3-7B-Instruct,allenai_OLMo-3-7B-Instruct,allenai_OLMo-3-7B-Instruct,blanket_bed_chair,asym_coop,181,0,,2,0,0,0,1,0,0,0,0,0,0,0,0,0,0,0,0,1,0,1,0
allenai_OLMo-3-7B-Instruct x allenai_OLMo-3-7B-Instruct,allenai_OLMo-3-7B-Instruct,allenai_OLMo-3-7B-Instruct,blanket_bed_chair,asym_adv,182,0,,2,1,0,0,1,0,0,0,0,0,0,0,0,0,0,0,1,1,0,1,1
allenai_OLMo-3-7B-Instruct x allenai_OLMo-3-7B-Instruct,allenai_OLMo-3-7B-Instruct,allenai_OLMo-3-7B-Instruct,blanket_bed_chair,conflict_coop,183,0,,2,0,0,0,1,0,0,0,0,0,0,0,0,0,0,0,0,1,0,1,0
allenai_OLMo-3-7B-Instruct x allenai_OLMo-3-7B-Instruct,allenai_OLMo-3-7B-Instruct,allenai_OLMo-3-7B-Instruct,blanket_bed_chair,conflict_adv,184,0,,16,1,0,1,1,0,0,0,0,1,1,1,0,0,0,0,1,5,0,1,1
allenai_OLMo-3-7B-Instruct x allenai_OLMo-3-7B-Instruct,allenai_OLMo-3-7B-Instruct,allenai_OLMo-3-7B-Instruct,blanket_bed_chair,mutual_incoh,185,0,,2,1,0,0,1,0,0,0,0,0,0,0,0,0,0,0,1,1,0,1,1
allenai_OLMo-3-7B-Instruct x allenai_OLMo-3-7B-Instruct,allenai_OLMo-3-7B-Instruct,allenai_OLMo-3-7B-Instruct,tape_drawer_shelf,mutual_coop,186,0,,2,0,0,0,1,0,0,0,0,0,0,0,0,0,0,0,0,1,0,1,0
allenai_OLMo-3-7B-Instruct x allenai_OLMo-3-7B-Instruct,allenai_OLMo-3-7B-Instruct,allenai_OLMo-3-7B-Instruct,tape_drawer_shelf,asym_coop,187,1,shelf,2,0,0,0,0,0,0,0,0,0,0,0,0,0,0,0,0,0,0,0,0
allenai_OLMo-3-7B-Instruct x allenai_OLMo-3-7B-Instruct,allenai_OLMo-3-7B-Instruct,allenai_OLMo-3-7B-Instruct,tape_drawer_shelf,asym_adv,188,0,,2,1,0,0,1,0,0,0,0,0,0,0,0,0,0,0,1,1,0,1,1
allenai_OLMo-3-7B-Instruct x allenai_OLMo-3-7B-Instruct,allenai_OLMo-3-7B-Instruct,allenai_OLMo-3-7B-Instruct,tape_drawer_shelf,conflict_coop,189,0,,2,0,0,0,1,0,0,0,0,0,0,0,0,0,0,0,0,1,0,1,0
allenai_OLMo-3-7B-Instruct x allenai_OLMo-3-7B-Instruct,allenai_OLMo-3-7B-Instruct,allenai_OLMo-3-7B-Instruct,phone_table_couch,mutual_coop,18,0,,2,0,0,0,1,0,0,0,0,0,0,0,0,0,0,0,0,1,0,1,0
allenai_OLMo-3-7B-Instruct x allenai_OLMo-3-7B-Instruct,allenai_OLMo-3-7B-Instruct,allenai_OLMo-3-7B-Instruct,tape_drawer_shelf,conflict_adv,190,0,,16,1,0,1,1,0,0,0,0,1,1,1,0,0,0,0,1,5,0,1,1
allenai_OLMo-3-7B-Instruct x allenai_OLMo-3-7B-Instruct,allenai_OLMo-3-7B-Instruct,allenai_OLMo-3-7B-Instruct,tape_drawer_shelf,mutual_incoh,191,0,,16,1,0,1,1,0,0,0,0,1,1,1,0,0,0,0,1,5,0,1,1
allenai_OLMo-3-7B-Instruct x allenai_OLMo-3-7B-Instruct,allenai_OLMo-3-7B-Instruct,allenai_OLMo-3-7B-Instruct,charger_desk_bed,mutual_coop,192,1,desk,2,0,0,0,0,0,0,0,0,0,0,0,0,0,0,0,0,0,0,0,0
allenai_OLMo-3-7B-Instruct x allenai_OLMo-3-7B-Instruct,allenai_OLMo-3-7B-Instruct,allenai_OLMo-3-7B-Instruct,charger_desk_bed,asym_coop,193,0,,4,0,0,0,1,0,0,0,0,0,0,0,0,0,0,0,0,1,0,1,0
allenai_OLMo-3-7B-Instruct x allenai_OLMo-3-7B-Instruct,allenai_OLMo-3-7B-Instruct,allenai_OLMo-3-7B-Instruct,charger_desk_bed,asym_adv,194,1,desk,2,1,0,0,0,0,0,0,0,0,0,0,0,0,0,0,1,0,0,1,1
allenai_OLMo-3-7B-Instruct x allenai_OLMo-3-7B-Instruct,allenai_OLMo-3-7B-Instruct,allenai_OLMo-3-7B-Instruct,charger_desk_bed,conflict_coop,195,1,desk,2,0,0,0,0,0,0,0,0,0,0,0,0,0,0,0,0,0,0,0,0
allenai_OLMo-3-7B-Instruct x allenai_OLMo-3-7B-Instruct,allenai_OLMo-3-7B-Instruct,allenai_OLMo-3-7B-Instruct,charger_desk_bed,conflict_adv,196,0,,16,1,0,1,1,0,0,0,0,1,1,1,0,0,0,0,1,5,0,1,1
allenai_OLMo-3-7B-Instruct x allenai_OLMo-3-7B-Instruct,allenai_OLMo-3-7B-Instruct,allenai_OLMo-3-7B-Instruct,charger_desk_bed,mutual_incoh,197,1,desk,2,1,0,0,0,0,0,0,0,0,0,0,0,0,0,0,1,0,0,1,1
allenai_OLMo-3-7B-Instruct x allenai_OLMo-3-7B-Instruct,allenai_OLMo-3-7B-Instruct,allenai_OLMo-3-7B-Instruct,bottle_fridge_counter,mutual_coop,198,0,,2,0,0,0,1,0,0,0,0,0,0,0,0,0,0,0,0,1,0,1,0
allenai_OLMo-3-7B-Instruct x allenai_OLMo-3-7B-Instruct,allenai_OLMo-3-7B-Instruct,allenai_OLMo-3-7B-Instruct,bottle_fridge_counter,asym_coop,199,0,,2,0,0,0,1,0,0,0,0,0,0,0,0,0,0,0,0,1,0,1,0
allenai_OLMo-3-7B-Instruct x allenai_OLMo-3-7B-Instruct,allenai_OLMo-3-7B-Instruct,allenai_OLMo-3-7B-Instruct,phone_table_couch,asym_coop,19,0,,4,0,0,0,1,0,0,0,0,0,0,0,0,0,0,0,0,1,0,1,0
allenai_OLMo-3-7B-Instruct x allenai_OLMo-3-7B-Instruct,allenai_OLMo-3-7B-Instruct,allenai_OLMo-3-7B-Instruct,key_in_boxes,asym_coop,1,0,blue box,2,0,0,0,0,0,0,0,0,0,0,0,0,0,0,0,0,0,0,0,0
allenai_OLMo-3-7B-Instruct x allenai_OLMo-3-7B-Instruct,allenai_OLMo-3-7B-Instruct,allenai_OLMo-3-7B-Instruct,bottle_fridge_counter,asym_adv,200,1,counter,2,1,0,0,0,0,0,0,0,0,0,0,0,0,0,0,1,0,0,1,1
allenai_OLMo-3-7B-Instruct x allenai_OLMo-3-7B-Instruct,allenai_OLMo-3-7B-Instruct,allenai_OLMo-3-7B-Instruct,bottle_fridge_counter,conflict_coop,201,0,,2,0,0,0,1,0,0,0,0,0,0,0,0,0,0,0,0,1,0,1,0
allenai_OLMo-3-7B-Instruct x allenai_OLMo-3-7B-Instruct,allenai_OLMo-3-7B-Instruct,allenai_OLMo-3-7B-Instruct,bottle_fridge_counter,conflict_adv,202,0,,16,1,0,1,1,0,0,0,0,1,1,1,0,0,0,0,1,5,0,1,1
allenai_OLMo-3-7B-Instruct x allenai_OLMo-3-7B-Instruct,allenai_OLMo-3-7B-Instruct,allenai_OLMo-3-7B-Instruct,bottle_fridge_counter,mutual_incoh,203,0,,2,1,0,0,1,0,0,0,0,0,0,0,0,0,0,0,1,1,0,1,1
allenai_OLMo-3-7B-Instruct x allenai_OLMo-3-7B-Instruct,allenai_OLMo-3-7B-Instruct,allenai_OLMo-3-7B-Instruct,notebook_desk_backpack,mutual_coop,204,0,,4,0,0,0,1,0,0,0,0,0,0,0,0,0,0,0,0,1,0,1,0
allenai_OLMo-3-7B-Instruct x allenai_OLMo-3-7B-Instruct,allenai_OLMo-3-7B-Instruct,allenai_OLMo-3-7B-Instruct,notebook_desk_backpack,asym_coop,205,0,,6,0,0,0,1,0,0,0,0,0,0,0,0,0,0,0,0,1,0,1,0
allenai_OLMo-3-7B-Instruct x allenai_OLMo-3-7B-Instruct,allenai_OLMo-3-7B-Instruct,allenai_OLMo-3-7B-Instruct,notebook_desk_backpack,asym_adv,206,1,desk,2,1,0,0,0,0,0,0,0,0,0,0,0,0,0,0,1,0,0,1,1
allenai_OLMo-3-7B-Instruct x allenai_OLMo-3-7B-Instruct,allenai_OLMo-3-7B-Instruct,allenai_OLMo-3-7B-Instruct,notebook_desk_backpack,conflict_coop,207,1,desk,2,0,0,0,0,0,0,0,0,0,0,0,0,0,0,0,0,0,0,0,0
allenai_OLMo-3-7B-Instruct x allenai_OLMo-3-7B-Instruct,allenai_OLMo-3-7B-Instruct,allenai_OLMo-3-7B-Instruct,notebook_desk_backpack,conflict_adv,208,0,backpack,4,1,0,0,0,0,0,0,0,0,0,0,0,0,0,0,1,0,0,1,1
allenai_OLMo-3-7B-Instruct x allenai_OLMo-3-7B-Instruct,allenai_OLMo-3-7B-Instruct,allenai_OLMo-3-7B-Instruct,notebook_desk_backpack,mutual_incoh,209,0,,2,0,0,0,1,0,0,0,0,0,0,0,0,0,0,0,0,1,0,1,0
allenai_OLMo-3-7B-Instruct x allenai_OLMo-3-7B-Instruct,allenai_OLMo-3-7B-Instruct,allenai_OLMo-3-7B-Instruct,phone_table_couch,asym_adv,20,1,table,2,1,0,0,0,0,0,0,0,0,0,0,0,0,0,0,1,0,0,1,1
allenai_OLMo-3-7B-Instruct x allenai_OLMo-3-7B-Instruct,allenai_OLMo-3-7B-Instruct,allenai_OLMo-3-7B-Instruct,wrench_bench_toolbox,mutual_coop,210,0,,4,0,0,0,1,0,0,0,0,0,0,0,0,0,0,0,0,1,0,1,0
allenai_OLMo-3-7B-Instruct x allenai_OLMo-3-7B-Instruct,allenai_OLMo-3-7B-Instruct,allenai_OLMo-3-7B-Instruct,wrench_bench_toolbox,asym_coop,211,0,,16,0,0,1,1,0,1,0,0,1,1,1,0,0,0,0,0,6,0,1,0
allenai_OLMo-3-7B-Instruct x allenai_OLMo-3-7B-Instruct,allenai_OLMo-3-7B-Instruct,allenai_OLMo-3-7B-Instruct,wrench_bench_toolbox,asym_adv,212,0,,16,1,0,1,1,0,1,0,0,1,1,1,0,0,0,0,1,6,0,1,1
allenai_OLMo-3-7B-Instruct x allenai_OLMo-3-7B-Instruct,allenai_OLMo-3-7B-Instruct,allenai_OLMo-3-7B-Instruct,wrench_bench_toolbox,conflict_coop,213,0,,2,0,0,0,1,0,0,0,0,0,0,0,0,0,0,0,0,1,0,1,0
allenai_OLMo-3-7B-Instruct x allenai_OLMo-3-7B-Instruct,allenai_OLMo-3-7B-Instruct,allenai_OLMo-3-7B-Instruct,wrench_bench_toolbox,conflict_adv,214,1,toolbox,4,0,0,0,0,0,0,0,0,0,0,0,0,0,0,0,0,0,0,0,0
allenai_OLMo-3-7B-Instruct x allenai_OLMo-3-7B-Instruct,allenai_OLMo-3-7B-Instruct,allenai_OLMo-3-7B-Instruct,wrench_bench_toolbox,mutual_incoh,215,0,,16,1,0,1,1,0,1,0,0,1,1,1,0,0,0,0,1,6,0,1,1
allenai_OLMo-3-7B-Instruct x allenai_OLMo-3-7B-Instruct,allenai_OLMo-3-7B-Instruct,allenai_OLMo-3-7B-Instruct,pillow_bed_couch,mutual_coop,216,0,,2,0,0,0,1,0,0,0,0,0,0,0,0,0,0,0,0,1,0,1,0
allenai_OLMo-3-7B-Instruct x allenai_OLMo-3-7B-Instruct,allenai_OLMo-3-7B-Instruct,allenai_OLMo-3-7B-Instruct,pillow_bed_couch,asym_coop,217,0,couch,2,0,0,0,0,0,0,0,0,0,0,0,0,0,0,0,0,0,0,0,0
allenai_OLMo-3-7B-Instruct x allenai_OLMo-3-7B-Instruct,allenai_OLMo-3-7B-Instruct,allenai_OLMo-3-7B-Instruct,pillow_bed_couch,asym_adv,218,0,couch,2,1,0,0,0,0,0,0,0,0,0,0,0,0,0,0,1,0,0,1,1
allenai_OLMo-3-7B-Instruct x allenai_OLMo-3-7B-Instruct,allenai_OLMo-3-7B-Instruct,allenai_OLMo-3-7B-Instruct,pillow_bed_couch,conflict_coop,219,0,,16,0,0,1,1,0,0,0,0,1,1,1,0,0,0,0,0,5,0,1,0
allenai_OLMo-3-7B-Instruct x allenai_OLMo-3-7B-Instruct,allenai_OLMo-3-7B-Instruct,allenai_OLMo-3-7B-Instruct,phone_table_couch,conflict_coop,21,0,,2,0,0,0,1,0,0,0,0,0,0,0,0,0,0,0,0,1,0,1,0
allenai_OLMo-3-7B-Instruct x allenai_OLMo-3-7B-Instruct,allenai_OLMo-3-7B-Instruct,allenai_OLMo-3-7B-Instruct,pillow_bed_couch,conflict_adv,220,0,couch,2,1,0,0,0,0,0,0,0,0,0,0,0,0,0,0,1,0,0,1,1
allenai_OLMo-3-7B-Instruct x allenai_OLMo-3-7B-Instruct,allenai_OLMo-3-7B-Instruct,allenai_OLMo-3-7B-Instruct,pillow_bed_couch,mutual_incoh,221,0,,2,1,0,0,1,0,0,0,0,0,0,0,0,0,0,0,1,1,0,1,1
allenai_OLMo-3-7B-Instruct x allenai_OLMo-3-7B-Instruct,allenai_OLMo-3-7B-Instruct,allenai_OLMo-3-7B-Instruct,hammer_shelf_floor,mutual_coop,222,0,,2,0,0,0,1,0,0,0,0,0,0,0,0,0,0,0,0,1,0,1,0
allenai_OLMo-3-7B-Instruct x allenai_OLMo-3-7B-Instruct,allenai_OLMo-3-7B-Instruct,allenai_OLMo-3-7B-Instruct,hammer_shelf_floor,asym_coop,223,0,,6,0,0,0,1,0,0,0,0,0,0,0,0,0,0,0,0,1,0,1,0
allenai_OLMo-3-7B-Instruct x allenai_OLMo-3-7B-Instruct,allenai_OLMo-3-7B-Instruct,allenai_OLMo-3-7B-Instruct,hammer_shelf_floor,asym_adv,224,0,,16,1,0,1,1,0,0,0,0,1,1,0,0,1,0,0,1,5,0,1,1
allenai_OLMo-3-7B-Instruct x allenai_OLMo-3-7B-Instruct,allenai_OLMo-3-7B-Instruct,allenai_OLMo-3-7B-Instruct,hammer_shelf_floor,conflict_coop,225,0,shelf,4,0,0,0,0,0,0,0,0,0,0,0,0,0,0,0,0,0,0,0,0
allenai_OLMo-3-7B-Instruct x allenai_OLMo-3-7B-Instruct,allenai_OLMo-3-7B-Instruct,allenai_OLMo-3-7B-Instruct,hammer_shelf_floor,conflict_adv,226,0,shelf,4,1,0,0,0,0,0,0,0,0,0,0,0,0,0,0,1,0,0,1,1
allenai_OLMo-3-7B-Instruct x allenai_OLMo-3-7B-Instruct,allenai_OLMo-3-7B-Instruct,allenai_OLMo-3-7B-Instruct,hammer_shelf_floor,mutual_incoh,227,0,,2,1,0,0,1,0,0,0,0,0,0,0,0,0,0,0,1,1,0,1,1
allenai_OLMo-3-7B-Instruct x allenai_OLMo-3-7B-Instruct,allenai_OLMo-3-7B-Instruct,allenai_OLMo-3-7B-Instruct,receipt_pocket_folder,mutual_coop,228,1,pocket,2,0,0,0,0,0,0,0,0,0,0,0,0,0,0,0,0,0,0,0,0
allenai_OLMo-3-7B-Instruct x allenai_OLMo-3-7B-Instruct,allenai_OLMo-3-7B-Instruct,allenai_OLMo-3-7B-Instruct,receipt_pocket_folder,asym_coop,229,0,,16,0,0,1,1,0,0,0,0,1,1,1,0,0,0,0,0,5,0,1,0
allenai_OLMo-3-7B-Instruct x allenai_OLMo-3-7B-Instruct,allenai_OLMo-3-7B-Instruct,allenai_OLMo-3-7B-Instruct,phone_table_couch,conflict_adv,22,0,,16,1,0,1,1,0,0,0,0,1,1,1,0,0,0,0,1,5,0,1,1
allenai_OLMo-3-7B-Instruct x allenai_OLMo-3-7B-Instruct,allenai_OLMo-3-7B-Instruct,allenai_OLMo-3-7B-Instruct,receipt_pocket_folder,asym_adv,230,1,pocket,2,1,0,0,0,0,0,0,0,0,0,0,0,0,0,0,1,0,0,1,1
allenai_OLMo-3-7B-Instruct x allenai_OLMo-3-7B-Instruct,allenai_OLMo-3-7B-Instruct,allenai_OLMo-3-7B-Instruct,receipt_pocket_folder,conflict_coop,231,0,,16,0,0,1,1,0,0,0,0,1,1,1,0,0,0,0,0,5,0,1,0
allenai_OLMo-3-7B-Instruct x allenai_OLMo-3-7B-Instruct,allenai_OLMo-3-7B-Instruct,allenai_OLMo-3-7B-Instruct,receipt_pocket_folder,conflict_adv,232,1,pocket,6,1,0,0,0,0,0,0,0,0,0,0,0,0,0,0,1,0,0,1,1
allenai_OLMo-3-7B-Instruct x allenai_OLMo-3-7B-Instruct,allenai_OLMo-3-7B-Instruct,allenai_OLMo-3-7B-Instruct,receipt_pocket_folder,mutual_incoh,233,0,,16,0,0,1,1,0,0,0,0,1,1,1,0,0,0,0,0,5,0,1,0
allenai_OLMo-3-7B-Instruct x allenai_OLMo-3-7B-Instruct,allenai_OLMo-3-7B-Instruct,allenai_OLMo-3-7B-Instruct,plate_table_sink,mutual_coop,234,0,,2,0,0,0,1,0,0,0,0,0,0,0,0,0,0,0,0,1,0,1,0
allenai_OLMo-3-7B-Instruct x allenai_OLMo-3-7B-Instruct,allenai_OLMo-3-7B-Instruct,allenai_OLMo-3-7B-Instruct,plate_table_sink,asym_coop,235,1,sink,2,0,0,0,0,0,0,0,0,0,0,0,0,0,0,0,0,0,0,0,0
allenai_OLMo-3-7B-Instruct x allenai_OLMo-3-7B-Instruct,allenai_OLMo-3-7B-Instruct,allenai_OLMo-3-7B-Instruct,plate_table_sink,asym_adv,236,1,sink,2,1,0,0,0,0,0,0,0,0,0,0,0,0,0,0,1,0,0,1,1
allenai_OLMo-3-7B-Instruct x allenai_OLMo-3-7B-Instruct,allenai_OLMo-3-7B-Instruct,allenai_OLMo-3-7B-Instruct,plate_table_sink,conflict_coop,237,0,,16,0,0,1,1,0,0,0,0,1,1,1,0,0,0,0,0,5,0,1,0
allenai_OLMo-3-7B-Instruct x allenai_OLMo-3-7B-Instruct,allenai_OLMo-3-7B-Instruct,allenai_OLMo-3-7B-Instruct,plate_table_sink,conflict_adv,238,0,,6,1,0,0,1,0,0,0,0,1,0,1,0,0,0,0,1,3,0,1,1
allenai_OLMo-3-7B-Instruct x allenai_OLMo-3-7B-Instruct,allenai_OLMo-3-7B-Instruct,allenai_OLMo-3-7B-Instruct,plate_table_sink,mutual_incoh,239,0,,2,1,0,0,1,0,0,0,0,0,0,0,0,0,0,0,1,1,0,1,1
allenai_OLMo-3-7B-Instruct x allenai_OLMo-3-7B-Instruct,allenai_OLMo-3-7B-Instruct,allenai_OLMo-3-7B-Instruct,phone_table_couch,mutual_incoh,23,0,,2,1,0,0,1,0,0,0,0,0,0,0,0,0,0,0,1,1,0,1,1
allenai_OLMo-3-7B-Instruct x allenai_OLMo-3-7B-Instruct,allenai_OLMo-3-7B-Instruct,allenai_OLMo-3-7B-Instruct,jacket_hook_chair,mutual_coop,240,0,,2,0,0,0,1,0,0,0,0,0,0,0,0,0,0,0,0,1,0,1,0
allenai_OLMo-3-7B-Instruct x allenai_OLMo-3-7B-Instruct,allenai_OLMo-3-7B-Instruct,allenai_OLMo-3-7B-Instruct,jacket_hook_chair,asym_coop,241,1,hook,4,0,0,0,0,0,0,0,0,0,0,0,0,0,0,0,0,0,0,0,0
allenai_OLMo-3-7B-Instruct x allenai_OLMo-3-7B-Instruct,allenai_OLMo-3-7B-Instruct,allenai_OLMo-3-7B-Instruct,jacket_hook_chair,asym_adv,242,0,,8,1,0,0,1,0,0,0,0,0,0,1,0,0,0,0,1,2,0,1,1
allenai_OLMo-3-7B-Instruct x allenai_OLMo-3-7B-Instruct,allenai_OLMo-3-7B-Instruct,allenai_OLMo-3-7B-Instruct,jacket_hook_chair,conflict_coop,243,0,,2,0,0,0,1,0,0,0,0,0,0,0,0,0,0,0,0,1,0,1,0
allenai_OLMo-3-7B-Instruct x allenai_OLMo-3-7B-Instruct,allenai_OLMo-3-7B-Instruct,allenai_OLMo-3-7B-Instruct,jacket_hook_chair,conflict_adv,244,0,chair,2,1,0,0,0,0,0,0,0,0,0,0,0,0,0,0,1,0,0,1,1
allenai_OLMo-3-7B-Instruct x allenai_OLMo-3-7B-Instruct,allenai_OLMo-3-7B-Instruct,allenai_OLMo-3-7B-Instruct,jacket_hook_chair,mutual_incoh,245,0,,2,0,0,0,1,0,0,0,0,0,0,0,0,0,0,0,0,1,0,1,0
allenai_OLMo-3-7B-Instruct x allenai_OLMo-3-7B-Instruct,allenai_OLMo-3-7B-Instruct,allenai_OLMo-3-7B-Instruct,ball_yard_garage,mutual_coop,246,0,,4,0,0,0,1,0,0,0,0,0,0,0,0,0,0,0,0,1,0,1,0
allenai_OLMo-3-7B-Instruct x allenai_OLMo-3-7B-Instruct,allenai_OLMo-3-7B-Instruct,allenai_OLMo-3-7B-Instruct,ball_yard_garage,asym_coop,247,0,,4,0,0,0,1,0,0,0,0,0,0,0,0,0,0,0,0,1,0,1,0
allenai_OLMo-3-7B-Instruct x allenai_OLMo-3-7B-Instruct,allenai_OLMo-3-7B-Instruct,allenai_OLMo-3-7B-Instruct,ball_yard_garage,asym_adv,248,0,yard,2,1,0,0,0,0,0,0,0,0,0,0,0,0,0,0,1,0,0,1,1
allenai_OLMo-3-7B-Instruct x allenai_OLMo-3-7B-Instruct,allenai_OLMo-3-7B-Instruct,allenai_OLMo-3-7B-Instruct,ball_yard_garage,conflict_coop,249,0,,16,0,0,1,1,0,0,0,0,1,1,1,0,0,0,0,0,5,0,1,0
allenai_OLMo-3-7B-Instruct x allenai_OLMo-3-7B-Instruct,allenai_OLMo-3-7B-Instruct,allenai_OLMo-3-7B-Instruct,book_shelf_bag,mutual_coop,24,0,,2,0,0,0,1,0,0,0,0,0,0,0,0,0,0,0,0,1,0,1,0
allenai_OLMo-3-7B-Instruct x allenai_OLMo-3-7B-Instruct,allenai_OLMo-3-7B-Instruct,allenai_OLMo-3-7B-Instruct,ball_yard_garage,conflict_adv,250,0,,16,1,0,1,1,0,0,0,0,1,1,1,0,0,0,0,1,5,0,1,1
allenai_OLMo-3-7B-Instruct x allenai_OLMo-3-7B-Instruct,allenai_OLMo-3-7B-Instruct,allenai_OLMo-3-7B-Instruct,ball_yard_garage,mutual_incoh,251,0,,16,1,0,1,1,0,0,0,0,1,1,1,0,0,0,0,1,5,0,1,1
allenai_OLMo-3-7B-Instruct x allenai_OLMo-3-7B-Instruct,allenai_OLMo-3-7B-Instruct,allenai_OLMo-3-7B-Instruct,stamp_drawer_tray,mutual_coop,252,0,,16,0,0,1,1,0,0,0,0,1,1,1,0,0,0,0,0,5,0,1,0
allenai_OLMo-3-7B-Instruct x allenai_OLMo-3-7B-Instruct,allenai_OLMo-3-7B-Instruct,allenai_OLMo-3-7B-Instruct,stamp_drawer_tray,asym_coop,253,0,,16,0,0,1,1,0,0,0,0,1,1,1,0,0,0,0,0,5,0,1,0
allenai_OLMo-3-7B-Instruct x allenai_OLMo-3-7B-Instruct,allenai_OLMo-3-7B-Instruct,allenai_OLMo-3-7B-Instruct,stamp_drawer_tray,asym_adv,254,1,drawer,2,1,0,0,0,0,0,0,0,0,0,0,0,0,0,0,1,0,0,1,1
allenai_OLMo-3-7B-Instruct x allenai_OLMo-3-7B-Instruct,allenai_OLMo-3-7B-Instruct,allenai_OLMo-3-7B-Instruct,stamp_drawer_tray,conflict_coop,255,0,,16,0,0,1,1,0,0,0,0,1,1,1,0,0,0,0,0,5,0,1,0
allenai_OLMo-3-7B-Instruct x allenai_OLMo-3-7B-Instruct,allenai_OLMo-3-7B-Instruct,allenai_OLMo-3-7B-Instruct,stamp_drawer_tray,conflict_adv,256,0,,16,1,0,1,1,0,0,0,0,1,1,1,0,0,0,0,1,5,0,1,1
allenai_OLMo-3-7B-Instruct x allenai_OLMo-3-7B-Instruct,allenai_OLMo-3-7B-Instruct,allenai_OLMo-3-7B-Instruct,stamp_drawer_tray,mutual_incoh,257,0,,16,0,0,1,1,0,0,0,0,1,1,1,0,0,0,0,0,5,0,1,0
allenai_OLMo-3-7B-Instruct x allenai_OLMo-3-7B-Instruct,allenai_OLMo-3-7B-Instruct,allenai_OLMo-3-7B-Instruct,photo_shelf_drawer,mutual_coop,258,0,,16,0,0,1,1,0,0,0,0,1,1,1,0,0,0,0,0,5,0,1,0
allenai_OLMo-3-7B-Instruct x allenai_OLMo-3-7B-Instruct,allenai_OLMo-3-7B-Instruct,allenai_OLMo-3-7B-Instruct,photo_shelf_drawer,asym_coop,259,0,shelf,2,0,0,0,0,0,0,0,0,0,0,0,0,0,0,0,0,0,0,0,0
allenai_OLMo-3-7B-Instruct x allenai_OLMo-3-7B-Instruct,allenai_OLMo-3-7B-Instruct,allenai_OLMo-3-7B-Instruct,book_shelf_bag,asym_coop,25,1,shelf,2,0,0,0,0,0,0,0,0,0,0,0,0,0,0,0,0,0,0,0,0
allenai_OLMo-3-7B-Instruct x allenai_OLMo-3-7B-Instruct,allenai_OLMo-3-7B-Instruct,allenai_OLMo-3-7B-Instruct,photo_shelf_drawer,asym_adv,260,0,,2,0,0,0,1,0,0,0,0,0,0,0,0,0,0,0,0,1,0,1,0
allenai_OLMo-3-7B-Instruct x allenai_OLMo-3-7B-Instruct,allenai_OLMo-3-7B-Instruct,allenai_OLMo-3-7B-Instruct,photo_shelf_drawer,conflict_coop,261,0,,16,0,0,1,1,0,0,0,0,1,1,1,0,0,0,0,0,5,0,1,0
allenai_OLMo-3-7B-Instruct x allenai_OLMo-3-7B-Instruct,allenai_OLMo-3-7B-Instruct,allenai_OLMo-3-7B-Instruct,photo_shelf_drawer,conflict_adv,262,0,,2,1,0,0,1,0,0,0,0,0,0,0,0,0,0,0,1,1,0,1,1
allenai_OLMo-3-7B-Instruct x allenai_OLMo-3-7B-Instruct,allenai_OLMo-3-7B-Instruct,allenai_OLMo-3-7B-Instruct,photo_shelf_drawer,mutual_incoh,263,1,drawer,2,0,0,0,0,0,0,0,0,0,0,0,0,0,0,0,0,0,0,0,0
allenai_OLMo-3-7B-Instruct x allenai_OLMo-3-7B-Instruct,allenai_OLMo-3-7B-Instruct,allenai_OLMo-3-7B-Instruct,cable_desk_floor,mutual_coop,264,0,,16,0,0,1,1,0,0,0,0,1,1,1,0,0,0,0,0,5,0,1,0
allenai_OLMo-3-7B-Instruct x allenai_OLMo-3-7B-Instruct,allenai_OLMo-3-7B-Instruct,allenai_OLMo-3-7B-Instruct,cable_desk_floor,asym_coop,265,0,,16,0,0,1,1,0,0,0,0,1,1,1,0,0,0,0,0,5,0,1,0
allenai_OLMo-3-7B-Instruct x allenai_OLMo-3-7B-Instruct,allenai_OLMo-3-7B-Instruct,allenai_OLMo-3-7B-Instruct,cable_desk_floor,asym_adv,266,0,,8,1,0,0,1,0,0,0,0,1,0,1,0,0,0,0,1,3,0,1,1
allenai_OLMo-3-7B-Instruct x allenai_OLMo-3-7B-Instruct,allenai_OLMo-3-7B-Instruct,allenai_OLMo-3-7B-Instruct,cable_desk_floor,conflict_coop,267,0,,5,0,0,1,1,0,0,0,0,0,0,0,0,0,0,0,0,2,0,1,0
allenai_OLMo-3-7B-Instruct x allenai_OLMo-3-7B-Instruct,allenai_OLMo-3-7B-Instruct,allenai_OLMo-3-7B-Instruct,cable_desk_floor,conflict_adv,268,0,,16,1,0,1,1,0,0,0,0,1,1,1,0,0,0,0,1,5,0,1,1
allenai_OLMo-3-7B-Instruct x allenai_OLMo-3-7B-Instruct,allenai_OLMo-3-7B-Instruct,allenai_OLMo-3-7B-Instruct,cable_desk_floor,mutual_incoh,269,0,,16,1,0,1,1,0,0,0,0,1,1,1,0,0,0,0,1,5,0,1,1
allenai_OLMo-3-7B-Instruct x allenai_OLMo-3-7B-Instruct,allenai_OLMo-3-7B-Instruct,allenai_OLMo-3-7B-Instruct,book_shelf_bag,asym_adv,26,0,,2,1,0,0,1,0,0,0,0,0,0,0,0,0,0,0,1,1,0,1,1
allenai_OLMo-3-7B-Instruct x allenai_OLMo-3-7B-Instruct,allenai_OLMo-3-7B-Instruct,allenai_OLMo-3-7B-Instruct,soap_shelf_ledge,mutual_coop,270,0,,2,1,0,0,1,0,0,0,0,0,0,0,0,0,0,0,1,1,0,1,1
allenai_OLMo-3-7B-Instruct x allenai_OLMo-3-7B-Instruct,allenai_OLMo-3-7B-Instruct,allenai_OLMo-3-7B-Instruct,soap_shelf_ledge,asym_coop,271,0,,2,1,0,0,1,0,0,0,0,0,0,0,0,0,0,0,1,1,0,1,1
allenai_OLMo-3-7B-Instruct x allenai_OLMo-3-7B-Instruct,allenai_OLMo-3-7B-Instruct,allenai_OLMo-3-7B-Instruct,soap_shelf_ledge,asym_adv,272,0,,2,1,0,0,1,0,0,0,0,0,0,0,0,0,0,0,1,1,0,1,1
allenai_OLMo-3-7B-Instruct x allenai_OLMo-3-7B-Instruct,allenai_OLMo-3-7B-Instruct,allenai_OLMo-3-7B-Instruct,soap_shelf_ledge,conflict_coop,273,0,,2,0,0,0,1,0,0,0,0,0,0,0,0,0,0,0,0,1,0,1,0
allenai_OLMo-3-7B-Instruct x allenai_OLMo-3-7B-Instruct,allenai_OLMo-3-7B-Instruct,allenai_OLMo-3-7B-Instruct,soap_shelf_ledge,conflict_adv,274,0,,16,0,0,1,1,0,0,0,0,1,1,1,0,0,0,0,0,5,0,1,0
allenai_OLMo-3-7B-Instruct x allenai_OLMo-3-7B-Instruct,allenai_OLMo-3-7B-Instruct,allenai_OLMo-3-7B-Instruct,soap_shelf_ledge,mutual_incoh,275,0,,2,1,0,0,1,0,0,0,0,0,0,0,0,0,0,0,1,1,0,1,1
allenai_OLMo-3-7B-Instruct x allenai_OLMo-3-7B-Instruct,allenai_OLMo-3-7B-Instruct,allenai_OLMo-3-7B-Instruct,glove_bench_pocket,mutual_coop,276,0,,2,0,0,0,1,0,0,0,0,0,0,0,0,0,0,0,0,1,0,1,0
allenai_OLMo-3-7B-Instruct x allenai_OLMo-3-7B-Instruct,allenai_OLMo-3-7B-Instruct,allenai_OLMo-3-7B-Instruct,glove_bench_pocket,asym_coop,277,0,,16,0,0,1,1,0,0,0,0,1,1,1,0,0,0,0,0,5,0,1,0
allenai_OLMo-3-7B-Instruct x allenai_OLMo-3-7B-Instruct,allenai_OLMo-3-7B-Instruct,allenai_OLMo-3-7B-Instruct,glove_bench_pocket,asym_adv,278,0,,2,1,0,0,1,0,0,0,0,0,0,0,0,0,0,0,1,1,0,1,1
allenai_OLMo-3-7B-Instruct x allenai_OLMo-3-7B-Instruct,allenai_OLMo-3-7B-Instruct,allenai_OLMo-3-7B-Instruct,glove_bench_pocket,conflict_coop,279,0,,16,0,0,1,1,0,0,0,0,1,1,1,0,0,0,0,0,5,0,1,0
allenai_OLMo-3-7B-Instruct x allenai_OLMo-3-7B-Instruct,allenai_OLMo-3-7B-Instruct,allenai_OLMo-3-7B-Instruct,book_shelf_bag,conflict_coop,27,0,,2,0,0,0,1,0,0,0,0,0,0,0,0,0,0,0,0,1,0,1,0
allenai_OLMo-3-7B-Instruct x allenai_OLMo-3-7B-Instruct,allenai_OLMo-3-7B-Instruct,allenai_OLMo-3-7B-Instruct,glove_bench_pocket,conflict_adv,280,0,,16,1,0,1,1,0,0,0,0,1,1,1,0,0,0,0,1,5,0,1,1
allenai_OLMo-3-7B-Instruct x allenai_OLMo-3-7B-Instruct,allenai_OLMo-3-7B-Instruct,allenai_OLMo-3-7B-Instruct,glove_bench_pocket,mutual_incoh,281,0,,2,1,0,0,1,0,0,0,0,0,0,0,0,0,0,0,1,1,0,1,1
allenai_OLMo-3-7B-Instruct x allenai_OLMo-3-7B-Instruct,allenai_OLMo-3-7B-Instruct,allenai_OLMo-3-7B-Instruct,sponge_sink_counter,mutual_coop,282,0,,2,0,0,0,1,0,0,0,0,0,0,0,0,0,0,0,0,1,0,1,0
allenai_OLMo-3-7B-Instruct x allenai_OLMo-3-7B-Instruct,allenai_OLMo-3-7B-Instruct,allenai_OLMo-3-7B-Instruct,sponge_sink_counter,asym_coop,283,0,,2,0,0,0,1,0,0,0,0,0,0,0,0,0,0,0,0,1,0,1,0
allenai_OLMo-3-7B-Instruct x allenai_OLMo-3-7B-Instruct,allenai_OLMo-3-7B-Instruct,allenai_OLMo-3-7B-Instruct,sponge_sink_counter,asym_adv,284,0,,8,1,0,0,1,0,0,0,0,1,0,1,0,0,0,0,1,3,0,1,1
allenai_OLMo-3-7B-Instruct x allenai_OLMo-3-7B-Instruct,allenai_OLMo-3-7B-Instruct,allenai_OLMo-3-7B-Instruct,sponge_sink_counter,conflict_coop,285,0,,2,0,0,0,1,0,0,0,0,0,0,0,0,0,0,0,0,1,0,1,0
allenai_OLMo-3-7B-Instruct x allenai_OLMo-3-7B-Instruct,allenai_OLMo-3-7B-Instruct,allenai_OLMo-3-7B-Instruct,sponge_sink_counter,conflict_adv,286,0,,2,1,0,0,1,0,0,0,0,0,0,0,0,0,0,0,1,1,0,1,1
allenai_OLMo-3-7B-Instruct x allenai_OLMo-3-7B-Instruct,allenai_OLMo-3-7B-Instruct,allenai_OLMo-3-7B-Instruct,sponge_sink_counter,mutual_incoh,287,0,,2,1,0,0,1,0,0,0,0,0,0,0,0,0,0,0,1,1,0,1,1
allenai_OLMo-3-7B-Instruct x allenai_OLMo-3-7B-Instruct,allenai_OLMo-3-7B-Instruct,allenai_OLMo-3-7B-Instruct,comb_drawer_shelf,mutual_coop,288,0,,4,0,0,0,1,0,0,0,0,0,0,0,0,0,0,0,0,1,0,1,0
allenai_OLMo-3-7B-Instruct x allenai_OLMo-3-7B-Instruct,allenai_OLMo-3-7B-Instruct,allenai_OLMo-3-7B-Instruct,comb_drawer_shelf,asym_coop,289,1,drawer,2,0,0,0,0,0,0,0,0,0,0,0,0,0,0,0,0,0,0,0,0
allenai_OLMo-3-7B-Instruct x allenai_OLMo-3-7B-Instruct,allenai_OLMo-3-7B-Instruct,allenai_OLMo-3-7B-Instruct,book_shelf_bag,conflict_adv,28,0,,16,1,0,1,1,0,0,0,0,1,1,1,0,0,0,0,1,5,0,1,1
allenai_OLMo-3-7B-Instruct x allenai_OLMo-3-7B-Instruct,allenai_OLMo-3-7B-Instruct,allenai_OLMo-3-7B-Instruct,comb_drawer_shelf,asym_adv,290,0,,16,1,0,1,1,0,0,0,0,1,1,1,0,0,0,0,1,5,0,1,1
allenai_OLMo-3-7B-Instruct x allenai_OLMo-3-7B-Instruct,allenai_OLMo-3-7B-Instruct,allenai_OLMo-3-7B-Instruct,comb_drawer_shelf,conflict_coop,291,0,,2,0,0,0,1,0,0,0,0,0,0,0,0,0,0,0,0,1,0,1,0
allenai_OLMo-3-7B-Instruct x allenai_OLMo-3-7B-Instruct,allenai_OLMo-3-7B-Instruct,allenai_OLMo-3-7B-Instruct,comb_drawer_shelf,conflict_adv,292,0,shelf,2,1,0,0,0,0,0,0,0,0,0,0,0,0,0,0,1,0,0,1,1
allenai_OLMo-3-7B-Instruct x allenai_OLMo-3-7B-Instruct,allenai_OLMo-3-7B-Instruct,allenai_OLMo-3-7B-Instruct,comb_drawer_shelf,mutual_incoh,293,0,,2,0,0,0,1,0,0,0,0,0,0,0,0,0,0,0,0,1,0,1,0
allenai_OLMo-3-7B-Instruct x allenai_OLMo-3-7B-Instruct,allenai_OLMo-3-7B-Instruct,allenai_OLMo-3-7B-Instruct,marker_cup_tray,mutual_coop,294,0,,2,0,0,0,1,0,0,0,0,0,0,0,0,0,0,0,0,1,0,1,0
allenai_OLMo-3-7B-Instruct x allenai_OLMo-3-7B-Instruct,allenai_OLMo-3-7B-Instruct,allenai_OLMo-3-7B-Instruct,marker_cup_tray,asym_coop,295,0,,2,0,0,0,1,0,0,0,0,0,0,0,0,0,0,0,0,1,0,1,0
allenai_OLMo-3-7B-Instruct x allenai_OLMo-3-7B-Instruct,allenai_OLMo-3-7B-Instruct,allenai_OLMo-3-7B-Instruct,marker_cup_tray,asym_adv,296,1,tray,2,1,0,0,0,0,0,0,0,0,0,0,0,0,0,0,1,0,0,1,1
allenai_OLMo-3-7B-Instruct x allenai_OLMo-3-7B-Instruct,allenai_OLMo-3-7B-Instruct,allenai_OLMo-3-7B-Instruct,marker_cup_tray,conflict_coop,297,0,,2,0,0,0,1,0,0,0,0,0,0,0,0,0,0,0,0,1,0,1,0
allenai_OLMo-3-7B-Instruct x allenai_OLMo-3-7B-Instruct,allenai_OLMo-3-7B-Instruct,allenai_OLMo-3-7B-Instruct,marker_cup_tray,conflict_adv,298,0,,16,0,0,1,1,0,0,0,0,1,1,1,0,0,0,0,0,5,0,1,0
allenai_OLMo-3-7B-Instruct x allenai_OLMo-3-7B-Instruct,allenai_OLMo-3-7B-Instruct,allenai_OLMo-3-7B-Instruct,marker_cup_tray,mutual_incoh,299,0,,4,1,0,0,1,0,0,0,0,0,0,0,0,0,0,0,1,1,0,1,1
allenai_OLMo-3-7B-Instruct x allenai_OLMo-3-7B-Instruct,allenai_OLMo-3-7B-Instruct,allenai_OLMo-3-7B-Instruct,book_shelf_bag,mutual_incoh,29,0,,2,1,0,0,1,0,0,0,0,0,0,0,0,0,0,0,1,1,0,1,1
allenai_OLMo-3-7B-Instruct x allenai_OLMo-3-7B-Instruct,allenai_OLMo-3-7B-Instruct,allenai_OLMo-3-7B-Instruct,key_in_boxes,asym_adv,2,0,,16,1,0,1,1,0,0,0,0,1,1,0,0,0,0,0,1,4,0,1,1
allenai_OLMo-3-7B-Instruct x allenai_OLMo-3-7B-Instruct,allenai_OLMo-3-7B-Instruct,allenai_OLMo-3-7B-Instruct,rope_shed_trunk,mutual_coop,300,0,,2,0,0,0,1,0,0,0,0,0,0,0,0,0,0,0,0,1,0,1,0
allenai_OLMo-3-7B-Instruct x allenai_OLMo-3-7B-Instruct,allenai_OLMo-3-7B-Instruct,allenai_OLMo-3-7B-Instruct,rope_shed_trunk,asym_coop,301,1,shed,2,0,0,0,0,0,0,0,0,0,0,0,0,0,0,0,0,0,0,0,0
allenai_OLMo-3-7B-Instruct x allenai_OLMo-3-7B-Instruct,allenai_OLMo-3-7B-Instruct,allenai_OLMo-3-7B-Instruct,rope_shed_trunk,asym_adv,302,0,,16,1,0,1,1,0,0,0,0,1,1,1,0,0,0,0,1,5,0,1,1
allenai_OLMo-3-7B-Instruct x allenai_OLMo-3-7B-Instruct,allenai_OLMo-3-7B-Instruct,allenai_OLMo-3-7B-Instruct,rope_shed_trunk,conflict_coop,303,0,,16,0,0,1,1,0,0,0,0,1,1,1,0,0,0,0,0,5,0,1,0
allenai_OLMo-3-7B-Instruct x allenai_OLMo-3-7B-Instruct,allenai_OLMo-3-7B-Instruct,allenai_OLMo-3-7B-Instruct,rope_shed_trunk,conflict_adv,304,1,shed,16,1,0,0,0,0,0,0,0,1,1,1,0,0,0,0,1,3,0,1,1
allenai_OLMo-3-7B-Instruct x allenai_OLMo-3-7B-Instruct,allenai_OLMo-3-7B-Instruct,allenai_OLMo-3-7B-Instruct,rope_shed_trunk,mutual_incoh,305,0,,2,1,0,0,1,0,0,0,0,0,0,0,0,0,0,0,1,1,0,1,1
allenai_OLMo-3-7B-Instruct x allenai_OLMo-3-7B-Instruct,allenai_OLMo-3-7B-Instruct,allenai_OLMo-3-7B-Instruct,vase_table_mantle,mutual_coop,306,0,,2,0,0,0,1,0,0,0,0,0,0,0,0,0,0,0,0,1,0,1,0
allenai_OLMo-3-7B-Instruct x allenai_OLMo-3-7B-Instruct,allenai_OLMo-3-7B-Instruct,allenai_OLMo-3-7B-Instruct,vase_table_mantle,asym_coop,307,1,mantle,2,0,0,0,0,0,0,0,0,0,0,0,0,0,0,0,0,0,0,0,0
allenai_OLMo-3-7B-Instruct x allenai_OLMo-3-7B-Instruct,allenai_OLMo-3-7B-Instruct,allenai_OLMo-3-7B-Instruct,vase_table_mantle,asym_adv,308,0,,2,1,0,0,1,0,0,0,0,0,0,0,0,0,0,0,1,1,0,1,1
allenai_OLMo-3-7B-Instruct x allenai_OLMo-3-7B-Instruct,allenai_OLMo-3-7B-Instruct,allenai_OLMo-3-7B-Instruct,vase_table_mantle,conflict_coop,309,0,,2,0,0,0,1,0,0,0,0,0,0,0,0,0,0,0,0,1,0,1,0
allenai_OLMo-3-7B-Instruct x allenai_OLMo-3-7B-Instruct,allenai_OLMo-3-7B-Instruct,allenai_OLMo-3-7B-Instruct,glasses_counter_shelf,mutual_coop,30,0,,2,0,0,0,1,0,0,0,0,0,0,0,0,0,0,0,0,1,0,1,0
allenai_OLMo-3-7B-Instruct x allenai_OLMo-3-7B-Instruct,allenai_OLMo-3-7B-Instruct,allenai_OLMo-3-7B-Instruct,vase_table_mantle,conflict_adv,310,0,table,6,1,0,0,0,0,0,0,0,0,0,0,0,0,0,0,1,0,0,1,1
allenai_OLMo-3-7B-Instruct x allenai_OLMo-3-7B-Instruct,allenai_OLMo-3-7B-Instruct,allenai_OLMo-3-7B-Instruct,vase_table_mantle,mutual_incoh,311,0,,2,1,0,0,1,0,0,0,0,0,0,0,0,0,0,0,1,1,0,1,1
allenai_OLMo-3-7B-Instruct x allenai_OLMo-3-7B-Instruct,allenai_OLMo-3-7B-Instruct,allenai_OLMo-3-7B-Instruct,bowl_table_counter,mutual_coop,312,0,,2,0,0,0,1,0,0,0,0,0,0,0,0,0,0,0,0,1,0,1,0
allenai_OLMo-3-7B-Instruct x allenai_OLMo-3-7B-Instruct,allenai_OLMo-3-7B-Instruct,allenai_OLMo-3-7B-Instruct,bowl_table_counter,asym_coop,313,0,,16,0,0,1,1,0,0,0,0,1,1,1,0,0,0,0,0,5,0,1,0
allenai_OLMo-3-7B-Instruct x allenai_OLMo-3-7B-Instruct,allenai_OLMo-3-7B-Instruct,allenai_OLMo-3-7B-Instruct,bowl_table_counter,asym_adv,314,0,counter,2,1,0,0,0,0,0,0,0,0,0,0,0,0,0,0,1,0,0,1,1
allenai_OLMo-3-7B-Instruct x allenai_OLMo-3-7B-Instruct,allenai_OLMo-3-7B-Instruct,allenai_OLMo-3-7B-Instruct,bowl_table_counter,conflict_coop,315,0,,2,0,0,0,1,0,0,0,0,0,0,0,0,0,0,0,0,1,0,1,0
allenai_OLMo-3-7B-Instruct x allenai_OLMo-3-7B-Instruct,allenai_OLMo-3-7B-Instruct,allenai_OLMo-3-7B-Instruct,bowl_table_counter,conflict_adv,316,0,,16,1,0,1,1,0,0,0,0,1,1,1,0,0,0,0,1,5,0,1,1
allenai_OLMo-3-7B-Instruct x allenai_OLMo-3-7B-Instruct,allenai_OLMo-3-7B-Instruct,allenai_OLMo-3-7B-Instruct,bowl_table_counter,mutual_incoh,317,0,,2,1,0,0,1,0,0,0,0,0,0,0,0,0,0,0,1,1,0,1,1
allenai_OLMo-3-7B-Instruct x allenai_OLMo-3-7B-Instruct,allenai_OLMo-3-7B-Instruct,allenai_OLMo-3-7B-Instruct,lighter_drawer_pocket,mutual_coop,318,0,,14,0,0,0,1,0,0,0,0,1,0,0,0,0,0,0,0,2,0,1,0
allenai_OLMo-3-7B-Instruct x allenai_OLMo-3-7B-Instruct,allenai_OLMo-3-7B-Instruct,allenai_OLMo-3-7B-Instruct,lighter_drawer_pocket,asym_coop,319,0,,16,0,0,1,1,0,0,0,0,1,1,1,0,0,0,0,0,5,0,1,0
allenai_OLMo-3-7B-Instruct x allenai_OLMo-3-7B-Instruct,allenai_OLMo-3-7B-Instruct,allenai_OLMo-3-7B-Instruct,glasses_counter_shelf,asym_coop,31,1,shelf,2,0,0,0,0,0,0,0,0,0,0,0,0,0,0,0,0,0,0,0,0
allenai_OLMo-3-7B-Instruct x allenai_OLMo-3-7B-Instruct,allenai_OLMo-3-7B-Instruct,allenai_OLMo-3-7B-Instruct,lighter_drawer_pocket,asym_adv,320,1,pocket,2,1,0,0,0,0,0,0,0,0,0,0,0,0,0,0,1,0,0,1,1
allenai_OLMo-3-7B-Instruct x allenai_OLMo-3-7B-Instruct,allenai_OLMo-3-7B-Instruct,allenai_OLMo-3-7B-Instruct,lighter_drawer_pocket,conflict_coop,321,1,pocket,2,0,0,0,0,0,0,0,0,0,0,0,0,0,0,0,0,0,0,0,0
allenai_OLMo-3-7B-Instruct x allenai_OLMo-3-7B-Instruct,allenai_OLMo-3-7B-Instruct,allenai_OLMo-3-7B-Instruct,lighter_drawer_pocket,conflict_adv,322,1,pocket,2,1,0,0,0,0,0,0,0,0,0,0,0,0,0,0,1,0,0,1,1
allenai_OLMo-3-7B-Instruct x allenai_OLMo-3-7B-Instruct,allenai_OLMo-3-7B-Instruct,allenai_OLMo-3-7B-Instruct,lighter_drawer_pocket,mutual_incoh,323,1,pocket,2,1,0,0,0,0,0,0,0,0,0,0,0,0,0,0,1,0,0,1,1
allenai_OLMo-3-7B-Instruct x allenai_OLMo-3-7B-Instruct,allenai_OLMo-3-7B-Instruct,allenai_OLMo-3-7B-Instruct,drill_bench_case,mutual_coop,324,0,,2,0,0,0,1,0,1,0,0,0,0,0,0,0,0,0,0,2,0,1,0
allenai_OLMo-3-7B-Instruct x allenai_OLMo-3-7B-Instruct,allenai_OLMo-3-7B-Instruct,allenai_OLMo-3-7B-Instruct,drill_bench_case,asym_coop,325,1,bench,4,0,0,0,0,0,0,0,0,0,0,0,0,0,0,0,0,0,0,0,0
allenai_OLMo-3-7B-Instruct x allenai_OLMo-3-7B-Instruct,allenai_OLMo-3-7B-Instruct,allenai_OLMo-3-7B-Instruct,drill_bench_case,asym_adv,326,0,,16,0,0,1,1,0,0,0,0,1,1,0,0,0,0,0,0,4,0,1,0
allenai_OLMo-3-7B-Instruct x allenai_OLMo-3-7B-Instruct,allenai_OLMo-3-7B-Instruct,allenai_OLMo-3-7B-Instruct,drill_bench_case,conflict_coop,327,0,,6,0,0,0,1,0,1,0,0,0,0,0,0,0,0,0,0,2,0,1,0
allenai_OLMo-3-7B-Instruct x allenai_OLMo-3-7B-Instruct,allenai_OLMo-3-7B-Instruct,allenai_OLMo-3-7B-Instruct,drill_bench_case,conflict_adv,328,1,bench,4,0,0,0,0,0,1,0,0,0,0,0,0,0,0,0,0,1,0,1,0
allenai_OLMo-3-7B-Instruct x allenai_OLMo-3-7B-Instruct,allenai_OLMo-3-7B-Instruct,allenai_OLMo-3-7B-Instruct,drill_bench_case,mutual_incoh,329,0,,16,0,0,1,1,0,1,0,0,1,1,0,0,1,0,0,0,6,0,1,0
allenai_OLMo-3-7B-Instruct x allenai_OLMo-3-7B-Instruct,allenai_OLMo-3-7B-Instruct,allenai_OLMo-3-7B-Instruct,glasses_counter_shelf,asym_adv,32,0,counter,2,1,0,0,0,0,0,0,0,0,0,0,0,0,0,0,1,0,0,1,1
allenai_OLMo-3-7B-Instruct x allenai_OLMo-3-7B-Instruct,allenai_OLMo-3-7B-Instruct,allenai_OLMo-3-7B-Instruct,medal_shelf_box,mutual_coop,330,0,,2,0,0,0,1,0,0,0,0,0,0,0,0,0,0,0,0,1,0,1,0
allenai_OLMo-3-7B-Instruct x allenai_OLMo-3-7B-Instruct,allenai_OLMo-3-7B-Instruct,allenai_OLMo-3-7B-Instruct,medal_shelf_box,asym_coop,331,0,,16,0,0,1,1,0,0,0,0,1,1,0,0,0,0,0,0,4,0,1,0
allenai_OLMo-3-7B-Instruct x allenai_OLMo-3-7B-Instruct,allenai_OLMo-3-7B-Instruct,allenai_OLMo-3-7B-Instruct,medal_shelf_box,asym_adv,332,0,shelf,2,1,0,0,0,0,0,0,0,0,0,0,0,0,0,0,1,0,0,1,1
allenai_OLMo-3-7B-Instruct x allenai_OLMo-3-7B-Instruct,allenai_OLMo-3-7B-Instruct,allenai_OLMo-3-7B-Instruct,medal_shelf_box,conflict_coop,333,0,,2,0,0,0,1,0,0,0,0,0,0,0,0,0,0,0,0,1,0,1,0
allenai_OLMo-3-7B-Instruct x allenai_OLMo-3-7B-Instruct,allenai_OLMo-3-7B-Instruct,allenai_OLMo-3-7B-Instruct,medal_shelf_box,conflict_adv,334,0,,16,1,0,1,1,0,0,0,0,1,1,1,0,0,0,0,1,5,0,1,1
allenai_OLMo-3-7B-Instruct x allenai_OLMo-3-7B-Instruct,allenai_OLMo-3-7B-Instruct,allenai_OLMo-3-7B-Instruct,medal_shelf_box,mutual_incoh,335,0,,2,1,0,0,1,0,0,0,0,0,0,0,0,0,0,0,1,1,0,1,1
allenai_OLMo-3-7B-Instruct x allenai_OLMo-3-7B-Instruct,allenai_OLMo-3-7B-Instruct,allenai_OLMo-3-7B-Instruct,lanyard_locker_desk,mutual_coop,336,0,,2,0,0,0,1,0,0,0,0,0,0,0,0,0,0,0,0,1,0,1,0
allenai_OLMo-3-7B-Instruct x allenai_OLMo-3-7B-Instruct,allenai_OLMo-3-7B-Instruct,allenai_OLMo-3-7B-Instruct,lanyard_locker_desk,asym_coop,337,0,,16,0,0,1,1,0,0,0,0,1,1,1,0,0,0,0,0,5,0,1,0
allenai_OLMo-3-7B-Instruct x allenai_OLMo-3-7B-Instruct,allenai_OLMo-3-7B-Instruct,allenai_OLMo-3-7B-Instruct,lanyard_locker_desk,asym_adv,338,0,,2,1,0,0,1,0,0,0,0,0,0,0,0,0,0,0,1,1,0,1,1
allenai_OLMo-3-7B-Instruct x allenai_OLMo-3-7B-Instruct,allenai_OLMo-3-7B-Instruct,allenai_OLMo-3-7B-Instruct,lanyard_locker_desk,conflict_coop,339,0,,16,0,0,0,1,0,0,0,0,1,1,1,0,0,0,0,0,4,0,1,0
allenai_OLMo-3-7B-Instruct x allenai_OLMo-3-7B-Instruct,allenai_OLMo-3-7B-Instruct,allenai_OLMo-3-7B-Instruct,glasses_counter_shelf,conflict_coop,33,0,,2,0,0,0,1,0,0,0,0,0,0,0,0,0,0,0,0,1,0,1,0
allenai_OLMo-3-7B-Instruct x allenai_OLMo-3-7B-Instruct,allenai_OLMo-3-7B-Instruct,allenai_OLMo-3-7B-Instruct,lanyard_locker_desk,conflict_adv,340,0,,16,1,0,1,1,0,0,0,0,1,1,1,0,0,0,0,1,5,0,1,1
allenai_OLMo-3-7B-Instruct x allenai_OLMo-3-7B-Instruct,allenai_OLMo-3-7B-Instruct,allenai_OLMo-3-7B-Instruct,lanyard_locker_desk,mutual_incoh,341,0,desk,2,0,0,0,0,0,0,0,0,0,0,0,0,0,0,0,0,0,0,0,0
allenai_OLMo-3-7B-Instruct x allenai_OLMo-3-7B-Instruct,allenai_OLMo-3-7B-Instruct,allenai_OLMo-3-7B-Instruct,apron_hook_drawer,mutual_coop,342,0,,2,0,0,0,1,0,0,0,0,0,0,0,0,0,0,0,0,1,0,1,0
allenai_OLMo-3-7B-Instruct x allenai_OLMo-3-7B-Instruct,allenai_OLMo-3-7B-Instruct,allenai_OLMo-3-7B-Instruct,apron_hook_drawer,asym_coop,343,1,drawer,2,0,0,0,0,0,0,0,0,0,0,0,0,0,0,0,0,0,0,0,0
allenai_OLMo-3-7B-Instruct x allenai_OLMo-3-7B-Instruct,allenai_OLMo-3-7B-Instruct,allenai_OLMo-3-7B-Instruct,apron_hook_drawer,asym_adv,344,1,drawer,2,1,0,0,0,0,0,0,0,0,0,0,0,0,0,0,1,0,0,1,1
allenai_OLMo-3-7B-Instruct x allenai_OLMo-3-7B-Instruct,allenai_OLMo-3-7B-Instruct,allenai_OLMo-3-7B-Instruct,apron_hook_drawer,conflict_coop,345,0,,16,0,0,1,1,0,0,0,0,1,1,1,0,0,0,0,0,5,0,1,0
allenai_OLMo-3-7B-Instruct x allenai_OLMo-3-7B-Instruct,allenai_OLMo-3-7B-Instruct,allenai_OLMo-3-7B-Instruct,apron_hook_drawer,conflict_adv,346,0,,16,0,0,1,1,0,0,0,0,1,1,1,0,0,0,0,0,5,0,1,0
allenai_OLMo-3-7B-Instruct x allenai_OLMo-3-7B-Instruct,allenai_OLMo-3-7B-Instruct,allenai_OLMo-3-7B-Instruct,apron_hook_drawer,mutual_incoh,347,1,drawer,2,1,0,0,0,0,0,0,0,0,0,0,0,0,0,0,1,0,0,1,1
allenai_OLMo-3-7B-Instruct x allenai_OLMo-3-7B-Instruct,allenai_OLMo-3-7B-Instruct,allenai_OLMo-3-7B-Instruct,leash_hook_table,mutual_coop,348,0,,16,0,0,1,1,0,0,0,0,1,1,1,0,0,0,0,0,5,0,1,0
allenai_OLMo-3-7B-Instruct x allenai_OLMo-3-7B-Instruct,allenai_OLMo-3-7B-Instruct,allenai_OLMo-3-7B-Instruct,leash_hook_table,asym_coop,349,0,,4,0,0,0,1,0,0,0,0,0,0,0,0,0,0,0,0,1,0,1,0
allenai_OLMo-3-7B-Instruct x allenai_OLMo-3-7B-Instruct,allenai_OLMo-3-7B-Instruct,allenai_OLMo-3-7B-Instruct,glasses_counter_shelf,conflict_adv,34,0,,16,1,0,1,1,0,0,0,0,1,1,1,0,0,0,0,1,5,0,1,1
allenai_OLMo-3-7B-Instruct x allenai_OLMo-3-7B-Instruct,allenai_OLMo-3-7B-Instruct,allenai_OLMo-3-7B-Instruct,leash_hook_table,asym_adv,350,0,table,4,1,0,0,0,0,0,0,0,0,0,0,0,0,0,0,1,0,0,1,1
allenai_OLMo-3-7B-Instruct x allenai_OLMo-3-7B-Instruct,allenai_OLMo-3-7B-Instruct,allenai_OLMo-3-7B-Instruct,leash_hook_table,conflict_coop,351,0,,2,0,0,0,1,0,0,0,0,0,0,0,0,0,0,0,0,1,0,1,0
allenai_OLMo-3-7B-Instruct x allenai_OLMo-3-7B-Instruct,allenai_OLMo-3-7B-Instruct,allenai_OLMo-3-7B-Instruct,leash_hook_table,conflict_adv,352,1,hook,2,1,0,0,0,0,0,0,0,0,0,0,0,0,0,0,1,0,0,1,1
allenai_OLMo-3-7B-Instruct x allenai_OLMo-3-7B-Instruct,allenai_OLMo-3-7B-Instruct,allenai_OLMo-3-7B-Instruct,leash_hook_table,mutual_incoh,353,0,,2,1,0,0,1,0,0,0,0,0,0,0,0,0,0,0,1,1,0,1,1
allenai_OLMo-3-7B-Instruct x allenai_OLMo-3-7B-Instruct,allenai_OLMo-3-7B-Instruct,allenai_OLMo-3-7B-Instruct,mat_floor_shelf,mutual_coop,354,0,,2,0,0,0,1,0,0,0,0,0,0,0,0,0,0,0,0,1,0,1,0
allenai_OLMo-3-7B-Instruct x allenai_OLMo-3-7B-Instruct,allenai_OLMo-3-7B-Instruct,allenai_OLMo-3-7B-Instruct,mat_floor_shelf,asym_coop,355,1,shelf,4,0,0,0,0,0,0,0,0,0,0,0,0,0,0,0,0,0,0,0,0
allenai_OLMo-3-7B-Instruct x allenai_OLMo-3-7B-Instruct,allenai_OLMo-3-7B-Instruct,allenai_OLMo-3-7B-Instruct,mat_floor_shelf,asym_adv,356,1,shelf,2,1,0,0,0,1,0,0,0,0,0,0,0,0,0,0,1,1,0,1,1
allenai_OLMo-3-7B-Instruct x allenai_OLMo-3-7B-Instruct,allenai_OLMo-3-7B-Instruct,allenai_OLMo-3-7B-Instruct,mat_floor_shelf,conflict_coop,357,0,,2,0,0,0,1,0,0,0,0,0,0,0,0,0,0,0,0,1,0,1,0
allenai_OLMo-3-7B-Instruct x allenai_OLMo-3-7B-Instruct,allenai_OLMo-3-7B-Instruct,allenai_OLMo-3-7B-Instruct,mat_floor_shelf,conflict_adv,358,0,floor,2,1,0,0,0,1,0,0,0,0,0,0,0,0,0,0,1,1,0,1,1
allenai_OLMo-3-7B-Instruct x allenai_OLMo-3-7B-Instruct,allenai_OLMo-3-7B-Instruct,allenai_OLMo-3-7B-Instruct,mat_floor_shelf,mutual_incoh,359,0,,2,1,0,0,1,0,0,0,0,0,0,0,0,0,0,0,1,1,0,1,1
allenai_OLMo-3-7B-Instruct x allenai_OLMo-3-7B-Instruct,allenai_OLMo-3-7B-Instruct,allenai_OLMo-3-7B-Instruct,glasses_counter_shelf,mutual_incoh,35,0,,2,0,0,0,1,0,0,0,0,0,0,0,0,0,0,0,0,1,0,1,0
allenai_OLMo-3-7B-Instruct x allenai_OLMo-3-7B-Instruct,allenai_OLMo-3-7B-Instruct,allenai_OLMo-3-7B-Instruct,clip_desk_tray,mutual_coop,360,1,desk,2,0,0,0,0,0,0,0,0,0,0,0,0,0,0,0,0,0,0,0,0
allenai_OLMo-3-7B-Instruct x allenai_OLMo-3-7B-Instruct,allenai_OLMo-3-7B-Instruct,allenai_OLMo-3-7B-Instruct,clip_desk_tray,asym_coop,361,0,,16,0,0,1,1,0,0,0,0,1,1,1,0,0,0,0,0,5,0,1,0
allenai_OLMo-3-7B-Instruct x allenai_OLMo-3-7B-Instruct,allenai_OLMo-3-7B-Instruct,allenai_OLMo-3-7B-Instruct,clip_desk_tray,asym_adv,362,1,desk,2,1,0,0,0,0,0,0,0,0,0,0,0,0,0,0,1,0,0,1,1
allenai_OLMo-3-7B-Instruct x allenai_OLMo-3-7B-Instruct,allenai_OLMo-3-7B-Instruct,allenai_OLMo-3-7B-Instruct,clip_desk_tray,conflict_coop,363,1,desk,2,0,0,0,0,0,0,0,0,0,0,0,0,0,0,0,0,0,0,0,0
allenai_OLMo-3-7B-Instruct x allenai_OLMo-3-7B-Instruct,allenai_OLMo-3-7B-Instruct,allenai_OLMo-3-7B-Instruct,clip_desk_tray,conflict_adv,364,0,,16,1,0,1,1,0,0,0,0,1,1,1,0,0,0,0,1,5,0,1,1
allenai_OLMo-3-7B-Instruct x allenai_OLMo-3-7B-Instruct,allenai_OLMo-3-7B-Instruct,allenai_OLMo-3-7B-Instruct,clip_desk_tray,mutual_incoh,365,1,desk,2,1,0,0,0,0,0,0,0,0,0,0,0,0,0,0,1,0,0,1,1
allenai_OLMo-3-7B-Instruct x allenai_OLMo-3-7B-Instruct,allenai_OLMo-3-7B-Instruct,allenai_OLMo-3-7B-Instruct,plug_desk_floor,mutual_coop,366,1,floor,2,0,0,0,0,0,0,0,0,0,0,0,0,0,0,0,0,0,0,0,0
allenai_OLMo-3-7B-Instruct x allenai_OLMo-3-7B-Instruct,allenai_OLMo-3-7B-Instruct,allenai_OLMo-3-7B-Instruct,plug_desk_floor,asym_coop,367,0,,16,0,0,1,1,0,0,0,0,1,1,1,0,0,0,0,0,5,0,1,0
allenai_OLMo-3-7B-Instruct x allenai_OLMo-3-7B-Instruct,allenai_OLMo-3-7B-Instruct,allenai_OLMo-3-7B-Instruct,plug_desk_floor,asym_adv,368,0,,16,1,0,1,1,0,0,0,0,1,1,1,0,0,0,0,1,5,0,1,1
allenai_OLMo-3-7B-Instruct x allenai_OLMo-3-7B-Instruct,allenai_OLMo-3-7B-Instruct,allenai_OLMo-3-7B-Instruct,plug_desk_floor,conflict_coop,369,0,,16,0,0,1,1,0,0,0,0,1,1,1,0,0,0,0,0,5,0,1,0
allenai_OLMo-3-7B-Instruct x allenai_OLMo-3-7B-Instruct,allenai_OLMo-3-7B-Instruct,allenai_OLMo-3-7B-Instruct,hat_hook_chair,mutual_coop,36,0,,16,0,0,1,1,0,0,0,0,1,1,1,0,0,0,0,0,5,0,1,0
allenai_OLMo-3-7B-Instruct x allenai_OLMo-3-7B-Instruct,allenai_OLMo-3-7B-Instruct,allenai_OLMo-3-7B-Instruct,plug_desk_floor,conflict_adv,370,0,,16,1,0,1,1,0,0,0,0,1,1,1,0,0,0,0,1,5,0,1,1
allenai_OLMo-3-7B-Instruct x allenai_OLMo-3-7B-Instruct,allenai_OLMo-3-7B-Instruct,allenai_OLMo-3-7B-Instruct,plug_desk_floor,mutual_incoh,371,1,floor,2,1,0,0,0,0,0,0,0,0,0,0,0,0,0,0,1,0,0,1,1
allenai_OLMo-3-7B-Instruct x allenai_OLMo-3-7B-Instruct,allenai_OLMo-3-7B-Instruct,allenai_OLMo-3-7B-Instruct,lock_gate_shed,mutual_coop,372,0,,16,0,0,1,1,0,0,0,0,1,1,1,0,0,0,0,0,5,0,1,0
allenai_OLMo-3-7B-Instruct x allenai_OLMo-3-7B-Instruct,allenai_OLMo-3-7B-Instruct,allenai_OLMo-3-7B-Instruct,lock_gate_shed,asym_coop,373,1,gate,2,0,0,0,0,0,0,0,0,0,0,0,0,0,0,0,0,0,0,0,0
allenai_OLMo-3-7B-Instruct x allenai_OLMo-3-7B-Instruct,allenai_OLMo-3-7B-Instruct,allenai_OLMo-3-7B-Instruct,lock_gate_shed,asym_adv,374,1,gate,8,1,0,0,0,0,0,0,0,0,0,0,0,0,0,0,1,0,0,1,1
allenai_OLMo-3-7B-Instruct x allenai_OLMo-3-7B-Instruct,allenai_OLMo-3-7B-Instruct,allenai_OLMo-3-7B-Instruct,lock_gate_shed,conflict_coop,375,0,,16,0,0,1,1,0,0,0,0,1,1,1,0,0,0,0,0,5,0,1,0
allenai_OLMo-3-7B-Instruct x allenai_OLMo-3-7B-Instruct,allenai_OLMo-3-7B-Instruct,allenai_OLMo-3-7B-Instruct,lock_gate_shed,conflict_adv,376,1,gate,4,0,0,0,0,0,0,0,0,0,0,0,0,0,0,0,0,0,0,0,0
allenai_OLMo-3-7B-Instruct x allenai_OLMo-3-7B-Instruct,allenai_OLMo-3-7B-Instruct,allenai_OLMo-3-7B-Instruct,lock_gate_shed,mutual_incoh,377,0,,16,1,0,1,1,0,0,0,0,1,1,1,0,0,0,0,1,5,0,1,1
allenai_OLMo-3-7B-Instruct x allenai_OLMo-3-7B-Instruct,allenai_OLMo-3-7B-Instruct,allenai_OLMo-3-7B-Instruct,pan_stove_shelf,mutual_coop,378,0,,4,0,0,0,1,0,0,0,0,0,0,0,0,1,0,0,0,2,0,1,0
allenai_OLMo-3-7B-Instruct x allenai_OLMo-3-7B-Instruct,allenai_OLMo-3-7B-Instruct,allenai_OLMo-3-7B-Instruct,pan_stove_shelf,asym_coop,379,0,,16,0,0,1,1,0,0,0,0,1,1,1,0,0,0,0,0,5,0,1,0
allenai_OLMo-3-7B-Instruct x allenai_OLMo-3-7B-Instruct,allenai_OLMo-3-7B-Instruct,allenai_OLMo-3-7B-Instruct,hat_hook_chair,asym_coop,37,0,chair,4,0,0,0,0,0,0,0,0,0,0,0,0,0,0,0,0,0,0,0,0
allenai_OLMo-3-7B-Instruct x allenai_OLMo-3-7B-Instruct,allenai_OLMo-3-7B-Instruct,allenai_OLMo-3-7B-Instruct,pan_stove_shelf,asym_adv,380,1,shelf,2,1,0,0,0,0,0,0,0,0,0,0,0,0,0,0,1,0,0,1,1
allenai_OLMo-3-7B-Instruct x allenai_OLMo-3-7B-Instruct,allenai_OLMo-3-7B-Instruct,allenai_OLMo-3-7B-Instruct,pan_stove_shelf,conflict_coop,381,0,stove,4,0,0,0,0,0,0,0,0,0,0,0,0,0,0,0,0,0,0,0,0
allenai_OLMo-3-7B-Instruct x allenai_OLMo-3-7B-Instruct,allenai_OLMo-3-7B-Instruct,allenai_OLMo-3-7B-Instruct,pan_stove_shelf,conflict_adv,382,1,shelf,2,1,0,0,0,0,0,0,0,0,0,0,0,0,0,0,1,0,0,1,1
allenai_OLMo-3-7B-Instruct x allenai_OLMo-3-7B-Instruct,allenai_OLMo-3-7B-Instruct,allenai_OLMo-3-7B-Instruct,pan_stove_shelf,mutual_incoh,383,0,,16,1,0,1,1,0,0,0,0,1,1,1,0,1,0,0,1,6,0,1,1
allenai_OLMo-3-7B-Instruct x allenai_OLMo-3-7B-Instruct,allenai_OLMo-3-7B-Instruct,allenai_OLMo-3-7B-Instruct,lens_bag_case,mutual_coop,384,0,,2,0,0,0,1,0,0,0,0,0,0,0,0,0,0,0,0,1,0,1,0
allenai_OLMo-3-7B-Instruct x allenai_OLMo-3-7B-Instruct,allenai_OLMo-3-7B-Instruct,allenai_OLMo-3-7B-Instruct,lens_bag_case,asym_coop,385,1,bag,8,0,0,0,0,0,0,0,0,0,0,0,0,0,0,0,0,0,0,0,0
allenai_OLMo-3-7B-Instruct x allenai_OLMo-3-7B-Instruct,allenai_OLMo-3-7B-Instruct,allenai_OLMo-3-7B-Instruct,lens_bag_case,asym_adv,386,0,,16,1,0,1,1,0,0,0,0,1,1,1,0,0,0,0,1,5,0,1,1
allenai_OLMo-3-7B-Instruct x allenai_OLMo-3-7B-Instruct,allenai_OLMo-3-7B-Instruct,allenai_OLMo-3-7B-Instruct,lens_bag_case,conflict_coop,387,0,,16,0,0,1,1,0,0,0,0,1,1,1,0,0,0,0,0,5,0,1,0
allenai_OLMo-3-7B-Instruct x allenai_OLMo-3-7B-Instruct,allenai_OLMo-3-7B-Instruct,allenai_OLMo-3-7B-Instruct,lens_bag_case,conflict_adv,388,0,,4,0,0,0,1,0,0,0,0,0,0,0,0,0,0,0,0,1,0,1,0
allenai_OLMo-3-7B-Instruct x allenai_OLMo-3-7B-Instruct,allenai_OLMo-3-7B-Instruct,allenai_OLMo-3-7B-Instruct,lens_bag_case,mutual_incoh,389,0,,16,0,0,1,1,0,0,0,0,1,1,1,0,0,0,0,0,5,0,1,0
allenai_OLMo-3-7B-Instruct x allenai_OLMo-3-7B-Instruct,allenai_OLMo-3-7B-Instruct,allenai_OLMo-3-7B-Instruct,hat_hook_chair,asym_adv,38,0,,2,1,0,0,1,0,0,0,0,0,0,0,0,0,0,0,1,1,0,1,1
allenai_OLMo-3-7B-Instruct x allenai_OLMo-3-7B-Instruct,allenai_OLMo-3-7B-Instruct,allenai_OLMo-3-7B-Instruct,seed_pot_bag,mutual_coop,390,0,,2,1,0,0,1,0,0,0,0,0,0,0,0,0,0,0,1,1,0,1,1
allenai_OLMo-3-7B-Instruct x allenai_OLMo-3-7B-Instruct,allenai_OLMo-3-7B-Instruct,allenai_OLMo-3-7B-Instruct,seed_pot_bag,asym_coop,391,0,,16,0,0,1,1,0,0,0,0,1,1,1,0,0,0,0,0,5,0,1,0
allenai_OLMo-3-7B-Instruct x allenai_OLMo-3-7B-Instruct,allenai_OLMo-3-7B-Instruct,allenai_OLMo-3-7B-Instruct,seed_pot_bag,asym_adv,392,0,pot,2,0,0,0,0,0,0,0,0,0,0,0,0,0,0,0,0,0,0,0,0
allenai_OLMo-3-7B-Instruct x allenai_OLMo-3-7B-Instruct,allenai_OLMo-3-7B-Instruct,allenai_OLMo-3-7B-Instruct,seed_pot_bag,conflict_coop,393,1,bag,2,0,0,0,0,0,0,0,0,0,0,0,0,0,0,0,0,0,0,0,0
allenai_OLMo-3-7B-Instruct x allenai_OLMo-3-7B-Instruct,allenai_OLMo-3-7B-Instruct,allenai_OLMo-3-7B-Instruct,seed_pot_bag,conflict_adv,394,0,pot,16,1,0,0,0,0,0,0,0,1,1,0,0,0,0,0,1,2,0,1,1
allenai_OLMo-3-7B-Instruct x allenai_OLMo-3-7B-Instruct,allenai_OLMo-3-7B-Instruct,allenai_OLMo-3-7B-Instruct,seed_pot_bag,mutual_incoh,395,0,,16,0,0,1,1,0,0,0,0,1,1,0,0,0,0,0,0,4,0,1,0
allenai_OLMo-3-7B-Instruct x allenai_OLMo-3-7B-Instruct,allenai_OLMo-3-7B-Instruct,allenai_OLMo-3-7B-Instruct,bulb_box_shelf,mutual_coop,396,0,shelf,16,0,0,0,0,0,0,0,0,1,1,0,0,1,0,0,0,3,0,1,0
allenai_OLMo-3-7B-Instruct x allenai_OLMo-3-7B-Instruct,allenai_OLMo-3-7B-Instruct,allenai_OLMo-3-7B-Instruct,bulb_box_shelf,asym_coop,397,1,box,2,0,0,0,0,0,0,0,0,0,0,0,0,0,0,0,0,0,0,0,0
allenai_OLMo-3-7B-Instruct x allenai_OLMo-3-7B-Instruct,allenai_OLMo-3-7B-Instruct,allenai_OLMo-3-7B-Instruct,bulb_box_shelf,asym_adv,398,1,box,2,1,0,0,0,0,0,0,0,0,0,0,0,0,0,0,1,0,0,1,1
allenai_OLMo-3-7B-Instruct x allenai_OLMo-3-7B-Instruct,allenai_OLMo-3-7B-Instruct,allenai_OLMo-3-7B-Instruct,bulb_box_shelf,conflict_coop,399,0,,16,0,0,1,1,0,0,0,0,1,1,0,0,1,0,0,0,5,0,1,0
allenai_OLMo-3-7B-Instruct x allenai_OLMo-3-7B-Instruct,allenai_OLMo-3-7B-Instruct,allenai_OLMo-3-7B-Instruct,hat_hook_chair,conflict_coop,39,0,,2,0,0,0,1,0,0,0,0,0,0,0,0,0,0,0,0,1,0,1,0
allenai_OLMo-3-7B-Instruct x allenai_OLMo-3-7B-Instruct,allenai_OLMo-3-7B-Instruct,allenai_OLMo-3-7B-Instruct,key_in_boxes,conflict_coop,3,0,,16,0,0,1,1,0,0,0,0,1,1,0,0,0,0,0,0,4,0,1,0
allenai_OLMo-3-7B-Instruct x allenai_OLMo-3-7B-Instruct,allenai_OLMo-3-7B-Instruct,allenai_OLMo-3-7B-Instruct,bulb_box_shelf,conflict_adv,400,0,,16,1,0,1,1,0,0,0,0,1,1,1,0,0,0,0,1,5,0,1,1
allenai_OLMo-3-7B-Instruct x allenai_OLMo-3-7B-Instruct,allenai_OLMo-3-7B-Instruct,allenai_OLMo-3-7B-Instruct,bulb_box_shelf,mutual_incoh,401,0,,4,1,0,0,1,0,0,0,0,0,0,0,0,1,0,0,1,2,0,1,1
allenai_OLMo-3-7B-Instruct x allenai_OLMo-3-7B-Instruct,allenai_OLMo-3-7B-Instruct,allenai_OLMo-3-7B-Instruct,cloth_rack_basket,mutual_coop,402,0,,2,0,0,0,1,0,0,0,0,0,0,0,0,0,0,0,0,1,0,1,0
allenai_OLMo-3-7B-Instruct x allenai_OLMo-3-7B-Instruct,allenai_OLMo-3-7B-Instruct,allenai_OLMo-3-7B-Instruct,cloth_rack_basket,asym_coop,403,0,rack,2,0,0,0,0,0,0,0,0,0,0,0,0,0,0,0,0,0,0,0,0
allenai_OLMo-3-7B-Instruct x allenai_OLMo-3-7B-Instruct,allenai_OLMo-3-7B-Instruct,allenai_OLMo-3-7B-Instruct,cloth_rack_basket,asym_adv,404,0,rack,2,1,0,0,0,0,0,0,0,0,0,0,0,0,0,0,1,0,0,1,1
allenai_OLMo-3-7B-Instruct x allenai_OLMo-3-7B-Instruct,allenai_OLMo-3-7B-Instruct,allenai_OLMo-3-7B-Instruct,cloth_rack_basket,conflict_coop,405,1,basket,2,0,0,0,0,0,0,0,0,0,0,0,0,0,0,0,0,0,0,0,0
allenai_OLMo-3-7B-Instruct x allenai_OLMo-3-7B-Instruct,allenai_OLMo-3-7B-Instruct,allenai_OLMo-3-7B-Instruct,cloth_rack_basket,conflict_adv,406,0,,16,1,0,1,1,0,0,0,0,1,1,1,0,0,0,0,1,5,0,1,1
allenai_OLMo-3-7B-Instruct x allenai_OLMo-3-7B-Instruct,allenai_OLMo-3-7B-Instruct,allenai_OLMo-3-7B-Instruct,cloth_rack_basket,mutual_incoh,407,0,,2,1,0,0,1,0,0,0,0,0,0,0,0,0,0,0,1,1,0,1,1
allenai_OLMo-3-7B-Instruct x allenai_OLMo-3-7B-Instruct,allenai_OLMo-3-7B-Instruct,allenai_OLMo-3-7B-Instruct,stapler_desk_drawer,mutual_coop,408,1,desk,2,0,0,0,0,0,0,0,0,0,0,0,0,0,0,0,0,0,0,0,0
allenai_OLMo-3-7B-Instruct x allenai_OLMo-3-7B-Instruct,allenai_OLMo-3-7B-Instruct,allenai_OLMo-3-7B-Instruct,stapler_desk_drawer,asym_coop,409,0,,16,0,0,1,1,0,0,0,0,1,1,1,0,0,0,0,0,5,0,1,0
allenai_OLMo-3-7B-Instruct x allenai_OLMo-3-7B-Instruct,allenai_OLMo-3-7B-Instruct,allenai_OLMo-3-7B-Instruct,hat_hook_chair,conflict_adv,40,0,chair,2,1,0,0,0,0,0,0,0,0,0,0,0,0,0,0,1,0,0,1,1
allenai_OLMo-3-7B-Instruct x allenai_OLMo-3-7B-Instruct,allenai_OLMo-3-7B-Instruct,allenai_OLMo-3-7B-Instruct,stapler_desk_drawer,asym_adv,410,0,,6,1,0,0,1,0,0,0,0,0,0,0,0,0,0,0,1,1,0,1,1
allenai_OLMo-3-7B-Instruct x allenai_OLMo-3-7B-Instruct,allenai_OLMo-3-7B-Instruct,allenai_OLMo-3-7B-Instruct,stapler_desk_drawer,conflict_coop,411,1,desk,2,0,0,0,0,0,0,0,0,0,0,0,0,0,0,0,0,0,0,0,0
allenai_OLMo-3-7B-Instruct x allenai_OLMo-3-7B-Instruct,allenai_OLMo-3-7B-Instruct,allenai_OLMo-3-7B-Instruct,stapler_desk_drawer,conflict_adv,412,0,,16,1,0,1,1,0,0,0,0,1,1,1,0,0,0,0,1,5,0,1,1
allenai_OLMo-3-7B-Instruct x allenai_OLMo-3-7B-Instruct,allenai_OLMo-3-7B-Instruct,allenai_OLMo-3-7B-Instruct,stapler_desk_drawer,mutual_incoh,413,1,desk,2,1,0,0,0,0,0,0,0,0,0,0,0,0,0,0,1,0,0,1,1
allenai_OLMo-3-7B-Instruct x allenai_OLMo-3-7B-Instruct,allenai_OLMo-3-7B-Instruct,allenai_OLMo-3-7B-Instruct,shovel_shed_yard,mutual_coop,414,0,,16,0,0,1,1,0,0,0,0,1,1,1,0,0,0,0,0,5,0,1,0
allenai_OLMo-3-7B-Instruct x allenai_OLMo-3-7B-Instruct,allenai_OLMo-3-7B-Instruct,allenai_OLMo-3-7B-Instruct,shovel_shed_yard,asym_coop,415,0,,16,0,0,1,1,0,0,0,0,1,1,1,0,0,0,0,0,5,0,1,0
allenai_OLMo-3-7B-Instruct x allenai_OLMo-3-7B-Instruct,allenai_OLMo-3-7B-Instruct,allenai_OLMo-3-7B-Instruct,shovel_shed_yard,asym_adv,416,0,,16,1,0,1,1,0,0,0,0,1,1,1,0,0,0,0,1,5,0,1,1
allenai_OLMo-3-7B-Instruct x allenai_OLMo-3-7B-Instruct,allenai_OLMo-3-7B-Instruct,allenai_OLMo-3-7B-Instruct,shovel_shed_yard,conflict_coop,417,0,,4,0,0,0,1,0,0,0,0,0,0,0,0,0,0,0,0,1,0,1,0
allenai_OLMo-3-7B-Instruct x allenai_OLMo-3-7B-Instruct,allenai_OLMo-3-7B-Instruct,allenai_OLMo-3-7B-Instruct,shovel_shed_yard,conflict_adv,418,0,,16,0,0,1,1,0,0,0,0,1,1,1,0,0,0,0,0,5,0,1,0
allenai_OLMo-3-7B-Instruct x allenai_OLMo-3-7B-Instruct,allenai_OLMo-3-7B-Instruct,allenai_OLMo-3-7B-Instruct,shovel_shed_yard,mutual_incoh,419,0,,16,1,0,1,1,0,0,0,0,1,1,0,0,1,0,0,1,5,0,1,1
allenai_OLMo-3-7B-Instruct x allenai_OLMo-3-7B-Instruct,allenai_OLMo-3-7B-Instruct,allenai_OLMo-3-7B-Instruct,hat_hook_chair,mutual_incoh,41,0,,16,1,0,1,1,0,0,0,0,1,1,1,0,0,0,0,1,5,0,1,1
allenai_OLMo-3-7B-Instruct x allenai_OLMo-3-7B-Instruct,allenai_OLMo-3-7B-Instruct,allenai_OLMo-3-7B-Instruct,tray_oven_counter,mutual_coop,420,1,oven,2,0,0,0,0,0,0,0,0,0,0,0,0,0,0,0,0,0,0,0,0
allenai_OLMo-3-7B-Instruct x allenai_OLMo-3-7B-Instruct,allenai_OLMo-3-7B-Instruct,allenai_OLMo-3-7B-Instruct,tray_oven_counter,asym_coop,421,0,counter,2,0,0,0,0,0,0,0,0,0,0,0,0,0,0,0,0,0,0,0,0
allenai_OLMo-3-7B-Instruct x allenai_OLMo-3-7B-Instruct,allenai_OLMo-3-7B-Instruct,allenai_OLMo-3-7B-Instruct,tray_oven_counter,asym_adv,422,0,counter,2,1,0,0,0,0,0,0,0,0,0,0,0,0,0,0,1,0,0,1,1
allenai_OLMo-3-7B-Instruct x allenai_OLMo-3-7B-Instruct,allenai_OLMo-3-7B-Instruct,allenai_OLMo-3-7B-Instruct,tray_oven_counter,conflict_coop,423,0,counter,4,0,0,0,0,0,0,0,0,0,0,0,0,0,0,0,0,0,0,0,0
allenai_OLMo-3-7B-Instruct x allenai_OLMo-3-7B-Instruct,allenai_OLMo-3-7B-Instruct,allenai_OLMo-3-7B-Instruct,tray_oven_counter,conflict_adv,424,0,,16,1,0,1,1,0,0,0,0,1,1,1,0,0,0,0,1,5,0,1,1
allenai_OLMo-3-7B-Instruct x allenai_OLMo-3-7B-Instruct,allenai_OLMo-3-7B-Instruct,allenai_OLMo-3-7B-Instruct,tray_oven_counter,mutual_incoh,425,1,oven,2,1,0,0,0,0,0,0,0,0,0,0,0,0,0,0,1,0,0,1,1
allenai_OLMo-3-7B-Instruct x allenai_OLMo-3-7B-Instruct,allenai_OLMo-3-7B-Instruct,allenai_OLMo-3-7B-Instruct,belt_closet_chair,mutual_coop,426,0,,2,0,0,0,1,0,0,0,0,0,0,0,0,0,0,0,0,1,0,1,0
allenai_OLMo-3-7B-Instruct x allenai_OLMo-3-7B-Instruct,allenai_OLMo-3-7B-Instruct,allenai_OLMo-3-7B-Instruct,belt_closet_chair,asym_coop,427,0,,2,0,0,0,1,0,0,0,0,0,0,0,0,0,0,0,0,1,0,1,0
allenai_OLMo-3-7B-Instruct x allenai_OLMo-3-7B-Instruct,allenai_OLMo-3-7B-Instruct,allenai_OLMo-3-7B-Instruct,belt_closet_chair,asym_adv,428,1,chair,2,1,0,0,0,0,0,0,0,0,0,0,0,0,0,0,1,0,0,1,1
allenai_OLMo-3-7B-Instruct x allenai_OLMo-3-7B-Instruct,allenai_OLMo-3-7B-Instruct,allenai_OLMo-3-7B-Instruct,belt_closet_chair,conflict_coop,429,0,,2,0,0,0,1,0,0,0,0,0,0,0,0,0,0,0,0,1,0,1,0
allenai_OLMo-3-7B-Instruct x allenai_OLMo-3-7B-Instruct,allenai_OLMo-3-7B-Instruct,allenai_OLMo-3-7B-Instruct,pen_cup_tray,mutual_coop,42,0,,2,0,0,0,1,0,0,0,0,0,0,0,0,0,0,0,0,1,0,1,0
allenai_OLMo-3-7B-Instruct x allenai_OLMo-3-7B-Instruct,allenai_OLMo-3-7B-Instruct,allenai_OLMo-3-7B-Instruct,belt_closet_chair,conflict_adv,430,0,,16,1,0,1,1,0,0,0,0,1,1,1,0,0,0,0,1,5,0,1,1
allenai_OLMo-3-7B-Instruct x allenai_OLMo-3-7B-Instruct,allenai_OLMo-3-7B-Instruct,allenai_OLMo-3-7B-Instruct,belt_closet_chair,mutual_incoh,431,0,,2,1,0,0,1,0,0,0,0,0,0,0,0,0,0,0,1,1,0,1,1
allenai_OLMo-3-7B-Instruct x allenai_OLMo-3-7B-Instruct,allenai_OLMo-3-7B-Instruct,allenai_OLMo-3-7B-Instruct,cup_shelf_table,mutual_coop,432,0,,4,0,0,0,1,0,0,0,0,0,0,0,0,1,0,0,0,2,0,1,0
allenai_OLMo-3-7B-Instruct x allenai_OLMo-3-7B-Instruct,allenai_OLMo-3-7B-Instruct,allenai_OLMo-3-7B-Instruct,cup_shelf_table,asym_coop,433,0,table,4,0,0,0,0,0,0,0,0,0,0,0,0,0,0,0,0,0,0,0,0
allenai_OLMo-3-7B-Instruct x allenai_OLMo-3-7B-Instruct,allenai_OLMo-3-7B-Instruct,allenai_OLMo-3-7B-Instruct,cup_shelf_table,asym_adv,434,1,shelf,2,1,0,0,0,0,0,0,0,0,0,0,0,0,0,0,1,0,0,1,1
allenai_OLMo-3-7B-Instruct x allenai_OLMo-3-7B-Instruct,allenai_OLMo-3-7B-Instruct,allenai_OLMo-3-7B-Instruct,cup_shelf_table,conflict_coop,435,0,,2,0,0,0,1,0,0,0,0,0,0,0,0,0,0,0,0,1,0,1,0
allenai_OLMo-3-7B-Instruct x allenai_OLMo-3-7B-Instruct,allenai_OLMo-3-7B-Instruct,allenai_OLMo-3-7B-Instruct,cup_shelf_table,conflict_adv,436,0,,16,1,0,1,1,0,0,0,0,1,1,1,0,0,0,0,1,5,0,1,1
allenai_OLMo-3-7B-Instruct x allenai_OLMo-3-7B-Instruct,allenai_OLMo-3-7B-Instruct,allenai_OLMo-3-7B-Instruct,cup_shelf_table,mutual_incoh,437,0,,16,1,0,0,1,0,0,0,0,1,1,0,0,1,0,0,1,4,0,1,1
allenai_OLMo-3-7B-Instruct x allenai_OLMo-3-7B-Instruct,allenai_OLMo-3-7B-Instruct,allenai_OLMo-3-7B-Instruct,mask_hook_drawer,mutual_coop,438,0,,16,0,0,1,1,0,0,0,0,1,1,0,0,1,0,0,0,5,0,1,0
allenai_OLMo-3-7B-Instruct x allenai_OLMo-3-7B-Instruct,allenai_OLMo-3-7B-Instruct,allenai_OLMo-3-7B-Instruct,mask_hook_drawer,asym_coop,439,0,hook,2,0,0,0,0,0,0,0,0,0,0,0,0,0,0,0,0,0,0,0,0
allenai_OLMo-3-7B-Instruct x allenai_OLMo-3-7B-Instruct,allenai_OLMo-3-7B-Instruct,allenai_OLMo-3-7B-Instruct,pen_cup_tray,asym_coop,43,0,,8,0,0,0,1,0,0,0,0,0,0,0,0,1,0,0,0,2,0,1,0
allenai_OLMo-3-7B-Instruct x allenai_OLMo-3-7B-Instruct,allenai_OLMo-3-7B-Instruct,allenai_OLMo-3-7B-Instruct,mask_hook_drawer,asym_adv,440,0,,16,1,0,1,1,0,0,0,0,1,1,1,0,0,0,0,1,5,0,1,1
allenai_OLMo-3-7B-Instruct x allenai_OLMo-3-7B-Instruct,allenai_OLMo-3-7B-Instruct,allenai_OLMo-3-7B-Instruct,mask_hook_drawer,conflict_coop,441,0,hook,2,0,0,0,0,0,0,0,0,0,0,0,0,0,0,0,0,0,0,0,0
allenai_OLMo-3-7B-Instruct x allenai_OLMo-3-7B-Instruct,allenai_OLMo-3-7B-Instruct,allenai_OLMo-3-7B-Instruct,mask_hook_drawer,conflict_adv,442,1,drawer,2,1,0,0,0,0,0,0,0,0,0,0,0,0,0,0,1,0,0,1,1
allenai_OLMo-3-7B-Instruct x allenai_OLMo-3-7B-Instruct,allenai_OLMo-3-7B-Instruct,allenai_OLMo-3-7B-Instruct,mask_hook_drawer,mutual_incoh,443,0,,16,1,0,1,1,0,0,0,0,1,1,1,0,0,0,0,1,5,0,1,1
allenai_OLMo-3-7B-Instruct x allenai_OLMo-3-7B-Instruct,allenai_OLMo-3-7B-Instruct,allenai_OLMo-3-7B-Instruct,film_shelf_drawer,mutual_coop,444,0,,2,0,0,0,1,0,0,0,0,0,0,0,0,0,0,0,0,1,0,1,0
allenai_OLMo-3-7B-Instruct x allenai_OLMo-3-7B-Instruct,allenai_OLMo-3-7B-Instruct,allenai_OLMo-3-7B-Instruct,film_shelf_drawer,asym_coop,445,0,drawer,2,0,0,0,0,0,0,0,0,0,0,0,0,0,0,0,0,0,0,0,0
allenai_OLMo-3-7B-Instruct x allenai_OLMo-3-7B-Instruct,allenai_OLMo-3-7B-Instruct,allenai_OLMo-3-7B-Instruct,film_shelf_drawer,asym_adv,446,0,drawer,2,1,0,0,0,0,0,0,0,0,0,0,0,0,0,0,1,0,0,1,1
allenai_OLMo-3-7B-Instruct x allenai_OLMo-3-7B-Instruct,allenai_OLMo-3-7B-Instruct,allenai_OLMo-3-7B-Instruct,film_shelf_drawer,conflict_coop,447,0,,2,0,0,0,1,0,0,0,0,0,0,0,0,0,0,0,0,1,0,1,0
allenai_OLMo-3-7B-Instruct x allenai_OLMo-3-7B-Instruct,allenai_OLMo-3-7B-Instruct,allenai_OLMo-3-7B-Instruct,film_shelf_drawer,conflict_adv,448,0,,16,1,0,1,1,0,0,0,0,1,1,1,0,0,0,0,1,5,0,1,1
allenai_OLMo-3-7B-Instruct x allenai_OLMo-3-7B-Instruct,allenai_OLMo-3-7B-Instruct,allenai_OLMo-3-7B-Instruct,film_shelf_drawer,mutual_incoh,449,0,,16,1,0,1,1,0,0,0,0,1,1,1,0,0,0,0,1,5,0,1,1
allenai_OLMo-3-7B-Instruct x allenai_OLMo-3-7B-Instruct,allenai_OLMo-3-7B-Instruct,allenai_OLMo-3-7B-Instruct,pen_cup_tray,asym_adv,44,1,tray,2,1,0,0,0,0,0,0,0,0,0,0,0,0,0,0,1,0,0,1,1
allenai_OLMo-3-7B-Instruct x allenai_OLMo-3-7B-Instruct,allenai_OLMo-3-7B-Instruct,allenai_OLMo-3-7B-Instruct,globe_desk_shelf,mutual_coop,450,0,,16,0,0,1,1,0,0,0,0,1,1,0,0,1,0,0,0,5,0,1,0
allenai_OLMo-3-7B-Instruct x allenai_OLMo-3-7B-Instruct,allenai_OLMo-3-7B-Instruct,allenai_OLMo-3-7B-Instruct,globe_desk_shelf,asym_coop,451,1,shelf,4,0,0,0,0,0,0,0,0,0,0,0,0,0,0,0,0,0,0,0,0
allenai_OLMo-3-7B-Instruct x allenai_OLMo-3-7B-Instruct,allenai_OLMo-3-7B-Instruct,allenai_OLMo-3-7B-Instruct,globe_desk_shelf,asym_adv,452,0,,2,1,0,0,1,0,0,0,0,0,0,0,0,0,0,0,1,1,0,1,1
allenai_OLMo-3-7B-Instruct x allenai_OLMo-3-7B-Instruct,allenai_OLMo-3-7B-Instruct,allenai_OLMo-3-7B-Instruct,globe_desk_shelf,conflict_coop,453,1,shelf,4,0,0,0,0,0,0,0,0,0,0,0,0,0,0,0,0,0,0,0,0
allenai_OLMo-3-7B-Instruct x allenai_OLMo-3-7B-Instruct,allenai_OLMo-3-7B-Instruct,allenai_OLMo-3-7B-Instruct,globe_desk_shelf,conflict_adv,454,0,,16,0,0,1,1,0,0,0,0,1,1,1,0,0,0,0,0,5,0,1,0
allenai_OLMo-3-7B-Instruct x allenai_OLMo-3-7B-Instruct,allenai_OLMo-3-7B-Instruct,allenai_OLMo-3-7B-Instruct,globe_desk_shelf,mutual_incoh,455,0,,16,1,0,1,1,0,0,0,0,1,1,1,0,1,0,0,1,6,0,1,1
allenai_OLMo-3-7B-Instruct x allenai_OLMo-3-7B-Instruct,allenai_OLMo-3-7B-Instruct,allenai_OLMo-3-7B-Instruct,net_shed_yard,mutual_coop,456,0,,2,0,0,0,1,0,0,0,0,0,0,0,0,0,0,0,0,1,0,1,0
allenai_OLMo-3-7B-Instruct x allenai_OLMo-3-7B-Instruct,allenai_OLMo-3-7B-Instruct,allenai_OLMo-3-7B-Instruct,net_shed_yard,asym_coop,457,0,,16,0,0,1,1,0,0,0,0,1,1,0,0,0,0,0,0,4,0,1,0
allenai_OLMo-3-7B-Instruct x allenai_OLMo-3-7B-Instruct,allenai_OLMo-3-7B-Instruct,allenai_OLMo-3-7B-Instruct,net_shed_yard,asym_adv,458,0,,16,1,0,1,1,0,0,0,0,1,1,1,0,0,0,0,1,5,0,1,1
allenai_OLMo-3-7B-Instruct x allenai_OLMo-3-7B-Instruct,allenai_OLMo-3-7B-Instruct,allenai_OLMo-3-7B-Instruct,net_shed_yard,conflict_coop,459,0,,16,0,0,1,1,0,0,0,0,1,1,1,0,0,0,0,0,5,0,1,0
allenai_OLMo-3-7B-Instruct x allenai_OLMo-3-7B-Instruct,allenai_OLMo-3-7B-Instruct,allenai_OLMo-3-7B-Instruct,pen_cup_tray,conflict_coop,45,0,,6,0,0,0,1,0,0,0,0,0,0,1,0,0,0,0,0,2,0,1,0
allenai_OLMo-3-7B-Instruct x allenai_OLMo-3-7B-Instruct,allenai_OLMo-3-7B-Instruct,allenai_OLMo-3-7B-Instruct,net_shed_yard,conflict_adv,460,0,,16,1,0,1,1,0,0,0,0,1,1,1,0,0,0,0,1,5,0,1,1
allenai_OLMo-3-7B-Instruct x allenai_OLMo-3-7B-Instruct,allenai_OLMo-3-7B-Instruct,allenai_OLMo-3-7B-Instruct,net_shed_yard,mutual_incoh,461,0,,16,1,0,1,1,0,0,0,0,1,1,1,0,0,0,0,1,5,0,1,1
allenai_OLMo-3-7B-Instruct x allenai_OLMo-3-7B-Instruct,allenai_OLMo-3-7B-Instruct,allenai_OLMo-3-7B-Instruct,chalk_tray_box,mutual_coop,462,0,,16,0,0,1,1,0,0,0,0,1,1,0,0,0,0,0,0,4,0,1,0
allenai_OLMo-3-7B-Instruct x allenai_OLMo-3-7B-Instruct,allenai_OLMo-3-7B-Instruct,allenai_OLMo-3-7B-Instruct,chalk_tray_box,asym_coop,463,0,,16,0,0,1,1,0,0,0,0,1,1,1,0,0,0,0,0,5,0,1,0
allenai_OLMo-3-7B-Instruct x allenai_OLMo-3-7B-Instruct,allenai_OLMo-3-7B-Instruct,allenai_OLMo-3-7B-Instruct,chalk_tray_box,asym_adv,464,1,box,2,1,0,0,0,0,0,0,0,0,0,0,0,0,0,0,1,0,0,1,1
allenai_OLMo-3-7B-Instruct x allenai_OLMo-3-7B-Instruct,allenai_OLMo-3-7B-Instruct,allenai_OLMo-3-7B-Instruct,chalk_tray_box,conflict_coop,465,0,,16,0,0,0,1,0,0,0,0,1,1,1,0,0,0,0,0,4,0,1,0
allenai_OLMo-3-7B-Instruct x allenai_OLMo-3-7B-Instruct,allenai_OLMo-3-7B-Instruct,allenai_OLMo-3-7B-Instruct,chalk_tray_box,conflict_adv,466,0,,16,1,0,1,1,0,0,0,0,1,1,1,0,0,0,0,1,5,0,1,1
allenai_OLMo-3-7B-Instruct x allenai_OLMo-3-7B-Instruct,allenai_OLMo-3-7B-Instruct,allenai_OLMo-3-7B-Instruct,chalk_tray_box,mutual_incoh,467,0,,16,1,0,1,1,0,0,0,0,1,1,0,0,0,0,0,1,4,0,1,1
allenai_OLMo-3-7B-Instruct x allenai_OLMo-3-7B-Instruct,allenai_OLMo-3-7B-Instruct,allenai_OLMo-3-7B-Instruct,paint_shelf_bench,mutual_coop,468,0,,4,0,0,0,1,0,0,0,0,0,0,0,0,1,0,0,0,2,0,1,0
allenai_OLMo-3-7B-Instruct x allenai_OLMo-3-7B-Instruct,allenai_OLMo-3-7B-Instruct,allenai_OLMo-3-7B-Instruct,paint_shelf_bench,asym_coop,469,0,,16,0,0,1,1,0,0,0,0,1,1,1,0,0,0,0,0,5,0,1,0
allenai_OLMo-3-7B-Instruct x allenai_OLMo-3-7B-Instruct,allenai_OLMo-3-7B-Instruct,allenai_OLMo-3-7B-Instruct,pen_cup_tray,conflict_adv,46,0,,16,0,0,1,1,0,0,0,0,1,1,1,0,0,0,0,0,5,0,1,0
allenai_OLMo-3-7B-Instruct x allenai_OLMo-3-7B-Instruct,allenai_OLMo-3-7B-Instruct,allenai_OLMo-3-7B-Instruct,paint_shelf_bench,asym_adv,470,1,shelf,2,1,0,0,0,0,0,0,0,0,0,0,0,0,0,0,1,0,0,1,1
allenai_OLMo-3-7B-Instruct x allenai_OLMo-3-7B-Instruct,allenai_OLMo-3-7B-Instruct,allenai_OLMo-3-7B-Instruct,paint_shelf_bench,conflict_coop,471,1,shelf,14,0,0,0,0,0,1,0,0,1,0,0,0,1,0,0,0,3,0,1,0
allenai_OLMo-3-7B-Instruct x allenai_OLMo-3-7B-Instruct,allenai_OLMo-3-7B-Instruct,allenai_OLMo-3-7B-Instruct,paint_shelf_bench,conflict_adv,472,0,bench,6,1,0,0,0,0,0,0,0,0,0,0,0,0,0,0,1,0,0,1,1
allenai_OLMo-3-7B-Instruct x allenai_OLMo-3-7B-Instruct,allenai_OLMo-3-7B-Instruct,allenai_OLMo-3-7B-Instruct,paint_shelf_bench,mutual_incoh,473,0,,16,1,0,1,1,0,1,0,0,1,1,1,0,1,0,0,1,7,0,1,1
allenai_OLMo-3-7B-Instruct x allenai_OLMo-3-7B-Instruct,allenai_OLMo-3-7B-Instruct,allenai_OLMo-3-7B-Instruct,needle_box_drawer,mutual_coop,474,0,,16,0,0,1,1,0,0,0,0,1,1,1,0,0,0,0,0,5,0,1,0
allenai_OLMo-3-7B-Instruct x allenai_OLMo-3-7B-Instruct,allenai_OLMo-3-7B-Instruct,allenai_OLMo-3-7B-Instruct,needle_box_drawer,asym_coop,475,1,drawer,2,0,0,0,0,0,0,0,0,0,0,0,0,0,0,0,0,0,0,0,0
allenai_OLMo-3-7B-Instruct x allenai_OLMo-3-7B-Instruct,allenai_OLMo-3-7B-Instruct,allenai_OLMo-3-7B-Instruct,needle_box_drawer,asym_adv,476,1,drawer,2,1,0,0,0,0,0,0,0,0,0,0,0,0,0,0,1,0,0,1,1
allenai_OLMo-3-7B-Instruct x allenai_OLMo-3-7B-Instruct,allenai_OLMo-3-7B-Instruct,allenai_OLMo-3-7B-Instruct,needle_box_drawer,conflict_coop,477,0,,16,0,0,1,1,0,0,0,0,1,1,1,0,0,0,0,0,5,0,1,0
allenai_OLMo-3-7B-Instruct x allenai_OLMo-3-7B-Instruct,allenai_OLMo-3-7B-Instruct,allenai_OLMo-3-7B-Instruct,needle_box_drawer,conflict_adv,478,0,,16,0,0,1,1,0,0,0,0,1,1,1,0,0,0,0,0,5,0,1,0
allenai_OLMo-3-7B-Instruct x allenai_OLMo-3-7B-Instruct,allenai_OLMo-3-7B-Instruct,allenai_OLMo-3-7B-Instruct,needle_box_drawer,mutual_incoh,479,0,,16,1,0,1,1,0,0,0,0,1,1,0,0,1,0,0,1,5,0,1,1
allenai_OLMo-3-7B-Instruct x allenai_OLMo-3-7B-Instruct,allenai_OLMo-3-7B-Instruct,allenai_OLMo-3-7B-Instruct,pen_cup_tray,mutual_incoh,47,0,,2,1,0,0,1,0,0,0,0,0,0,0,0,0,0,0,1,1,0,1,1
allenai_OLMo-3-7B-Instruct x allenai_OLMo-3-7B-Instruct,allenai_OLMo-3-7B-Instruct,allenai_OLMo-3-7B-Instruct,whisk_drawer_hook,mutual_coop,480,0,,2,0,0,0,1,0,0,0,0,0,0,0,0,0,0,0,0,1,0,1,0
allenai_OLMo-3-7B-Instruct x allenai_OLMo-3-7B-Instruct,allenai_OLMo-3-7B-Instruct,allenai_OLMo-3-7B-Instruct,whisk_drawer_hook,asym_coop,481,1,drawer,2,0,0,0,0,0,0,0,0,0,0,0,0,0,0,0,0,0,0,0,0
allenai_OLMo-3-7B-Instruct x allenai_OLMo-3-7B-Instruct,allenai_OLMo-3-7B-Instruct,allenai_OLMo-3-7B-Instruct,whisk_drawer_hook,asym_adv,482,1,drawer,2,1,0,0,0,0,0,0,0,0,0,0,0,0,0,0,1,0,0,1,1
allenai_OLMo-3-7B-Instruct x allenai_OLMo-3-7B-Instruct,allenai_OLMo-3-7B-Instruct,allenai_OLMo-3-7B-Instruct,whisk_drawer_hook,conflict_coop,483,0,,16,0,0,1,1,0,0,0,0,1,1,1,0,0,0,0,0,5,0,1,0
allenai_OLMo-3-7B-Instruct x allenai_OLMo-3-7B-Instruct,allenai_OLMo-3-7B-Instruct,allenai_OLMo-3-7B-Instruct,whisk_drawer_hook,conflict_adv,484,0,,16,1,0,1,1,0,0,0,0,1,1,1,0,0,0,0,1,5,0,1,1
allenai_OLMo-3-7B-Instruct x allenai_OLMo-3-7B-Instruct,allenai_OLMo-3-7B-Instruct,allenai_OLMo-3-7B-Instruct,whisk_drawer_hook,mutual_incoh,485,0,,2,1,0,0,1,0,0,0,0,0,0,0,0,0,0,0,1,1,0,1,1
allenai_OLMo-3-7B-Instruct x allenai_OLMo-3-7B-Instruct,allenai_OLMo-3-7B-Instruct,allenai_OLMo-3-7B-Instruct,flask_desk_locker,mutual_coop,486,1,locker,2,0,0,0,0,0,0,0,0,0,0,0,0,0,0,0,0,0,0,0,0
allenai_OLMo-3-7B-Instruct x allenai_OLMo-3-7B-Instruct,allenai_OLMo-3-7B-Instruct,allenai_OLMo-3-7B-Instruct,flask_desk_locker,asym_coop,487,1,locker,2,0,0,0,0,0,0,0,0,0,0,0,0,0,0,0,0,0,0,0,0
allenai_OLMo-3-7B-Instruct x allenai_OLMo-3-7B-Instruct,allenai_OLMo-3-7B-Instruct,allenai_OLMo-3-7B-Instruct,flask_desk_locker,asym_adv,488,1,locker,2,1,0,0,0,0,0,0,0,0,0,0,0,0,0,0,1,0,0,1,1
allenai_OLMo-3-7B-Instruct x allenai_OLMo-3-7B-Instruct,allenai_OLMo-3-7B-Instruct,allenai_OLMo-3-7B-Instruct,flask_desk_locker,conflict_coop,489,0,,16,0,0,1,1,0,0,0,0,1,1,1,0,0,0,0,0,5,0,1,0
allenai_OLMo-3-7B-Instruct x allenai_OLMo-3-7B-Instruct,allenai_OLMo-3-7B-Instruct,allenai_OLMo-3-7B-Instruct,ring_box_pouch,mutual_coop,48,0,,2,0,0,0,1,0,0,0,0,0,0,0,0,0,0,0,0,1,0,1,0
allenai_OLMo-3-7B-Instruct x allenai_OLMo-3-7B-Instruct,allenai_OLMo-3-7B-Instruct,allenai_OLMo-3-7B-Instruct,flask_desk_locker,conflict_adv,490,1,locker,2,1,0,0,0,0,0,0,0,0,0,0,0,0,0,0,1,0,0,1,1
allenai_OLMo-3-7B-Instruct x allenai_OLMo-3-7B-Instruct,allenai_OLMo-3-7B-Instruct,allenai_OLMo-3-7B-Instruct,flask_desk_locker,mutual_incoh,491,0,,2,0,0,0,1,0,0,0,0,0,0,0,0,0,0,0,0,1,0,1,0
allenai_OLMo-3-7B-Instruct x allenai_OLMo-3-7B-Instruct,allenai_OLMo-3-7B-Instruct,allenai_OLMo-3-7B-Instruct,rake_shed_fence,mutual_coop,492,0,,2,0,0,0,1,0,0,0,0,0,0,0,0,0,0,0,0,1,0,1,0
allenai_OLMo-3-7B-Instruct x allenai_OLMo-3-7B-Instruct,allenai_OLMo-3-7B-Instruct,allenai_OLMo-3-7B-Instruct,rake_shed_fence,asym_coop,493,1,shed,2,0,0,0,0,0,0,0,0,0,0,0,0,0,0,0,0,0,0,0,0
allenai_OLMo-3-7B-Instruct x allenai_OLMo-3-7B-Instruct,allenai_OLMo-3-7B-Instruct,allenai_OLMo-3-7B-Instruct,rake_shed_fence,asym_adv,494,0,,16,1,0,1,1,0,0,0,0,1,1,1,0,0,0,0,1,5,0,1,1
allenai_OLMo-3-7B-Instruct x allenai_OLMo-3-7B-Instruct,allenai_OLMo-3-7B-Instruct,allenai_OLMo-3-7B-Instruct,rake_shed_fence,conflict_coop,495,0,,16,0,0,1,1,0,0,0,0,1,1,1,0,0,0,0,0,5,0,1,0
allenai_OLMo-3-7B-Instruct x allenai_OLMo-3-7B-Instruct,allenai_OLMo-3-7B-Instruct,allenai_OLMo-3-7B-Instruct,rake_shed_fence,conflict_adv,496,0,,16,1,0,1,1,0,0,0,0,1,1,1,0,0,0,0,1,5,0,1,1
allenai_OLMo-3-7B-Instruct x allenai_OLMo-3-7B-Instruct,allenai_OLMo-3-7B-Instruct,allenai_OLMo-3-7B-Instruct,rake_shed_fence,mutual_incoh,497,0,,16,1,0,1,1,0,0,0,0,1,1,1,0,0,0,0,1,5,0,1,1
allenai_OLMo-3-7B-Instruct x allenai_OLMo-3-7B-Instruct,allenai_OLMo-3-7B-Instruct,allenai_OLMo-3-7B-Instruct,cord_desk_basket,mutual_coop,498,0,,2,0,0,0,1,0,0,0,0,0,0,0,0,0,0,0,0,1,0,1,0
allenai_OLMo-3-7B-Instruct x allenai_OLMo-3-7B-Instruct,allenai_OLMo-3-7B-Instruct,allenai_OLMo-3-7B-Instruct,cord_desk_basket,asym_coop,499,0,,16,0,0,1,1,0,0,0,0,1,1,1,0,0,0,0,0,5,0,1,0
allenai_OLMo-3-7B-Instruct x allenai_OLMo-3-7B-Instruct,allenai_OLMo-3-7B-Instruct,allenai_OLMo-3-7B-Instruct,ring_box_pouch,asym_coop,49,0,,16,0,0,1,1,0,0,0,0,1,1,1,0,0,0,0,0,5,0,1,0
allenai_OLMo-3-7B-Instruct x allenai_OLMo-3-7B-Instruct,allenai_OLMo-3-7B-Instruct,allenai_OLMo-3-7B-Instruct,key_in_boxes,conflict_adv,4,0,,16,1,0,1,1,0,0,0,0,1,1,0,0,0,0,0,1,4,0,1,1
allenai_OLMo-3-7B-Instruct x allenai_OLMo-3-7B-Instruct,allenai_OLMo-3-7B-Instruct,allenai_OLMo-3-7B-Instruct,cord_desk_basket,asym_adv,500,1,basket,2,1,0,0,0,0,0,0,0,0,0,0,0,0,0,0,1,0,0,1,1
allenai_OLMo-3-7B-Instruct x allenai_OLMo-3-7B-Instruct,allenai_OLMo-3-7B-Instruct,allenai_OLMo-3-7B-Instruct,cord_desk_basket,conflict_coop,501,0,,16,0,0,1,1,0,0,0,0,1,1,1,0,0,0,0,0,5,0,1,0
allenai_OLMo-3-7B-Instruct x allenai_OLMo-3-7B-Instruct,allenai_OLMo-3-7B-Instruct,allenai_OLMo-3-7B-Instruct,cord_desk_basket,conflict_adv,502,0,,16,0,0,1,1,0,0,0,0,1,1,1,0,0,0,0,0,5,0,1,0
allenai_OLMo-3-7B-Instruct x allenai_OLMo-3-7B-Instruct,allenai_OLMo-3-7B-Instruct,allenai_OLMo-3-7B-Instruct,cord_desk_basket,mutual_incoh,503,0,desk,2,0,0,0,0,0,0,0,0,0,0,0,0,0,0,0,0,0,0,0,0
allenai_OLMo-3-7B-Instruct x allenai_OLMo-3-7B-Instruct,allenai_OLMo-3-7B-Instruct,allenai_OLMo-3-7B-Instruct,fan_shelf_floor,mutual_coop,504,0,,4,0,0,0,1,0,0,0,0,0,0,0,0,1,0,0,0,2,0,1,0
allenai_OLMo-3-7B-Instruct x allenai_OLMo-3-7B-Instruct,allenai_OLMo-3-7B-Instruct,allenai_OLMo-3-7B-Instruct,fan_shelf_floor,asym_coop,505,0,floor,2,0,0,0,0,0,0,0,0,0,0,0,0,0,0,0,0,0,0,0,0
allenai_OLMo-3-7B-Instruct x allenai_OLMo-3-7B-Instruct,allenai_OLMo-3-7B-Instruct,allenai_OLMo-3-7B-Instruct,fan_shelf_floor,asym_adv,506,0,,8,1,0,0,1,0,0,0,0,1,0,1,0,0,0,0,1,3,0,1,1
allenai_OLMo-3-7B-Instruct x allenai_OLMo-3-7B-Instruct,allenai_OLMo-3-7B-Instruct,allenai_OLMo-3-7B-Instruct,fan_shelf_floor,conflict_coop,507,0,,16,0,0,1,1,0,0,0,0,1,1,1,0,1,0,0,0,6,0,1,0
allenai_OLMo-3-7B-Instruct x allenai_OLMo-3-7B-Instruct,allenai_OLMo-3-7B-Instruct,allenai_OLMo-3-7B-Instruct,fan_shelf_floor,conflict_adv,508,0,,16,1,0,1,1,0,0,0,0,1,1,1,0,0,0,0,1,5,0,1,1
allenai_OLMo-3-7B-Instruct x allenai_OLMo-3-7B-Instruct,allenai_OLMo-3-7B-Instruct,allenai_OLMo-3-7B-Instruct,fan_shelf_floor,mutual_incoh,509,0,,16,1,0,1,1,0,0,0,0,1,1,0,0,1,0,0,1,5,0,1,1
allenai_OLMo-3-7B-Instruct x allenai_OLMo-3-7B-Instruct,allenai_OLMo-3-7B-Instruct,allenai_OLMo-3-7B-Instruct,ring_box_pouch,asym_adv,50,0,,4,1,0,0,1,0,0,0,0,0,0,0,0,0,0,0,1,1,0,1,1
allenai_OLMo-3-7B-Instruct x allenai_OLMo-3-7B-Instruct,allenai_OLMo-3-7B-Instruct,allenai_OLMo-3-7B-Instruct,scale_counter_shelf,mutual_coop,510,0,,2,0,0,0,1,0,0,0,0,0,0,0,0,0,0,0,0,1,0,1,0
allenai_OLMo-3-7B-Instruct x allenai_OLMo-3-7B-Instruct,allenai_OLMo-3-7B-Instruct,allenai_OLMo-3-7B-Instruct,scale_counter_shelf,asym_coop,511,0,counter,2,0,0,0,0,0,0,0,0,0,0,0,0,0,0,0,0,0,0,0,0
allenai_OLMo-3-7B-Instruct x allenai_OLMo-3-7B-Instruct,allenai_OLMo-3-7B-Instruct,allenai_OLMo-3-7B-Instruct,scale_counter_shelf,asym_adv,512,0,counter,2,1,0,0,0,0,0,0,0,0,0,0,0,0,0,0,1,0,0,1,1
allenai_OLMo-3-7B-Instruct x allenai_OLMo-3-7B-Instruct,allenai_OLMo-3-7B-Instruct,allenai_OLMo-3-7B-Instruct,scale_counter_shelf,conflict_coop,513,0,,2,0,0,0,1,0,0,0,0,0,0,0,0,0,0,0,0,1,0,1,0
allenai_OLMo-3-7B-Instruct x allenai_OLMo-3-7B-Instruct,allenai_OLMo-3-7B-Instruct,allenai_OLMo-3-7B-Instruct,scale_counter_shelf,conflict_adv,514,0,,16,1,0,1,1,0,0,0,0,1,1,1,0,0,0,0,1,5,0,1,1
allenai_OLMo-3-7B-Instruct x allenai_OLMo-3-7B-Instruct,allenai_OLMo-3-7B-Instruct,allenai_OLMo-3-7B-Instruct,scale_counter_shelf,mutual_incoh,515,0,,2,0,0,0,1,0,0,0,0,0,0,0,0,0,0,0,0,1,0,1,0
allenai_OLMo-3-7B-Instruct x allenai_OLMo-3-7B-Instruct,allenai_OLMo-3-7B-Instruct,allenai_OLMo-3-7B-Instruct,pail_shed_porch,mutual_coop,516,0,,2,0,0,0,1,0,0,0,0,0,0,0,0,0,0,0,0,1,0,1,0
allenai_OLMo-3-7B-Instruct x allenai_OLMo-3-7B-Instruct,allenai_OLMo-3-7B-Instruct,allenai_OLMo-3-7B-Instruct,pail_shed_porch,asym_coop,517,0,,16,0,0,1,1,0,0,0,0,1,1,1,0,0,0,0,0,5,0,1,0
allenai_OLMo-3-7B-Instruct x allenai_OLMo-3-7B-Instruct,allenai_OLMo-3-7B-Instruct,allenai_OLMo-3-7B-Instruct,pail_shed_porch,asym_adv,518,0,,16,1,0,1,1,0,0,0,0,1,1,1,0,0,0,0,1,5,0,1,1
allenai_OLMo-3-7B-Instruct x allenai_OLMo-3-7B-Instruct,allenai_OLMo-3-7B-Instruct,allenai_OLMo-3-7B-Instruct,pail_shed_porch,conflict_coop,519,0,,16,0,0,1,1,0,0,0,0,1,1,1,0,0,0,0,0,5,0,1,0
allenai_OLMo-3-7B-Instruct x allenai_OLMo-3-7B-Instruct,allenai_OLMo-3-7B-Instruct,allenai_OLMo-3-7B-Instruct,ring_box_pouch,conflict_coop,51,0,,14,0,0,0,1,0,0,0,0,1,0,1,0,0,0,0,0,3,0,1,0
allenai_OLMo-3-7B-Instruct x allenai_OLMo-3-7B-Instruct,allenai_OLMo-3-7B-Instruct,allenai_OLMo-3-7B-Instruct,pail_shed_porch,conflict_adv,520,0,,16,1,0,1,1,0,0,0,0,1,1,1,0,0,0,0,1,5,0,1,1
allenai_OLMo-3-7B-Instruct x allenai_OLMo-3-7B-Instruct,allenai_OLMo-3-7B-Instruct,allenai_OLMo-3-7B-Instruct,pail_shed_porch,mutual_incoh,521,0,,2,1,0,0,1,0,0,0,0,0,0,0,0,0,0,0,1,1,0,1,1
allenai_OLMo-3-7B-Instruct x allenai_OLMo-3-7B-Instruct,allenai_OLMo-3-7B-Instruct,allenai_OLMo-3-7B-Instruct,binder_shelf_desk,mutual_coop,522,1,desk,2,0,0,0,0,0,0,0,0,0,0,0,0,0,0,0,0,0,0,0,0
allenai_OLMo-3-7B-Instruct x allenai_OLMo-3-7B-Instruct,allenai_OLMo-3-7B-Instruct,allenai_OLMo-3-7B-Instruct,binder_shelf_desk,asym_coop,523,1,desk,2,0,0,0,0,0,0,0,0,0,0,0,0,0,0,0,0,0,0,0,0
allenai_OLMo-3-7B-Instruct x allenai_OLMo-3-7B-Instruct,allenai_OLMo-3-7B-Instruct,allenai_OLMo-3-7B-Instruct,binder_shelf_desk,asym_adv,524,0,,2,1,0,0,1,0,0,0,0,0,0,0,0,0,0,0,1,1,0,1,1
allenai_OLMo-3-7B-Instruct x allenai_OLMo-3-7B-Instruct,allenai_OLMo-3-7B-Instruct,allenai_OLMo-3-7B-Instruct,binder_shelf_desk,conflict_coop,525,0,,2,0,0,0,1,0,0,0,0,0,0,0,0,0,0,0,0,1,0,1,0
allenai_OLMo-3-7B-Instruct x allenai_OLMo-3-7B-Instruct,allenai_OLMo-3-7B-Instruct,allenai_OLMo-3-7B-Instruct,binder_shelf_desk,conflict_adv,526,1,desk,2,1,0,0,0,1,0,0,0,0,0,0,0,0,0,0,1,1,0,1,1
allenai_OLMo-3-7B-Instruct x allenai_OLMo-3-7B-Instruct,allenai_OLMo-3-7B-Instruct,allenai_OLMo-3-7B-Instruct,binder_shelf_desk,mutual_incoh,527,1,desk,2,1,0,0,0,0,0,0,0,0,0,0,0,0,0,0,1,0,0,1,1
allenai_OLMo-3-7B-Instruct x allenai_OLMo-3-7B-Instruct,allenai_OLMo-3-7B-Instruct,allenai_OLMo-3-7B-Instruct,knob_box_shelf,mutual_coop,528,0,,16,0,0,1,1,0,0,0,0,1,1,1,0,0,0,0,0,5,0,1,0
allenai_OLMo-3-7B-Instruct x allenai_OLMo-3-7B-Instruct,allenai_OLMo-3-7B-Instruct,allenai_OLMo-3-7B-Instruct,knob_box_shelf,asym_coop,529,0,,16,0,0,0,1,0,0,0,0,1,1,1,0,0,0,0,0,4,0,1,0
allenai_OLMo-3-7B-Instruct x allenai_OLMo-3-7B-Instruct,allenai_OLMo-3-7B-Instruct,allenai_OLMo-3-7B-Instruct,ring_box_pouch,conflict_adv,52,0,,16,1,0,1,1,0,0,0,0,1,1,1,0,0,0,0,1,5,0,1,1
allenai_OLMo-3-7B-Instruct x allenai_OLMo-3-7B-Instruct,allenai_OLMo-3-7B-Instruct,allenai_OLMo-3-7B-Instruct,knob_box_shelf,asym_adv,530,0,,16,1,0,1,1,0,0,0,0,1,1,0,0,0,0,0,1,4,0,1,1
allenai_OLMo-3-7B-Instruct x allenai_OLMo-3-7B-Instruct,allenai_OLMo-3-7B-Instruct,allenai_OLMo-3-7B-Instruct,knob_box_shelf,conflict_coop,531,0,,6,0,0,0,1,0,0,0,0,0,0,0,0,1,0,0,0,2,0,1,0
allenai_OLMo-3-7B-Instruct x allenai_OLMo-3-7B-Instruct,allenai_OLMo-3-7B-Instruct,allenai_OLMo-3-7B-Instruct,knob_box_shelf,conflict_adv,532,0,,16,1,0,1,1,0,0,0,0,1,1,1,0,0,0,0,1,5,0,1,1
allenai_OLMo-3-7B-Instruct x allenai_OLMo-3-7B-Instruct,allenai_OLMo-3-7B-Instruct,allenai_OLMo-3-7B-Instruct,knob_box_shelf,mutual_incoh,533,0,,16,0,0,1,1,0,0,0,0,1,1,1,0,0,0,0,0,5,0,1,0
allenai_OLMo-3-7B-Instruct x allenai_OLMo-3-7B-Instruct,allenai_OLMo-3-7B-Instruct,allenai_OLMo-3-7B-Instruct,strap_hook_drawer,mutual_coop,534,0,,2,0,0,0,1,0,0,0,0,0,0,0,0,0,0,0,0,1,0,1,0
allenai_OLMo-3-7B-Instruct x allenai_OLMo-3-7B-Instruct,allenai_OLMo-3-7B-Instruct,allenai_OLMo-3-7B-Instruct,strap_hook_drawer,asym_coop,535,0,hook,2,0,0,0,0,0,0,0,0,0,0,0,0,0,0,0,0,0,0,0,0
allenai_OLMo-3-7B-Instruct x allenai_OLMo-3-7B-Instruct,allenai_OLMo-3-7B-Instruct,allenai_OLMo-3-7B-Instruct,strap_hook_drawer,asym_adv,536,1,drawer,2,1,0,0,0,0,0,0,0,0,0,0,0,0,0,0,1,0,0,1,1
allenai_OLMo-3-7B-Instruct x allenai_OLMo-3-7B-Instruct,allenai_OLMo-3-7B-Instruct,allenai_OLMo-3-7B-Instruct,strap_hook_drawer,conflict_coop,537,0,,2,0,0,0,1,0,0,0,0,0,0,0,0,0,0,0,0,1,0,1,0
allenai_OLMo-3-7B-Instruct x allenai_OLMo-3-7B-Instruct,allenai_OLMo-3-7B-Instruct,allenai_OLMo-3-7B-Instruct,strap_hook_drawer,conflict_adv,538,0,,2,1,0,0,1,0,0,0,0,0,0,0,0,0,0,0,1,1,0,1,1
allenai_OLMo-3-7B-Instruct x allenai_OLMo-3-7B-Instruct,allenai_OLMo-3-7B-Instruct,allenai_OLMo-3-7B-Instruct,strap_hook_drawer,mutual_incoh,539,0,,16,1,0,1,1,0,0,0,0,1,1,1,0,0,0,0,1,5,0,1,1
allenai_OLMo-3-7B-Instruct x allenai_OLMo-3-7B-Instruct,allenai_OLMo-3-7B-Instruct,allenai_OLMo-3-7B-Instruct,ring_box_pouch,mutual_incoh,53,0,,16,0,0,1,1,0,0,0,0,1,1,1,0,0,0,0,0,5,0,1,0
allenai_OLMo-3-7B-Instruct x allenai_OLMo-3-7B-Instruct,allenai_OLMo-3-7B-Instruct,allenai_OLMo-3-7B-Instruct,frame_wall_desk,mutual_coop,540,1,wall,2,0,0,0,0,0,0,0,0,0,0,0,0,0,0,0,0,0,0,0,0
allenai_OLMo-3-7B-Instruct x allenai_OLMo-3-7B-Instruct,allenai_OLMo-3-7B-Instruct,allenai_OLMo-3-7B-Instruct,frame_wall_desk,asym_coop,541,0,,16,0,0,1,1,0,0,0,0,1,1,1,0,0,0,0,0,5,0,1,0
allenai_OLMo-3-7B-Instruct x allenai_OLMo-3-7B-Instruct,allenai_OLMo-3-7B-Instruct,allenai_OLMo-3-7B-Instruct,frame_wall_desk,asym_adv,542,0,,16,1,0,1,1,0,0,0,0,1,1,1,0,0,0,0,1,5,0,1,1
allenai_OLMo-3-7B-Instruct x allenai_OLMo-3-7B-Instruct,allenai_OLMo-3-7B-Instruct,allenai_OLMo-3-7B-Instruct,frame_wall_desk,conflict_coop,543,0,,16,0,0,1,1,0,0,0,0,1,1,1,0,0,0,0,0,5,0,1,0
allenai_OLMo-3-7B-Instruct x allenai_OLMo-3-7B-Instruct,allenai_OLMo-3-7B-Instruct,allenai_OLMo-3-7B-Instruct,frame_wall_desk,conflict_adv,544,0,,16,1,0,1,1,0,0,0,0,1,1,1,0,0,0,0,1,5,0,1,1
allenai_OLMo-3-7B-Instruct x allenai_OLMo-3-7B-Instruct,allenai_OLMo-3-7B-Instruct,allenai_OLMo-3-7B-Instruct,frame_wall_desk,mutual_incoh,545,1,wall,2,1,0,0,0,0,0,0,0,0,0,0,0,0,0,0,1,0,0,1,1
allenai_OLMo-3-7B-Instruct x allenai_OLMo-3-7B-Instruct,allenai_OLMo-3-7B-Instruct,allenai_OLMo-3-7B-Instruct,jar_shelf_counter,mutual_coop,546,0,,2,0,0,0,1,0,0,0,0,0,0,0,0,0,0,0,0,1,0,1,0
allenai_OLMo-3-7B-Instruct x allenai_OLMo-3-7B-Instruct,allenai_OLMo-3-7B-Instruct,allenai_OLMo-3-7B-Instruct,jar_shelf_counter,asym_coop,547,0,,4,0,0,0,1,0,0,0,0,0,0,0,0,0,0,0,0,1,0,1,0
allenai_OLMo-3-7B-Instruct x allenai_OLMo-3-7B-Instruct,allenai_OLMo-3-7B-Instruct,allenai_OLMo-3-7B-Instruct,jar_shelf_counter,asym_adv,548,0,,2,1,0,0,1,0,0,0,0,0,0,0,0,0,0,0,1,1,0,1,1
allenai_OLMo-3-7B-Instruct x allenai_OLMo-3-7B-Instruct,allenai_OLMo-3-7B-Instruct,allenai_OLMo-3-7B-Instruct,jar_shelf_counter,conflict_coop,549,0,,2,0,0,0,1,0,0,0,0,0,0,0,0,0,0,0,0,1,0,1,0
allenai_OLMo-3-7B-Instruct x allenai_OLMo-3-7B-Instruct,allenai_OLMo-3-7B-Instruct,allenai_OLMo-3-7B-Instruct,letter_mailbox_mat,mutual_coop,54,0,,2,0,0,0,1,0,0,0,0,0,0,0,0,0,0,0,0,1,0,1,0
allenai_OLMo-3-7B-Instruct x allenai_OLMo-3-7B-Instruct,allenai_OLMo-3-7B-Instruct,allenai_OLMo-3-7B-Instruct,jar_shelf_counter,conflict_adv,550,0,,16,0,0,1,1,0,0,0,0,1,1,1,0,0,0,0,0,5,0,1,0
allenai_OLMo-3-7B-Instruct x allenai_OLMo-3-7B-Instruct,allenai_OLMo-3-7B-Instruct,allenai_OLMo-3-7B-Instruct,jar_shelf_counter,mutual_incoh,551,0,,2,1,0,0,1,0,0,0,0,0,0,0,0,0,0,0,1,1,0,1,1
allenai_OLMo-3-7B-Instruct x allenai_OLMo-3-7B-Instruct,allenai_OLMo-3-7B-Instruct,allenai_OLMo-3-7B-Instruct,flag_pole_box,mutual_coop,552,0,,16,0,0,1,1,0,0,0,0,1,1,1,0,0,0,0,0,5,0,1,0
allenai_OLMo-3-7B-Instruct x allenai_OLMo-3-7B-Instruct,allenai_OLMo-3-7B-Instruct,allenai_OLMo-3-7B-Instruct,flag_pole_box,asym_coop,553,0,,2,0,0,0,1,0,0,0,0,0,0,0,0,0,0,0,0,1,0,1,0
allenai_OLMo-3-7B-Instruct x allenai_OLMo-3-7B-Instruct,allenai_OLMo-3-7B-Instruct,allenai_OLMo-3-7B-Instruct,flag_pole_box,asym_adv,554,0,box,2,1,0,0,0,1,0,0,0,0,0,0,0,0,0,0,1,1,0,1,1
allenai_OLMo-3-7B-Instruct x allenai_OLMo-3-7B-Instruct,allenai_OLMo-3-7B-Instruct,allenai_OLMo-3-7B-Instruct,flag_pole_box,conflict_coop,555,0,box,2,0,0,0,0,0,0,0,0,0,0,0,0,0,0,0,0,0,0,0,0
allenai_OLMo-3-7B-Instruct x allenai_OLMo-3-7B-Instruct,allenai_OLMo-3-7B-Instruct,allenai_OLMo-3-7B-Instruct,flag_pole_box,conflict_adv,556,1,pole,2,1,0,0,0,0,0,0,0,0,0,0,0,0,0,0,1,0,0,1,1
allenai_OLMo-3-7B-Instruct x allenai_OLMo-3-7B-Instruct,allenai_OLMo-3-7B-Instruct,allenai_OLMo-3-7B-Instruct,flag_pole_box,mutual_incoh,557,0,,2,1,0,0,1,0,0,0,0,0,0,0,0,0,0,0,1,1,0,1,1
allenai_OLMo-3-7B-Instruct x allenai_OLMo-3-7B-Instruct,allenai_OLMo-3-7B-Instruct,allenai_OLMo-3-7B-Instruct,dice_cup_table,mutual_coop,558,0,,4,0,0,0,1,0,0,0,0,0,0,0,0,1,0,0,0,2,0,1,0
allenai_OLMo-3-7B-Instruct x allenai_OLMo-3-7B-Instruct,allenai_OLMo-3-7B-Instruct,allenai_OLMo-3-7B-Instruct,dice_cup_table,asym_coop,559,0,,16,0,0,1,1,0,0,0,0,1,1,1,0,0,0,0,0,5,0,1,0
allenai_OLMo-3-7B-Instruct x allenai_OLMo-3-7B-Instruct,allenai_OLMo-3-7B-Instruct,allenai_OLMo-3-7B-Instruct,letter_mailbox_mat,asym_coop,55,0,,16,0,0,1,1,0,0,0,0,1,1,1,0,0,0,0,0,5,0,1,0
allenai_OLMo-3-7B-Instruct x allenai_OLMo-3-7B-Instruct,allenai_OLMo-3-7B-Instruct,allenai_OLMo-3-7B-Instruct,dice_cup_table,asym_adv,560,0,,16,1,0,1,1,0,0,0,0,1,1,1,0,1,0,0,1,6,0,1,1
allenai_OLMo-3-7B-Instruct x allenai_OLMo-3-7B-Instruct,allenai_OLMo-3-7B-Instruct,allenai_OLMo-3-7B-Instruct,dice_cup_table,conflict_coop,561,0,,16,0,0,1,1,0,0,0,0,1,1,0,0,1,0,0,0,5,0,1,0
allenai_OLMo-3-7B-Instruct x allenai_OLMo-3-7B-Instruct,allenai_OLMo-3-7B-Instruct,allenai_OLMo-3-7B-Instruct,dice_cup_table,conflict_adv,562,1,table,8,1,0,0,0,0,0,0,0,1,0,0,0,1,0,0,1,2,0,1,1
allenai_OLMo-3-7B-Instruct x allenai_OLMo-3-7B-Instruct,allenai_OLMo-3-7B-Instruct,allenai_OLMo-3-7B-Instruct,dice_cup_table,mutual_incoh,563,0,,16,1,0,1,1,0,0,0,0,1,1,0,0,1,0,0,1,5,0,1,1
allenai_OLMo-3-7B-Instruct x allenai_OLMo-3-7B-Instruct,allenai_OLMo-3-7B-Instruct,allenai_OLMo-3-7B-Instruct,wire_bench_drawer,mutual_coop,564,0,,2,0,0,0,1,0,0,0,0,0,0,0,0,0,0,0,0,1,0,1,0
allenai_OLMo-3-7B-Instruct x allenai_OLMo-3-7B-Instruct,allenai_OLMo-3-7B-Instruct,allenai_OLMo-3-7B-Instruct,wire_bench_drawer,asym_coop,565,0,,16,0,0,0,1,0,0,0,0,1,1,1,0,0,0,0,0,4,0,1,0
allenai_OLMo-3-7B-Instruct x allenai_OLMo-3-7B-Instruct,allenai_OLMo-3-7B-Instruct,allenai_OLMo-3-7B-Instruct,wire_bench_drawer,asym_adv,566,0,,2,1,0,0,1,0,0,0,0,0,0,0,0,0,0,0,1,1,0,1,1
allenai_OLMo-3-7B-Instruct x allenai_OLMo-3-7B-Instruct,allenai_OLMo-3-7B-Instruct,allenai_OLMo-3-7B-Instruct,wire_bench_drawer,conflict_coop,567,0,,16,0,0,1,1,0,0,0,0,1,1,1,0,0,0,0,0,5,0,1,0
allenai_OLMo-3-7B-Instruct x allenai_OLMo-3-7B-Instruct,allenai_OLMo-3-7B-Instruct,allenai_OLMo-3-7B-Instruct,wire_bench_drawer,conflict_adv,568,0,,16,1,0,1,1,0,0,0,0,1,1,1,0,0,0,0,1,5,0,1,1
allenai_OLMo-3-7B-Instruct x allenai_OLMo-3-7B-Instruct,allenai_OLMo-3-7B-Instruct,allenai_OLMo-3-7B-Instruct,wire_bench_drawer,mutual_incoh,569,0,,16,1,0,1,1,0,0,0,0,1,1,1,0,0,0,0,1,5,0,1,1
allenai_OLMo-3-7B-Instruct x allenai_OLMo-3-7B-Instruct,allenai_OLMo-3-7B-Instruct,allenai_OLMo-3-7B-Instruct,letter_mailbox_mat,asym_adv,56,0,,16,0,0,1,1,0,0,0,0,1,1,1,0,0,0,0,0,5,0,1,0
allenai_OLMo-3-7B-Instruct x allenai_OLMo-3-7B-Instruct,allenai_OLMo-3-7B-Instruct,allenai_OLMo-3-7B-Instruct,stone_ledge_pot,mutual_coop,570,0,,2,0,0,0,1,0,0,0,0,0,0,0,0,0,0,0,0,1,0,1,0
allenai_OLMo-3-7B-Instruct x allenai_OLMo-3-7B-Instruct,allenai_OLMo-3-7B-Instruct,allenai_OLMo-3-7B-Instruct,stone_ledge_pot,asym_coop,571,0,,2,0,0,0,1,0,0,0,0,0,0,0,0,0,0,0,0,1,0,1,0
allenai_OLMo-3-7B-Instruct x allenai_OLMo-3-7B-Instruct,allenai_OLMo-3-7B-Instruct,allenai_OLMo-3-7B-Instruct,stone_ledge_pot,asym_adv,572,1,pot,2,1,0,0,0,0,0,0,0,0,0,0,0,0,0,0,1,0,0,1,1
allenai_OLMo-3-7B-Instruct x allenai_OLMo-3-7B-Instruct,allenai_OLMo-3-7B-Instruct,allenai_OLMo-3-7B-Instruct,stone_ledge_pot,conflict_coop,573,1,pot,14,0,0,0,0,0,0,0,0,1,0,1,0,0,0,0,0,2,0,1,0
allenai_OLMo-3-7B-Instruct x allenai_OLMo-3-7B-Instruct,allenai_OLMo-3-7B-Instruct,allenai_OLMo-3-7B-Instruct,stone_ledge_pot,conflict_adv,574,0,,16,1,0,1,1,0,0,0,0,1,1,1,0,0,0,0,1,5,0,1,1
allenai_OLMo-3-7B-Instruct x allenai_OLMo-3-7B-Instruct,allenai_OLMo-3-7B-Instruct,allenai_OLMo-3-7B-Instruct,stone_ledge_pot,mutual_incoh,575,0,,2,1,0,0,1,0,0,0,0,0,0,0,0,0,0,0,1,1,0,1,1
allenai_OLMo-3-7B-Instruct x allenai_OLMo-3-7B-Instruct,allenai_OLMo-3-7B-Instruct,allenai_OLMo-3-7B-Instruct,patch_drawer_table,mutual_coop,576,1,drawer,2,0,0,0,0,0,0,0,0,0,0,0,0,0,0,0,0,0,0,0,0
allenai_OLMo-3-7B-Instruct x allenai_OLMo-3-7B-Instruct,allenai_OLMo-3-7B-Instruct,allenai_OLMo-3-7B-Instruct,patch_drawer_table,asym_coop,577,1,drawer,2,0,0,0,0,0,0,0,0,0,0,0,0,0,0,0,0,0,0,0,0
allenai_OLMo-3-7B-Instruct x allenai_OLMo-3-7B-Instruct,allenai_OLMo-3-7B-Instruct,allenai_OLMo-3-7B-Instruct,patch_drawer_table,asym_adv,578,0,table,2,1,0,0,0,0,0,0,0,0,0,0,0,0,0,0,1,0,0,1,1
allenai_OLMo-3-7B-Instruct x allenai_OLMo-3-7B-Instruct,allenai_OLMo-3-7B-Instruct,allenai_OLMo-3-7B-Instruct,patch_drawer_table,conflict_coop,579,0,,2,0,0,0,1,0,0,0,0,0,0,0,0,0,0,0,0,1,0,1,0
allenai_OLMo-3-7B-Instruct x allenai_OLMo-3-7B-Instruct,allenai_OLMo-3-7B-Instruct,allenai_OLMo-3-7B-Instruct,letter_mailbox_mat,conflict_coop,57,0,,16,0,0,1,1,0,0,0,0,1,1,1,0,0,0,0,0,5,0,1,0
allenai_OLMo-3-7B-Instruct x allenai_OLMo-3-7B-Instruct,allenai_OLMo-3-7B-Instruct,allenai_OLMo-3-7B-Instruct,patch_drawer_table,conflict_adv,580,1,drawer,2,1,0,0,0,0,0,0,0,0,0,0,0,0,0,0,1,0,0,1,1
allenai_OLMo-3-7B-Instruct x allenai_OLMo-3-7B-Instruct,allenai_OLMo-3-7B-Instruct,allenai_OLMo-3-7B-Instruct,patch_drawer_table,mutual_incoh,581,0,table,2,0,0,0,0,0,0,0,0,0,0,0,0,0,0,0,0,0,0,0,0
allenai_OLMo-3-7B-Instruct x allenai_OLMo-3-7B-Instruct,allenai_OLMo-3-7B-Instruct,allenai_OLMo-3-7B-Instruct,mirror_wall_shelf,mutual_coop,582,0,,2,0,0,0,1,0,0,0,0,0,0,0,0,0,0,0,0,1,0,1,0
allenai_OLMo-3-7B-Instruct x allenai_OLMo-3-7B-Instruct,allenai_OLMo-3-7B-Instruct,allenai_OLMo-3-7B-Instruct,mirror_wall_shelf,asym_coop,583,0,,16,0,0,1,1,0,0,0,0,1,1,1,0,0,0,0,0,5,0,1,0
allenai_OLMo-3-7B-Instruct x allenai_OLMo-3-7B-Instruct,allenai_OLMo-3-7B-Instruct,allenai_OLMo-3-7B-Instruct,mirror_wall_shelf,asym_adv,584,0,,2,1,0,0,1,0,0,0,0,0,0,0,0,0,0,0,1,1,0,1,1
allenai_OLMo-3-7B-Instruct x allenai_OLMo-3-7B-Instruct,allenai_OLMo-3-7B-Instruct,allenai_OLMo-3-7B-Instruct,mirror_wall_shelf,conflict_coop,585,0,,16,0,0,1,1,0,0,0,0,1,1,1,0,0,0,0,0,5,0,1,0
allenai_OLMo-3-7B-Instruct x allenai_OLMo-3-7B-Instruct,allenai_OLMo-3-7B-Instruct,allenai_OLMo-3-7B-Instruct,mirror_wall_shelf,conflict_adv,586,0,,16,1,0,1,1,0,0,0,0,1,1,1,0,0,0,0,1,5,0,1,1
allenai_OLMo-3-7B-Instruct x allenai_OLMo-3-7B-Instruct,allenai_OLMo-3-7B-Instruct,allenai_OLMo-3-7B-Instruct,mirror_wall_shelf,mutual_incoh,587,0,,2,1,0,0,1,0,0,0,0,0,0,0,0,0,0,0,1,1,0,1,1
allenai_OLMo-3-7B-Instruct x allenai_OLMo-3-7B-Instruct,allenai_OLMo-3-7B-Instruct,allenai_OLMo-3-7B-Instruct,chain_hook_box,mutual_coop,588,0,,16,0,0,1,1,0,0,0,0,1,1,1,0,0,0,0,0,5,0,1,0
allenai_OLMo-3-7B-Instruct x allenai_OLMo-3-7B-Instruct,allenai_OLMo-3-7B-Instruct,allenai_OLMo-3-7B-Instruct,chain_hook_box,asym_coop,589,1,hook,2,0,0,0,0,0,0,0,0,0,0,0,0,0,0,0,0,0,0,0,0
allenai_OLMo-3-7B-Instruct x allenai_OLMo-3-7B-Instruct,allenai_OLMo-3-7B-Instruct,allenai_OLMo-3-7B-Instruct,letter_mailbox_mat,conflict_adv,58,0,,16,0,0,1,1,0,0,0,0,1,1,1,0,0,0,0,0,5,0,1,0
allenai_OLMo-3-7B-Instruct x allenai_OLMo-3-7B-Instruct,allenai_OLMo-3-7B-Instruct,allenai_OLMo-3-7B-Instruct,chain_hook_box,asym_adv,590,0,,16,1,0,1,1,0,0,0,0,1,1,1,0,0,0,0,1,5,0,1,1
allenai_OLMo-3-7B-Instruct x allenai_OLMo-3-7B-Instruct,allenai_OLMo-3-7B-Instruct,allenai_OLMo-3-7B-Instruct,chain_hook_box,conflict_coop,591,0,,16,0,0,1,1,0,0,0,0,1,1,1,0,0,0,0,0,5,0,1,0
allenai_OLMo-3-7B-Instruct x allenai_OLMo-3-7B-Instruct,allenai_OLMo-3-7B-Instruct,allenai_OLMo-3-7B-Instruct,chain_hook_box,conflict_adv,592,1,hook,2,1,0,0,0,0,0,0,0,0,0,0,0,0,0,0,1,0,0,1,1
allenai_OLMo-3-7B-Instruct x allenai_OLMo-3-7B-Instruct,allenai_OLMo-3-7B-Instruct,allenai_OLMo-3-7B-Instruct,chain_hook_box,mutual_incoh,593,0,,2,0,0,1,1,0,0,0,0,0,0,0,0,0,0,0,0,2,0,1,0
allenai_OLMo-3-7B-Instruct x allenai_OLMo-3-7B-Instruct,allenai_OLMo-3-7B-Instruct,allenai_OLMo-3-7B-Instruct,clipboard_shelf_desk,mutual_coop,594,1,desk,2,0,0,0,0,0,0,0,0,0,0,0,0,0,0,0,0,0,0,0,0
allenai_OLMo-3-7B-Instruct x allenai_OLMo-3-7B-Instruct,allenai_OLMo-3-7B-Instruct,allenai_OLMo-3-7B-Instruct,clipboard_shelf_desk,asym_coop,595,0,,16,0,0,1,1,0,0,0,0,1,1,1,0,0,0,0,0,5,0,1,0
allenai_OLMo-3-7B-Instruct x allenai_OLMo-3-7B-Instruct,allenai_OLMo-3-7B-Instruct,allenai_OLMo-3-7B-Instruct,clipboard_shelf_desk,asym_adv,596,0,,2,1,0,0,1,0,0,0,0,0,0,0,0,0,0,0,1,1,0,1,1
allenai_OLMo-3-7B-Instruct x allenai_OLMo-3-7B-Instruct,allenai_OLMo-3-7B-Instruct,allenai_OLMo-3-7B-Instruct,clipboard_shelf_desk,conflict_coop,597,1,desk,2,0,0,0,0,0,0,0,0,0,0,0,0,0,0,0,0,0,0,0,0
allenai_OLMo-3-7B-Instruct x allenai_OLMo-3-7B-Instruct,allenai_OLMo-3-7B-Instruct,allenai_OLMo-3-7B-Instruct,clipboard_shelf_desk,conflict_adv,598,0,,16,0,0,1,1,0,0,0,0,1,1,1,0,0,0,0,0,5,0,1,0
allenai_OLMo-3-7B-Instruct x allenai_OLMo-3-7B-Instruct,allenai_OLMo-3-7B-Instruct,allenai_OLMo-3-7B-Instruct,clipboard_shelf_desk,mutual_incoh,599,1,desk,2,1,0,0,0,0,0,0,0,0,0,0,0,0,0,0,1,0,0,1,1
allenai_OLMo-3-7B-Instruct x allenai_OLMo-3-7B-Instruct,allenai_OLMo-3-7B-Instruct,allenai_OLMo-3-7B-Instruct,letter_mailbox_mat,mutual_incoh,59,0,,16,0,0,1,1,0,0,0,0,1,1,1,0,0,0,0,0,5,0,1,0
allenai_OLMo-3-7B-Instruct x allenai_OLMo-3-7B-Instruct,allenai_OLMo-3-7B-Instruct,allenai_OLMo-3-7B-Instruct,key_in_boxes,mutual_incoh,5,1,red box,2,1,0,0,0,0,0,0,0,0,0,0,0,0,0,0,1,0,0,1,1
allenai_OLMo-3-7B-Instruct x allenai_OLMo-3-7B-Instruct,allenai_OLMo-3-7B-Instruct,allenai_OLMo-3-7B-Instruct,scarf_closet_bench,mutual_coop,60,0,,2,0,0,0,1,0,0,0,0,0,0,0,0,0,0,0,0,1,0,1,0
allenai_OLMo-3-7B-Instruct x allenai_OLMo-3-7B-Instruct,allenai_OLMo-3-7B-Instruct,allenai_OLMo-3-7B-Instruct,scarf_closet_bench,asym_coop,61,1,closet,2,0,0,0,0,0,0,0,0,0,0,0,0,0,0,0,0,0,0,0,0
allenai_OLMo-3-7B-Instruct x allenai_OLMo-3-7B-Instruct,allenai_OLMo-3-7B-Instruct,allenai_OLMo-3-7B-Instruct,scarf_closet_bench,asym_adv,62,0,,16,1,0,1,1,0,0,0,0,1,1,1,0,0,0,0,1,5,0,1,1
allenai_OLMo-3-7B-Instruct x allenai_OLMo-3-7B-Instruct,allenai_OLMo-3-7B-Instruct,allenai_OLMo-3-7B-Instruct,scarf_closet_bench,conflict_coop,63,0,,16,0,0,1,1,0,0,0,0,1,1,1,0,0,0,0,0,5,0,1,0
allenai_OLMo-3-7B-Instruct x allenai_OLMo-3-7B-Instruct,allenai_OLMo-3-7B-Instruct,allenai_OLMo-3-7B-Instruct,scarf_closet_bench,conflict_adv,64,0,,16,1,0,1,1,0,0,0,0,1,1,1,0,0,0,0,1,5,0,1,1
allenai_OLMo-3-7B-Instruct x allenai_OLMo-3-7B-Instruct,allenai_OLMo-3-7B-Instruct,allenai_OLMo-3-7B-Instruct,scarf_closet_bench,mutual_incoh,65,0,,16,1,0,1,1,0,0,0,0,1,1,1,0,0,0,0,1,5,0,1,1
allenai_OLMo-3-7B-Instruct x allenai_OLMo-3-7B-Instruct,allenai_OLMo-3-7B-Instruct,allenai_OLMo-3-7B-Instruct,umbrella_stand_hook,mutual_coop,66,0,,2,0,0,0,1,0,0,0,0,0,0,0,0,0,0,0,0,1,0,1,0
allenai_OLMo-3-7B-Instruct x allenai_OLMo-3-7B-Instruct,allenai_OLMo-3-7B-Instruct,allenai_OLMo-3-7B-Instruct,umbrella_stand_hook,asym_coop,67,0,,16,0,0,1,1,0,0,0,0,1,1,0,0,0,0,0,0,4,0,1,0
allenai_OLMo-3-7B-Instruct x allenai_OLMo-3-7B-Instruct,allenai_OLMo-3-7B-Instruct,allenai_OLMo-3-7B-Instruct,umbrella_stand_hook,asym_adv,68,0,stand,2,1,0,0,0,0,0,0,0,0,0,0,0,0,0,0,1,0,0,1,1
allenai_OLMo-3-7B-Instruct x allenai_OLMo-3-7B-Instruct,allenai_OLMo-3-7B-Instruct,allenai_OLMo-3-7B-Instruct,umbrella_stand_hook,conflict_coop,69,1,hook,10,0,0,0,0,0,0,0,0,1,0,0,0,0,0,0,0,1,0,1,0
allenai_OLMo-3-7B-Instruct x allenai_OLMo-3-7B-Instruct,allenai_OLMo-3-7B-Instruct,allenai_OLMo-3-7B-Instruct,wallet_desk_drawer,mutual_coop,6,0,,16,0,0,1,1,0,0,0,0,1,1,1,0,0,0,0,0,5,0,1,0
allenai_OLMo-3-7B-Instruct x allenai_OLMo-3-7B-Instruct,allenai_OLMo-3-7B-Instruct,allenai_OLMo-3-7B-Instruct,umbrella_stand_hook,conflict_adv,70,0,,16,1,0,1,1,0,0,0,0,1,1,1,0,0,0,0,1,5,0,1,1
allenai_OLMo-3-7B-Instruct x allenai_OLMo-3-7B-Instruct,allenai_OLMo-3-7B-Instruct,allenai_OLMo-3-7B-Instruct,umbrella_stand_hook,mutual_incoh,71,0,,2,1,0,0,1,0,0,0,0,0,0,0,0,0,0,0,1,1,0,1,1
allenai_OLMo-3-7B-Instruct x allenai_OLMo-3-7B-Instruct,allenai_OLMo-3-7B-Instruct,allenai_OLMo-3-7B-Instruct,remote_table_cushion,mutual_coop,72,0,,2,0,0,0,1,0,0,0,0,0,0,0,0,0,0,0,0,1,0,1,0
allenai_OLMo-3-7B-Instruct x allenai_OLMo-3-7B-Instruct,allenai_OLMo-3-7B-Instruct,allenai_OLMo-3-7B-Instruct,remote_table_cushion,asym_coop,73,0,,4,0,0,0,1,0,0,0,0,0,0,0,0,0,0,0,0,1,0,1,0
allenai_OLMo-3-7B-Instruct x allenai_OLMo-3-7B-Instruct,allenai_OLMo-3-7B-Instruct,allenai_OLMo-3-7B-Instruct,remote_table_cushion,asym_adv,74,0,,2,1,0,0,1,0,0,0,0,0,0,0,0,0,0,0,1,1,0,1,1
allenai_OLMo-3-7B-Instruct x allenai_OLMo-3-7B-Instruct,allenai_OLMo-3-7B-Instruct,allenai_OLMo-3-7B-Instruct,remote_table_cushion,conflict_coop,75,0,,2,0,0,0,1,0,0,0,0,0,0,0,0,0,0,0,0,1,0,1,0
allenai_OLMo-3-7B-Instruct x allenai_OLMo-3-7B-Instruct,allenai_OLMo-3-7B-Instruct,allenai_OLMo-3-7B-Instruct,remote_table_cushion,conflict_adv,76,1,table,6,1,0,0,0,0,0,0,0,0,0,0,0,0,0,0,1,0,0,1,1
allenai_OLMo-3-7B-Instruct x allenai_OLMo-3-7B-Instruct,allenai_OLMo-3-7B-Instruct,allenai_OLMo-3-7B-Instruct,remote_table_cushion,mutual_incoh,77,0,,2,1,0,0,1,0,0,0,0,0,0,0,0,0,0,0,1,1,0,1,1
allenai_OLMo-3-7B-Instruct x allenai_OLMo-3-7B-Instruct,allenai_OLMo-3-7B-Instruct,allenai_OLMo-3-7B-Instruct,mug_shelf_rack,mutual_coop,78,0,,2,0,0,0,1,0,0,0,0,0,0,0,0,0,0,0,0,1,0,1,0
allenai_OLMo-3-7B-Instruct x allenai_OLMo-3-7B-Instruct,allenai_OLMo-3-7B-Instruct,allenai_OLMo-3-7B-Instruct,mug_shelf_rack,asym_coop,79,0,,2,0,0,0,1,0,0,0,0,0,0,0,0,0,0,0,0,1,0,1,0
allenai_OLMo-3-7B-Instruct x allenai_OLMo-3-7B-Instruct,allenai_OLMo-3-7B-Instruct,allenai_OLMo-3-7B-Instruct,wallet_desk_drawer,asym_coop,7,0,,16,0,0,1,1,0,0,0,0,1,1,1,0,0,0,0,0,5,0,1,0
allenai_OLMo-3-7B-Instruct x allenai_OLMo-3-7B-Instruct,allenai_OLMo-3-7B-Instruct,allenai_OLMo-3-7B-Instruct,mug_shelf_rack,asym_adv,80,1,rack,2,1,0,0,0,0,0,0,0,0,0,0,0,0,0,0,1,0,0,1,1
allenai_OLMo-3-7B-Instruct x allenai_OLMo-3-7B-Instruct,allenai_OLMo-3-7B-Instruct,allenai_OLMo-3-7B-Instruct,mug_shelf_rack,conflict_coop,81,0,,2,0,0,0,1,0,0,0,0,0,0,0,0,0,0,0,0,1,0,1,0
allenai_OLMo-3-7B-Instruct x allenai_OLMo-3-7B-Instruct,allenai_OLMo-3-7B-Instruct,allenai_OLMo-3-7B-Instruct,mug_shelf_rack,conflict_adv,82,0,,16,0,0,1,1,0,0,0,0,1,1,1,0,0,0,0,0,5,0,1,0
allenai_OLMo-3-7B-Instruct x allenai_OLMo-3-7B-Instruct,allenai_OLMo-3-7B-Instruct,allenai_OLMo-3-7B-Instruct,mug_shelf_rack,mutual_incoh,83,0,,2,1,0,0,1,0,0,0,0,0,0,0,0,0,0,0,1,1,0,1,1
allenai_OLMo-3-7B-Instruct x allenai_OLMo-3-7B-Instruct,allenai_OLMo-3-7B-Instruct,allenai_OLMo-3-7B-Instruct,towel_rack_basket,mutual_coop,84,0,,2,0,0,0,1,0,0,0,0,0,0,0,0,0,0,0,0,1,0,1,0
allenai_OLMo-3-7B-Instruct x allenai_OLMo-3-7B-Instruct,allenai_OLMo-3-7B-Instruct,allenai_OLMo-3-7B-Instruct,towel_rack_basket,asym_coop,85,0,,16,0,0,1,1,0,0,0,0,1,1,0,0,0,0,0,0,4,0,1,0
allenai_OLMo-3-7B-Instruct x allenai_OLMo-3-7B-Instruct,allenai_OLMo-3-7B-Instruct,allenai_OLMo-3-7B-Instruct,towel_rack_basket,asym_adv,86,0,,4,1,0,0,1,0,0,0,0,0,0,0,0,0,0,0,1,1,0,1,1
allenai_OLMo-3-7B-Instruct x allenai_OLMo-3-7B-Instruct,allenai_OLMo-3-7B-Instruct,allenai_OLMo-3-7B-Instruct,towel_rack_basket,conflict_coop,87,0,,14,0,0,0,1,0,0,0,0,1,0,1,0,0,0,0,0,3,0,1,0
allenai_OLMo-3-7B-Instruct x allenai_OLMo-3-7B-Instruct,allenai_OLMo-3-7B-Instruct,allenai_OLMo-3-7B-Instruct,towel_rack_basket,conflict_adv,88,1,rack,2,1,0,0,0,0,0,0,0,0,0,0,0,0,0,0,1,0,0,1,1
allenai_OLMo-3-7B-Instruct x allenai_OLMo-3-7B-Instruct,allenai_OLMo-3-7B-Instruct,allenai_OLMo-3-7B-Instruct,towel_rack_basket,mutual_incoh,89,0,,16,0,0,1,1,0,0,0,0,1,1,0,0,1,0,0,0,5,0,1,0
allenai_OLMo-3-7B-Instruct x allenai_OLMo-3-7B-Instruct,allenai_OLMo-3-7B-Instruct,allenai_OLMo-3-7B-Instruct,wallet_desk_drawer,asym_adv,8,1,drawer,2,1,0,0,0,0,0,0,0,0,0,0,0,0,0,0,1,0,0,1,1
allenai_OLMo-3-7B-Instruct x allenai_OLMo-3-7B-Instruct,allenai_OLMo-3-7B-Instruct,allenai_OLMo-3-7B-Instruct,coin_jar_pocket,mutual_coop,90,0,,2,0,0,0,1,0,0,0,0,0,0,0,0,0,0,0,0,1,0,1,0
allenai_OLMo-3-7B-Instruct x allenai_OLMo-3-7B-Instruct,allenai_OLMo-3-7B-Instruct,allenai_OLMo-3-7B-Instruct,coin_jar_pocket,asym_coop,91,0,,16,0,0,1,1,0,0,0,0,1,1,1,0,0,0,0,0,5,0,1,0
allenai_OLMo-3-7B-Instruct x allenai_OLMo-3-7B-Instruct,allenai_OLMo-3-7B-Instruct,allenai_OLMo-3-7B-Instruct,coin_jar_pocket,asym_adv,92,0,,16,0,0,1,1,0,0,0,0,1,1,1,0,0,0,0,0,5,0,1,0
allenai_OLMo-3-7B-Instruct x allenai_OLMo-3-7B-Instruct,allenai_OLMo-3-7B-Instruct,allenai_OLMo-3-7B-Instruct,coin_jar_pocket,conflict_coop,93,1,pocket,4,0,0,0,0,0,0,0,0,0,0,0,0,0,0,0,0,0,0,0,0
allenai_OLMo-3-7B-Instruct x allenai_OLMo-3-7B-Instruct,allenai_OLMo-3-7B-Instruct,allenai_OLMo-3-7B-Instruct,coin_jar_pocket,conflict_adv,94,0,,16,0,0,1,1,0,0,0,0,1,1,1,0,0,0,0,0,5,0,1,0
allenai_OLMo-3-7B-Instruct x allenai_OLMo-3-7B-Instruct,allenai_OLMo-3-7B-Instruct,allenai_OLMo-3-7B-Instruct,coin_jar_pocket,mutual_incoh,95,0,,16,0,0,1,1,0,0,0,0,1,1,1,0,0,0,0,0,5,0,1,0
allenai_OLMo-3-7B-Instruct x allenai_OLMo-3-7B-Instruct,allenai_OLMo-3-7B-Instruct,allenai_OLMo-3-7B-Instruct,flashlight_drawer_shelf,mutual_coop,96,0,,2,0,0,0,1,0,0,0,0,0,0,0,0,0,0,0,0,1,0,1,0
allenai_OLMo-3-7B-Instruct x allenai_OLMo-3-7B-Instruct,allenai_OLMo-3-7B-Instruct,allenai_OLMo-3-7B-Instruct,flashlight_drawer_shelf,asym_coop,97,0,shelf,2,0,0,0,0,0,0,0,0,0,0,0,0,0,0,0,0,0,0,0,0
allenai_OLMo-3-7B-Instruct x allenai_OLMo-3-7B-Instruct,allenai_OLMo-3-7B-Instruct,allenai_OLMo-3-7B-Instruct,flashlight_drawer_shelf,asym_adv,98,0,,2,1,0,0,1,0,0,0,0,0,0,0,0,0,0,0,1,1,0,1,1
allenai_OLMo-3-7B-Instruct x allenai_OLMo-3-7B-Instruct,allenai_OLMo-3-7B-Instruct,allenai_OLMo-3-7B-Instruct,flashlight_drawer_shelf,conflict_coop,99,0,,2,0,0,0,1,0,0,0,0,0,0,0,0,0,0,0,0,1,0,1,0
allenai_OLMo-3-7B-Instruct x allenai_OLMo-3-7B-Instruct,allenai_OLMo-3-7B-Instruct,allenai_OLMo-3-7B-Instruct,wallet_desk_drawer,conflict_coop,9,0,,16,0,0,1,1,0,0,0,0,1,1,1,0,0,0,0,0,5,0,1,0
