=== Job started at Sun Apr  5 03:28:58 PM PDT 2026 ===
Node: sphinx8.stanford.edu, GPU: NVIDIA A100-SXM4-80GB

Best layer pair for Misv0.3Misv0.3: A=8, B=6, R²=0.6779

############################################################
Model: Mistral-7B-Instruct-v0.3_None_0_Mistral-7B-Instruct-v0.3_None_0 (Misv0.3Misv0.3)
Layer pair: A=8, B=6
############################################################
Loading features for Mistral-7B-Instruct-v0.3_None_0_Mistral-7B-Instruct-v0.3_None_0...
Loaded 450 episodes

============================================================
Control A: Shuffle-Paired Baseline
============================================================
  Shuffle control: 1962 turns, dim=4096
Until Preparation: 0.06335997581481934.
Until Calculation: 0.2598228454589844.
Until linalg solve: 0.5712783336639404.
Regression solved in 0.7123 seconds
Training and Evaluating takes 0.06288766860961914 seconds.
Until Preparation: 0.0005316734313964844.
Until Calculation: 0.0007131099700927734.
Until linalg solve: 0.04610395431518555.
Regression solved in 0.1565 seconds
Training and Evaluating takes 0.03561043739318848 seconds.
Until Preparation: 0.0005891323089599609.
Until Calculation: 0.0007917881011962891.
Until linalg solve: 0.04624032974243164.
Regression solved in 0.1641 seconds
Training and Evaluating takes 0.07295870780944824 seconds.
  Real R² (mean over 3 seeds): 0.7528
Until Preparation: 0.0005543231964111328.
Until Calculation: 0.0007534027099609375.
Until linalg solve: 0.04616379737854004.
Regression solved in 0.1605 seconds
Training and Evaluating takes 0.08145475387573242 seconds.
Until Preparation: 0.0005581378936767578.
Until Calculation: 0.0007557868957519531.
Until linalg solve: 0.046236515045166016.
Regression solved in 0.1552 seconds
Training and Evaluating takes 0.030690670013427734 seconds.
Until Preparation: 0.0005350112915039062.
Until Calculation: 0.000720977783203125.
Until linalg solve: 0.04617428779602051.
Regression solved in 0.1557 seconds
Training and Evaluating takes 0.08674740791320801 seconds.
Until Preparation: 0.0005357265472412109.
Until Calculation: 0.0007257461547851562.
Until linalg solve: 0.04624223709106445.
Regression solved in 0.1552 seconds
Training and Evaluating takes 0.03598785400390625 seconds.
Until Preparation: 0.0005617141723632812.
Until Calculation: 0.0007500648498535156.
Until linalg solve: 0.046196699142456055.
Regression solved in 0.1555 seconds
Training and Evaluating takes 0.07709813117980957 seconds.
Until Preparation: 0.0005214214324951172.
Until Calculation: 0.0007176399230957031.
Until linalg solve: 0.04625844955444336.
Regression solved in 0.1555 seconds
Training and Evaluating takes 0.055442094802856445 seconds.
Until Preparation: 0.0005321502685546875.
Until Calculation: 0.0007097721099853516.
Until linalg solve: 0.046178579330444336.
Regression solved in 0.1555 seconds
Training and Evaluating takes 0.026697874069213867 seconds.
Until Preparation: 0.0005352497100830078.
Until Calculation: 0.0007152557373046875.
Until linalg solve: 0.04618358612060547.
Regression solved in 0.1556 seconds
Training and Evaluating takes 0.04641866683959961 seconds.
Until Preparation: 0.0006213188171386719.
Until Calculation: 0.0008287429809570312.
Until linalg solve: 0.046250104904174805.
Regression solved in 0.1559 seconds
Training and Evaluating takes 0.07384991645812988 seconds.
Until Preparation: 0.0005290508270263672.
Until Calculation: 0.0007252693176269531.
Until linalg solve: 0.04618954658508301.
Regression solved in 0.1571 seconds
Training and Evaluating takes 0.03003549575805664 seconds.
Until Preparation: 0.0005552768707275391.
Until Calculation: 0.0007379055023193359.
Until linalg solve: 0.046176910400390625.
Regression solved in 0.1561 seconds
Training and Evaluating takes 0.06824302673339844 seconds.
Until Preparation: 0.0005278587341308594.
Until Calculation: 0.0007233619689941406.
Until linalg solve: 0.04617619514465332.
Regression solved in 0.1558 seconds
Training and Evaluating takes 0.015894412994384766 seconds.
Until Preparation: 0.0005280971527099609.
Until Calculation: 0.0007088184356689453.
Until linalg solve: 0.04612112045288086.
Regression solved in 0.1561 seconds
Training and Evaluating takes 0.07985687255859375 seconds.
Until Preparation: 0.000537872314453125.
Until Calculation: 0.0007164478302001953.
Until linalg solve: 0.04612994194030762.
Regression solved in 0.1561 seconds
Training and Evaluating takes 0.09028029441833496 seconds.
Until Preparation: 0.0005249977111816406.
Until Calculation: 0.0007066726684570312.
Until linalg solve: 0.046172142028808594.
Regression solved in 0.1561 seconds
Training and Evaluating takes 0.08564567565917969 seconds.
Until Preparation: 0.0005323886871337891.
Until Calculation: 0.0007297992706298828.
Until linalg solve: 0.04618072509765625.
Regression solved in 0.1558 seconds
Training and Evaluating takes 0.04503488540649414 seconds.
Until Preparation: 0.0005254745483398438.
Until Calculation: 0.0007224082946777344.
Until linalg solve: 0.04620075225830078.
Regression solved in 0.1560 seconds
Training and Evaluating takes 0.06939339637756348 seconds.
Until Preparation: 0.0005233287811279297.
Until Calculation: 0.0007207393646240234.
Until linalg solve: 0.04614138603210449.
Regression solved in 0.1557 seconds
Training and Evaluating takes 0.07604169845581055 seconds.
Until Preparation: 0.0005469322204589844.
Until Calculation: 0.0007264614105224609.
Until linalg solve: 0.04628586769104004.
Regression solved in 0.1556 seconds
Training and Evaluating takes 0.0793299674987793 seconds.
Until Preparation: 0.0005252361297607422.
Until Calculation: 0.0007200241088867188.
Until linalg solve: 0.04618716239929199.
Regression solved in 0.1555 seconds
Training and Evaluating takes 0.07900619506835938 seconds.
Until Preparation: 0.0005311965942382812.
Until Calculation: 0.0007116794586181641.
Until linalg solve: 0.04616546630859375.
Regression solved in 0.1558 seconds
Training and Evaluating takes 0.029880762100219727 seconds.
Until Preparation: 0.0005238056182861328.
Until Calculation: 0.0007066726684570312.
Until linalg solve: 0.046193599700927734.
Regression solved in 0.1554 seconds
Training and Evaluating takes 0.06814789772033691 seconds.
Until Preparation: 0.0005238056182861328.
Until Calculation: 0.0007224082946777344.
Until linalg solve: 0.046147823333740234.
Regression solved in 0.1554 seconds
Training and Evaluating takes 0.06432509422302246 seconds.
Until Preparation: 0.0005354881286621094.
Until Calculation: 0.0007126331329345703.
Until linalg solve: 0.04615473747253418.
Regression solved in 0.1557 seconds
Training and Evaluating takes 0.07712125778198242 seconds.
Until Preparation: 0.0005249977111816406.
Until Calculation: 0.0007066726684570312.
Until linalg solve: 0.046152353286743164.
Regression solved in 0.1556 seconds
Training and Evaluating takes 0.050809621810913086 seconds.
Until Preparation: 0.0005161762237548828.
Until Calculation: 0.0006923675537109375.
Until linalg solve: 0.04615592956542969.
Regression solved in 0.1629 seconds
Training and Evaluating takes 0.0779578685760498 seconds.
Until Preparation: 0.0005254745483398438.
Until Calculation: 0.000705718994140625.
Until linalg solve: 0.04618501663208008.
Regression solved in 0.1641 seconds
Training and Evaluating takes 0.07912731170654297 seconds.
Until Preparation: 0.0005929470062255859.
Until Calculation: 0.0007963180541992188.
Until linalg solve: 0.04625248908996582.
Regression solved in 0.1636 seconds
Training and Evaluating takes 0.01640915870666504 seconds.
Until Preparation: 0.0005214214324951172.
Until Calculation: 0.0007164478302001953.
Until linalg solve: 0.04619574546813965.
Regression solved in 0.1563 seconds
Training and Evaluating takes 0.0711812973022461 seconds.
Until Preparation: 0.0005304813385009766.
Until Calculation: 0.0007309913635253906.
Until linalg solve: 0.046285390853881836.
Regression solved in 0.1561 seconds
Training and Evaluating takes 0.06936192512512207 seconds.
  Shuffled R² (mean ± std over 10 shuffles): 0.0000 ± 0.0000

============================================================
Control D: Layer-0 Baseline
============================================================
Until Preparation: 0.0005297660827636719.
Until Calculation: 0.0007107257843017578.
Until linalg solve: 0.04614090919494629.
Regression solved in 0.1555 seconds
Training and Evaluating takes 0.07068538665771484 seconds.
Until Preparation: 0.0005209445953369141.
Until Calculation: 0.0007007122039794922.
Until linalg solve: 0.046120405197143555.
Regression solved in 0.1558 seconds
Training and Evaluating takes 0.06895327568054199 seconds.
Until Preparation: 0.0005309581756591797.
Until Calculation: 0.0007472038269042969.
Until linalg solve: 0.0462646484375.
Regression solved in 0.1638 seconds
Training and Evaluating takes 0.03138303756713867 seconds.
  Best-layer R² (L8→L6): 0.7528
Until Preparation: 0.0005414485931396484.
Until Calculation: 0.0007233619689941406.
Until linalg solve: 0.04629778861999512.
Regression solved in 0.1561 seconds
Training and Evaluating takes 0.07700085639953613 seconds.
Until Preparation: 0.0005600452423095703.
Until Calculation: 0.0007774829864501953.
Until linalg solve: 0.04619479179382324.
Regression solved in 0.1558 seconds
Training and Evaluating takes 0.07161164283752441 seconds.
Until Preparation: 0.0005352497100830078.
Until Calculation: 0.0007135868072509766.
Until linalg solve: 0.046152591705322266.
Regression solved in 0.1554 seconds
Training and Evaluating takes 0.07421040534973145 seconds.
  Layer-0 R² (L0→L0): 0.3540

============================================================
Control E: Permutation Tests on Transfer Gap
============================================================
  Binary alignment split: high(>=0.5)=151, low(<=-0.5)=118

  Computing observed gap for 'alignment_binary'...
Until Preparation: 0.0005409717559814453.
Until Calculation: 0.0009195804595947266.
Until linalg solve: 0.041567325592041016.
Regression solved in 0.1515 seconds
Training and Evaluating takes 0.03305554389953613 seconds.
Until Preparation: 0.0005314350128173828.
Until Calculation: 0.0007548332214355469.
Until linalg solve: 0.04056096076965332.
Regression solved in 0.1502 seconds
Training and Evaluating takes 0.014873504638671875 seconds.
  Observed gap: 0.1470
  Running 100 permutations...
Until Preparation: 0.0005357265472412109.
Until Calculation: 0.0007607936859130859.
Until linalg solve: 0.04120469093322754.
Regression solved in 0.1508 seconds
Training and Evaluating takes 0.03558230400085449 seconds.
Until Preparation: 0.0005125999450683594.
Until Calculation: 0.0007333755493164062.
Until linalg solve: 0.04072260856628418.
Regression solved in 0.1501 seconds
Training and Evaluating takes 0.014974594116210938 seconds.
Until Preparation: 0.0005316734313964844.
Until Calculation: 0.0007581710815429688.
Until linalg solve: 0.041295528411865234.
Regression solved in 0.1508 seconds
Training and Evaluating takes 0.035759687423706055 seconds.
Until Preparation: 0.00383758544921875.
Until Calculation: 0.004097938537597656.
Until linalg solve: 0.0440213680267334.
Regression solved in 0.1537 seconds
Training and Evaluating takes 0.01627492904663086 seconds.
Until Preparation: 0.0005311965942382812.
Until Calculation: 0.0007600784301757812.
Until linalg solve: 0.041217803955078125.
Regression solved in 0.1511 seconds
Training and Evaluating takes 0.031280517578125 seconds.
Until Preparation: 0.0005269050598144531.
Until Calculation: 0.0007517337799072266.
Until linalg solve: 0.04074430465698242.
Regression solved in 0.1520 seconds
Training and Evaluating takes 0.01510310173034668 seconds.
Until Preparation: 0.0005409717559814453.
Until Calculation: 0.0007658004760742188.
Until linalg solve: 0.04114699363708496.
Regression solved in 0.1507 seconds
Training and Evaluating takes 0.0167539119720459 seconds.
Until Preparation: 0.0005300045013427734.
Until Calculation: 0.0007562637329101562.
Until linalg solve: 0.04072213172912598.
Regression solved in 0.1506 seconds
Training and Evaluating takes 0.007884025573730469 seconds.
Until Preparation: 0.0005409717559814453.
Until Calculation: 0.0007643699645996094.
Until linalg solve: 0.04129981994628906.
Regression solved in 0.1508 seconds
Training and Evaluating takes 0.03170633316040039 seconds.
Until Preparation: 0.0005319118499755859.
Until Calculation: 0.0007543563842773438.
Until linalg solve: 0.04059743881225586.
Regression solved in 0.1513 seconds
Training and Evaluating takes 0.010112524032592773 seconds.
Until Preparation: 0.0005056858062744141.
Until Calculation: 0.0007140636444091797.
Until linalg solve: 0.0411219596862793.
Regression solved in 0.1524 seconds
Training and Evaluating takes 0.03754019737243652 seconds.
Until Preparation: 0.0005309581756591797.
Until Calculation: 0.0007603168487548828.
Until linalg solve: 0.04077410697937012.
Regression solved in 0.1511 seconds
Training and Evaluating takes 0.014978885650634766 seconds.
Until Preparation: 0.0005362033843994141.
Until Calculation: 0.0007655620574951172.
Until linalg solve: 0.04116249084472656.
Regression solved in 0.1697 seconds
Training and Evaluating takes 0.03271794319152832 seconds.
Until Preparation: 0.0005023479461669922.
Until Calculation: 0.0007503032684326172.
Until linalg solve: 0.040825605392456055.
Regression solved in 0.1505 seconds
Training and Evaluating takes 0.014904499053955078 seconds.
Until Preparation: 0.0005125999450683594.
Until Calculation: 0.0007112026214599609.
Until linalg solve: 0.041205644607543945.
Regression solved in 0.1512 seconds
Training and Evaluating takes 0.03736305236816406 seconds.
Until Preparation: 0.0005211830139160156.
Until Calculation: 0.0007190704345703125.
Until linalg solve: 0.040673255920410156.
Regression solved in 0.1520 seconds
Training and Evaluating takes 0.016060352325439453 seconds.
Until Preparation: 0.0005240440368652344.
Until Calculation: 0.0007541179656982422.
Until linalg solve: 0.04115486145019531.
Regression solved in 0.1514 seconds
Training and Evaluating takes 0.031002521514892578 seconds.
Until Preparation: 0.0005168914794921875.
Until Calculation: 0.0007476806640625.
Until linalg solve: 0.04074907302856445.
Regression solved in 0.1511 seconds
Training and Evaluating takes 0.009161710739135742 seconds.
Until Preparation: 0.0005147457122802734.
Until Calculation: 0.0007405281066894531.
Until linalg solve: 0.0412294864654541.
Regression solved in 0.1512 seconds
Training and Evaluating takes 0.020374059677124023 seconds.
Until Preparation: 0.0004994869232177734.
Until Calculation: 0.0007085800170898438.
Until linalg solve: 0.040688514709472656.
Regression solved in 0.1508 seconds
Training and Evaluating takes 0.016561269760131836 seconds.
Until Preparation: 0.0005283355712890625.
Until Calculation: 0.0007557868957519531.
Until linalg solve: 0.041167259216308594.
Regression solved in 0.1511 seconds
Training and Evaluating takes 0.016268491744995117 seconds.
Until Preparation: 0.0005176067352294922.
Until Calculation: 0.0007472038269042969.
Until linalg solve: 0.040821075439453125.
Regression solved in 0.1511 seconds
Training and Evaluating takes 0.01686835289001465 seconds.
Until Preparation: 0.0005197525024414062.
Until Calculation: 0.0007479190826416016.
Until linalg solve: 0.04124045372009277.
Regression solved in 0.1630 seconds
Training and Evaluating takes 0.03153634071350098 seconds.
Until Preparation: 0.0005295276641845703.
Until Calculation: 0.0007593631744384766.
Until linalg solve: 0.04071521759033203.
Regression solved in 0.1507 seconds
Training and Evaluating takes 0.015319347381591797 seconds.
Until Preparation: 0.0005221366882324219.
Until Calculation: 0.0007519721984863281.
Until linalg solve: 0.041170597076416016.
Regression solved in 0.1514 seconds
Training and Evaluating takes 0.02517104148864746 seconds.
Until Preparation: 0.0004987716674804688.
Until Calculation: 0.0006935596466064453.
Until linalg solve: 0.0407567024230957.
Regression solved in 0.1507 seconds
Training and Evaluating takes 0.007106304168701172 seconds.
Until Preparation: 0.0005095005035400391.
Until Calculation: 0.0007355213165283203.
Until linalg solve: 0.04122591018676758.
Regression solved in 0.1513 seconds
Training and Evaluating takes 0.00648188591003418 seconds.
Until Preparation: 0.0005109310150146484.
Until Calculation: 0.0007505416870117188.
Until linalg solve: 0.04068279266357422.
Regression solved in 0.1506 seconds
Training and Evaluating takes 0.016768693923950195 seconds.
Until Preparation: 0.0005288124084472656.
Until Calculation: 0.0007534027099609375.
Until linalg solve: 0.04128122329711914.
Regression solved in 0.1514 seconds
Training and Evaluating takes 0.03113865852355957 seconds.
Until Preparation: 0.0005133152008056641.
Until Calculation: 0.0007374286651611328.
Until linalg solve: 0.042412519454956055.
Regression solved in 0.1525 seconds
Training and Evaluating takes 0.015504121780395508 seconds.
Until Preparation: 0.0005350112915039062.
Until Calculation: 0.0007381439208984375.
Until linalg solve: 0.04114532470703125.
Regression solved in 0.1514 seconds
Training and Evaluating takes 0.017055988311767578 seconds.
Until Preparation: 0.0005204677581787109.
Until Calculation: 0.0007150173187255859.
Until linalg solve: 0.04082298278808594.
Regression solved in 0.1508 seconds
Training and Evaluating takes 0.01624011993408203 seconds.
Until Preparation: 0.0005199909210205078.
Until Calculation: 0.0007491111755371094.
Until linalg solve: 0.04126596450805664.
Regression solved in 0.1515 seconds
Training and Evaluating takes 0.03303050994873047 seconds.
Until Preparation: 0.0005691051483154297.
Until Calculation: 0.0008180141448974609.
Until linalg solve: 0.040665388107299805.
Regression solved in 0.1509 seconds
Training and Evaluating takes 0.015068769454956055 seconds.
Until Preparation: 0.0005195140838623047.
Until Calculation: 0.0007433891296386719.
Until linalg solve: 0.04127168655395508.
Regression solved in 0.1513 seconds
Training and Evaluating takes 0.026154279708862305 seconds.
Until Preparation: 0.0004971027374267578.
Until Calculation: 0.0007326602935791016.
Until linalg solve: 0.04061746597290039.
Regression solved in 0.1507 seconds
Training and Evaluating takes 0.005215167999267578 seconds.
Until Preparation: 0.0005164146423339844.
Until Calculation: 0.0007414817810058594.
Until linalg solve: 0.0410313606262207.
Regression solved in 0.1508 seconds
Training and Evaluating takes 0.008677959442138672 seconds.
Until Preparation: 0.0005178451538085938.
Until Calculation: 0.0007450580596923828.
Until linalg solve: 0.04068279266357422.
Regression solved in 0.1508 seconds
Training and Evaluating takes 0.016742467880249023 seconds.
Until Preparation: 0.0005140304565429688.
Until Calculation: 0.0007431507110595703.
Until linalg solve: 0.041158199310302734.
Regression solved in 0.1512 seconds
Training and Evaluating takes 0.017333269119262695 seconds.
Until Preparation: 0.0005202293395996094.
Until Calculation: 0.0007517337799072266.
Until linalg solve: 0.040750980377197266.
Regression solved in 0.1507 seconds
Training and Evaluating takes 0.016423940658569336 seconds.
    Permutation 20/100 done
Until Preparation: 0.0005252361297607422.
Until Calculation: 0.0007565021514892578.
Until linalg solve: 0.041182756423950195.
Regression solved in 0.1511 seconds
Training and Evaluating takes 0.016385316848754883 seconds.
Until Preparation: 0.0005228519439697266.
Until Calculation: 0.0007674694061279297.
Until linalg solve: 0.04083371162414551.
Regression solved in 0.1510 seconds
Training and Evaluating takes 0.019079923629760742 seconds.
Until Preparation: 0.0005228519439697266.
Until Calculation: 0.0007498264312744141.
Until linalg solve: 0.04112410545349121.
Regression solved in 0.1517 seconds
Training and Evaluating takes 0.01678180694580078 seconds.
Until Preparation: 0.0005218982696533203.
Until Calculation: 0.0007479190826416016.
Until linalg solve: 0.04079294204711914.
Regression solved in 0.1575 seconds
Training and Evaluating takes 0.01766490936279297 seconds.
Until Preparation: 0.0005249977111816406.
Until Calculation: 0.0007739067077636719.
Until linalg solve: 0.04127144813537598.
Regression solved in 0.1832 seconds
Training and Evaluating takes 0.03523516654968262 seconds.
Until Preparation: 0.0005173683166503906.
Until Calculation: 0.0007529258728027344.
Until linalg solve: 0.04073143005371094.
Regression solved in 0.1508 seconds
Training and Evaluating takes 0.019227027893066406 seconds.
Until Preparation: 0.0005238056182861328.
Until Calculation: 0.000751495361328125.
Until linalg solve: 0.04111433029174805.
Regression solved in 0.1515 seconds
Training and Evaluating takes 0.017841100692749023 seconds.
Until Preparation: 0.0005125999450683594.
Until Calculation: 0.0007412433624267578.
Until linalg solve: 0.04079866409301758.
Regression solved in 0.1513 seconds
Training and Evaluating takes 0.015343427658081055 seconds.
Until Preparation: 0.0005195140838623047.
Until Calculation: 0.0007185935974121094.
Until linalg solve: 0.04128456115722656.
Regression solved in 0.1516 seconds
Training and Evaluating takes 0.032898664474487305 seconds.
Until Preparation: 0.0005125999450683594.
Until Calculation: 0.0007402896881103516.
Until linalg solve: 0.04070305824279785.
Regression solved in 0.1507 seconds
Training and Evaluating takes 0.016326427459716797 seconds.
Until Preparation: 0.0005278587341308594.
Until Calculation: 0.0007541179656982422.
Until linalg solve: 0.04129672050476074.
Regression solved in 0.1517 seconds
Training and Evaluating takes 0.03484940528869629 seconds.
Until Preparation: 0.0005133152008056641.
Until Calculation: 0.0007402896881103516.
Until linalg solve: 0.04064226150512695.
Regression solved in 0.1514 seconds
Training and Evaluating takes 0.015643596649169922 seconds.
Until Preparation: 0.0005164146423339844.
Until Calculation: 0.0007140636444091797.
Until linalg solve: 0.041207313537597656.
Regression solved in 0.1513 seconds
Training and Evaluating takes 0.03209495544433594 seconds.
Until Preparation: 0.0005130767822265625.
Until Calculation: 0.0007166862487792969.
Until linalg solve: 0.04072308540344238.
Regression solved in 0.1510 seconds
Training and Evaluating takes 0.015051841735839844 seconds.
Until Preparation: 0.0005280971527099609.
Until Calculation: 0.0007278919219970703.
Until linalg solve: 0.0411067008972168.
Regression solved in 0.1514 seconds
Training and Evaluating takes 0.01796889305114746 seconds.
Until Preparation: 0.0005152225494384766.
Until Calculation: 0.0007104873657226562.
Until linalg solve: 0.040691375732421875.
Regression solved in 0.1515 seconds
Training and Evaluating takes 0.016658544540405273 seconds.
Until Preparation: 0.0005266666412353516.
Until Calculation: 0.0007190704345703125.
Until linalg solve: 0.04114246368408203.
Regression solved in 0.1519 seconds
Training and Evaluating takes 0.01642465591430664 seconds.
Until Preparation: 0.0005233287811279297.
Until Calculation: 0.0007171630859375.
Until linalg solve: 0.0407404899597168.
Regression solved in 0.1507 seconds
Training and Evaluating takes 0.016391992568969727 seconds.
Until Preparation: 0.0005466938018798828.
Until Calculation: 0.0007784366607666016.
Until linalg solve: 0.04142284393310547.
Regression solved in 0.1518 seconds
Training and Evaluating takes 0.03472185134887695 seconds.
Until Preparation: 0.0005185604095458984.
Until Calculation: 0.0007386207580566406.
Until linalg solve: 0.04046487808227539.
Regression solved in 0.1508 seconds
Training and Evaluating takes 0.01914381980895996 seconds.
Until Preparation: 0.0005176067352294922.
Until Calculation: 0.0007154941558837891.
Until linalg solve: 0.04107069969177246.
Regression solved in 0.1512 seconds
Training and Evaluating takes 0.01724410057067871 seconds.
Until Preparation: 0.0005195140838623047.
Until Calculation: 0.0007200241088867188.
Until linalg solve: 0.04064297676086426.
Regression solved in 0.1508 seconds
Training and Evaluating takes 0.015207767486572266 seconds.
Until Preparation: 0.0005156993865966797.
Until Calculation: 0.0007429122924804688.
Until linalg solve: 0.04112863540649414.
Regression solved in 0.1516 seconds
Training and Evaluating takes 0.016873598098754883 seconds.
Until Preparation: 0.0005133152008056641.
Until Calculation: 0.0007100105285644531.
Until linalg solve: 0.0406801700592041.
Regression solved in 0.1510 seconds
Training and Evaluating takes 0.015136241912841797 seconds.
Until Preparation: 0.0005178451538085938.
Until Calculation: 0.0007481575012207031.
Until linalg solve: 0.04109644889831543.
Regression solved in 0.1516 seconds
Training and Evaluating takes 0.017862796783447266 seconds.
Until Preparation: 0.0005159378051757812.
Until Calculation: 0.00075531005859375.
Until linalg solve: 0.04089689254760742.
Regression solved in 0.1512 seconds
Training and Evaluating takes 0.016854047775268555 seconds.
Until Preparation: 0.0005230903625488281.
Until Calculation: 0.0007455348968505859.
Until linalg solve: 0.04117584228515625.
Regression solved in 0.1511 seconds
Training and Evaluating takes 0.016232013702392578 seconds.
Until Preparation: 0.0005197525024414062.
Until Calculation: 0.0007419586181640625.
Until linalg solve: 0.040708065032958984.
Regression solved in 0.1509 seconds
Training and Evaluating takes 0.016179561614990234 seconds.
Until Preparation: 0.0005207061767578125.
Until Calculation: 0.0007233619689941406.
Until linalg solve: 0.04120445251464844.
Regression solved in 0.1518 seconds
Training and Evaluating takes 0.033641815185546875 seconds.
Until Preparation: 0.0005102157592773438.
Until Calculation: 0.000705718994140625.
Until linalg solve: 0.040648698806762695.
Regression solved in 0.1514 seconds
Training and Evaluating takes 0.015636205673217773 seconds.
Until Preparation: 0.0005197525024414062.
Until Calculation: 0.0007472038269042969.
Until linalg solve: 0.041314125061035156.
Regression solved in 0.1517 seconds
Training and Evaluating takes 0.03580498695373535 seconds.
Until Preparation: 0.0005176067352294922.
Until Calculation: 0.0007467269897460938.
Until linalg solve: 0.04070782661437988.
Regression solved in 0.1512 seconds
Training and Evaluating takes 0.015797853469848633 seconds.
Until Preparation: 0.0005338191986083984.
Until Calculation: 0.0007350444793701172.
Until linalg solve: 0.041263580322265625.
Regression solved in 0.1519 seconds
Training and Evaluating takes 0.03158116340637207 seconds.
Until Preparation: 0.00051116943359375.
Until Calculation: 0.0007064342498779297.
Until linalg solve: 0.04061317443847656.
Regression solved in 0.1510 seconds
Training and Evaluating takes 0.015984535217285156 seconds.
Until Preparation: 0.0005233287811279297.
Until Calculation: 0.0007245540618896484.
Until linalg solve: 0.0412447452545166.
Regression solved in 0.1517 seconds
Training and Evaluating takes 0.01909184455871582 seconds.
Until Preparation: 0.0005176067352294922.
Until Calculation: 0.0007181167602539062.
Until linalg solve: 0.040673255920410156.
Regression solved in 0.1509 seconds
Training and Evaluating takes 0.016158103942871094 seconds.
Until Preparation: 0.0005161762237548828.
Until Calculation: 0.0007445812225341797.
Until linalg solve: 0.041327714920043945.
Regression solved in 0.1515 seconds
Training and Evaluating takes 0.03202176094055176 seconds.
Until Preparation: 0.0005168914794921875.
Until Calculation: 0.0007092952728271484.
Until linalg solve: 0.040628910064697266.
Regression solved in 0.1511 seconds
Training and Evaluating takes 0.014708518981933594 seconds.
Until Preparation: 0.0005180835723876953.
Until Calculation: 0.0007417201995849609.
Until linalg solve: 0.04124259948730469.
Regression solved in 0.1517 seconds
Training and Evaluating takes 0.029791831970214844 seconds.
Until Preparation: 0.0005125999450683594.
Until Calculation: 0.0007090568542480469.
Until linalg solve: 0.04055070877075195.
Regression solved in 0.1509 seconds
Training and Evaluating takes 0.015070676803588867 seconds.
    Permutation 40/100 done
Until Preparation: 0.00051116943359375.
Until Calculation: 0.0007352828979492188.
Until linalg solve: 0.04099559783935547.
Regression solved in 0.1518 seconds
Training and Evaluating takes 0.017686843872070312 seconds.
Until Preparation: 0.0005228519439697266.
Until Calculation: 0.0007600784301757812.
Until linalg solve: 0.040801286697387695.
Regression solved in 0.1512 seconds
Training and Evaluating takes 0.01582026481628418 seconds.
Until Preparation: 0.0005190372467041016.
Until Calculation: 0.0007531642913818359.
Until linalg solve: 0.0412139892578125.
Regression solved in 0.1524 seconds
Training and Evaluating takes 0.031077146530151367 seconds.
Until Preparation: 0.0005145072937011719.
Until Calculation: 0.0007381439208984375.
Until linalg solve: 0.040721893310546875.
Regression solved in 0.1516 seconds
Training and Evaluating takes 0.015441417694091797 seconds.
Until Preparation: 0.0005335807800292969.
Until Calculation: 0.0007603168487548828.
Until linalg solve: 0.041107177734375.
Regression solved in 0.1515 seconds
Training and Evaluating takes 0.015928983688354492 seconds.
Until Preparation: 0.0005118846893310547.
Until Calculation: 0.0007364749908447266.
Until linalg solve: 0.04080462455749512.
Regression solved in 0.1511 seconds
Training and Evaluating takes 0.016986370086669922 seconds.
Until Preparation: 0.0005176067352294922.
Until Calculation: 0.0007143020629882812.
Until linalg solve: 0.0412137508392334.
Regression solved in 0.1516 seconds
Training and Evaluating takes 0.03168129920959473 seconds.
Until Preparation: 0.0005252361297607422.
Until Calculation: 0.0007193088531494141.
Until linalg solve: 0.04063701629638672.
Regression solved in 0.1511 seconds
Training and Evaluating takes 0.01481318473815918 seconds.
Until Preparation: 0.000518798828125.
Until Calculation: 0.0007131099700927734.
Until linalg solve: 0.03395342826843262.
Regression solved in 0.1443 seconds
Training and Evaluating takes 0.029108047485351562 seconds.
Until Preparation: 0.0005142688751220703.
Until Calculation: 0.0007102489471435547.
Until linalg solve: 0.033551692962646484.
Regression solved in 0.1445 seconds
Training and Evaluating takes 0.015523433685302734 seconds.
Until Preparation: 0.0005283355712890625.
Until Calculation: 0.0007266998291015625.
Until linalg solve: 0.03405308723449707.
Regression solved in 0.1447 seconds
Training and Evaluating takes 0.0328214168548584 seconds.
Until Preparation: 0.0005114078521728516.
Until Calculation: 0.0007116794586181641.
Until linalg solve: 0.03348278999328613.
Regression solved in 0.1465 seconds
Training and Evaluating takes 0.015505075454711914 seconds.
Until Preparation: 0.000514984130859375.
Until Calculation: 0.0007135868072509766.
Until linalg solve: 0.03398752212524414.
Regression solved in 0.1444 seconds
Training and Evaluating takes 0.03208470344543457 seconds.
Until Preparation: 0.0005145072937011719.
Until Calculation: 0.0007140636444091797.
Until linalg solve: 0.03351402282714844.
Regression solved in 0.1439 seconds
Training and Evaluating takes 0.01518392562866211 seconds.
Until Preparation: 0.0005209445953369141.
Until Calculation: 0.0007200241088867188.
Until linalg solve: 0.03407716751098633.
Regression solved in 0.1446 seconds
Training and Evaluating takes 0.030831575393676758 seconds.
Until Preparation: 0.0005171298980712891.
Until Calculation: 0.0007426738739013672.
Until linalg solve: 0.03356647491455078.
Regression solved in 0.1442 seconds
Training and Evaluating takes 0.014780521392822266 seconds.
Until Preparation: 0.0005135536193847656.
Until Calculation: 0.000713348388671875.
Until linalg solve: 0.04109525680541992.
Regression solved in 0.1518 seconds
Training and Evaluating takes 0.035692691802978516 seconds.
Until Preparation: 0.0005142688751220703.
Until Calculation: 0.0007116794586181641.
Until linalg solve: 0.04069185256958008.
Regression solved in 0.1513 seconds
Training and Evaluating takes 0.017687320709228516 seconds.
Until Preparation: 0.0005002021789550781.
Until Calculation: 0.000698089599609375.
Until linalg solve: 0.04119467735290527.
Regression solved in 0.1521 seconds
Training and Evaluating takes 0.032866477966308594 seconds.
Until Preparation: 0.0005145072937011719.
Until Calculation: 0.0007426738739013672.
Until linalg solve: 0.04063916206359863.
Regression solved in 0.1514 seconds
Training and Evaluating takes 0.016652822494506836 seconds.
Until Preparation: 0.0005288124084472656.
Until Calculation: 0.0007290840148925781.
Until linalg solve: 0.04122495651245117.
Regression solved in 0.1525 seconds
Training and Evaluating takes 0.030950307846069336 seconds.
Until Preparation: 0.0005245208740234375.
Until Calculation: 0.0007224082946777344.
Until linalg solve: 0.04067850112915039.
Regression solved in 0.1521 seconds
Training and Evaluating takes 0.014929533004760742 seconds.
Until Preparation: 0.0005366802215576172.
Until Calculation: 0.0007619857788085938.
Until linalg solve: 0.04120779037475586.
Regression solved in 0.1521 seconds
Training and Evaluating takes 0.03334546089172363 seconds.
Until Preparation: 0.0005202293395996094.
Until Calculation: 0.0007455348968505859.
Until linalg solve: 0.040734291076660156.
Regression solved in 0.1517 seconds
Training and Evaluating takes 0.016385316848754883 seconds.
Until Preparation: 0.000522613525390625.
Until Calculation: 0.0007197856903076172.
Until linalg solve: 0.04129290580749512.
Regression solved in 0.1523 seconds
Training and Evaluating takes 0.03718400001525879 seconds.
Until Preparation: 0.0005195140838623047.
Until Calculation: 0.0007183551788330078.
Until linalg solve: 0.04059028625488281.
Regression solved in 0.1518 seconds
Training and Evaluating takes 0.016227245330810547 seconds.
Until Preparation: 0.0005886554718017578.
Until Calculation: 0.0008304119110107422.
Until linalg solve: 0.04137873649597168.
Regression solved in 0.1525 seconds
Training and Evaluating takes 0.03309917449951172 seconds.
Until Preparation: 0.0005130767822265625.
Until Calculation: 0.0007061958312988281.
Until linalg solve: 0.04066157341003418.
Regression solved in 0.1528 seconds
Training and Evaluating takes 0.01518869400024414 seconds.
Until Preparation: 0.0005159378051757812.
Until Calculation: 0.0007157325744628906.
Until linalg solve: 0.04108619689941406.
Regression solved in 0.1525 seconds
Training and Evaluating takes 0.031952619552612305 seconds.
Until Preparation: 0.0005350112915039062.
Until Calculation: 0.000736236572265625.
Until linalg solve: 0.040645599365234375.
Regression solved in 0.1525 seconds
Training and Evaluating takes 0.015540122985839844 seconds.
Until Preparation: 0.0005185604095458984.
Until Calculation: 0.0007131099700927734.
Until linalg solve: 0.04118800163269043.
Regression solved in 0.1520 seconds
Training and Evaluating takes 0.030384540557861328 seconds.
Until Preparation: 0.0005221366882324219.
Until Calculation: 0.0007226467132568359.
Until linalg solve: 0.040825843811035156.
Regression solved in 0.1518 seconds
Training and Evaluating takes 0.015211820602416992 seconds.
Until Preparation: 0.0038101673126220703.
Until Calculation: 0.004007816314697266.
Until linalg solve: 0.04439401626586914.
Regression solved in 0.1554 seconds
Training and Evaluating takes 0.03201484680175781 seconds.
Until Preparation: 0.0005147457122802734.
Until Calculation: 0.0007126331329345703.
Until linalg solve: 0.04073953628540039.
Regression solved in 0.1526 seconds
Training and Evaluating takes 0.00680994987487793 seconds.
Until Preparation: 0.0005240440368652344.
Until Calculation: 0.0007250308990478516.
Until linalg solve: 0.04110074043273926.
Regression solved in 0.1520 seconds
Training and Evaluating takes 0.017157793045043945 seconds.
Until Preparation: 0.0005230903625488281.
Until Calculation: 0.0007274150848388672.
Until linalg solve: 0.04079842567443848.
Regression solved in 0.1521 seconds
Training and Evaluating takes 0.016141414642333984 seconds.
Until Preparation: 0.000518798828125.
Until Calculation: 0.0007650852203369141.
Until linalg solve: 0.041249990463256836.
Regression solved in 0.1527 seconds
Training and Evaluating takes 0.03383803367614746 seconds.
Until Preparation: 0.0006051063537597656.
Until Calculation: 0.0009281635284423828.
Until linalg solve: 0.04092144966125488.
Regression solved in 0.1528 seconds
Training and Evaluating takes 0.01984119415283203 seconds.
Until Preparation: 0.0005366802215576172.
Until Calculation: 0.0007376670837402344.
Until linalg solve: 0.04122805595397949.
Regression solved in 0.1525 seconds
Training and Evaluating takes 0.030800342559814453 seconds.
Until Preparation: 0.0005528926849365234.
Until Calculation: 0.0007505416870117188.
Until linalg solve: 0.040696144104003906.
Regression solved in 0.1519 seconds
Training and Evaluating takes 0.016083478927612305 seconds.
    Permutation 60/100 done
Until Preparation: 0.0005509853363037109.
Until Calculation: 0.0007486343383789062.
Until linalg solve: 0.04118704795837402.
Regression solved in 0.1522 seconds
Training and Evaluating takes 0.016305208206176758 seconds.
Until Preparation: 0.0005419254302978516.
Until Calculation: 0.0007405281066894531.
Until linalg solve: 0.04077935218811035.
Regression solved in 0.1517 seconds
Training and Evaluating takes 0.016346216201782227 seconds.
Until Preparation: 0.00054168701171875.
Until Calculation: 0.0007457733154296875.
Until linalg solve: 0.04108238220214844.
Regression solved in 0.1522 seconds
Training and Evaluating takes 0.01725316047668457 seconds.
Until Preparation: 0.0005350112915039062.
Until Calculation: 0.0007340908050537109.
Until linalg solve: 0.04068326950073242.
Regression solved in 0.1517 seconds
Training and Evaluating takes 0.006356716156005859 seconds.
Until Preparation: 0.0005300045013427734.
Until Calculation: 0.0007638931274414062.
Until linalg solve: 0.04116654396057129.
Regression solved in 0.1519 seconds
Training and Evaluating takes 0.029566049575805664 seconds.
Until Preparation: 0.000537872314453125.
Until Calculation: 0.0007381439208984375.
Until linalg solve: 0.040775299072265625.
Regression solved in 0.1517 seconds
Training and Evaluating takes 0.016371965408325195 seconds.
Until Preparation: 0.0005404949188232422.
Until Calculation: 0.0007386207580566406.
Until linalg solve: 0.041152238845825195.
Regression solved in 0.1522 seconds
Training and Evaluating takes 0.031225919723510742 seconds.
Until Preparation: 0.0005161762237548828.
Until Calculation: 0.0007190704345703125.
Until linalg solve: 0.04067039489746094.
Regression solved in 0.1511 seconds
Training and Evaluating takes 0.014897584915161133 seconds.
Until Preparation: 0.0005309581756591797.
Until Calculation: 0.0007410049438476562.
Until linalg solve: 0.04098248481750488.
Regression solved in 0.1515 seconds
Training and Evaluating takes 0.017953157424926758 seconds.
Until Preparation: 0.0005295276641845703.
Until Calculation: 0.0007252693176269531.
Until linalg solve: 0.04083752632141113.
Regression solved in 0.1511 seconds
Training and Evaluating takes 0.01699233055114746 seconds.
Until Preparation: 0.0005190372467041016.
Until Calculation: 0.0007510185241699219.
Until linalg solve: 0.041054487228393555.
Regression solved in 0.1514 seconds
Training and Evaluating takes 0.01691126823425293 seconds.
Until Preparation: 0.0005147457122802734.
Until Calculation: 0.0007452964782714844.
Until linalg solve: 0.040940284729003906.
Regression solved in 0.1532 seconds
Training and Evaluating takes 0.0158994197845459 seconds.
Until Preparation: 0.0005178451538085938.
Until Calculation: 0.0007176399230957031.
Until linalg solve: 0.04106569290161133.
Regression solved in 0.1521 seconds
Training and Evaluating takes 0.01633477210998535 seconds.
Until Preparation: 0.0005166530609130859.
Until Calculation: 0.0007143020629882812.
Until linalg solve: 0.04070568084716797.
Regression solved in 0.1512 seconds
Training and Evaluating takes 0.015820980072021484 seconds.
Until Preparation: 0.0005180835723876953.
Until Calculation: 0.0007505416870117188.
Until linalg solve: 0.041190385818481445.
Regression solved in 0.1515 seconds
Training and Evaluating takes 0.03492283821105957 seconds.
Until Preparation: 0.0005297660827636719.
Until Calculation: 0.0007712841033935547.
Until linalg solve: 0.04072928428649902.
Regression solved in 0.1513 seconds
Training and Evaluating takes 0.019080638885498047 seconds.
Until Preparation: 0.000530242919921875.
Until Calculation: 0.0007302761077880859.
Until linalg solve: 0.04115414619445801.
Regression solved in 0.1522 seconds
Training and Evaluating takes 0.017228126525878906 seconds.
Until Preparation: 0.0005142688751220703.
Until Calculation: 0.0007109642028808594.
Until linalg solve: 0.04072999954223633.
Regression solved in 0.1514 seconds
Training and Evaluating takes 0.01573014259338379 seconds.
Until Preparation: 0.0005192756652832031.
Until Calculation: 0.0007214546203613281.
Until linalg solve: 0.04117870330810547.
Regression solved in 0.1517 seconds
Training and Evaluating takes 0.03567194938659668 seconds.
Until Preparation: 0.0005171298980712891.
Until Calculation: 0.0007159709930419922.
Until linalg solve: 0.04071998596191406.
Regression solved in 0.1513 seconds
Training and Evaluating takes 0.015784263610839844 seconds.
Until Preparation: 0.000514984130859375.
Until Calculation: 0.0007445812225341797.
Until linalg solve: 0.04122018814086914.
Regression solved in 0.1517 seconds
Training and Evaluating takes 0.030829429626464844 seconds.
Until Preparation: 0.0005207061767578125.
Until Calculation: 0.0007495880126953125.
Until linalg solve: 0.04067111015319824.
Regression solved in 0.1511 seconds
Training and Evaluating takes 0.014966249465942383 seconds.
Until Preparation: 0.0005240440368652344.
Until Calculation: 0.0007252693176269531.
Until linalg solve: 0.04128408432006836.
Regression solved in 0.1517 seconds
Training and Evaluating takes 0.03184866905212402 seconds.
Until Preparation: 0.0005192756652832031.
Until Calculation: 0.0007190704345703125.
Until linalg solve: 0.04066061973571777.
Regression solved in 0.1513 seconds
Training and Evaluating takes 0.016693115234375 seconds.
Until Preparation: 0.0005257129669189453.
Until Calculation: 0.0007288455963134766.
Until linalg solve: 0.04107093811035156.
Regression solved in 0.1521 seconds
Training and Evaluating takes 0.03030991554260254 seconds.
Until Preparation: 0.0005171298980712891.
Until Calculation: 0.0007157325744628906.
Until linalg solve: 0.04074430465698242.
Regression solved in 0.1517 seconds
Training and Evaluating takes 0.00648188591003418 seconds.
Until Preparation: 0.0005135536193847656.
Until Calculation: 0.0007097721099853516.
Until linalg solve: 0.041090965270996094.
Regression solved in 0.1518 seconds
Training and Evaluating takes 0.01766657829284668 seconds.
Until Preparation: 0.0005218982696533203.
Until Calculation: 0.0007176399230957031.
Until linalg solve: 0.040688276290893555.
Regression solved in 0.1512 seconds
Training and Evaluating takes 0.01687145233154297 seconds.
Until Preparation: 0.0005242824554443359.
Until Calculation: 0.0007226467132568359.
Until linalg solve: 0.041168212890625.
Regression solved in 0.1517 seconds
Training and Evaluating takes 0.03368997573852539 seconds.
Until Preparation: 0.0005171298980712891.
Until Calculation: 0.0007150173187255859.
Until linalg solve: 0.040740251541137695.
Regression solved in 0.1525 seconds
Training and Evaluating takes 0.016597986221313477 seconds.
Until Preparation: 0.0005514621734619141.
Until Calculation: 0.0007801055908203125.
Until linalg solve: 0.0411992073059082.
Regression solved in 0.1525 seconds
Training and Evaluating takes 0.02992415428161621 seconds.
Until Preparation: 0.0005238056182861328.
Until Calculation: 0.0007495880126953125.
Until linalg solve: 0.04073977470397949.
Regression solved in 0.1518 seconds
Training and Evaluating takes 0.016173124313354492 seconds.
Until Preparation: 0.0005192756652832031.
Until Calculation: 0.0007207393646240234.
Until linalg solve: 0.041177988052368164.
Regression solved in 0.1518 seconds
Training and Evaluating takes 0.030695199966430664 seconds.
Until Preparation: 0.0005078315734863281.
Until Calculation: 0.0007009506225585938.
Until linalg solve: 0.04058027267456055.
Regression solved in 0.1516 seconds
Training and Evaluating takes 0.015470743179321289 seconds.
Until Preparation: 0.0005130767822265625.
Until Calculation: 0.0007109642028808594.
Until linalg solve: 0.041237831115722656.
Regression solved in 0.1525 seconds
Training and Evaluating takes 0.034008026123046875 seconds.
Until Preparation: 0.0005185604095458984.
Until Calculation: 0.0007176399230957031.
Until linalg solve: 0.040601491928100586.
Regression solved in 0.1515 seconds
Training and Evaluating takes 0.015506267547607422 seconds.
Until Preparation: 0.0005159378051757812.
Until Calculation: 0.0007407665252685547.
Until linalg solve: 0.041226863861083984.
Regression solved in 0.1519 seconds
Training and Evaluating takes 0.03052544593811035 seconds.
Until Preparation: 0.0005161762237548828.
Until Calculation: 0.0007135868072509766.
Until linalg solve: 0.04074883460998535.
Regression solved in 0.1513 seconds
Training and Evaluating takes 0.016727447509765625 seconds.
Until Preparation: 0.0005061626434326172.
Until Calculation: 0.0007045269012451172.
Until linalg solve: 0.041135549545288086.
Regression solved in 0.1519 seconds
Training and Evaluating takes 0.030522584915161133 seconds.
Until Preparation: 0.0005009174346923828.
Until Calculation: 0.0006968975067138672.
Until linalg solve: 0.04065203666687012.
Regression solved in 0.1522 seconds
Training and Evaluating takes 0.01580214500427246 seconds.
    Permutation 80/100 done
Until Preparation: 0.0005097389221191406.
Until Calculation: 0.000736236572265625.
Until linalg solve: 0.041132450103759766.
Regression solved in 0.1521 seconds
Training and Evaluating takes 0.01720261573791504 seconds.
Until Preparation: 0.0005640983581542969.
Until Calculation: 0.0008249282836914062.
Until linalg solve: 0.04087376594543457.
Regression solved in 0.1514 seconds
Training and Evaluating takes 0.015676021575927734 seconds.
Until Preparation: 0.0005154609680175781.
Until Calculation: 0.0007154941558837891.
Until linalg solve: 0.04117226600646973.
Regression solved in 0.1519 seconds
Training and Evaluating takes 0.006227731704711914 seconds.
Until Preparation: 0.0004994869232177734.
Until Calculation: 0.0007202625274658203.
Until linalg solve: 0.040723323822021484.
Regression solved in 0.1513 seconds
Training and Evaluating takes 0.01610255241394043 seconds.
Until Preparation: 0.0005156993865966797.
Until Calculation: 0.0007169246673583984.
Until linalg solve: 0.04122018814086914.
Regression solved in 0.1516 seconds
Training and Evaluating takes 0.032805442810058594 seconds.
Until Preparation: 0.0005128383636474609.
Until Calculation: 0.0007107257843017578.
Until linalg solve: 0.04066610336303711.
Regression solved in 0.1513 seconds
Training and Evaluating takes 0.01576972007751465 seconds.
Until Preparation: 0.0005125999450683594.
Until Calculation: 0.0007114410400390625.
Until linalg solve: 0.04112887382507324.
Regression solved in 0.1516 seconds
Training and Evaluating takes 0.01677560806274414 seconds.
Until Preparation: 0.000522613525390625.
Until Calculation: 0.0007216930389404297.
Until linalg solve: 0.04072260856628418.
Regression solved in 0.1518 seconds
Training and Evaluating takes 0.019325733184814453 seconds.
Until Preparation: 0.0005335807800292969.
Until Calculation: 0.0007622241973876953.
Until linalg solve: 0.04109811782836914.
Regression solved in 0.1546 seconds
Training and Evaluating takes 0.013720989227294922 seconds.
Until Preparation: 0.0005109310150146484.
Until Calculation: 0.0007054805755615234.
Until linalg solve: 0.04076123237609863.
Regression solved in 0.1521 seconds
Training and Evaluating takes 0.015024662017822266 seconds.
Until Preparation: 0.0005104541778564453.
Until Calculation: 0.0007493495941162109.
Until linalg solve: 0.041086435317993164.
Regression solved in 0.1525 seconds
Training and Evaluating takes 0.016880273818969727 seconds.
Until Preparation: 0.0005331039428710938.
Until Calculation: 0.0007610321044921875.
Until linalg solve: 0.04086446762084961.
Regression solved in 0.1540 seconds
Training and Evaluating takes 0.019716739654541016 seconds.
Until Preparation: 0.000530242919921875.
Until Calculation: 0.0007512569427490234.
Until linalg solve: 0.041095733642578125.
Regression solved in 0.1536 seconds
Training and Evaluating takes 0.017520427703857422 seconds.
Until Preparation: 0.0005273818969726562.
Until Calculation: 0.00072479248046875.
Until linalg solve: 0.04075813293457031.
Regression solved in 0.1527 seconds
Training and Evaluating takes 0.015398502349853516 seconds.
Until Preparation: 0.0005099773406982422.
Until Calculation: 0.0007059574127197266.
Until linalg solve: 0.04106855392456055.
Regression solved in 0.1523 seconds
Training and Evaluating takes 0.020156383514404297 seconds.
Until Preparation: 0.0005161762237548828.
Until Calculation: 0.0007145404815673828.
Until linalg solve: 0.040760040283203125.
Regression solved in 0.1521 seconds
Training and Evaluating takes 0.019005775451660156 seconds.
Until Preparation: 0.0005104541778564453.
Until Calculation: 0.0007386207580566406.
Until linalg solve: 0.041021108627319336.
Regression solved in 0.1527 seconds
Training and Evaluating takes 0.017677783966064453 seconds.
Until Preparation: 0.0005128383636474609.
Until Calculation: 0.0007371902465820312.
Until linalg solve: 0.04085826873779297.
Regression solved in 0.1524 seconds
Training and Evaluating takes 0.0167691707611084 seconds.
Until Preparation: 0.0005249977111816406.
Until Calculation: 0.0007665157318115234.
Until linalg solve: 0.04121041297912598.
Regression solved in 0.1527 seconds
Training and Evaluating takes 0.030692338943481445 seconds.
Until Preparation: 0.0005252361297607422.
Until Calculation: 0.0007522106170654297.
Until linalg solve: 0.04075336456298828.
Regression solved in 0.1882 seconds
Training and Evaluating takes 0.01491856575012207 seconds.
Until Preparation: 0.0005402565002441406.
Until Calculation: 0.0007371902465820312.
Until linalg solve: 0.04109001159667969.
Regression solved in 0.1530 seconds
Training and Evaluating takes 0.020470142364501953 seconds.
Until Preparation: 0.0005345344543457031.
Until Calculation: 0.0007333755493164062.
Until linalg solve: 0.040860891342163086.
Regression solved in 0.1526 seconds
Training and Evaluating takes 0.01837015151977539 seconds.
Until Preparation: 0.0005214214324951172.
Until Calculation: 0.0007164478302001953.
Until linalg solve: 0.04112577438354492.
Regression solved in 0.1543 seconds
Training and Evaluating takes 0.03523850440979004 seconds.
Until Preparation: 0.0005509853363037109.
Until Calculation: 0.0007538795471191406.
Until linalg solve: 0.040804147720336914.
Regression solved in 0.1595 seconds
Training and Evaluating takes 0.016559123992919922 seconds.
Until Preparation: 0.0005221366882324219.
Until Calculation: 0.0007500648498535156.
Until linalg solve: 0.04105424880981445.
Regression solved in 0.1597 seconds
Training and Evaluating takes 0.015739917755126953 seconds.
Until Preparation: 0.0005228519439697266.
Until Calculation: 0.0007693767547607422.
Until linalg solve: 0.040962934494018555.
Regression solved in 0.1604 seconds
Training and Evaluating takes 0.016750812530517578 seconds.
Until Preparation: 0.0005538463592529297.
Until Calculation: 0.0007569789886474609.
Until linalg solve: 0.04119110107421875.
Regression solved in 0.1603 seconds
Training and Evaluating takes 0.03227496147155762 seconds.
Until Preparation: 0.0005333423614501953.
Until Calculation: 0.0007455348968505859.
Until linalg solve: 0.040802717208862305.
Regression solved in 0.1595 seconds
Training and Evaluating takes 0.015668153762817383 seconds.
Until Preparation: 0.0005595684051513672.
Until Calculation: 0.0007605552673339844.
Until linalg solve: 0.04128766059875488.
Regression solved in 0.1594 seconds
Training and Evaluating takes 0.032058000564575195 seconds.
Until Preparation: 0.0005345344543457031.
Until Calculation: 0.0007455348968505859.
Until linalg solve: 0.04070591926574707.
Regression solved in 0.1572 seconds
Training and Evaluating takes 0.015891075134277344 seconds.
Until Preparation: 0.0005164146423339844.
Until Calculation: 0.0007145404815673828.
Until linalg solve: 0.04116630554199219.
Regression solved in 0.1605 seconds
Training and Evaluating takes 0.018044233322143555 seconds.
Until Preparation: 0.0005242824554443359.
Until Calculation: 0.0007257461547851562.
Until linalg solve: 0.04082226753234863.
Regression solved in 0.1601 seconds
Training and Evaluating takes 0.01704120635986328 seconds.
Until Preparation: 0.0005276203155517578.
Until Calculation: 0.0007390975952148438.
Until linalg solve: 0.04122495651245117.
Regression solved in 0.1596 seconds
Training and Evaluating takes 0.03491973876953125 seconds.
Until Preparation: 0.0005197525024414062.
Until Calculation: 0.0007379055023193359.
Until linalg solve: 0.04056668281555176.
Regression solved in 0.1595 seconds
Training and Evaluating takes 0.015025854110717773 seconds.
Until Preparation: 0.0005362033843994141.
Until Calculation: 0.0007369518280029297.
Until linalg solve: 0.041216373443603516.
Regression solved in 0.1608 seconds
Training and Evaluating takes 0.03161454200744629 seconds.
Until Preparation: 0.0005316734313964844.
Until Calculation: 0.0007436275482177734.
Until linalg solve: 0.040846824645996094.
Regression solved in 0.1602 seconds
Training and Evaluating takes 0.016036272048950195 seconds.
Until Preparation: 0.0005538463592529297.
Until Calculation: 0.0008044242858886719.
Until linalg solve: 0.04130387306213379.
Regression solved in 0.1615 seconds
Training and Evaluating takes 0.03596043586730957 seconds.
Until Preparation: 0.0004978179931640625.
Until Calculation: 0.0007240772247314453.
Until linalg solve: 0.040729522705078125.
Regression solved in 0.1540 seconds
Training and Evaluating takes 0.006689786911010742 seconds.
Until Preparation: 0.0005106925964355469.
Until Calculation: 0.0007076263427734375.
Until linalg solve: 0.0412144660949707.
Regression solved in 0.1534 seconds
Training and Evaluating takes 0.018353939056396484 seconds.
Until Preparation: 0.0004951953887939453.
Until Calculation: 0.0007033348083496094.
Until linalg solve: 0.04063224792480469.
Regression solved in 0.1525 seconds
Training and Evaluating takes 0.0049211978912353516 seconds.
    Permutation 100/100 done
  Permutation p-value: 0.0000  (null mean=0.0584 ± 0.0080)
  Saved: /juice6/u/jshe/nlp/LM_neural_synchrony/playground/control_plots/perm_alignment_binary_Misv0.3Misv0.3_L8_L6.png
  Partitioned by 'goal_structure': coordination=103, information_asymmetry=13, mixed_motive=114, persuasion=79, zero_sum=41  (skipped 100 unlabeled)

  Computing observed gap for 'goal_structure'...
Until Preparation: 0.0005538463592529297.
Until Calculation: 0.0007588863372802734.
Until linalg solve: 0.040590524673461914.
Regression solved in 0.1606 seconds
Training and Evaluating takes 0.016526460647583008 seconds.
Until Preparation: 0.0009908676147460938.
Until Calculation: 0.001201629638671875.
Until linalg solve: 0.03957056999206543.
Regression solved in 0.1596 seconds
Training and Evaluating takes 0.003873109817504883 seconds.
Until Preparation: 0.0005223751068115234.
Until Calculation: 0.0007510185241699219.
Until linalg solve: 0.0404055118560791.
Regression solved in 0.1603 seconds
Training and Evaluating takes 0.0045626163482666016 seconds.
Until Preparation: 0.0005245208740234375.
Until Calculation: 0.0008313655853271484.
Until linalg solve: 0.03998279571533203.
Regression solved in 0.1600 seconds
Training and Evaluating takes 0.014143228530883789 seconds.
Until Preparation: 0.0005097389221191406.
Until Calculation: 0.0007548332214355469.
Until linalg solve: 0.039530038833618164.
Regression solved in 0.1509 seconds
Training and Evaluating takes 0.011780261993408203 seconds.
  Observed gap: 0.1767
  Running 100 permutations...
Until Preparation: 0.0004971027374267578.
Until Calculation: 0.0007171630859375.
Until linalg solve: 0.04026031494140625.
Regression solved in 0.1516 seconds
Training and Evaluating takes 0.014816999435424805 seconds.
Until Preparation: 0.0005121231079101562.
Until Calculation: 0.0007255077362060547.
Until linalg solve: 0.03906726837158203.
Regression solved in 0.1510 seconds
Training and Evaluating takes 0.0023086071014404297 seconds.
Until Preparation: 0.0005252361297607422.
Until Calculation: 0.0007507801055908203.
Until linalg solve: 0.04047203063964844.
Regression solved in 0.1523 seconds
Training and Evaluating takes 0.014613628387451172 seconds.
Until Preparation: 0.0004966259002685547.
Until Calculation: 0.0007090568542480469.
Until linalg solve: 0.04007101058959961.
Regression solved in 0.1515 seconds
Training and Evaluating takes 0.013802766799926758 seconds.
Until Preparation: 0.0005228519439697266.
Until Calculation: 0.0007548332214355469.
Until linalg solve: 0.03927803039550781.
Regression solved in 0.1514 seconds
Training and Evaluating takes 0.01348114013671875 seconds.
Until Preparation: 0.0005197525024414062.
Until Calculation: 0.0007176399230957031.
Until linalg solve: 0.04047822952270508.
Regression solved in 0.1525 seconds
Training and Evaluating takes 0.015793323516845703 seconds.
Until Preparation: 0.000499725341796875.
Until Calculation: 0.0007030963897705078.
Until linalg solve: 0.03875398635864258.
Regression solved in 0.1511 seconds
Training and Evaluating takes 0.014814376831054688 seconds.
Until Preparation: 0.0005295276641845703.
Until Calculation: 0.0007557868957519531.
Until linalg solve: 0.0405116081237793.
Regression solved in 0.1562 seconds
Training and Evaluating takes 0.014731407165527344 seconds.
Until Preparation: 0.00051116943359375.
Until Calculation: 0.0007250308990478516.
Until linalg solve: 0.04012894630432129.
Regression solved in 0.1515 seconds
Training and Evaluating takes 0.014239072799682617 seconds.
Until Preparation: 0.0005712509155273438.
Until Calculation: 0.0007874965667724609.
Until linalg solve: 0.039298295974731445.
Regression solved in 0.1508 seconds
Training and Evaluating takes 0.013410806655883789 seconds.
Until Preparation: 0.0005145072937011719.
Until Calculation: 0.0007350444793701172.
Until linalg solve: 0.04041028022766113.
Regression solved in 0.1525 seconds
Training and Evaluating takes 0.01546931266784668 seconds.
Until Preparation: 0.0005125999450683594.
Until Calculation: 0.0007193088531494141.
Until linalg solve: 0.038771629333496094.
Regression solved in 0.1507 seconds
Training and Evaluating takes 0.013553857803344727 seconds.
Until Preparation: 0.0005128383636474609.
Until Calculation: 0.0007414817810058594.
Until linalg solve: 0.04053902626037598.
Regression solved in 0.1525 seconds
Training and Evaluating takes 0.016406774520874023 seconds.
Until Preparation: 0.0005915164947509766.
Until Calculation: 0.000835418701171875.
Until linalg solve: 0.040297746658325195.
Regression solved in 0.1528 seconds
Training and Evaluating takes 0.014854669570922852 seconds.
Until Preparation: 0.0005137920379638672.
Until Calculation: 0.0007240772247314453.
Until linalg solve: 0.03933906555175781.
Regression solved in 0.1517 seconds
Training and Evaluating takes 0.012722015380859375 seconds.
Until Preparation: 0.0005257129669189453.
Until Calculation: 0.0007214546203613281.
Until linalg solve: 0.040273189544677734.
Regression solved in 0.1519 seconds
Training and Evaluating takes 0.01605677604675293 seconds.
Until Preparation: 0.0005166530609130859.
Until Calculation: 0.0007290840148925781.
Until linalg solve: 0.03875422477722168.
Regression solved in 0.1501 seconds
Training and Evaluating takes 0.013037443161010742 seconds.
Until Preparation: 0.0004906654357910156.
Until Calculation: 0.0007293224334716797.
Until linalg solve: 0.04052162170410156.
Regression solved in 0.1523 seconds
Training and Evaluating takes 0.016022443771362305 seconds.
Until Preparation: 0.0005161762237548828.
Until Calculation: 0.0007419586181640625.
Until linalg solve: 0.04016590118408203.
Regression solved in 0.1530 seconds
Training and Evaluating takes 0.014978408813476562 seconds.
Until Preparation: 0.0005419254302978516.
Until Calculation: 0.0007946491241455078.
Until linalg solve: 0.03929734230041504.
Regression solved in 0.1512 seconds
Training and Evaluating takes 0.014011859893798828 seconds.
Until Preparation: 0.00052642822265625.
Until Calculation: 0.0007557868957519531.
Until linalg solve: 0.04038405418395996.
Regression solved in 0.1517 seconds
Training and Evaluating takes 0.006796836853027344 seconds.
Until Preparation: 0.0004801750183105469.
Until Calculation: 0.0006849765777587891.
Until linalg solve: 0.03877425193786621.
Regression solved in 0.1500 seconds
Training and Evaluating takes 0.0020253658294677734 seconds.
Until Preparation: 0.0004940032958984375.
Until Calculation: 0.0007348060607910156.
Until linalg solve: 0.04037809371948242.
Regression solved in 0.1522 seconds
Training and Evaluating takes 0.015059947967529297 seconds.
Until Preparation: 0.0005178451538085938.
Until Calculation: 0.0007486343383789062.
Until linalg solve: 0.04003095626831055.
Regression solved in 0.1521 seconds
Training and Evaluating takes 0.014552831649780273 seconds.
Until Preparation: 0.0004858970642089844.
Until Calculation: 0.000713348388671875.
Until linalg solve: 0.039479970932006836.
Regression solved in 0.1510 seconds
Training and Evaluating takes 0.013677835464477539 seconds.
Until Preparation: 0.0005075931549072266.
Until Calculation: 0.0007302761077880859.
Until linalg solve: 0.0401768684387207.
Regression solved in 0.1515 seconds
Training and Evaluating takes 0.004137754440307617 seconds.
Until Preparation: 0.0005199909210205078.
Until Calculation: 0.0007264614105224609.
Until linalg solve: 0.03909158706665039.
Regression solved in 0.1504 seconds
Training and Evaluating takes 0.010601043701171875 seconds.
Until Preparation: 0.0005011558532714844.
Until Calculation: 0.0007560253143310547.
Until linalg solve: 0.04051995277404785.
Regression solved in 0.1519 seconds
Training and Evaluating takes 0.012434959411621094 seconds.
Until Preparation: 0.00048732757568359375.
Until Calculation: 0.0006940364837646484.
Until linalg solve: 0.04009270668029785.
Regression solved in 0.1515 seconds
Training and Evaluating takes 0.004019737243652344 seconds.
Until Preparation: 0.0005028247833251953.
Until Calculation: 0.0007216930389404297.
Until linalg solve: 0.03932070732116699.
Regression solved in 0.1505 seconds
Training and Evaluating takes 0.013115882873535156 seconds.
Until Preparation: 0.0004956722259521484.
Until Calculation: 0.0007255077362060547.
Until linalg solve: 0.04027438163757324.
Regression solved in 0.1576 seconds
Training and Evaluating takes 0.004302024841308594 seconds.
Until Preparation: 0.0004925727844238281.
Until Calculation: 0.0007004737854003906.
Until linalg solve: 0.038974761962890625.
Regression solved in 0.1590 seconds
Training and Evaluating takes 0.007627248764038086 seconds.
Until Preparation: 0.0005047321319580078.
Until Calculation: 0.0007083415985107422.
Until linalg solve: 0.04051566123962402.
Regression solved in 0.1588 seconds
Training and Evaluating takes 0.015970945358276367 seconds.
Until Preparation: 0.0005054473876953125.
Until Calculation: 0.0007276535034179688.
Until linalg solve: 0.04008603096008301.
Regression solved in 0.1558 seconds
Training and Evaluating takes 0.0038301944732666016 seconds.
Until Preparation: 0.0005578994750976562.
Until Calculation: 0.0008232593536376953.
Until linalg solve: 0.03930044174194336.
Regression solved in 0.1504 seconds
Training and Evaluating takes 0.014366388320922852 seconds.
Until Preparation: 0.0005257129669189453.
Until Calculation: 0.0007486343383789062.
Until linalg solve: 0.040380239486694336.
Regression solved in 0.1517 seconds
Training and Evaluating takes 0.010163068771362305 seconds.
Until Preparation: 0.000484466552734375.
Until Calculation: 0.0006580352783203125.
Until linalg solve: 0.039019107818603516.
Regression solved in 0.1505 seconds
Training and Evaluating takes 0.0019800662994384766 seconds.
Until Preparation: 0.000518798828125.
Until Calculation: 0.0007305145263671875.
Until linalg solve: 0.04058551788330078.
Regression solved in 0.1524 seconds
Training and Evaluating takes 0.01591324806213379 seconds.
Until Preparation: 0.0005238056182861328.
Until Calculation: 0.0007672309875488281.
Until linalg solve: 0.03992605209350586.
Regression solved in 0.1514 seconds
Training and Evaluating takes 0.014255762100219727 seconds.
Until Preparation: 0.0005180835723876953.
Until Calculation: 0.0006973743438720703.
Until linalg solve: 0.03950142860412598.
Regression solved in 0.1511 seconds
Training and Evaluating takes 0.013329267501831055 seconds.
Until Preparation: 0.0005273818969726562.
Until Calculation: 0.0007560253143310547.
Until linalg solve: 0.040285348892211914.
Regression solved in 0.1517 seconds
Training and Evaluating takes 0.016187191009521484 seconds.
Until Preparation: 0.0005033016204833984.
Until Calculation: 0.00070953369140625.
Until linalg solve: 0.038886308670043945.
Regression solved in 0.1506 seconds
Training and Evaluating takes 0.0020034313201904297 seconds.
Until Preparation: 0.0004925727844238281.
Until Calculation: 0.0007176399230957031.
Until linalg solve: 0.04063153266906738.
Regression solved in 0.1525 seconds
Training and Evaluating takes 0.016102075576782227 seconds.
Until Preparation: 0.0004949569702148438.
Until Calculation: 0.000713348388671875.
Until linalg solve: 0.04002261161804199.
Regression solved in 0.1511 seconds
Training and Evaluating takes 0.0037953853607177734 seconds.
Until Preparation: 0.0004782676696777344.
Until Calculation: 0.0006527900695800781.
Until linalg solve: 0.039405107498168945.
Regression solved in 0.1502 seconds
Training and Evaluating takes 0.013594627380371094 seconds.
Until Preparation: 0.0005218982696533203.
Until Calculation: 0.0007474422454833984.
Until linalg solve: 0.0403745174407959.
Regression solved in 0.1514 seconds
Training and Evaluating takes 0.014536142349243164 seconds.
Until Preparation: 0.0004956722259521484.
Until Calculation: 0.0006716251373291016.
Until linalg solve: 0.038954973220825195.
Regression solved in 0.1501 seconds
Training and Evaluating takes 0.003854513168334961 seconds.
Until Preparation: 0.0005235671997070312.
Until Calculation: 0.0007538795471191406.
Until linalg solve: 0.040673255920410156.
Regression solved in 0.1518 seconds
Training and Evaluating takes 0.015245437622070312 seconds.
Until Preparation: 0.0005168914794921875.
Until Calculation: 0.0007326602935791016.
Until linalg solve: 0.03999662399291992.
Regression solved in 0.1516 seconds
Training and Evaluating takes 0.014094829559326172 seconds.
Until Preparation: 0.0005025863647460938.
Until Calculation: 0.0007131099700927734.
Until linalg solve: 0.039307594299316406.
Regression solved in 0.1503 seconds
Training and Evaluating takes 0.014139890670776367 seconds.
Until Preparation: 0.0005278587341308594.
Until Calculation: 0.0007250308990478516.
Until linalg solve: 0.04026055335998535.
Regression solved in 0.1514 seconds
Training and Evaluating takes 0.014735698699951172 seconds.
Until Preparation: 0.0004985332489013672.
Until Calculation: 0.0006811618804931641.
Until linalg solve: 0.03892111778259277.
Regression solved in 0.1514 seconds
Training and Evaluating takes 0.013879776000976562 seconds.
Until Preparation: 0.0005104541778564453.
Until Calculation: 0.0007364749908447266.
Until linalg solve: 0.040511131286621094.
Regression solved in 0.1523 seconds
Training and Evaluating takes 0.014723777770996094 seconds.
Until Preparation: 0.0005354881286621094.
Until Calculation: 0.0007507801055908203.
Until linalg solve: 0.0402674674987793.
Regression solved in 0.1516 seconds
Training and Evaluating takes 0.017127513885498047 seconds.
Until Preparation: 0.0005061626434326172.
Until Calculation: 0.0006856918334960938.
Until linalg solve: 0.03921175003051758.
Regression solved in 0.1507 seconds
Training and Evaluating takes 0.014694452285766602 seconds.
Until Preparation: 0.0005147457122802734.
Until Calculation: 0.0007429122924804688.
Until linalg solve: 0.040505170822143555.
Regression solved in 0.1523 seconds
Training and Evaluating takes 0.014672279357910156 seconds.
Until Preparation: 0.0005168914794921875.
Until Calculation: 0.0007367134094238281.
Until linalg solve: 0.03908085823059082.
Regression solved in 0.1506 seconds
Training and Evaluating takes 0.012653350830078125 seconds.
Until Preparation: 0.0005235671997070312.
Until Calculation: 0.0007550716400146484.
Until linalg solve: 0.04036712646484375.
Regression solved in 0.1521 seconds
Training and Evaluating takes 0.015059471130371094 seconds.
Until Preparation: 0.000514984130859375.
Until Calculation: 0.0007386207580566406.
Until linalg solve: 0.04006195068359375.
Regression solved in 0.1515 seconds
Training and Evaluating takes 0.015187978744506836 seconds.
Until Preparation: 0.0004918575286865234.
Until Calculation: 0.0006697177886962891.
Until linalg solve: 0.03926205635070801.
Regression solved in 0.1508 seconds
Training and Evaluating takes 0.013085365295410156 seconds.
Until Preparation: 0.0005273818969726562.
Until Calculation: 0.0007531642913818359.
Until linalg solve: 0.040190935134887695.
Regression solved in 0.1516 seconds
Training and Evaluating takes 0.014272689819335938 seconds.
Until Preparation: 0.0005183219909667969.
Until Calculation: 0.000728607177734375.
Until linalg solve: 0.03893566131591797.
Regression solved in 0.1500 seconds
Training and Evaluating takes 0.013239145278930664 seconds.
Until Preparation: 0.0005233287811279297.
Until Calculation: 0.0007271766662597656.
Until linalg solve: 0.04058718681335449.
Regression solved in 0.1516 seconds
Training and Evaluating takes 0.01539921760559082 seconds.
Until Preparation: 0.0005125999450683594.
Until Calculation: 0.0007393360137939453.
Until linalg solve: 0.04008340835571289.
Regression solved in 0.1514 seconds
Training and Evaluating takes 0.015350341796875 seconds.
Until Preparation: 0.0005085468292236328.
Until Calculation: 0.0007195472717285156.
Until linalg solve: 0.03922295570373535.
Regression solved in 0.1502 seconds
Training and Evaluating takes 0.01324915885925293 seconds.
Until Preparation: 0.0005171298980712891.
Until Calculation: 0.0007443428039550781.
Until linalg solve: 0.040436744689941406.
Regression solved in 0.1515 seconds
Training and Evaluating takes 0.015480518341064453 seconds.
Until Preparation: 0.000507354736328125.
Until Calculation: 0.0007190704345703125.
Until linalg solve: 0.038660526275634766.
Regression solved in 0.1497 seconds
Training and Evaluating takes 0.013425588607788086 seconds.
Until Preparation: 0.0005154609680175781.
Until Calculation: 0.0007090568542480469.
Until linalg solve: 0.04040336608886719.
Regression solved in 0.1522 seconds
Training and Evaluating takes 0.01481938362121582 seconds.
Until Preparation: 0.0005342960357666016.
Until Calculation: 0.0007479190826416016.
Until linalg solve: 0.03997302055358887.
Regression solved in 0.1515 seconds
Training and Evaluating takes 0.014146566390991211 seconds.
Until Preparation: 0.0005168914794921875.
Until Calculation: 0.0006940364837646484.
Until linalg solve: 0.039243459701538086.
Regression solved in 0.1502 seconds
Training and Evaluating takes 0.014222860336303711 seconds.
Until Preparation: 0.0005183219909667969.
Until Calculation: 0.0007138252258300781.
Until linalg solve: 0.04045581817626953.
Regression solved in 0.1513 seconds
Training and Evaluating takes 0.015743017196655273 seconds.
Until Preparation: 0.0005223751068115234.
Until Calculation: 0.0007312297821044922.
Until linalg solve: 0.038832664489746094.
Regression solved in 0.1497 seconds
Training and Evaluating takes 0.012465715408325195 seconds.
Until Preparation: 0.0004978179931640625.
Until Calculation: 0.0007145404815673828.
Until linalg solve: 0.04052090644836426.
Regression solved in 0.1524 seconds
Training and Evaluating takes 0.004735708236694336 seconds.
Until Preparation: 0.0004942417144775391.
Until Calculation: 0.0007078647613525391.
Until linalg solve: 0.0400080680847168.
Regression solved in 0.1516 seconds
Training and Evaluating takes 0.01371908187866211 seconds.
Until Preparation: 0.0005273818969726562.
Until Calculation: 0.0007050037384033203.
Until linalg solve: 0.039260149002075195.
Regression solved in 0.1500 seconds
Training and Evaluating takes 0.014477252960205078 seconds.
Until Preparation: 0.0005228519439697266.
Until Calculation: 0.0007216930389404297.
Until linalg solve: 0.04040026664733887.
Regression solved in 0.1520 seconds
Training and Evaluating takes 0.015902996063232422 seconds.
Until Preparation: 0.0005393028259277344.
Until Calculation: 0.0007479190826416016.
Until linalg solve: 0.039000511169433594.
Regression solved in 0.1500 seconds
Training and Evaluating takes 0.012151241302490234 seconds.
Until Preparation: 0.0005261898040771484.
Until Calculation: 0.0007522106170654297.
Until linalg solve: 0.04066276550292969.
Regression solved in 0.1511 seconds
Training and Evaluating takes 0.015005350112915039 seconds.
Until Preparation: 0.0005142688751220703.
Until Calculation: 0.0006933212280273438.
Until linalg solve: 0.03995251655578613.
Regression solved in 0.1500 seconds
Training and Evaluating takes 0.01450204849243164 seconds.
Until Preparation: 0.0005257129669189453.
Until Calculation: 0.0007410049438476562.
Until linalg solve: 0.039473772048950195.
Regression solved in 0.1493 seconds
Training and Evaluating takes 0.01311945915222168 seconds.
Until Preparation: 0.0005199909210205078.
Until Calculation: 0.0007445812225341797.
Until linalg solve: 0.040193796157836914.
Regression solved in 0.1506 seconds
Training and Evaluating takes 0.01416921615600586 seconds.
Until Preparation: 0.0005121231079101562.
Until Calculation: 0.0006947517395019531.
Until linalg solve: 0.038767337799072266.
Regression solved in 0.1493 seconds
Training and Evaluating takes 0.012843608856201172 seconds.
Until Preparation: 0.0005247592926025391.
Until Calculation: 0.0007216930389404297.
Until linalg solve: 0.04055309295654297.
Regression solved in 0.1506 seconds
Training and Evaluating takes 0.016411304473876953 seconds.
Until Preparation: 0.0005054473876953125.
Until Calculation: 0.0007033348083496094.
Until linalg solve: 0.0401613712310791.
Regression solved in 0.1503 seconds
Training and Evaluating takes 0.014475584030151367 seconds.
Until Preparation: 0.0005173683166503906.
Until Calculation: 0.0007383823394775391.
Until linalg solve: 0.039273738861083984.
Regression solved in 0.1492 seconds
Training and Evaluating takes 0.014263629913330078 seconds.
Until Preparation: 0.000522613525390625.
Until Calculation: 0.0007507801055908203.
Until linalg solve: 0.04034304618835449.
Regression solved in 0.1505 seconds
Training and Evaluating takes 0.014418601989746094 seconds.
Until Preparation: 0.0004904270172119141.
Until Calculation: 0.0007238388061523438.
Until linalg solve: 0.038971900939941406.
Regression solved in 0.1490 seconds
Training and Evaluating takes 0.013250350952148438 seconds.
Until Preparation: 0.000530242919921875.
Until Calculation: 0.0007302761077880859.
Until linalg solve: 0.04063606262207031.
Regression solved in 0.1505 seconds
Training and Evaluating takes 0.01566338539123535 seconds.
Until Preparation: 0.0005123615264892578.
Until Calculation: 0.0007288455963134766.
Until linalg solve: 0.04007911682128906.
Regression solved in 0.1505 seconds
Training and Evaluating takes 0.016239166259765625 seconds.
Until Preparation: 0.0005197525024414062.
Until Calculation: 0.0007381439208984375.
Until linalg solve: 0.039435625076293945.
Regression solved in 0.1491 seconds
Training and Evaluating takes 0.0028717517852783203 seconds.
Until Preparation: 0.0005195140838623047.
Until Calculation: 0.000732421875.
Until linalg solve: 0.040271759033203125.
Regression solved in 0.1503 seconds
Training and Evaluating takes 0.015657424926757812 seconds.
Until Preparation: 0.0004994869232177734.
Until Calculation: 0.0006785392761230469.
Until linalg solve: 0.03893327713012695.
Regression solved in 0.1486 seconds
Training and Evaluating takes 0.012639522552490234 seconds.
Until Preparation: 0.0005161762237548828.
Until Calculation: 0.0007505416870117188.
Until linalg solve: 0.04050040245056152.
Regression solved in 0.1502 seconds
Training and Evaluating takes 0.01469564437866211 seconds.
Until Preparation: 0.0005171298980712891.
Until Calculation: 0.0007488727569580078.
Until linalg solve: 0.040145158767700195.
Regression solved in 0.1503 seconds
Training and Evaluating takes 0.014433860778808594 seconds.
Until Preparation: 0.0005090236663818359.
Until Calculation: 0.0007236003875732422.
Until linalg solve: 0.03927946090698242.
Regression solved in 0.1493 seconds
Training and Evaluating takes 0.014168024063110352 seconds.
Until Preparation: 0.0005185604095458984.
Until Calculation: 0.0007431507110595703.
Until linalg solve: 0.04036998748779297.
Regression solved in 0.1503 seconds
Training and Evaluating takes 0.015653610229492188 seconds.
Until Preparation: 0.0004885196685791016.
Until Calculation: 0.0006883144378662109.
Until linalg solve: 0.03888416290283203.
Regression solved in 0.1559 seconds
Training and Evaluating takes 0.013431072235107422 seconds.
Until Preparation: 0.0005171298980712891.
Until Calculation: 0.0007474422454833984.
Until linalg solve: 0.04064512252807617.
Regression solved in 0.1579 seconds
Training and Evaluating takes 0.015471220016479492 seconds.
Until Preparation: 0.0005323886871337891.
Until Calculation: 0.0007777214050292969.
Until linalg solve: 0.040059566497802734.
Regression solved in 0.1573 seconds
Training and Evaluating takes 0.014516353607177734 seconds.
Until Preparation: 0.0005338191986083984.
Until Calculation: 0.0007650852203369141.
Until linalg solve: 0.03929567337036133.
Regression solved in 0.1582 seconds
Training and Evaluating takes 0.013244867324829102 seconds.
    Permutation 20/100 done
Until Preparation: 0.0005826950073242188.
Until Calculation: 0.0008466243743896484.
Until linalg solve: 0.04035806655883789.
Regression solved in 0.1598 seconds
Training and Evaluating takes 0.016100406646728516 seconds.
Until Preparation: 0.0004897117614746094.
Until Calculation: 0.0006937980651855469.
Until linalg solve: 0.03887295722961426.
Regression solved in 0.1488 seconds
Training and Evaluating takes 0.012113571166992188 seconds.
Until Preparation: 0.0005269050598144531.
Until Calculation: 0.0007765293121337891.
Until linalg solve: 0.040625572204589844.
Regression solved in 0.1587 seconds
Training and Evaluating takes 0.016904115676879883 seconds.
Until Preparation: 0.0005068778991699219.
Until Calculation: 0.0007300376892089844.
Until linalg solve: 0.040177106857299805.
Regression solved in 0.1525 seconds
Training and Evaluating takes 0.016120195388793945 seconds.
Until Preparation: 0.0004975795745849609.
Until Calculation: 0.0006909370422363281.
Until linalg solve: 0.039243459701538086.
Regression solved in 0.1614 seconds
Training and Evaluating takes 0.006309986114501953 seconds.
Until Preparation: 0.0004951953887939453.
Until Calculation: 0.0007178783416748047.
Until linalg solve: 0.04045510292053223.
Regression solved in 0.1521 seconds
Training and Evaluating takes 0.005156517028808594 seconds.
Until Preparation: 0.00048613548278808594.
Until Calculation: 0.0006759166717529297.
Until linalg solve: 0.03886675834655762.
Regression solved in 0.1569 seconds
Training and Evaluating takes 0.012435436248779297 seconds.
Until Preparation: 0.0005271434783935547.
Until Calculation: 0.0007967948913574219.
Until linalg solve: 0.040618181228637695.
Regression solved in 0.1618 seconds
Training and Evaluating takes 0.015333890914916992 seconds.
Until Preparation: 0.0005137920379638672.
Until Calculation: 0.0007631778717041016.
Until linalg solve: 0.040070533752441406.
Regression solved in 0.1589 seconds
Training and Evaluating takes 0.014260053634643555 seconds.
Until Preparation: 0.0005137920379638672.
Until Calculation: 0.0007441043853759766.
Until linalg solve: 0.03914451599121094.
Regression solved in 0.1588 seconds
Training and Evaluating takes 0.013625621795654297 seconds.
Until Preparation: 0.0005626678466796875.
Until Calculation: 0.0008070468902587891.
Until linalg solve: 0.04039645195007324.
Regression solved in 0.1601 seconds
Training and Evaluating takes 0.015901803970336914 seconds.
Until Preparation: 0.0004992485046386719.
Until Calculation: 0.0006871223449707031.
Until linalg solve: 0.03896212577819824.
Regression solved in 0.1577 seconds
Training and Evaluating takes 0.002899646759033203 seconds.
Until Preparation: 0.0005064010620117188.
Until Calculation: 0.0007202625274658203.
Until linalg solve: 0.04052090644836426.
Regression solved in 0.1577 seconds
Training and Evaluating takes 0.016808032989501953 seconds.
Until Preparation: 0.0005209445953369141.
Until Calculation: 0.0007529258728027344.
Until linalg solve: 0.040094852447509766.
Regression solved in 0.1564 seconds
Training and Evaluating takes 0.01538848876953125 seconds.
Until Preparation: 0.0005238056182861328.
Until Calculation: 0.0007545948028564453.
Until linalg solve: 0.03938555717468262.
Regression solved in 0.1560 seconds
Training and Evaluating takes 0.01375126838684082 seconds.
Until Preparation: 0.0005118846893310547.
Until Calculation: 0.0007374286651611328.
Until linalg solve: 0.04035544395446777.
Regression solved in 0.1514 seconds
Training and Evaluating takes 0.014322280883789062 seconds.
Until Preparation: 0.0004906654357910156.
Until Calculation: 0.0007138252258300781.
Until linalg solve: 0.03900027275085449.
Regression solved in 0.1500 seconds
Training and Evaluating takes 0.012612104415893555 seconds.
Until Preparation: 0.0005018711090087891.
Until Calculation: 0.0006973743438720703.
Until linalg solve: 0.04064321517944336.
Regression solved in 0.1517 seconds
Training and Evaluating takes 0.015761375427246094 seconds.
Until Preparation: 0.0005016326904296875.
Until Calculation: 0.0007889270782470703.
Until linalg solve: 0.04012656211853027.
Regression solved in 0.1514 seconds
Training and Evaluating takes 0.00434112548828125 seconds.
Until Preparation: 0.0012402534484863281.
Until Calculation: 0.001417398452758789.
Until linalg solve: 0.03992629051208496.
Regression solved in 0.1511 seconds
Training and Evaluating takes 0.01284646987915039 seconds.
Until Preparation: 0.0004982948303222656.
Until Calculation: 0.0007250308990478516.
Until linalg solve: 0.04039287567138672.
Regression solved in 0.1522 seconds
Training and Evaluating takes 0.014394521713256836 seconds.
Until Preparation: 0.0004971027374267578.
Until Calculation: 0.0007028579711914062.
Until linalg solve: 0.039083003997802734.
Regression solved in 0.1506 seconds
Training and Evaluating takes 0.015233516693115234 seconds.
Until Preparation: 0.0004923343658447266.
Until Calculation: 0.0007164478302001953.
Until linalg solve: 0.04051566123962402.
Regression solved in 0.1520 seconds
Training and Evaluating takes 0.006478071212768555 seconds.
Until Preparation: 0.0004849433898925781.
Until Calculation: 0.0006792545318603516.
Until linalg solve: 0.03995537757873535.
Regression solved in 0.1511 seconds
Training and Evaluating takes 0.011760234832763672 seconds.
Until Preparation: 0.00048422813415527344.
Until Calculation: 0.0006837844848632812.
Until linalg solve: 0.03920698165893555.
Regression solved in 0.1507 seconds
Training and Evaluating takes 0.008947134017944336 seconds.
Until Preparation: 0.0005106925964355469.
Until Calculation: 0.0007026195526123047.
Until linalg solve: 0.04045724868774414.
Regression solved in 0.1517 seconds
Training and Evaluating takes 0.005191802978515625 seconds.
Until Preparation: 0.00048160552978515625.
Until Calculation: 0.0006692409515380859.
Until linalg solve: 0.03895306587219238.
Regression solved in 0.1500 seconds
Training and Evaluating takes 0.005364656448364258 seconds.
Until Preparation: 0.0005125999450683594.
Until Calculation: 0.0007555484771728516.
Until linalg solve: 0.04045748710632324.
Regression solved in 0.1516 seconds
Training and Evaluating takes 0.009622812271118164 seconds.
Until Preparation: 0.0004916191101074219.
Until Calculation: 0.0006821155548095703.
Until linalg solve: 0.03982949256896973.
Regression solved in 0.1511 seconds
Training and Evaluating takes 0.01201629638671875 seconds.
Until Preparation: 0.0005013942718505859.
Until Calculation: 0.0007066726684570312.
Until linalg solve: 0.03954315185546875.
Regression solved in 0.1514 seconds
Training and Evaluating takes 0.01189875602722168 seconds.
Until Preparation: 0.0005042552947998047.
Until Calculation: 0.0007431507110595703.
Until linalg solve: 0.04012250900268555.
Regression solved in 0.1514 seconds
Training and Evaluating takes 0.015314102172851562 seconds.
Until Preparation: 0.0005030632019042969.
Until Calculation: 0.0007147789001464844.
Until linalg solve: 0.03884577751159668.
Regression solved in 0.1508 seconds
Training and Evaluating takes 0.013481855392456055 seconds.
Until Preparation: 0.0005271434783935547.
Until Calculation: 0.0007300376892089844.
Until linalg solve: 0.04068422317504883.
Regression solved in 0.1518 seconds
Training and Evaluating takes 0.015244722366333008 seconds.
Until Preparation: 0.0005342960357666016.
Until Calculation: 0.0007617473602294922.
Until linalg solve: 0.04017472267150879.
Regression solved in 0.1515 seconds
Training and Evaluating takes 0.014549493789672852 seconds.
Until Preparation: 0.0005135536193847656.
Until Calculation: 0.0006921291351318359.
Until linalg solve: 0.03929257392883301.
Regression solved in 0.1507 seconds
Training and Evaluating takes 0.013690710067749023 seconds.
Until Preparation: 0.0005052089691162109.
Until Calculation: 0.0006976127624511719.
Until linalg solve: 0.0403439998626709.
Regression solved in 0.1519 seconds
Training and Evaluating takes 0.006886959075927734 seconds.
Until Preparation: 0.0004987716674804688.
Until Calculation: 0.0007252693176269531.
Until linalg solve: 0.03880739212036133.
Regression solved in 0.1500 seconds
Training and Evaluating takes 0.009312629699707031 seconds.
Until Preparation: 0.0005118846893310547.
Until Calculation: 0.000736236572265625.
Until linalg solve: 0.04033660888671875.
Regression solved in 0.1518 seconds
Training and Evaluating takes 0.012029409408569336 seconds.
Until Preparation: 0.00048828125.
Until Calculation: 0.0006802082061767578.
Until linalg solve: 0.04004359245300293.
Regression solved in 0.1518 seconds
Training and Evaluating takes 0.003911495208740234 seconds.
Until Preparation: 0.00048804283142089844.
Until Calculation: 0.0007109642028808594.
Until linalg solve: 0.039601802825927734.
Regression solved in 0.1511 seconds
Training and Evaluating takes 0.013624429702758789 seconds.
Until Preparation: 0.0004992485046386719.
Until Calculation: 0.0006926059722900391.
Until linalg solve: 0.04029488563537598.
Regression solved in 0.1522 seconds
Training and Evaluating takes 0.015043258666992188 seconds.
Until Preparation: 0.0004999637603759766.
Until Calculation: 0.0006847381591796875.
Until linalg solve: 0.03866219520568848.
Regression solved in 0.1497 seconds
Training and Evaluating takes 0.0034465789794921875 seconds.
Until Preparation: 0.0004909038543701172.
Until Calculation: 0.0006866455078125.
Until linalg solve: 0.04040718078613281.
Regression solved in 0.1513 seconds
Training and Evaluating takes 0.0048100948333740234 seconds.
Until Preparation: 0.0005247592926025391.
Until Calculation: 0.0007424354553222656.
Until linalg solve: 0.039975881576538086.
Regression solved in 0.1512 seconds
Training and Evaluating takes 0.015462160110473633 seconds.
Until Preparation: 0.0005156993865966797.
Until Calculation: 0.0007264614105224609.
Until linalg solve: 0.03939628601074219.
Regression solved in 0.1508 seconds
Training and Evaluating takes 0.014618873596191406 seconds.
Until Preparation: 0.0005202293395996094.
Until Calculation: 0.0007464885711669922.
Until linalg solve: 0.04032325744628906.
Regression solved in 0.1516 seconds
Training and Evaluating takes 0.015317678451538086 seconds.
Until Preparation: 0.0005071163177490234.
Until Calculation: 0.0006849765777587891.
Until linalg solve: 0.038797855377197266.
Regression solved in 0.1503 seconds
Training and Evaluating takes 0.012854576110839844 seconds.
Until Preparation: 0.0005228519439697266.
Until Calculation: 0.0007483959197998047.
Until linalg solve: 0.04053163528442383.
Regression solved in 0.1524 seconds
Training and Evaluating takes 0.012541532516479492 seconds.
Until Preparation: 0.0005123615264892578.
Until Calculation: 0.0007278919219970703.
Until linalg solve: 0.040125131607055664.
Regression solved in 0.1516 seconds
Training and Evaluating takes 0.014171361923217773 seconds.
Until Preparation: 0.0005114078521728516.
Until Calculation: 0.0006916522979736328.
Until linalg solve: 0.039331674575805664.
Regression solved in 0.1507 seconds
Training and Evaluating takes 0.013701438903808594 seconds.
Until Preparation: 0.0005159378051757812.
Until Calculation: 0.0007467269897460938.
Until linalg solve: 0.040328264236450195.
Regression solved in 0.1517 seconds
Training and Evaluating takes 0.014111995697021484 seconds.
Until Preparation: 0.000507354736328125.
Until Calculation: 0.0006880760192871094.
Until linalg solve: 0.03897380828857422.
Regression solved in 0.1502 seconds
Training and Evaluating takes 0.01296854019165039 seconds.
Until Preparation: 0.0005273818969726562.
Until Calculation: 0.0007238388061523438.
Until linalg solve: 0.04054450988769531.
Regression solved in 0.1514 seconds
Training and Evaluating takes 0.016571998596191406 seconds.
Until Preparation: 0.0005214214324951172.
Until Calculation: 0.0007445812225341797.
Until linalg solve: 0.040117502212524414.
Regression solved in 0.1510 seconds
Training and Evaluating takes 0.014683008193969727 seconds.
Until Preparation: 0.0005114078521728516.
Until Calculation: 0.0006897449493408203.
Until linalg solve: 0.03922319412231445.
Regression solved in 0.1503 seconds
Training and Evaluating takes 0.014161825180053711 seconds.
Until Preparation: 0.0005011558532714844.
Until Calculation: 0.0008366107940673828.
Until linalg solve: 0.04018354415893555.
Regression solved in 0.1513 seconds
Training and Evaluating takes 0.016762733459472656 seconds.
Until Preparation: 0.0005023479461669922.
Until Calculation: 0.000682830810546875.
Until linalg solve: 0.0388646125793457.
Regression solved in 0.1508 seconds
Training and Evaluating takes 0.011976480484008789 seconds.
Until Preparation: 0.0004940032958984375.
Until Calculation: 0.000732421875.
Until linalg solve: 0.04059314727783203.
Regression solved in 0.1518 seconds
Training and Evaluating takes 0.015541315078735352 seconds.
Until Preparation: 0.0005137920379638672.
Until Calculation: 0.0007538795471191406.
Until linalg solve: 0.040266990661621094.
Regression solved in 0.1513 seconds
Training and Evaluating takes 0.015464544296264648 seconds.
Until Preparation: 0.0005106925964355469.
Until Calculation: 0.0007233619689941406.
Until linalg solve: 0.03948616981506348.
Regression solved in 0.1505 seconds
Training and Evaluating takes 0.012908458709716797 seconds.
Until Preparation: 0.00052642822265625.
Until Calculation: 0.0007548332214355469.
Until linalg solve: 0.04019498825073242.
Regression solved in 0.1512 seconds
Training and Evaluating takes 0.015628814697265625 seconds.
Until Preparation: 0.0005004405975341797.
Until Calculation: 0.0006792545318603516.
Until linalg solve: 0.038721323013305664.
Regression solved in 0.1497 seconds
Training and Evaluating takes 0.012460947036743164 seconds.
Until Preparation: 0.0005114078521728516.
Until Calculation: 0.0007066726684570312.
Until linalg solve: 0.04036760330200195.
Regression solved in 0.1515 seconds
Training and Evaluating takes 0.01658034324645996 seconds.
Until Preparation: 0.0005130767822265625.
Until Calculation: 0.0006926059722900391.
Until linalg solve: 0.040074825286865234.
Regression solved in 0.1512 seconds
Training and Evaluating takes 0.0146026611328125 seconds.
Until Preparation: 0.0005218982696533203.
Until Calculation: 0.0007357597351074219.
Until linalg solve: 0.03953719139099121.
Regression solved in 0.1509 seconds
Training and Evaluating takes 0.01358175277709961 seconds.
Until Preparation: 0.0005190372467041016.
Until Calculation: 0.0007443428039550781.
Until linalg solve: 0.04029965400695801.
Regression solved in 0.1514 seconds
Training and Evaluating takes 0.015496969223022461 seconds.
Until Preparation: 0.0005064010620117188.
Until Calculation: 0.0006911754608154297.
Until linalg solve: 0.03898763656616211.
Regression solved in 0.1500 seconds
Training and Evaluating takes 0.012241363525390625 seconds.
Until Preparation: 0.0005221366882324219.
Until Calculation: 0.0007205009460449219.
Until linalg solve: 0.040616512298583984.
Regression solved in 0.1526 seconds
Training and Evaluating takes 0.004881381988525391 seconds.
Until Preparation: 0.0005064010620117188.
Until Calculation: 0.0007307529449462891.
Until linalg solve: 0.03995943069458008.
Regression solved in 0.1510 seconds
Training and Evaluating takes 0.014990091323852539 seconds.
Until Preparation: 0.0005028247833251953.
Until Calculation: 0.0006887912750244141.
Until linalg solve: 0.03920292854309082.
Regression solved in 0.1508 seconds
Training and Evaluating takes 0.01453852653503418 seconds.
Until Preparation: 0.000514984130859375.
Until Calculation: 0.0007448196411132812.
Until linalg solve: 0.04043388366699219.
Regression solved in 0.1513 seconds
Training and Evaluating takes 0.007807731628417969 seconds.
Until Preparation: 0.0004904270172119141.
Until Calculation: 0.0006921291351318359.
Until linalg solve: 0.03889799118041992.
Regression solved in 0.1494 seconds
Training and Evaluating takes 0.00176239013671875 seconds.
Until Preparation: 0.0005116462707519531.
Until Calculation: 0.0007505416870117188.
Until linalg solve: 0.04052424430847168.
Regression solved in 0.1514 seconds
Training and Evaluating takes 0.006582736968994141 seconds.
Until Preparation: 0.0004885196685791016.
Until Calculation: 0.0006694793701171875.
Until linalg solve: 0.040056467056274414.
Regression solved in 0.1509 seconds
Training and Evaluating takes 0.014403581619262695 seconds.
Until Preparation: 0.0005140304565429688.
Until Calculation: 0.0006971359252929688.
Until linalg solve: 0.03922295570373535.
Regression solved in 0.1501 seconds
Training and Evaluating takes 0.014270544052124023 seconds.
Until Preparation: 0.0005171298980712891.
Until Calculation: 0.0007183551788330078.
Until linalg solve: 0.04036140441894531.
Regression solved in 0.1517 seconds
Training and Evaluating takes 0.01475071907043457 seconds.
Until Preparation: 0.0004911422729492188.
Until Calculation: 0.0006952285766601562.
Until linalg solve: 0.03870892524719238.
Regression solved in 0.1497 seconds
Training and Evaluating takes 0.005003213882446289 seconds.
Until Preparation: 0.0004932880401611328.
Until Calculation: 0.0007040500640869141.
Until linalg solve: 0.040669918060302734.
Regression solved in 0.1517 seconds
Training and Evaluating takes 0.015857219696044922 seconds.
Until Preparation: 0.0005121231079101562.
Until Calculation: 0.0007283687591552734.
Until linalg solve: 0.0400242805480957.
Regression solved in 0.1513 seconds
Training and Evaluating takes 0.015455961227416992 seconds.
Until Preparation: 0.0005130767822265625.
Until Calculation: 0.0006947517395019531.
Until linalg solve: 0.039360761642456055.
Regression solved in 0.1505 seconds
Training and Evaluating takes 0.012890815734863281 seconds.
Until Preparation: 0.0004971027374267578.
Until Calculation: 0.0007038116455078125.
Until linalg solve: 0.04036378860473633.
Regression solved in 0.1515 seconds
Training and Evaluating takes 0.015858888626098633 seconds.
Until Preparation: 0.000492095947265625.
Until Calculation: 0.0006680488586425781.
Until linalg solve: 0.038700103759765625.
Regression solved in 0.1499 seconds
Training and Evaluating takes 0.004842042922973633 seconds.
Until Preparation: 0.0005135536193847656.
Until Calculation: 0.0007112026214599609.
Until linalg solve: 0.04056882858276367.
Regression solved in 0.1515 seconds
Training and Evaluating takes 0.01653146743774414 seconds.
Until Preparation: 0.0005121231079101562.
Until Calculation: 0.0006906986236572266.
Until linalg solve: 0.04017519950866699.
Regression solved in 0.1504 seconds
Training and Evaluating takes 0.015304088592529297 seconds.
Until Preparation: 0.0005130767822265625.
Until Calculation: 0.0006935596466064453.
Until linalg solve: 0.039215087890625.
Regression solved in 0.1499 seconds
Training and Evaluating takes 0.013483285903930664 seconds.
Until Preparation: 0.0005190372467041016.
Until Calculation: 0.0007197856903076172.
Until linalg solve: 0.0402374267578125.
Regression solved in 0.1502 seconds
Training and Evaluating takes 0.014702081680297852 seconds.
Until Preparation: 0.0005664825439453125.
Until Calculation: 0.000782012939453125.
Until linalg solve: 0.03899335861206055.
Regression solved in 0.1487 seconds
Training and Evaluating takes 0.01346588134765625 seconds.
Until Preparation: 0.0005016326904296875.
Until Calculation: 0.0007560253143310547.
Until linalg solve: 0.04059886932373047.
Regression solved in 0.1504 seconds
Training and Evaluating takes 0.0156400203704834 seconds.
Until Preparation: 0.0005259513854980469.
Until Calculation: 0.0007064342498779297.
Until linalg solve: 0.040116310119628906.
Regression solved in 0.1496 seconds
Training and Evaluating takes 0.015167474746704102 seconds.
Until Preparation: 0.0005049705505371094.
Until Calculation: 0.0007131099700927734.
Until linalg solve: 0.03921937942504883.
Regression solved in 0.1485 seconds
Training and Evaluating takes 0.0027322769165039062 seconds.
Until Preparation: 0.0005166530609130859.
Until Calculation: 0.0007140636444091797.
Until linalg solve: 0.040389299392700195.
Regression solved in 0.1501 seconds
Training and Evaluating takes 0.014784574508666992 seconds.
Until Preparation: 0.0004904270172119141.
Until Calculation: 0.0006792545318603516.
Until linalg solve: 0.03873419761657715.
Regression solved in 0.1485 seconds
Training and Evaluating takes 0.013695001602172852 seconds.
Until Preparation: 0.0005171298980712891.
Until Calculation: 0.0007903575897216797.
Until linalg solve: 0.04059195518493652.
Regression solved in 0.1516 seconds
Training and Evaluating takes 0.004730224609375 seconds.
Until Preparation: 0.000507354736328125.
Until Calculation: 0.0006899833679199219.
Until linalg solve: 0.04009199142456055.
Regression solved in 0.1500 seconds
Training and Evaluating takes 0.015708446502685547 seconds.
Until Preparation: 0.0005080699920654297.
Until Calculation: 0.0006830692291259766.
Until linalg solve: 0.03935074806213379.
Regression solved in 0.1491 seconds
Training and Evaluating takes 0.01413726806640625 seconds.
Until Preparation: 0.0005280971527099609.
Until Calculation: 0.0007584095001220703.
Until linalg solve: 0.040457725524902344.
Regression solved in 0.1501 seconds
Training and Evaluating takes 0.014838218688964844 seconds.
Until Preparation: 0.0005130767822265625.
Until Calculation: 0.0006957054138183594.
Until linalg solve: 0.03900933265686035.
Regression solved in 0.1494 seconds
Training and Evaluating takes 0.0137939453125 seconds.
Until Preparation: 0.0005121231079101562.
Until Calculation: 0.0007090568542480469.
Until linalg solve: 0.04036521911621094.
Regression solved in 0.1497 seconds
Training and Evaluating takes 0.015250205993652344 seconds.
Until Preparation: 0.0005128383636474609.
Until Calculation: 0.0006966590881347656.
Until linalg solve: 0.040055274963378906.
Regression solved in 0.1495 seconds
Training and Evaluating takes 0.014218568801879883 seconds.
Until Preparation: 0.0005090236663818359.
Until Calculation: 0.0006875991821289062.
Until linalg solve: 0.03920125961303711.
Regression solved in 0.1489 seconds
Training and Evaluating takes 0.013573169708251953 seconds.
    Permutation 40/100 done
Until Preparation: 0.0005185604095458984.
Until Calculation: 0.0007164478302001953.
Until linalg solve: 0.040199995040893555.
Regression solved in 0.1501 seconds
Training and Evaluating takes 0.014801025390625 seconds.
Until Preparation: 0.0004944801330566406.
Until Calculation: 0.0006749629974365234.
Until linalg solve: 0.03879141807556152.
Regression solved in 0.1483 seconds
Training and Evaluating takes 0.01291513442993164 seconds.
Until Preparation: 0.0005202293395996094.
Until Calculation: 0.0007221698760986328.
Until linalg solve: 0.04035639762878418.
Regression solved in 0.1497 seconds
Training and Evaluating takes 0.015197992324829102 seconds.
Until Preparation: 0.0005142688751220703.
Until Calculation: 0.0007300376892089844.
Until linalg solve: 0.040131330490112305.
Regression solved in 0.1499 seconds
Training and Evaluating takes 0.014753341674804688 seconds.
Until Preparation: 0.000507354736328125.
Until Calculation: 0.0007257461547851562.
Until linalg solve: 0.03934597969055176.
Regression solved in 0.1491 seconds
Training and Evaluating takes 0.01392674446105957 seconds.
Until Preparation: 0.0005619525909423828.
Until Calculation: 0.0007872581481933594.
Until linalg solve: 0.040259361267089844.
Regression solved in 0.1501 seconds
Training and Evaluating takes 0.014627695083618164 seconds.
Until Preparation: 0.0005099773406982422.
Until Calculation: 0.0006878376007080078.
Until linalg solve: 0.0389561653137207.
Regression solved in 0.1487 seconds
Training and Evaluating takes 0.012320995330810547 seconds.
Until Preparation: 0.0005130767822265625.
Until Calculation: 0.0007092952728271484.
Until linalg solve: 0.04057049751281738.
Regression solved in 0.1502 seconds
Training and Evaluating takes 0.015781879425048828 seconds.
Until Preparation: 0.0005068778991699219.
Until Calculation: 0.0007016658782958984.
Until linalg solve: 0.040109872817993164.
Regression solved in 0.1500 seconds
Training and Evaluating takes 0.014250993728637695 seconds.
Until Preparation: 0.0005135536193847656.
Until Calculation: 0.0007586479187011719.
Until linalg solve: 0.0392606258392334.
Regression solved in 0.1496 seconds
Training and Evaluating takes 0.013906002044677734 seconds.
Until Preparation: 0.0005180835723876953.
Until Calculation: 0.0007185935974121094.
Until linalg solve: 0.04029369354248047.
Regression solved in 0.1500 seconds
Training and Evaluating takes 0.014939546585083008 seconds.
Until Preparation: 0.0005092620849609375.
Until Calculation: 0.0007178783416748047.
Until linalg solve: 0.03901338577270508.
Regression solved in 0.1484 seconds
Training and Evaluating takes 0.013843059539794922 seconds.
Until Preparation: 0.0005161762237548828.
Until Calculation: 0.0007126331329345703.
Until linalg solve: 0.040549516677856445.
Regression solved in 0.1504 seconds
Training and Evaluating takes 0.015579938888549805 seconds.
Until Preparation: 0.0005092620849609375.
Until Calculation: 0.0006926059722900391.
Until linalg solve: 0.039872169494628906.
Regression solved in 0.1498 seconds
Training and Evaluating takes 0.014844655990600586 seconds.
Until Preparation: 0.0005183219909667969.
Until Calculation: 0.0007002353668212891.
Until linalg solve: 0.03920578956604004.
Regression solved in 0.1493 seconds
Training and Evaluating takes 0.014119148254394531 seconds.
Until Preparation: 0.0005195140838623047.
Until Calculation: 0.0007200241088867188.
Until linalg solve: 0.04027509689331055.
Regression solved in 0.1500 seconds
Training and Evaluating takes 0.014882326126098633 seconds.
Until Preparation: 0.0004992485046386719.
Until Calculation: 0.00067901611328125.
Until linalg solve: 0.03880643844604492.
Regression solved in 0.1485 seconds
Training and Evaluating takes 0.004525899887084961 seconds.
Until Preparation: 0.0005228519439697266.
Until Calculation: 0.0007278919219970703.
Until linalg solve: 0.04046344757080078.
Regression solved in 0.1507 seconds
Training and Evaluating takes 0.016278505325317383 seconds.
Until Preparation: 0.0005018711090087891.
Until Calculation: 0.0007259845733642578.
Until linalg solve: 0.04011893272399902.
Regression solved in 0.1500 seconds
Training and Evaluating takes 0.003987312316894531 seconds.
Until Preparation: 0.0004982948303222656.
Until Calculation: 0.0007035732269287109.
Until linalg solve: 0.03942537307739258.
Regression solved in 0.1490 seconds
Training and Evaluating takes 0.013222455978393555 seconds.
Until Preparation: 0.0005068778991699219.
Until Calculation: 0.0007004737854003906.
Until linalg solve: 0.04039144515991211.
Regression solved in 0.1510 seconds
Training and Evaluating takes 0.014981985092163086 seconds.
Until Preparation: 0.0005121231079101562.
Until Calculation: 0.0006899833679199219.
Until linalg solve: 0.03899669647216797.
Regression solved in 0.1498 seconds
Training and Evaluating takes 0.015392065048217773 seconds.
Until Preparation: 0.0005269050598144531.
Until Calculation: 0.0007283687591552734.
Until linalg solve: 0.04073381423950195.
Regression solved in 0.1510 seconds
Training and Evaluating takes 0.015166044235229492 seconds.
Until Preparation: 0.0005116462707519531.
Until Calculation: 0.0006978511810302734.
Until linalg solve: 0.0399317741394043.
Regression solved in 0.1499 seconds
Training and Evaluating takes 0.01484537124633789 seconds.
Until Preparation: 0.000518798828125.
Until Calculation: 0.0007300376892089844.
Until linalg solve: 0.03938555717468262.
Regression solved in 0.1495 seconds
Training and Evaluating takes 0.012909650802612305 seconds.
Until Preparation: 0.0005209445953369141.
Until Calculation: 0.0007190704345703125.
Until linalg solve: 0.04031801223754883.
Regression solved in 0.1508 seconds
Training and Evaluating takes 0.015178680419921875 seconds.
Until Preparation: 0.0004937648773193359.
Until Calculation: 0.0006887912750244141.
Until linalg solve: 0.03897237777709961.
Regression solved in 0.1501 seconds
Training and Evaluating takes 0.013184309005737305 seconds.
Until Preparation: 0.0005147457122802734.
Until Calculation: 0.0007104873657226562.
Until linalg solve: 0.04048442840576172.
Regression solved in 0.1502 seconds
Training and Evaluating takes 0.014505863189697266 seconds.
Until Preparation: 0.0005140304565429688.
Until Calculation: 0.0007493495941162109.
Until linalg solve: 0.04010176658630371.
Regression solved in 0.1496 seconds
Training and Evaluating takes 0.014179229736328125 seconds.
Until Preparation: 0.0005171298980712891.
Until Calculation: 0.0007915496826171875.
Until linalg solve: 0.0393061637878418.
Regression solved in 0.1489 seconds
Training and Evaluating takes 0.014489173889160156 seconds.
Until Preparation: 0.0005230903625488281.
Until Calculation: 0.0007548332214355469.
Until linalg solve: 0.04021787643432617.
Regression solved in 0.1503 seconds
Training and Evaluating takes 0.014619112014770508 seconds.
Until Preparation: 0.0005044937133789062.
Until Calculation: 0.0006847381591796875.
Until linalg solve: 0.03892111778259277.
Regression solved in 0.1488 seconds
Training and Evaluating takes 0.012463808059692383 seconds.
Until Preparation: 0.0005197525024414062.
Until Calculation: 0.0007462501525878906.
Until linalg solve: 0.04075121879577637.
Regression solved in 0.1507 seconds
Training and Evaluating takes 0.01638936996459961 seconds.
Until Preparation: 0.0005128383636474609.
Until Calculation: 0.0007410049438476562.
Until linalg solve: 0.039864301681518555.
Regression solved in 0.1503 seconds
Training and Evaluating takes 0.014408349990844727 seconds.
Until Preparation: 0.0005156993865966797.
Until Calculation: 0.0006935596466064453.
Until linalg solve: 0.03925013542175293.
Regression solved in 0.1490 seconds
Training and Evaluating takes 0.013394594192504883 seconds.
Until Preparation: 0.0005173683166503906.
Until Calculation: 0.0007517337799072266.
Until linalg solve: 0.040326833724975586.
Regression solved in 0.1504 seconds
Training and Evaluating takes 0.0205080509185791 seconds.
Until Preparation: 0.0005042552947998047.
Until Calculation: 0.0006847381591796875.
Until linalg solve: 0.03900551795959473.
Regression solved in 0.1487 seconds
Training and Evaluating takes 0.01244211196899414 seconds.
Until Preparation: 0.0005166530609130859.
Until Calculation: 0.0007140636444091797.
Until linalg solve: 0.04056215286254883.
Regression solved in 0.1551 seconds
Training and Evaluating takes 0.015955209732055664 seconds.
Until Preparation: 0.0005102157592773438.
Until Calculation: 0.0006923675537109375.
Until linalg solve: 0.04008793830871582.
Regression solved in 0.1496 seconds
Training and Evaluating takes 0.015179634094238281 seconds.
Until Preparation: 0.0005121231079101562.
Until Calculation: 0.0006916522979736328.
Until linalg solve: 0.039194345474243164.
Regression solved in 0.1499 seconds
Training and Evaluating takes 0.014445066452026367 seconds.
Until Preparation: 0.0005216598510742188.
Until Calculation: 0.0007231235504150391.
Until linalg solve: 0.04025459289550781.
Regression solved in 0.1500 seconds
Training and Evaluating takes 0.014950752258300781 seconds.
Until Preparation: 0.0005040168762207031.
Until Calculation: 0.000713348388671875.
Until linalg solve: 0.03895759582519531.
Regression solved in 0.1484 seconds
Training and Evaluating takes 0.015759944915771484 seconds.
Until Preparation: 0.0005130767822265625.
Until Calculation: 0.0007150173187255859.
Until linalg solve: 0.04059195518493652.
Regression solved in 0.1512 seconds
Training and Evaluating takes 0.014919281005859375 seconds.
Until Preparation: 0.0005168914794921875.
Until Calculation: 0.0006985664367675781.
Until linalg solve: 0.04012870788574219.
Regression solved in 0.1509 seconds
Training and Evaluating takes 0.01588749885559082 seconds.
Until Preparation: 0.0004982948303222656.
Until Calculation: 0.0006735324859619141.
Until linalg solve: 0.039368629455566406.
Regression solved in 0.1541 seconds
Training and Evaluating takes 0.0029191970825195312 seconds.
Until Preparation: 0.00055694580078125.
Until Calculation: 0.000804901123046875.
Until linalg solve: 0.04031705856323242.
Regression solved in 0.1503 seconds
Training and Evaluating takes 0.015613079071044922 seconds.
Until Preparation: 0.0005235671997070312.
Until Calculation: 0.0007331371307373047.
Until linalg solve: 0.03879380226135254.
Regression solved in 0.1489 seconds
Training and Evaluating takes 0.012306451797485352 seconds.
Until Preparation: 0.0005218982696533203.
Until Calculation: 0.0007243156433105469.
Until linalg solve: 0.040608882904052734.
Regression solved in 0.1503 seconds
Training and Evaluating takes 0.01567363739013672 seconds.
Until Preparation: 0.0005130767822265625.
Until Calculation: 0.0007424354553222656.
Until linalg solve: 0.040227651596069336.
Regression solved in 0.1498 seconds
Training and Evaluating takes 0.013937950134277344 seconds.
Until Preparation: 0.0005218982696533203.
Until Calculation: 0.0007386207580566406.
Until linalg solve: 0.039433956146240234.
Regression solved in 0.1492 seconds
Training and Evaluating takes 0.013183832168579102 seconds.
Until Preparation: 0.0005207061767578125.
Until Calculation: 0.0007236003875732422.
Until linalg solve: 0.040464162826538086.
Regression solved in 0.1501 seconds
Training and Evaluating takes 0.014878988265991211 seconds.
Until Preparation: 0.00048732757568359375.
Until Calculation: 0.0006766319274902344.
Until linalg solve: 0.039037227630615234.
Regression solved in 0.1501 seconds
Training and Evaluating takes 0.016154766082763672 seconds.
Until Preparation: 0.0005099773406982422.
Until Calculation: 0.0007219314575195312.
Until linalg solve: 0.04041028022766113.
Regression solved in 0.1582 seconds
Training and Evaluating takes 0.016043663024902344 seconds.
Until Preparation: 0.0005431175231933594.
Until Calculation: 0.0007498264312744141.
Until linalg solve: 0.03997969627380371.
Regression solved in 0.1567 seconds
Training and Evaluating takes 0.01473093032836914 seconds.
Until Preparation: 0.0005130767822265625.
Until Calculation: 0.0007319450378417969.
Until linalg solve: 0.0394134521484375.
Regression solved in 0.1558 seconds
Training and Evaluating takes 0.013683795928955078 seconds.
Until Preparation: 0.00052642822265625.
Until Calculation: 0.0007750988006591797.
Until linalg solve: 0.04041242599487305.
Regression solved in 0.1576 seconds
Training and Evaluating takes 0.014416933059692383 seconds.
Until Preparation: 0.0005085468292236328.
Until Calculation: 0.0007331371307373047.
Until linalg solve: 0.03869986534118652.
Regression solved in 0.1503 seconds
Training and Evaluating takes 0.0018765926361083984 seconds.
Until Preparation: 0.0005288124084472656.
Until Calculation: 0.0007264614105224609.
Until linalg solve: 0.04063105583190918.
Regression solved in 0.1591 seconds
Training and Evaluating takes 0.015857696533203125 seconds.
Until Preparation: 0.0005171298980712891.
Until Calculation: 0.0006978511810302734.
Until linalg solve: 0.04001021385192871.
Regression solved in 0.1504 seconds
Training and Evaluating takes 0.014345645904541016 seconds.
Until Preparation: 0.0005099773406982422.
Until Calculation: 0.0007226467132568359.
Until linalg solve: 0.0394597053527832.
Regression solved in 0.1498 seconds
Training and Evaluating takes 0.013548135757446289 seconds.
Until Preparation: 0.0005197525024414062.
Until Calculation: 0.0007128715515136719.
Until linalg solve: 0.040360450744628906.
Regression solved in 0.1521 seconds
Training and Evaluating takes 0.01589202880859375 seconds.
Until Preparation: 0.0005097389221191406.
Until Calculation: 0.0006864070892333984.
Until linalg solve: 0.03894805908203125.
Regression solved in 0.1492 seconds
Training and Evaluating takes 0.01201939582824707 seconds.
Until Preparation: 0.0005109310150146484.
Until Calculation: 0.0007078647613525391.
Until linalg solve: 0.04053783416748047.
Regression solved in 0.1503 seconds
Training and Evaluating takes 0.014695167541503906 seconds.
Until Preparation: 0.0005195140838623047.
Until Calculation: 0.0007374286651611328.
Until linalg solve: 0.040027618408203125.
Regression solved in 0.1499 seconds
Training and Evaluating takes 0.013809680938720703 seconds.
Until Preparation: 0.0005137920379638672.
Until Calculation: 0.0006933212280273438.
Until linalg solve: 0.039216041564941406.
Regression solved in 0.1494 seconds
Training and Evaluating takes 0.012991189956665039 seconds.
Until Preparation: 0.0005192756652832031.
Until Calculation: 0.0007154941558837891.
Until linalg solve: 0.04048657417297363.
Regression solved in 0.1508 seconds
Training and Evaluating takes 0.015203714370727539 seconds.
Until Preparation: 0.0004856586456298828.
Until Calculation: 0.00072479248046875.
Until linalg solve: 0.038794517517089844.
Regression solved in 0.1501 seconds
Training and Evaluating takes 0.012613058090209961 seconds.
Until Preparation: 0.0005114078521728516.
Until Calculation: 0.0007359981536865234.
Until linalg solve: 0.04058527946472168.
Regression solved in 0.1511 seconds
Training and Evaluating takes 0.014772176742553711 seconds.
Until Preparation: 0.0005121231079101562.
Until Calculation: 0.0006935596466064453.
Until linalg solve: 0.039931535720825195.
Regression solved in 0.1510 seconds
Training and Evaluating takes 0.01368093490600586 seconds.
Until Preparation: 0.0005109310150146484.
Until Calculation: 0.0006875991821289062.
Until linalg solve: 0.03933525085449219.
Regression solved in 0.1496 seconds
Training and Evaluating takes 0.013475894927978516 seconds.
Until Preparation: 0.0005147457122802734.
Until Calculation: 0.0007140636444091797.
Until linalg solve: 0.04034256935119629.
Regression solved in 0.1502 seconds
Training and Evaluating takes 0.017757892608642578 seconds.
Until Preparation: 0.0005109310150146484.
Until Calculation: 0.0006921291351318359.
Until linalg solve: 0.039011478424072266.
Regression solved in 0.1494 seconds
Training and Evaluating takes 0.012800216674804688 seconds.
Until Preparation: 0.000545501708984375.
Until Calculation: 0.0007464885711669922.
Until linalg solve: 0.04057168960571289.
Regression solved in 0.1509 seconds
Training and Evaluating takes 0.014757394790649414 seconds.
Until Preparation: 0.0005147457122802734.
Until Calculation: 0.0007300376892089844.
Until linalg solve: 0.03999447822570801.
Regression solved in 0.1507 seconds
Training and Evaluating takes 0.014997482299804688 seconds.
Until Preparation: 0.0005125999450683594.
Until Calculation: 0.0006911754608154297.
Until linalg solve: 0.039215087890625.
Regression solved in 0.1505 seconds
Training and Evaluating takes 0.014994382858276367 seconds.
Until Preparation: 0.0005619525909423828.
Until Calculation: 0.0008254051208496094.
Until linalg solve: 0.04033708572387695.
Regression solved in 0.1504 seconds
Training and Evaluating takes 0.0155181884765625 seconds.
Until Preparation: 0.0005087852478027344.
Until Calculation: 0.0007312297821044922.
Until linalg solve: 0.03898167610168457.
Regression solved in 0.1499 seconds
Training and Evaluating takes 0.01328587532043457 seconds.
Until Preparation: 0.0005116462707519531.
Until Calculation: 0.0007162094116210938.
Until linalg solve: 0.04048800468444824.
Regression solved in 0.1528 seconds
Training and Evaluating takes 0.015201091766357422 seconds.
Until Preparation: 0.0005085468292236328.
Until Calculation: 0.0007052421569824219.
Until linalg solve: 0.040094614028930664.
Regression solved in 0.1506 seconds
Training and Evaluating takes 0.014225959777832031 seconds.
Until Preparation: 0.0005109310150146484.
Until Calculation: 0.0007047653198242188.
Until linalg solve: 0.03946352005004883.
Regression solved in 0.1499 seconds
Training and Evaluating takes 0.013570785522460938 seconds.
Until Preparation: 0.0005180835723876953.
Until Calculation: 0.0007259845733642578.
Until linalg solve: 0.04041600227355957.
Regression solved in 0.1518 seconds
Training and Evaluating takes 0.015246868133544922 seconds.
Until Preparation: 0.0005037784576416016.
Until Calculation: 0.0006830692291259766.
Until linalg solve: 0.039095163345336914.
Regression solved in 0.1496 seconds
Training and Evaluating takes 0.01262354850769043 seconds.
Until Preparation: 0.0005278587341308594.
Until Calculation: 0.0007805824279785156.
Until linalg solve: 0.04058551788330078.
Regression solved in 0.1517 seconds
Training and Evaluating takes 0.015225648880004883 seconds.
Until Preparation: 0.0005145072937011719.
Until Calculation: 0.0007281303405761719.
Until linalg solve: 0.03998446464538574.
Regression solved in 0.1512 seconds
Training and Evaluating takes 0.01552128791809082 seconds.
Until Preparation: 0.0005071163177490234.
Until Calculation: 0.0006849765777587891.
Until linalg solve: 0.03929257392883301.
Regression solved in 0.1498 seconds
Training and Evaluating takes 0.01357269287109375 seconds.
Until Preparation: 0.0005180835723876953.
Until Calculation: 0.0007143020629882812.
Until linalg solve: 0.04035043716430664.
Regression solved in 0.1510 seconds
Training and Evaluating takes 0.01892876625061035 seconds.
Until Preparation: 0.0005054473876953125.
Until Calculation: 0.0006864070892333984.
Until linalg solve: 0.03894376754760742.
Regression solved in 0.1498 seconds
Training and Evaluating takes 0.012362003326416016 seconds.
Until Preparation: 0.0005152225494384766.
Until Calculation: 0.0007097721099853516.
Until linalg solve: 0.04057788848876953.
Regression solved in 0.1512 seconds
Training and Evaluating takes 0.014856100082397461 seconds.
Until Preparation: 0.0005190372467041016.
Until Calculation: 0.0007483959197998047.
Until linalg solve: 0.04005718231201172.
Regression solved in 0.1507 seconds
Training and Evaluating takes 0.013936519622802734 seconds.
Until Preparation: 0.0005197525024414062.
Until Calculation: 0.0007026195526123047.
Until linalg solve: 0.0394747257232666.
Regression solved in 0.1503 seconds
Training and Evaluating takes 0.014113903045654297 seconds.
Until Preparation: 0.0005135536193847656.
Until Calculation: 0.0007061958312988281.
Until linalg solve: 0.04033255577087402.
Regression solved in 0.1517 seconds
Training and Evaluating takes 0.015269279479980469 seconds.
Until Preparation: 0.00048470497131347656.
Until Calculation: 0.0006766319274902344.
Until linalg solve: 0.03869152069091797.
Regression solved in 0.1496 seconds
Training and Evaluating takes 0.015766382217407227 seconds.
Until Preparation: 0.0005292892456054688.
Until Calculation: 0.0007512569427490234.
Until linalg solve: 0.040670156478881836.
Regression solved in 0.1507 seconds
Training and Evaluating takes 0.015380620956420898 seconds.
Until Preparation: 0.0005137920379638672.
Until Calculation: 0.0007307529449462891.
Until linalg solve: 0.03983950614929199.
Regression solved in 0.1506 seconds
Training and Evaluating takes 0.014172554016113281 seconds.
Until Preparation: 0.0005092620849609375.
Until Calculation: 0.0006976127624511719.
Until linalg solve: 0.03922557830810547.
Regression solved in 0.1507 seconds
Training and Evaluating takes 0.014717578887939453 seconds.
Until Preparation: 0.0005209445953369141.
Until Calculation: 0.0007178783416748047.
Until linalg solve: 0.04039764404296875.
Regression solved in 0.1513 seconds
Training and Evaluating takes 0.015661239624023438 seconds.
Until Preparation: 0.0004889965057373047.
Until Calculation: 0.0006771087646484375.
Until linalg solve: 0.038979530334472656.
Regression solved in 0.1496 seconds
Training and Evaluating takes 0.013669252395629883 seconds.
Until Preparation: 0.0004985332489013672.
Until Calculation: 0.0006947517395019531.
Until linalg solve: 0.04042339324951172.
Regression solved in 0.1512 seconds
Training and Evaluating takes 0.016183853149414062 seconds.
Until Preparation: 0.0005142688751220703.
Until Calculation: 0.0006983280181884766.
Until linalg solve: 0.03997683525085449.
Regression solved in 0.1505 seconds
Training and Evaluating takes 0.014243602752685547 seconds.
Until Preparation: 0.0005102157592773438.
Until Calculation: 0.0007278919219970703.
Until linalg solve: 0.03952622413635254.
Regression solved in 0.1505 seconds
Training and Evaluating takes 0.01295328140258789 seconds.
    Permutation 60/100 done
Until Preparation: 0.0005178451538085938.
Until Calculation: 0.0007190704345703125.
Until linalg solve: 0.04035544395446777.
Regression solved in 0.1513 seconds
Training and Evaluating takes 0.01567554473876953 seconds.
Until Preparation: 0.00048828125.
Until Calculation: 0.0006809234619140625.
Until linalg solve: 0.03873634338378906.
Regression solved in 0.1495 seconds
Training and Evaluating takes 0.012753725051879883 seconds.
Until Preparation: 0.0005137920379638672.
Until Calculation: 0.0007069110870361328.
Until linalg solve: 0.04052257537841797.
Regression solved in 0.1519 seconds
Training and Evaluating takes 0.015004158020019531 seconds.
Until Preparation: 0.0005195140838623047.
Until Calculation: 0.0007662773132324219.
Until linalg solve: 0.04018521308898926.
Regression solved in 0.1513 seconds
Training and Evaluating takes 0.014363288879394531 seconds.
Until Preparation: 0.0005097389221191406.
Until Calculation: 0.0006866455078125.
Until linalg solve: 0.039224863052368164.
Regression solved in 0.1500 seconds
Training and Evaluating takes 0.014317750930786133 seconds.
Until Preparation: 0.0005147457122802734.
Until Calculation: 0.0007092952728271484.
Until linalg solve: 0.04028511047363281.
Regression solved in 0.1517 seconds
Training and Evaluating takes 0.0151824951171875 seconds.
Until Preparation: 0.0005071163177490234.
Until Calculation: 0.0006873607635498047.
Until linalg solve: 0.03900289535522461.
Regression solved in 0.1501 seconds
Training and Evaluating takes 0.01612377166748047 seconds.
Until Preparation: 0.0004963874816894531.
Until Calculation: 0.0006921291351318359.
Until linalg solve: 0.04048466682434082.
Regression solved in 0.1502 seconds
Training and Evaluating takes 0.004942178726196289 seconds.
Until Preparation: 0.0004937648773193359.
Until Calculation: 0.0007011890411376953.
Until linalg solve: 0.04006457328796387.
Regression solved in 0.1493 seconds
Training and Evaluating takes 0.01486825942993164 seconds.
Until Preparation: 0.0005090236663818359.
Until Calculation: 0.0006866455078125.
Until linalg solve: 0.03944230079650879.
Regression solved in 0.1484 seconds
Training and Evaluating takes 0.013060569763183594 seconds.
Until Preparation: 0.0005154609680175781.
Until Calculation: 0.0007116794586181641.
Until linalg solve: 0.04046297073364258.
Regression solved in 0.1495 seconds
Training and Evaluating takes 0.015418767929077148 seconds.
Until Preparation: 0.0005102157592773438.
Until Calculation: 0.0006883144378662109.
Until linalg solve: 0.03878140449523926.
Regression solved in 0.1484 seconds
Training and Evaluating takes 0.012855052947998047 seconds.
Until Preparation: 0.0005085468292236328.
Until Calculation: 0.0007059574127197266.
Until linalg solve: 0.04028749465942383.
Regression solved in 0.1497 seconds
Training and Evaluating takes 0.015249967575073242 seconds.
Until Preparation: 0.0005154609680175781.
Until Calculation: 0.0007340908050537109.
Until linalg solve: 0.03997206687927246.
Regression solved in 0.1493 seconds
Training and Evaluating takes 0.014348506927490234 seconds.
Until Preparation: 0.0005130767822265625.
Until Calculation: 0.0006933212280273438.
Until linalg solve: 0.03922414779663086.
Regression solved in 0.1483 seconds
Training and Evaluating takes 0.01416015625 seconds.
Until Preparation: 0.0005230903625488281.
Until Calculation: 0.0007328987121582031.
Until linalg solve: 0.040158748626708984.
Regression solved in 0.1492 seconds
Training and Evaluating takes 0.015628337860107422 seconds.
Until Preparation: 0.0005166530609130859.
Until Calculation: 0.0006992816925048828.
Until linalg solve: 0.03876495361328125.
Regression solved in 0.1481 seconds
Training and Evaluating takes 0.013065814971923828 seconds.
Until Preparation: 0.0005142688751220703.
Until Calculation: 0.0007128715515136719.
Until linalg solve: 0.040613412857055664.
Regression solved in 0.1497 seconds
Training and Evaluating takes 0.015317440032958984 seconds.
Until Preparation: 0.000514984130859375.
Until Calculation: 0.0006971359252929688.
Until linalg solve: 0.04005312919616699.
Regression solved in 0.1490 seconds
Training and Evaluating takes 0.014723062515258789 seconds.
Until Preparation: 0.0005147457122802734.
Until Calculation: 0.0006997585296630859.
Until linalg solve: 0.03942394256591797.
Regression solved in 0.1491 seconds
Training and Evaluating takes 0.0044138431549072266 seconds.
Until Preparation: 0.0005156993865966797.
Until Calculation: 0.0007114410400390625.
Until linalg solve: 0.04036116600036621.
Regression solved in 0.1500 seconds
Training and Evaluating takes 0.015915393829345703 seconds.
Until Preparation: 0.0005071163177490234.
Until Calculation: 0.0006875991821289062.
Until linalg solve: 0.0389864444732666.
Regression solved in 0.1486 seconds
Training and Evaluating takes 0.012673377990722656 seconds.
Until Preparation: 0.0005223751068115234.
Until Calculation: 0.0007183551788330078.
Until linalg solve: 0.040575504302978516.
Regression solved in 0.1502 seconds
Training and Evaluating takes 0.014785289764404297 seconds.
Until Preparation: 0.0005156993865966797.
Until Calculation: 0.0007348060607910156.
Until linalg solve: 0.04005718231201172.
Regression solved in 0.1497 seconds
Training and Evaluating takes 0.014968633651733398 seconds.
Until Preparation: 0.0005130767822265625.
Until Calculation: 0.00069427490234375.
Until linalg solve: 0.039420127868652344.
Regression solved in 0.1491 seconds
Training and Evaluating takes 0.014297246932983398 seconds.
Until Preparation: 0.0005152225494384766.
Until Calculation: 0.0007433891296386719.
Until linalg solve: 0.04036259651184082.
Regression solved in 0.1496 seconds
Training and Evaluating takes 0.014383316040039062 seconds.
Until Preparation: 0.0005099773406982422.
Until Calculation: 0.000690460205078125.
Until linalg solve: 0.038729190826416016.
Regression solved in 0.1482 seconds
Training and Evaluating takes 0.013012409210205078 seconds.
Until Preparation: 0.0005118846893310547.
Until Calculation: 0.0007097721099853516.
Until linalg solve: 0.040544986724853516.
Regression solved in 0.1529 seconds
Training and Evaluating takes 0.015425682067871094 seconds.
Until Preparation: 0.0005123615264892578.
Until Calculation: 0.0006933212280273438.
Until linalg solve: 0.04004549980163574.
Regression solved in 0.1520 seconds
Training and Evaluating takes 0.015732288360595703 seconds.
Until Preparation: 0.0005085468292236328.
Until Calculation: 0.0006835460662841797.
Until linalg solve: 0.039218902587890625.
Regression solved in 0.1511 seconds
Training and Evaluating takes 0.013370752334594727 seconds.
Until Preparation: 0.0005183219909667969.
Until Calculation: 0.0007166862487792969.
Until linalg solve: 0.04046773910522461.
Regression solved in 0.1516 seconds
Training and Evaluating takes 0.015477418899536133 seconds.
Until Preparation: 0.0005087852478027344.
Until Calculation: 0.0006875991821289062.
Until linalg solve: 0.03892803192138672.
Regression solved in 0.1502 seconds
Training and Evaluating takes 0.012977838516235352 seconds.
Until Preparation: 0.0005204677581787109.
Until Calculation: 0.0007147789001464844.
Until linalg solve: 0.04052019119262695.
Regression solved in 0.1517 seconds
Training and Evaluating takes 0.01529383659362793 seconds.
Until Preparation: 0.0005176067352294922.
Until Calculation: 0.0007023811340332031.
Until linalg solve: 0.040071725845336914.
Regression solved in 0.1503 seconds
Training and Evaluating takes 0.014402627944946289 seconds.
Until Preparation: 0.0005142688751220703.
Until Calculation: 0.0006933212280273438.
Until linalg solve: 0.03937363624572754.
Regression solved in 0.1493 seconds
Training and Evaluating takes 0.013106822967529297 seconds.
Until Preparation: 0.0005199909210205078.
Until Calculation: 0.0007188320159912109.
Until linalg solve: 0.040412187576293945.
Regression solved in 0.1505 seconds
Training and Evaluating takes 0.014464616775512695 seconds.
Until Preparation: 0.0006186962127685547.
Until Calculation: 0.0008013248443603516.
Until linalg solve: 0.039012908935546875.
Regression solved in 0.1495 seconds
Training and Evaluating takes 0.013701200485229492 seconds.
Until Preparation: 0.0005030632019042969.
Until Calculation: 0.0007252693176269531.
Until linalg solve: 0.04063153266906738.
Regression solved in 0.1526 seconds
Training and Evaluating takes 0.016649484634399414 seconds.
Until Preparation: 0.0005071163177490234.
Until Calculation: 0.0006895065307617188.
Until linalg solve: 0.04009532928466797.
Regression solved in 0.1512 seconds
Training and Evaluating takes 0.015546560287475586 seconds.
Until Preparation: 0.0005118846893310547.
Until Calculation: 0.000728607177734375.
Until linalg solve: 0.039324283599853516.
Regression solved in 0.1493 seconds
Training and Evaluating takes 0.013113260269165039 seconds.
Until Preparation: 0.0005183219909667969.
Until Calculation: 0.0008144378662109375.
Until linalg solve: 0.04051661491394043.
Regression solved in 0.1510 seconds
Training and Evaluating takes 0.015010595321655273 seconds.
Until Preparation: 0.0004906654357910156.
Until Calculation: 0.0006833076477050781.
Until linalg solve: 0.03884387016296387.
Regression solved in 0.1523 seconds
Training and Evaluating takes 0.012916326522827148 seconds.
Until Preparation: 0.0005326271057128906.
Until Calculation: 0.0007498264312744141.
Until linalg solve: 0.04057455062866211.
Regression solved in 0.1515 seconds
Training and Evaluating takes 0.01658034324645996 seconds.
Until Preparation: 0.0005185604095458984.
Until Calculation: 0.0007033348083496094.
Until linalg solve: 0.04004073143005371.
Regression solved in 0.1567 seconds
Training and Evaluating takes 0.014626502990722656 seconds.
Until Preparation: 0.0005102157592773438.
Until Calculation: 0.0006966590881347656.
Until linalg solve: 0.03936958312988281.
Regression solved in 0.1495 seconds
Training and Evaluating takes 0.002734661102294922 seconds.
Until Preparation: 0.0005133152008056641.
Until Calculation: 0.0007102489471435547.
Until linalg solve: 0.04042363166809082.
Regression solved in 0.1509 seconds
Training and Evaluating takes 0.015077829360961914 seconds.
Until Preparation: 0.0005068778991699219.
Until Calculation: 0.0006873607635498047.
Until linalg solve: 0.03899884223937988.
Regression solved in 0.1495 seconds
Training and Evaluating takes 0.012730598449707031 seconds.
Until Preparation: 0.0005114078521728516.
Until Calculation: 0.0007386207580566406.
Until linalg solve: 0.04045748710632324.
Regression solved in 0.1566 seconds
Training and Evaluating takes 0.018377304077148438 seconds.
Until Preparation: 0.0005314350128173828.
Until Calculation: 0.0007545948028564453.
Until linalg solve: 0.0400393009185791.
Regression solved in 0.1567 seconds
Training and Evaluating takes 0.013961553573608398 seconds.
Until Preparation: 0.0005927085876464844.
Until Calculation: 0.0008256435394287109.
Until linalg solve: 0.03963065147399902.
Regression solved in 0.1501 seconds
Training and Evaluating takes 0.014278650283813477 seconds.
Until Preparation: 0.0005211830139160156.
Until Calculation: 0.0007193088531494141.
Until linalg solve: 0.04032301902770996.
Regression solved in 0.1512 seconds
Training and Evaluating takes 0.01563262939453125 seconds.
Until Preparation: 0.0005052089691162109.
Until Calculation: 0.0006895065307617188.
Until linalg solve: 0.03897881507873535.
Regression solved in 0.1486 seconds
Training and Evaluating takes 0.012582778930664062 seconds.
Until Preparation: 0.0005152225494384766.
Until Calculation: 0.0007157325744628906.
Until linalg solve: 0.04064798355102539.
Regression solved in 0.1508 seconds
Training and Evaluating takes 0.015269279479980469 seconds.
Until Preparation: 0.0005095005035400391.
Until Calculation: 0.0006916522979736328.
Until linalg solve: 0.03995561599731445.
Regression solved in 0.1498 seconds
Training and Evaluating takes 0.013898372650146484 seconds.
Until Preparation: 0.0005171298980712891.
Until Calculation: 0.0007383823394775391.
Until linalg solve: 0.03949880599975586.
Regression solved in 0.1507 seconds
Training and Evaluating takes 0.012694358825683594 seconds.
Until Preparation: 0.0005152225494384766.
Until Calculation: 0.0007121562957763672.
Until linalg solve: 0.04033327102661133.
Regression solved in 0.1500 seconds
Training and Evaluating takes 0.01491093635559082 seconds.
Until Preparation: 0.0005095005035400391.
Until Calculation: 0.0006880760192871094.
Until linalg solve: 0.0389859676361084.
Regression solved in 0.1489 seconds
Training and Evaluating takes 0.013220787048339844 seconds.
Until Preparation: 0.0005083084106445312.
Until Calculation: 0.0007047653198242188.
Until linalg solve: 0.04059147834777832.
Regression solved in 0.1508 seconds
Training and Evaluating takes 0.015154600143432617 seconds.
Until Preparation: 0.0005166530609130859.
Until Calculation: 0.0007359981536865234.
Until linalg solve: 0.039938926696777344.
Regression solved in 0.1505 seconds
Training and Evaluating takes 0.014202356338500977 seconds.
Until Preparation: 0.0005159378051757812.
Until Calculation: 0.0006983280181884766.
Until linalg solve: 0.03923630714416504.
Regression solved in 0.1492 seconds
Training and Evaluating takes 0.013190031051635742 seconds.
Until Preparation: 0.0005192756652832031.
Until Calculation: 0.0007212162017822266.
Until linalg solve: 0.04039812088012695.
Regression solved in 0.1503 seconds
Training and Evaluating takes 0.014708280563354492 seconds.
Until Preparation: 0.0005006790161132812.
Until Calculation: 0.0007088184356689453.
Until linalg solve: 0.03894329071044922.
Regression solved in 0.1495 seconds
Training and Evaluating takes 0.0017328262329101562 seconds.
Until Preparation: 0.0005249977111816406.
Until Calculation: 0.0007269382476806641.
Until linalg solve: 0.04055500030517578.
Regression solved in 0.1509 seconds
Training and Evaluating takes 0.015973806381225586 seconds.
Until Preparation: 0.0005087852478027344.
Until Calculation: 0.0006906986236572266.
Until linalg solve: 0.039942026138305664.
Regression solved in 0.1503 seconds
Training and Evaluating takes 0.014371633529663086 seconds.
Until Preparation: 0.0005028247833251953.
Until Calculation: 0.0006816387176513672.
Until linalg solve: 0.03917884826660156.
Regression solved in 0.1594 seconds
Training and Evaluating takes 0.013034582138061523 seconds.
Until Preparation: 0.0005261898040771484.
Until Calculation: 0.0007674694061279297.
Until linalg solve: 0.040404319763183594.
Regression solved in 0.1505 seconds
Training and Evaluating takes 0.01547551155090332 seconds.
Until Preparation: 0.0005242824554443359.
Until Calculation: 0.0007047653198242188.
Until linalg solve: 0.03878211975097656.
Regression solved in 0.1494 seconds
Training and Evaluating takes 0.01277780532836914 seconds.
Until Preparation: 0.0005207061767578125.
Until Calculation: 0.0007357597351074219.
Until linalg solve: 0.04067516326904297.
Regression solved in 0.1509 seconds
Training and Evaluating takes 0.01648235321044922 seconds.
Until Preparation: 0.0005059242248535156.
Until Calculation: 0.0007216930389404297.
Until linalg solve: 0.03988790512084961.
Regression solved in 0.1500 seconds
Training and Evaluating takes 0.015168905258178711 seconds.
Until Preparation: 0.0005099773406982422.
Until Calculation: 0.0006883144378662109.
Until linalg solve: 0.039208173751831055.
Regression solved in 0.1490 seconds
Training and Evaluating takes 0.014424562454223633 seconds.
Until Preparation: 0.0005183219909667969.
Until Calculation: 0.0007486343383789062.
Until linalg solve: 0.040225982666015625.
Regression solved in 0.1502 seconds
Training and Evaluating takes 0.014666080474853516 seconds.
Until Preparation: 0.0004985332489013672.
Until Calculation: 0.0006902217864990234.
Until linalg solve: 0.03863692283630371.
Regression solved in 0.1481 seconds
Training and Evaluating takes 0.012132883071899414 seconds.
Until Preparation: 0.0005164146423339844.
Until Calculation: 0.0007157325744628906.
Until linalg solve: 0.04065227508544922.
Regression solved in 0.1498 seconds
Training and Evaluating takes 0.01520538330078125 seconds.
Until Preparation: 0.0005133152008056641.
Until Calculation: 0.0006909370422363281.
Until linalg solve: 0.039884328842163086.
Regression solved in 0.1493 seconds
Training and Evaluating takes 0.01541900634765625 seconds.
Until Preparation: 0.0005116462707519531.
Until Calculation: 0.0007202625274658203.
Until linalg solve: 0.039426565170288086.
Regression solved in 0.1493 seconds
Training and Evaluating takes 0.013562917709350586 seconds.
Until Preparation: 0.0005171298980712891.
Until Calculation: 0.0007154941558837891.
Until linalg solve: 0.04028630256652832.
Regression solved in 0.1496 seconds
Training and Evaluating takes 0.015362977981567383 seconds.
Until Preparation: 0.0005083084106445312.
Until Calculation: 0.0006868839263916016.
Until linalg solve: 0.03866314888000488.
Regression solved in 0.1479 seconds
Training and Evaluating takes 0.01225590705871582 seconds.
Until Preparation: 0.0005197525024414062.
Until Calculation: 0.0008008480072021484.
Until linalg solve: 0.04060244560241699.
Regression solved in 0.1501 seconds
Training and Evaluating takes 0.015974998474121094 seconds.
Until Preparation: 0.0005116462707519531.
Until Calculation: 0.0006945133209228516.
Until linalg solve: 0.039865970611572266.
Regression solved in 0.1495 seconds
Training and Evaluating takes 0.01514744758605957 seconds.
Until Preparation: 0.001119852066040039.
Until Calculation: 0.0013289451599121094.
Until linalg solve: 0.03960442543029785.
Regression solved in 0.1508 seconds
Training and Evaluating takes 0.0025298595428466797 seconds.
Until Preparation: 0.0005137920379638672.
Until Calculation: 0.0007143020629882812.
Until linalg solve: 0.04023861885070801.
Regression solved in 0.1499 seconds
Training and Evaluating takes 0.015061378479003906 seconds.
Until Preparation: 0.00049591064453125.
Until Calculation: 0.0006735324859619141.
Until linalg solve: 0.03873491287231445.
Regression solved in 0.1481 seconds
Training and Evaluating takes 0.0046291351318359375 seconds.
Until Preparation: 0.0004975795745849609.
Until Calculation: 0.0007073879241943359.
Until linalg solve: 0.04053020477294922.
Regression solved in 0.1498 seconds
Training and Evaluating takes 0.016554832458496094 seconds.
Until Preparation: 0.0005025863647460938.
Until Calculation: 0.0006821155548095703.
Until linalg solve: 0.040055274963378906.
Regression solved in 0.1494 seconds
Training and Evaluating takes 0.015307903289794922 seconds.
Until Preparation: 0.0005152225494384766.
Until Calculation: 0.0006923675537109375.
Until linalg solve: 0.039377450942993164.
Regression solved in 0.1489 seconds
Training and Evaluating takes 0.013537406921386719 seconds.
Until Preparation: 0.0005161762237548828.
Until Calculation: 0.0007102489471435547.
Until linalg solve: 0.04038286209106445.
Regression solved in 0.1495 seconds
Training and Evaluating takes 0.015440940856933594 seconds.
Until Preparation: 0.0005013942718505859.
Until Calculation: 0.0006787776947021484.
Until linalg solve: 0.03899073600769043.
Regression solved in 0.1486 seconds
Training and Evaluating takes 0.012681007385253906 seconds.
Until Preparation: 0.000518798828125.
Until Calculation: 0.0007169246673583984.
Until linalg solve: 0.04049277305603027.
Regression solved in 0.1498 seconds
Training and Evaluating takes 0.01513051986694336 seconds.
Until Preparation: 0.0005168914794921875.
Until Calculation: 0.0006961822509765625.
Until linalg solve: 0.0400080680847168.
Regression solved in 0.1497 seconds
Training and Evaluating takes 0.013896703720092773 seconds.
Until Preparation: 0.0005199909210205078.
Until Calculation: 0.0006978511810302734.
Until linalg solve: 0.03924202919006348.
Regression solved in 0.1489 seconds
Training and Evaluating takes 0.014483213424682617 seconds.
Until Preparation: 0.0005278587341308594.
Until Calculation: 0.0007252693176269531.
Until linalg solve: 0.04046177864074707.
Regression solved in 0.1498 seconds
Training and Evaluating takes 0.016254425048828125 seconds.
Until Preparation: 0.00048160552978515625.
Until Calculation: 0.0006725788116455078.
Until linalg solve: 0.03880500793457031.
Regression solved in 0.1484 seconds
Training and Evaluating takes 0.012855768203735352 seconds.
Until Preparation: 0.0005049705505371094.
Until Calculation: 0.0006959438323974609.
Until linalg solve: 0.04060196876525879.
Regression solved in 0.1511 seconds
Training and Evaluating takes 0.015623807907104492 seconds.
Until Preparation: 0.0005104541778564453.
Until Calculation: 0.0006880760192871094.
Until linalg solve: 0.04003715515136719.
Regression solved in 0.1498 seconds
Training and Evaluating takes 0.014937400817871094 seconds.
Until Preparation: 0.0005142688751220703.
Until Calculation: 0.0007259845733642578.
Until linalg solve: 0.039105892181396484.
Regression solved in 0.1539 seconds
Training and Evaluating takes 0.012497901916503906 seconds.
Until Preparation: 0.0004999637603759766.
Until Calculation: 0.0006997585296630859.
Until linalg solve: 0.040322065353393555.
Regression solved in 0.1516 seconds
Training and Evaluating takes 0.004317045211791992 seconds.
Until Preparation: 0.00048065185546875.
Until Calculation: 0.0006556510925292969.
Until linalg solve: 0.038698434829711914.
Regression solved in 0.1513 seconds
Training and Evaluating takes 0.0020322799682617188 seconds.
Until Preparation: 0.0005128383636474609.
Until Calculation: 0.0007116794586181641.
Until linalg solve: 0.040633201599121094.
Regression solved in 0.1525 seconds
Training and Evaluating takes 0.006627321243286133 seconds.
Until Preparation: 0.0005092620849609375.
Until Calculation: 0.0006918907165527344.
Until linalg solve: 0.039957284927368164.
Regression solved in 0.1513 seconds
Training and Evaluating takes 0.01550149917602539 seconds.
Until Preparation: 0.0005156993865966797.
Until Calculation: 0.0006964206695556641.
Until linalg solve: 0.03908276557922363.
Regression solved in 0.1506 seconds
Training and Evaluating takes 0.01270604133605957 seconds.
    Permutation 80/100 done
Until Preparation: 0.0005161762237548828.
Until Calculation: 0.0007123947143554688.
Until linalg solve: 0.04037737846374512.
Regression solved in 0.1520 seconds
Training and Evaluating takes 0.015871047973632812 seconds.
Until Preparation: 0.0005042552947998047.
Until Calculation: 0.0006811618804931641.
Until linalg solve: 0.038968563079833984.
Regression solved in 0.1588 seconds
Training and Evaluating takes 0.013007402420043945 seconds.
Until Preparation: 0.0005147457122802734.
Until Calculation: 0.0007185935974121094.
Until linalg solve: 0.040467023849487305.
Regression solved in 0.1519 seconds
Training and Evaluating takes 0.0072019100189208984 seconds.
Until Preparation: 0.00048613548278808594.
Until Calculation: 0.0006690025329589844.
Until linalg solve: 0.03989839553833008.
Regression solved in 0.1510 seconds
Training and Evaluating takes 0.015176773071289062 seconds.
Until Preparation: 0.0005068778991699219.
Until Calculation: 0.0006814002990722656.
Until linalg solve: 0.03821134567260742.
Regression solved in 0.1498 seconds
Training and Evaluating takes 0.012683629989624023 seconds.
Until Preparation: 0.0005142688751220703.
Until Calculation: 0.0007498264312744141.
Until linalg solve: 0.03328108787536621.
Regression solved in 0.1451 seconds
Training and Evaluating takes 0.014857053756713867 seconds.
Until Preparation: 0.0005114078521728516.
Until Calculation: 0.000690460205078125.
Until linalg solve: 0.03215622901916504.
Regression solved in 0.1442 seconds
Training and Evaluating takes 0.012035369873046875 seconds.
Until Preparation: 0.0005218982696533203.
Until Calculation: 0.0007197856903076172.
Until linalg solve: 0.03348803520202637.
Regression solved in 0.1454 seconds
Training and Evaluating takes 0.013503074645996094 seconds.
Until Preparation: 0.0005178451538085938.
Until Calculation: 0.0006968975067138672.
Until linalg solve: 0.033020973205566406.
Regression solved in 0.1448 seconds
Training and Evaluating takes 0.014896869659423828 seconds.
Until Preparation: 0.00051116943359375.
Until Calculation: 0.0006899833679199219.
Until linalg solve: 0.03251361846923828.
Regression solved in 0.1451 seconds
Training and Evaluating takes 0.013236045837402344 seconds.
Until Preparation: 0.0005209445953369141.
Until Calculation: 0.0007188320159912109.
Until linalg solve: 0.03334403038024902.
Regression solved in 0.1454 seconds
Training and Evaluating takes 0.014597654342651367 seconds.
Until Preparation: 0.00051116943359375.
Until Calculation: 0.0006921291351318359.
Until linalg solve: 0.03212738037109375.
Regression solved in 0.1485 seconds
Training and Evaluating takes 0.013716697692871094 seconds.
Until Preparation: 0.0005221366882324219.
Until Calculation: 0.0007202625274658203.
Until linalg solve: 0.03348398208618164.
Regression solved in 0.1481 seconds
Training and Evaluating takes 0.01477503776550293 seconds.
Until Preparation: 0.0005280971527099609.
Until Calculation: 0.0007288455963134766.
Until linalg solve: 0.03997540473937988.
Regression solved in 0.1608 seconds
Training and Evaluating takes 0.015883445739746094 seconds.
Until Preparation: 0.0005147457122802734.
Until Calculation: 0.0006966590881347656.
Until linalg solve: 0.03920245170593262.
Regression solved in 0.1517 seconds
Training and Evaluating takes 0.013748645782470703 seconds.
Until Preparation: 0.0005147457122802734.
Until Calculation: 0.000713348388671875.
Until linalg solve: 0.04018592834472656.
Regression solved in 0.1528 seconds
Training and Evaluating takes 0.016041994094848633 seconds.
Until Preparation: 0.0005125999450683594.
Until Calculation: 0.0007371902465820312.
Until linalg solve: 0.038820743560791016.
Regression solved in 0.1503 seconds
Training and Evaluating takes 0.012852191925048828 seconds.
Until Preparation: 0.0005385875701904297.
Until Calculation: 0.0007557868957519531.
Until linalg solve: 0.04063534736633301.
Regression solved in 0.1556 seconds
Training and Evaluating takes 0.015380620956420898 seconds.
Until Preparation: 0.0005099773406982422.
Until Calculation: 0.0006890296936035156.
Until linalg solve: 0.03999972343444824.
Regression solved in 0.1517 seconds
Training and Evaluating takes 0.015001058578491211 seconds.
Until Preparation: 0.0005080699920654297.
Until Calculation: 0.0006940364837646484.
Until linalg solve: 0.03946709632873535.
Regression solved in 0.1515 seconds
Training and Evaluating takes 0.012929201126098633 seconds.
Until Preparation: 0.0005230903625488281.
Until Calculation: 0.0007193088531494141.
Until linalg solve: 0.0403592586517334.
Regression solved in 0.1519 seconds
Training and Evaluating takes 0.015940189361572266 seconds.
Until Preparation: 0.0005023479461669922.
Until Calculation: 0.0006825923919677734.
Until linalg solve: 0.03890180587768555.
Regression solved in 0.1506 seconds
Training and Evaluating takes 0.012573003768920898 seconds.
Until Preparation: 0.0005238056182861328.
Until Calculation: 0.0007216930389404297.
Until linalg solve: 0.04064798355102539.
Regression solved in 0.1526 seconds
Training and Evaluating takes 0.015362739562988281 seconds.
Until Preparation: 0.0005125999450683594.
Until Calculation: 0.0006909370422363281.
Until linalg solve: 0.03990316390991211.
Regression solved in 0.1527 seconds
Training and Evaluating takes 0.015083789825439453 seconds.
Until Preparation: 0.0005156993865966797.
Until Calculation: 0.0006923675537109375.
Until linalg solve: 0.03921699523925781.
Regression solved in 0.1509 seconds
Training and Evaluating takes 0.01347661018371582 seconds.
Until Preparation: 0.0005128383636474609.
Until Calculation: 0.0007083415985107422.
Until linalg solve: 0.04037761688232422.
Regression solved in 0.1524 seconds
Training and Evaluating takes 0.015576601028442383 seconds.
Until Preparation: 0.0004901885986328125.
Until Calculation: 0.0006804466247558594.
Until linalg solve: 0.03896760940551758.
Regression solved in 0.1519 seconds
Training and Evaluating takes 0.013776779174804688 seconds.
Until Preparation: 0.0005419254302978516.
Until Calculation: 0.0007719993591308594.
Until linalg solve: 0.04057478904724121.
Regression solved in 0.1523 seconds
Training and Evaluating takes 0.015520334243774414 seconds.
Until Preparation: 0.0005180835723876953.
Until Calculation: 0.0007016658782958984.
Until linalg solve: 0.04017186164855957.
Regression solved in 0.1518 seconds
Training and Evaluating takes 0.014023303985595703 seconds.
Until Preparation: 0.0005130767822265625.
Until Calculation: 0.0006895065307617188.
Until linalg solve: 0.03947091102600098.
Regression solved in 0.1513 seconds
Training and Evaluating takes 0.013098478317260742 seconds.
Until Preparation: 0.0005204677581787109.
Until Calculation: 0.0007605552673339844.
Until linalg solve: 0.04026079177856445.
Regression solved in 0.1519 seconds
Training and Evaluating takes 0.011987447738647461 seconds.
Until Preparation: 0.0005102157592773438.
Until Calculation: 0.0007221698760986328.
Until linalg solve: 0.039095163345336914.
Regression solved in 0.1507 seconds
Training and Evaluating takes 0.002127408981323242 seconds.
Until Preparation: 0.0004978179931640625.
Until Calculation: 0.0006957054138183594.
Until linalg solve: 0.040523529052734375.
Regression solved in 0.1520 seconds
Training and Evaluating takes 0.01629948616027832 seconds.
Until Preparation: 0.0005080699920654297.
Until Calculation: 0.0007174015045166016.
Until linalg solve: 0.040161848068237305.
Regression solved in 0.1514 seconds
Training and Evaluating takes 0.004015207290649414 seconds.
Until Preparation: 0.0004992485046386719.
Until Calculation: 0.0006740093231201172.
Until linalg solve: 0.039188385009765625.
Regression solved in 0.1506 seconds
Training and Evaluating takes 0.013435125350952148 seconds.
Until Preparation: 0.0005087852478027344.
Until Calculation: 0.0007033348083496094.
Until linalg solve: 0.040235042572021484.
Regression solved in 0.1523 seconds
Training and Evaluating takes 0.014612436294555664 seconds.
Until Preparation: 0.0005047321319580078.
Until Calculation: 0.0006859302520751953.
Until linalg solve: 0.038779497146606445.
Regression solved in 0.1499 seconds
Training and Evaluating takes 0.01232600212097168 seconds.
Until Preparation: 0.0005168914794921875.
Until Calculation: 0.0007102489471435547.
Until linalg solve: 0.04047107696533203.
Regression solved in 0.1518 seconds
Training and Evaluating takes 0.015042543411254883 seconds.
Until Preparation: 0.0005133152008056641.
Until Calculation: 0.0007288455963134766.
Until linalg solve: 0.04018282890319824.
Regression solved in 0.1514 seconds
Training and Evaluating takes 0.015384197235107422 seconds.
Until Preparation: 0.0005180835723876953.
Until Calculation: 0.0006976127624511719.
Until linalg solve: 0.039450883865356445.
Regression solved in 0.1509 seconds
Training and Evaluating takes 0.013536691665649414 seconds.
Until Preparation: 0.0005190372467041016.
Until Calculation: 0.0007157325744628906.
Until linalg solve: 0.04033994674682617.
Regression solved in 0.1525 seconds
Training and Evaluating takes 0.01439976692199707 seconds.
Until Preparation: 0.0005168914794921875.
Until Calculation: 0.0006976127624511719.
Until linalg solve: 0.038965463638305664.
Regression solved in 0.1505 seconds
Training and Evaluating takes 0.013674736022949219 seconds.
Until Preparation: 0.000507354736328125.
Until Calculation: 0.0007023811340332031.
Until linalg solve: 0.04052233695983887.
Regression solved in 0.1523 seconds
Training and Evaluating takes 0.016706228256225586 seconds.
Until Preparation: 0.00051116943359375.
Until Calculation: 0.0006973743438720703.
Until linalg solve: 0.04005575180053711.
Regression solved in 0.1551 seconds
Training and Evaluating takes 0.017644643783569336 seconds.
Until Preparation: 0.0005152225494384766.
Until Calculation: 0.0006933212280273438.
Until linalg solve: 0.03920173645019531.
Regression solved in 0.1511 seconds
Training and Evaluating takes 0.0027523040771484375 seconds.
Until Preparation: 0.0005228519439697266.
Until Calculation: 0.0007171630859375.
Until linalg solve: 0.040210723876953125.
Regression solved in 0.1519 seconds
Training and Evaluating takes 0.016019344329833984 seconds.
Until Preparation: 0.0005233287811279297.
Until Calculation: 0.0007028579711914062.
Until linalg solve: 0.03892159461975098.
Regression solved in 0.1504 seconds
Training and Evaluating takes 0.012778520584106445 seconds.
Until Preparation: 0.0005257129669189453.
Until Calculation: 0.0007274150848388672.
Until linalg solve: 0.04062843322753906.
Regression solved in 0.1523 seconds
Training and Evaluating takes 0.016780614852905273 seconds.
Until Preparation: 0.0005221366882324219.
Until Calculation: 0.0007028579711914062.
Until linalg solve: 0.04014325141906738.
Regression solved in 0.1518 seconds
Training and Evaluating takes 0.01650381088256836 seconds.
Until Preparation: 0.0005469322204589844.
Until Calculation: 0.0007493495941162109.
Until linalg solve: 0.039530038833618164.
Regression solved in 0.1516 seconds
Training and Evaluating takes 0.013669013977050781 seconds.
Until Preparation: 0.0005202293395996094.
Until Calculation: 0.0007178783416748047.
Until linalg solve: 0.04045414924621582.
Regression solved in 0.1524 seconds
Training and Evaluating takes 0.015538692474365234 seconds.
Until Preparation: 0.0005261898040771484.
Until Calculation: 0.0007090568542480469.
Until linalg solve: 0.0390322208404541.
Regression solved in 0.1513 seconds
Training and Evaluating takes 0.012857198715209961 seconds.
Until Preparation: 0.0005154609680175781.
Until Calculation: 0.0007100105285644531.
Until linalg solve: 0.04056692123413086.
Regression solved in 0.1530 seconds
Training and Evaluating takes 0.015868186950683594 seconds.
Until Preparation: 0.0005180835723876953.
Until Calculation: 0.0007123947143554688.
Until linalg solve: 0.040041208267211914.
Regression solved in 0.1517 seconds
Training and Evaluating takes 0.01495051383972168 seconds.
Until Preparation: 0.0005245208740234375.
Until Calculation: 0.000705718994140625.
Until linalg solve: 0.03921914100646973.
Regression solved in 0.1512 seconds
Training and Evaluating takes 0.013231515884399414 seconds.
Until Preparation: 0.0005269050598144531.
Until Calculation: 0.0007884502410888672.
Until linalg solve: 0.04027748107910156.
Regression solved in 0.1524 seconds
Training and Evaluating takes 0.014439582824707031 seconds.
Until Preparation: 0.000507354736328125.
Until Calculation: 0.0006906986236572266.
Until linalg solve: 0.03875541687011719.
Regression solved in 0.1584 seconds
Training and Evaluating takes 0.013789892196655273 seconds.
Until Preparation: 0.000522613525390625.
Until Calculation: 0.0007193088531494141.
Until linalg solve: 0.040463924407958984.
Regression solved in 0.1575 seconds
Training and Evaluating takes 0.015432119369506836 seconds.
Until Preparation: 0.0005180835723876953.
Until Calculation: 0.0006999969482421875.
Until linalg solve: 0.03998732566833496.
Regression solved in 0.1574 seconds
Training and Evaluating takes 0.015404224395751953 seconds.
Until Preparation: 0.0005066394805908203.
Until Calculation: 0.0007135868072509766.
Until linalg solve: 0.03950619697570801.
Regression solved in 0.1614 seconds
Training and Evaluating takes 0.013944387435913086 seconds.
Until Preparation: 0.0005717277526855469.
Until Calculation: 0.0007884502410888672.
Until linalg solve: 0.040395259857177734.
Regression solved in 0.1624 seconds
Training and Evaluating takes 0.015530824661254883 seconds.
Until Preparation: 0.0005059242248535156.
Until Calculation: 0.0006833076477050781.
Until linalg solve: 0.03875470161437988.
Regression solved in 0.1511 seconds
Training and Evaluating takes 0.003000497817993164 seconds.
Until Preparation: 0.0005121231079101562.
Until Calculation: 0.0007081031799316406.
Until linalg solve: 0.04041290283203125.
Regression solved in 0.1521 seconds
Training and Evaluating takes 0.015981435775756836 seconds.
Until Preparation: 0.0005207061767578125.
Until Calculation: 0.0007035732269287109.
Until linalg solve: 0.040007829666137695.
Regression solved in 0.1518 seconds
Training and Evaluating takes 0.013795852661132812 seconds.
Until Preparation: 0.0005133152008056641.
Until Calculation: 0.0006973743438720703.
Until linalg solve: 0.039223670959472656.
Regression solved in 0.1509 seconds
Training and Evaluating takes 0.013590335845947266 seconds.
Until Preparation: 0.0005211830139160156.
Until Calculation: 0.0007202625274658203.
Until linalg solve: 0.0403594970703125.
Regression solved in 0.1519 seconds
Training and Evaluating takes 0.015043020248413086 seconds.
Until Preparation: 0.0005152225494384766.
Until Calculation: 0.0007276535034179688.
Until linalg solve: 0.039026737213134766.
Regression solved in 0.1507 seconds
Training and Evaluating takes 0.011751174926757812 seconds.
Until Preparation: 0.0005159378051757812.
Until Calculation: 0.0007145404815673828.
Until linalg solve: 0.04025387763977051.
Regression solved in 0.1523 seconds
Training and Evaluating takes 0.011708974838256836 seconds.
Until Preparation: 0.0005085468292236328.
Until Calculation: 0.0006909370422363281.
Until linalg solve: 0.03988528251647949.
Regression solved in 0.1520 seconds
Training and Evaluating takes 0.003835916519165039 seconds.
Until Preparation: 0.00048804283142089844.
Until Calculation: 0.0006649494171142578.
Until linalg solve: 0.03936052322387695.
Regression solved in 0.1522 seconds
Training and Evaluating takes 0.01307058334350586 seconds.
Until Preparation: 0.0005242824554443359.
Until Calculation: 0.00072479248046875.
Until linalg solve: 0.04033398628234863.
Regression solved in 0.1520 seconds
Training and Evaluating takes 0.004403114318847656 seconds.
Until Preparation: 0.0005002021789550781.
Until Calculation: 0.0007164478302001953.
Until linalg solve: 0.038800954818725586.
Regression solved in 0.1504 seconds
Training and Evaluating takes 0.004378080368041992 seconds.
Until Preparation: 0.0004930496215820312.
Until Calculation: 0.0007205009460449219.
Until linalg solve: 0.040630340576171875.
Regression solved in 0.1524 seconds
Training and Evaluating takes 0.01584768295288086 seconds.
Until Preparation: 0.0005173683166503906.
Until Calculation: 0.0007145404815673828.
Until linalg solve: 0.0401303768157959.
Regression solved in 0.1522 seconds
Training and Evaluating takes 0.015638113021850586 seconds.
Until Preparation: 0.0005161762237548828.
Until Calculation: 0.0006968975067138672.
Until linalg solve: 0.03923439979553223.
Regression solved in 0.1513 seconds
Training and Evaluating takes 0.0140838623046875 seconds.
Until Preparation: 0.0005164146423339844.
Until Calculation: 0.0007174015045166016.
Until linalg solve: 0.04028820991516113.
Regression solved in 0.1527 seconds
Training and Evaluating takes 0.016179561614990234 seconds.
Until Preparation: 0.0004868507385253906.
Until Calculation: 0.0006785392761230469.
Until linalg solve: 0.038728952407836914.
Regression solved in 0.1497 seconds
Training and Evaluating takes 0.012556791305541992 seconds.
Until Preparation: 0.0005130767822265625.
Until Calculation: 0.000713348388671875.
Until linalg solve: 0.04026627540588379.
Regression solved in 0.1512 seconds
Training and Evaluating takes 0.015741586685180664 seconds.
Until Preparation: 0.0005207061767578125.
Until Calculation: 0.0007073879241943359.
Until linalg solve: 0.04008674621582031.
Regression solved in 0.1518 seconds
Training and Evaluating takes 0.013998985290527344 seconds.
Until Preparation: 0.0005056858062744141.
Until Calculation: 0.0006840229034423828.
Until linalg solve: 0.039461374282836914.
Regression solved in 0.1511 seconds
Training and Evaluating takes 0.015339851379394531 seconds.
Until Preparation: 0.0005714893341064453.
Until Calculation: 0.0007855892181396484.
Until linalg solve: 0.04038262367248535.
Regression solved in 0.1571 seconds
Training and Evaluating takes 0.015958547592163086 seconds.
Until Preparation: 0.0005183219909667969.
Until Calculation: 0.0007050037384033203.
Until linalg solve: 0.03905487060546875.
Regression solved in 0.1575 seconds
Training and Evaluating takes 0.0029914379119873047 seconds.
Until Preparation: 0.0005872249603271484.
Until Calculation: 0.0008051395416259766.
Until linalg solve: 0.04059314727783203.
Regression solved in 0.1549 seconds
Training and Evaluating takes 0.015029430389404297 seconds.
Until Preparation: 0.0005118846893310547.
Until Calculation: 0.0006947517395019531.
Until linalg solve: 0.04007983207702637.
Regression solved in 0.1505 seconds
Training and Evaluating takes 0.01424551010131836 seconds.
Until Preparation: 0.0005099773406982422.
Until Calculation: 0.0006890296936035156.
Until linalg solve: 0.03934669494628906.
Regression solved in 0.1568 seconds
Training and Evaluating takes 0.013730764389038086 seconds.
Until Preparation: 0.0005116462707519531.
Until Calculation: 0.0007114410400390625.
Until linalg solve: 0.04034733772277832.
Regression solved in 0.1576 seconds
Training and Evaluating takes 0.015434741973876953 seconds.
Until Preparation: 0.0005199909210205078.
Until Calculation: 0.0007138252258300781.
Until linalg solve: 0.03895878791809082.
Regression solved in 0.1584 seconds
Training and Evaluating takes 0.012878894805908203 seconds.
Until Preparation: 0.0005102157592773438.
Until Calculation: 0.000713348388671875.
Until linalg solve: 0.04047703742980957.
Regression solved in 0.1562 seconds
Training and Evaluating takes 0.006415605545043945 seconds.
Until Preparation: 0.0005025863647460938.
Until Calculation: 0.0006830692291259766.
Until linalg solve: 0.04003190994262695.
Regression solved in 0.1503 seconds
Training and Evaluating takes 0.015474081039428711 seconds.
Until Preparation: 0.0005147457122802734.
Until Calculation: 0.0006992816925048828.
Until linalg solve: 0.03927326202392578.
Regression solved in 0.1496 seconds
Training and Evaluating takes 0.013866424560546875 seconds.
Until Preparation: 0.0005178451538085938.
Until Calculation: 0.0007476806640625.
Until linalg solve: 0.0402836799621582.
Regression solved in 0.1535 seconds
Training and Evaluating takes 0.015420198440551758 seconds.
Until Preparation: 0.0005125999450683594.
Until Calculation: 0.0006968975067138672.
Until linalg solve: 0.03902626037597656.
Regression solved in 0.1512 seconds
Training and Evaluating takes 0.01207423210144043 seconds.
Until Preparation: 0.0005357265472412109.
Until Calculation: 0.0007345676422119141.
Until linalg solve: 0.040669918060302734.
Regression solved in 0.1522 seconds
Training and Evaluating takes 0.015806198120117188 seconds.
Until Preparation: 0.00051116943359375.
Until Calculation: 0.0006959438323974609.
Until linalg solve: 0.039887189865112305.
Regression solved in 0.1600 seconds
Training and Evaluating takes 0.014655590057373047 seconds.
Until Preparation: 0.0005166530609130859.
Until Calculation: 0.0006971359252929688.
Until linalg solve: 0.03923177719116211.
Regression solved in 0.1499 seconds
Training and Evaluating takes 0.013566255569458008 seconds.
Until Preparation: 0.0005197525024414062.
Until Calculation: 0.0007216930389404297.
Until linalg solve: 0.04032111167907715.
Regression solved in 0.1515 seconds
Training and Evaluating takes 0.014440536499023438 seconds.
Until Preparation: 0.0005087852478027344.
Until Calculation: 0.0006906986236572266.
Until linalg solve: 0.03907942771911621.
Regression solved in 0.1505 seconds
Training and Evaluating takes 0.01267552375793457 seconds.
Until Preparation: 0.0005228519439697266.
Until Calculation: 0.0007407665252685547.
Until linalg solve: 0.04053497314453125.
Regression solved in 0.1514 seconds
Training and Evaluating takes 0.014905452728271484 seconds.
Until Preparation: 0.0005159378051757812.
Until Calculation: 0.0006999969482421875.
Until linalg solve: 0.0400843620300293.
Regression solved in 0.1518 seconds
Training and Evaluating takes 0.015003681182861328 seconds.
Until Preparation: 0.0005304813385009766.
Until Calculation: 0.0007145404815673828.
Until linalg solve: 0.03945612907409668.
Regression solved in 0.1508 seconds
Training and Evaluating takes 0.014371633529663086 seconds.
    Permutation 100/100 done
  Permutation p-value: 0.0000  (null mean=0.0990 ± 0.0143)
  Saved: /juice6/u/jshe/nlp/LM_neural_synchrony/playground/control_plots/perm_goal_structure_Misv0.3Misv0.3_L8_L6.png
  Partitioned by 'value_compatibility': compatible=141, conflicting=94, neutral=115  (skipped 100 unlabeled)

  Computing observed gap for 'value_compatibility'...
Until Preparation: 0.0005245208740234375.
Until Calculation: 0.0007510185241699219.
Until linalg solve: 0.04108858108520508.
Regression solved in 0.1519 seconds
Training and Evaluating takes 0.017426490783691406 seconds.
Until Preparation: 0.0005228519439697266.
Until Calculation: 0.0007526874542236328.
Until linalg solve: 0.040255069732666016.
Regression solved in 0.1512 seconds
Training and Evaluating takes 0.014586448669433594 seconds.
Until Preparation: 0.0005166530609130859.
Until Calculation: 0.0007135868072509766.
Until linalg solve: 0.0406804084777832.
Regression solved in 0.1517 seconds
Training and Evaluating takes 0.019322633743286133 seconds.
  Observed gap: 0.1116
  Running 100 permutations...
Until Preparation: 0.0005173683166503906.
Until Calculation: 0.0007414817810058594.
Until linalg solve: 0.0409846305847168.
Regression solved in 0.1519 seconds
Training and Evaluating takes 0.015351295471191406 seconds.
Until Preparation: 0.0005223751068115234.
Until Calculation: 0.0007507801055908203.
Until linalg solve: 0.04034852981567383.
Regression solved in 0.1511 seconds
Training and Evaluating takes 0.0157930850982666 seconds.
Until Preparation: 0.0005249977111816406.
Until Calculation: 0.000720977783203125.
Until linalg solve: 0.04059314727783203.
Regression solved in 0.1514 seconds
Training and Evaluating takes 0.01555776596069336 seconds.
Until Preparation: 0.000530242919921875.
Until Calculation: 0.0007565021514892578.
Until linalg solve: 0.04091620445251465.
Regression solved in 0.1518 seconds
Training and Evaluating takes 0.015302896499633789 seconds.
Until Preparation: 0.0005204677581787109.
Until Calculation: 0.0007185935974121094.
Until linalg solve: 0.040323495864868164.
Regression solved in 0.1517 seconds
Training and Evaluating takes 0.014129877090454102 seconds.
Until Preparation: 0.0005221366882324219.
Until Calculation: 0.000720977783203125.
Until linalg solve: 0.04067850112915039.
Regression solved in 0.1515 seconds
Training and Evaluating takes 0.016788005828857422 seconds.
Until Preparation: 0.0005223751068115234.
Until Calculation: 0.0007503032684326172.
Until linalg solve: 0.04082918167114258.
Regression solved in 0.1514 seconds
Training and Evaluating takes 0.015743017196655273 seconds.
Until Preparation: 0.0005259513854980469.
Until Calculation: 0.0007214546203613281.
Until linalg solve: 0.040380239486694336.
Regression solved in 0.1514 seconds
Training and Evaluating takes 0.015469551086425781 seconds.
Until Preparation: 0.0005114078521728516.
Until Calculation: 0.0007085800170898438.
Until linalg solve: 0.040607452392578125.
Regression solved in 0.1547 seconds
Training and Evaluating takes 0.0163729190826416 seconds.
Until Preparation: 0.0005211830139160156.
Until Calculation: 0.0007431507110595703.
Until linalg solve: 0.04109477996826172.
Regression solved in 0.1532 seconds
Training and Evaluating takes 0.017065763473510742 seconds.
Until Preparation: 0.0005135536193847656.
Until Calculation: 0.0007369518280029297.
Until linalg solve: 0.040287017822265625.
Regression solved in 0.1520 seconds
Training and Evaluating takes 0.014840841293334961 seconds.
Until Preparation: 0.0005135536193847656.
Until Calculation: 0.0007083415985107422.
Until linalg solve: 0.04064130783081055.
Regression solved in 0.1522 seconds
Training and Evaluating takes 0.014787673950195312 seconds.
Until Preparation: 0.0005161762237548828.
Until Calculation: 0.0007545948028564453.
Until linalg solve: 0.04093670845031738.
Regression solved in 0.1525 seconds
Training and Evaluating takes 0.01703786849975586 seconds.
Until Preparation: 0.0005168914794921875.
Until Calculation: 0.0007500648498535156.
Until linalg solve: 0.040369272232055664.
Regression solved in 0.1526 seconds
Training and Evaluating takes 0.014283180236816406 seconds.
Until Preparation: 0.0005183219909667969.
Until Calculation: 0.0007147789001464844.
Until linalg solve: 0.04062938690185547.
Regression solved in 0.1523 seconds
Training and Evaluating takes 0.015597820281982422 seconds.
Until Preparation: 0.0005095005035400391.
Until Calculation: 0.0007371902465820312.
Until linalg solve: 0.040819406509399414.
Regression solved in 0.1523 seconds
Training and Evaluating takes 0.015828847885131836 seconds.
Until Preparation: 0.0005090236663818359.
Until Calculation: 0.0007047653198242188.
Until linalg solve: 0.040248870849609375.
Regression solved in 0.1524 seconds
Training and Evaluating takes 0.01443791389465332 seconds.
Until Preparation: 0.0005097389221191406.
Until Calculation: 0.0006999969482421875.
Until linalg solve: 0.04063272476196289.
Regression solved in 0.1527 seconds
Training and Evaluating takes 0.00508570671081543 seconds.
Until Preparation: 0.0005178451538085938.
Until Calculation: 0.0007433891296386719.
Until linalg solve: 0.041045188903808594.
Regression solved in 0.1529 seconds
Training and Evaluating takes 0.01642322540283203 seconds.
Until Preparation: 0.0005152225494384766.
Until Calculation: 0.0007083415985107422.
Until linalg solve: 0.04029488563537598.
Regression solved in 0.1519 seconds
Training and Evaluating takes 0.014952898025512695 seconds.
Until Preparation: 0.0005097389221191406.
Until Calculation: 0.0007183551788330078.
Until linalg solve: 0.04057455062866211.
Regression solved in 0.1521 seconds
Training and Evaluating takes 0.015280485153198242 seconds.
Until Preparation: 0.0005249977111816406.
Until Calculation: 0.0007510185241699219.
Until linalg solve: 0.04096508026123047.
Regression solved in 0.1538 seconds
Training and Evaluating takes 0.01545572280883789 seconds.
Until Preparation: 0.0005114078521728516.
Until Calculation: 0.0007085800170898438.
Until linalg solve: 0.040189504623413086.
Regression solved in 0.1521 seconds
Training and Evaluating takes 0.012638568878173828 seconds.
Until Preparation: 0.000518798828125.
Until Calculation: 0.0007450580596923828.
Until linalg solve: 0.04078817367553711.
Regression solved in 0.1524 seconds
Training and Evaluating takes 0.015633106231689453 seconds.
Until Preparation: 0.0005199909210205078.
Until Calculation: 0.0007469654083251953.
Until linalg solve: 0.04098248481750488.
Regression solved in 0.1527 seconds
Training and Evaluating takes 0.015632152557373047 seconds.
Until Preparation: 0.0005145072937011719.
Until Calculation: 0.0007109642028808594.
Until linalg solve: 0.040116071701049805.
Regression solved in 0.1520 seconds
Training and Evaluating takes 0.013145208358764648 seconds.
Until Preparation: 0.0005793571472167969.
Until Calculation: 0.0008065700531005859.
Until linalg solve: 0.04068493843078613.
Regression solved in 0.1525 seconds
Training and Evaluating takes 0.022703170776367188 seconds.
Until Preparation: 0.0005195140838623047.
Until Calculation: 0.0007417201995849609.
Until linalg solve: 0.040821075439453125.
Regression solved in 0.1529 seconds
Training and Evaluating takes 0.015253782272338867 seconds.
Until Preparation: 0.0005090236663818359.
Until Calculation: 0.0007009506225585938.
Until linalg solve: 0.040256500244140625.
Regression solved in 0.1518 seconds
Training and Evaluating takes 0.01605963706970215 seconds.
Until Preparation: 0.0005056858062744141.
Until Calculation: 0.0007028579711914062.
Until linalg solve: 0.040555715560913086.
Regression solved in 0.1524 seconds
Training and Evaluating takes 0.01567363739013672 seconds.
Until Preparation: 0.0005214214324951172.
Until Calculation: 0.0007460117340087891.
Until linalg solve: 0.04085969924926758.
Regression solved in 0.1531 seconds
Training and Evaluating takes 0.017180681228637695 seconds.
Until Preparation: 0.0005118846893310547.
Until Calculation: 0.0007388591766357422.
Until linalg solve: 0.04026603698730469.
Regression solved in 0.1526 seconds
Training and Evaluating takes 0.014247894287109375 seconds.
Until Preparation: 0.0005841255187988281.
Until Calculation: 0.0008146762847900391.
Until linalg solve: 0.04070401191711426.
Regression solved in 0.1525 seconds
Training and Evaluating takes 0.016525983810424805 seconds.
Until Preparation: 0.0005254745483398438.
Until Calculation: 0.0007598400115966797.
Until linalg solve: 0.04104328155517578.
Regression solved in 0.1530 seconds
Training and Evaluating takes 0.016168832778930664 seconds.
Until Preparation: 0.0005140304565429688.
Until Calculation: 0.0007407665252685547.
Until linalg solve: 0.04035449028015137.
Regression solved in 0.1523 seconds
Training and Evaluating takes 0.014502525329589844 seconds.
Until Preparation: 0.0005109310150146484.
Until Calculation: 0.0007236003875732422.
Until linalg solve: 0.04044914245605469.
Regression solved in 0.1526 seconds
Training and Evaluating takes 0.015363931655883789 seconds.
Until Preparation: 0.0005109310150146484.
Until Calculation: 0.0007410049438476562.
Until linalg solve: 0.04100346565246582.
Regression solved in 0.1526 seconds
Training and Evaluating takes 0.01667642593383789 seconds.
Until Preparation: 0.0005114078521728516.
Until Calculation: 0.0007092952728271484.
Until linalg solve: 0.04027199745178223.
Regression solved in 0.1517 seconds
Training and Evaluating takes 0.014081478118896484 seconds.
Until Preparation: 0.000518798828125.
Until Calculation: 0.0007245540618896484.
Until linalg solve: 0.04055976867675781.
Regression solved in 0.1524 seconds
Training and Evaluating takes 0.016585111618041992 seconds.
Until Preparation: 0.00051116943359375.
Until Calculation: 0.0007493495941162109.
Until linalg solve: 0.04109811782836914.
Regression solved in 0.1528 seconds
Training and Evaluating takes 0.017520427703857422 seconds.
Until Preparation: 0.0005123615264892578.
Until Calculation: 0.0007171630859375.
Until linalg solve: 0.04012107849121094.
Regression solved in 0.1519 seconds
Training and Evaluating takes 0.013031721115112305 seconds.
Until Preparation: 0.0005087852478027344.
Until Calculation: 0.0007047653198242188.
Until linalg solve: 0.040607452392578125.
Regression solved in 0.1521 seconds
Training and Evaluating takes 0.015846729278564453 seconds.
Until Preparation: 0.0005147457122802734.
Until Calculation: 0.000736236572265625.
Until linalg solve: 0.04096674919128418.
Regression solved in 0.1528 seconds
Training and Evaluating takes 0.016463756561279297 seconds.
Until Preparation: 0.0005147457122802734.
Until Calculation: 0.0007240772247314453.
Until linalg solve: 0.04022479057312012.
Regression solved in 0.1523 seconds
Training and Evaluating takes 0.014595508575439453 seconds.
Until Preparation: 0.0005116462707519531.
Until Calculation: 0.0007061958312988281.
Until linalg solve: 0.0406336784362793.
Regression solved in 0.1526 seconds
Training and Evaluating takes 0.015388727188110352 seconds.
Until Preparation: 0.0005192756652832031.
Until Calculation: 0.0007567405700683594.
Until linalg solve: 0.04085969924926758.
Regression solved in 0.1528 seconds
Training and Evaluating takes 0.015424489974975586 seconds.
Until Preparation: 0.0005311965942382812.
Until Calculation: 0.0007295608520507812.
Until linalg solve: 0.04025745391845703.
Regression solved in 0.1521 seconds
Training and Evaluating takes 0.015732765197753906 seconds.
Until Preparation: 0.0005180835723876953.
Until Calculation: 0.0007166862487792969.
Until linalg solve: 0.04065561294555664.
Regression solved in 0.1529 seconds
Training and Evaluating takes 0.015167474746704102 seconds.
Until Preparation: 0.0005178451538085938.
Until Calculation: 0.0007455348968505859.
Until linalg solve: 0.04077601432800293.
Regression solved in 0.1529 seconds
Training and Evaluating takes 0.00801849365234375 seconds.
Until Preparation: 0.0004982948303222656.
Until Calculation: 0.0007359981536865234.
Until linalg solve: 0.0404050350189209.
Regression solved in 0.1521 seconds
Training and Evaluating takes 0.016080379486083984 seconds.
Until Preparation: 0.0005176067352294922.
Until Calculation: 0.0007159709930419922.
Until linalg solve: 0.04080033302307129.
Regression solved in 0.1525 seconds
Training and Evaluating takes 0.005866527557373047 seconds.
Until Preparation: 0.0004999637603759766.
Until Calculation: 0.0007359981536865234.
Until linalg solve: 0.04085206985473633.
Regression solved in 0.1529 seconds
Training and Evaluating takes 0.01571059226989746 seconds.
Until Preparation: 0.0005013942718505859.
Until Calculation: 0.0006940364837646484.
Until linalg solve: 0.04029655456542969.
Regression solved in 0.1523 seconds
Training and Evaluating takes 0.014229774475097656 seconds.
Until Preparation: 0.0004935264587402344.
Until Calculation: 0.0006868839263916016.
Until linalg solve: 0.04062175750732422.
Regression solved in 0.1544 seconds
Training and Evaluating takes 0.016307592391967773 seconds.
Until Preparation: 0.0005249977111816406.
Until Calculation: 0.0007429122924804688.
Until linalg solve: 0.04108262062072754.
Regression solved in 0.1548 seconds
Training and Evaluating takes 0.016605377197265625 seconds.
Until Preparation: 0.0005221366882324219.
Until Calculation: 0.0007317066192626953.
Until linalg solve: 0.04018402099609375.
Regression solved in 0.1594 seconds
Training and Evaluating takes 0.004166126251220703 seconds.
Until Preparation: 0.0004949569702148438.
Until Calculation: 0.0007123947143554688.
Until linalg solve: 0.04052853584289551.
Regression solved in 0.1599 seconds
Training and Evaluating takes 0.004988908767700195 seconds.
Until Preparation: 0.0005497932434082031.
Until Calculation: 0.0008053779602050781.
Until linalg solve: 0.04101157188415527.
Regression solved in 0.1601 seconds
Training and Evaluating takes 0.01620936393737793 seconds.
Until Preparation: 0.0005688667297363281.
Until Calculation: 0.0007851123809814453.
Until linalg solve: 0.04041862487792969.
Regression solved in 0.1595 seconds
Training and Evaluating takes 0.01640772819519043 seconds.
Until Preparation: 0.0005173683166503906.
Until Calculation: 0.0007145404815673828.
Until linalg solve: 0.04044079780578613.
Regression solved in 0.1596 seconds
Training and Evaluating takes 0.018350601196289062 seconds.
    Permutation 20/100 done
Until Preparation: 0.0005257129669189453.
Until Calculation: 0.0007593631744384766.
Until linalg solve: 0.04093527793884277.
Regression solved in 0.1579 seconds
Training and Evaluating takes 0.005514860153198242 seconds.
Until Preparation: 0.0005030632019042969.
Until Calculation: 0.0007302761077880859.
Until linalg solve: 0.04024505615234375.
Regression solved in 0.1605 seconds
Training and Evaluating takes 0.014885663986206055 seconds.
Until Preparation: 0.0005347728729248047.
Until Calculation: 0.0007662773132324219.
Until linalg solve: 0.04073596000671387.
Regression solved in 0.1533 seconds
Training and Evaluating takes 0.01655888557434082 seconds.
Until Preparation: 0.0004973411560058594.
Until Calculation: 0.0007052421569824219.
Until linalg solve: 0.040894508361816406.
Regression solved in 0.1526 seconds
Training and Evaluating takes 0.005406618118286133 seconds.
Until Preparation: 0.0004942417144775391.
Until Calculation: 0.0007345676422119141.
Until linalg solve: 0.04029393196105957.
Regression solved in 0.1520 seconds
Training and Evaluating takes 0.015098810195922852 seconds.
Until Preparation: 0.00049591064453125.
Until Calculation: 0.0007112026214599609.
Until linalg solve: 0.0406184196472168.
Regression solved in 0.1524 seconds
Training and Evaluating takes 0.0048749446868896484 seconds.
Until Preparation: 0.0005104541778564453.
Until Calculation: 0.0007061958312988281.
Until linalg solve: 0.04089856147766113.
Regression solved in 0.1530 seconds
Training and Evaluating takes 0.008224964141845703 seconds.
Until Preparation: 0.0004940032958984375.
Until Calculation: 0.0007038116455078125.
Until linalg solve: 0.040219783782958984.
Regression solved in 0.1520 seconds
Training and Evaluating takes 0.015139341354370117 seconds.
Until Preparation: 0.0005733966827392578.
Until Calculation: 0.0007977485656738281.
Until linalg solve: 0.04068279266357422.
Regression solved in 0.1549 seconds
Training and Evaluating takes 0.015091419219970703 seconds.
Until Preparation: 0.0005223751068115234.
Until Calculation: 0.0007469654083251953.
Until linalg solve: 0.04086947441101074.
Regression solved in 0.1528 seconds
Training and Evaluating takes 0.016574621200561523 seconds.
Until Preparation: 0.0005161762237548828.
Until Calculation: 0.0007140636444091797.
Until linalg solve: 0.04030108451843262.
Regression solved in 0.1520 seconds
Training and Evaluating takes 0.014943122863769531 seconds.
Until Preparation: 0.0005147457122802734.
Until Calculation: 0.0007114410400390625.
Until linalg solve: 0.04057431221008301.
Regression solved in 0.1534 seconds
Training and Evaluating takes 0.015656471252441406 seconds.
Until Preparation: 0.0005545616149902344.
Until Calculation: 0.0007636547088623047.
Until linalg solve: 0.04103207588195801.
Regression solved in 0.1640 seconds
Training and Evaluating takes 0.01633310317993164 seconds.
Until Preparation: 0.0005285739898681641.
Until Calculation: 0.0007429122924804688.
Until linalg solve: 0.04025864601135254.
Regression solved in 0.1611 seconds
Training and Evaluating takes 0.014810800552368164 seconds.
Until Preparation: 0.0005033016204833984.
Until Calculation: 0.0006957054138183594.
Until linalg solve: 0.04055595397949219.
Regression solved in 0.1547 seconds
Training and Evaluating takes 0.01630878448486328 seconds.
Until Preparation: 0.0005004405975341797.
Until Calculation: 0.0007419586181640625.
Until linalg solve: 0.04099249839782715.
Regression solved in 0.1534 seconds
Training and Evaluating takes 0.01618027687072754 seconds.
Until Preparation: 0.0005109310150146484.
Until Calculation: 0.0007371902465820312.
Until linalg solve: 0.0401914119720459.
Regression solved in 0.1519 seconds
Training and Evaluating takes 0.014876842498779297 seconds.
Until Preparation: 0.000492095947265625.
Until Calculation: 0.0007092952728271484.
Until linalg solve: 0.04056239128112793.
Regression solved in 0.1521 seconds
Training and Evaluating takes 0.006377696990966797 seconds.
Until Preparation: 0.0005269050598144531.
Until Calculation: 0.0007302761077880859.
Until linalg solve: 0.04099392890930176.
Regression solved in 0.1613 seconds
Training and Evaluating takes 0.01893138885498047 seconds.
Until Preparation: 0.0005083084106445312.
Until Calculation: 0.0007081031799316406.
Until linalg solve: 0.04021000862121582.
Regression solved in 0.1634 seconds
Training and Evaluating takes 0.015560626983642578 seconds.
Until Preparation: 0.0005333423614501953.
Until Calculation: 0.0007328987121582031.
Until linalg solve: 0.04066610336303711.
Regression solved in 0.1591 seconds
Training and Evaluating takes 0.014858007431030273 seconds.
Until Preparation: 0.0005252361297607422.
Until Calculation: 0.0007541179656982422.
Until linalg solve: 0.04102611541748047.
Regression solved in 0.1551 seconds
Training and Evaluating takes 0.016196727752685547 seconds.
Until Preparation: 0.0005047321319580078.
Until Calculation: 0.0007445812225341797.
Until linalg solve: 0.040239572525024414.
Regression solved in 0.1516 seconds
Training and Evaluating takes 0.014235258102416992 seconds.
Until Preparation: 0.0005192756652832031.
Until Calculation: 0.0007257461547851562.
Until linalg solve: 0.040543317794799805.
Regression solved in 0.1522 seconds
Training and Evaluating takes 0.014911890029907227 seconds.
Until Preparation: 0.000522613525390625.
Until Calculation: 0.0007228851318359375.
Until linalg solve: 0.04100918769836426.
Regression solved in 0.1529 seconds
Training and Evaluating takes 0.005581855773925781 seconds.
Until Preparation: 0.0005068778991699219.
Until Calculation: 0.0007021427154541016.
Until linalg solve: 0.040172576904296875.
Regression solved in 0.1517 seconds
Training and Evaluating takes 0.014001131057739258 seconds.
Until Preparation: 0.0005090236663818359.
Until Calculation: 0.0007081031799316406.
Until linalg solve: 0.04058051109313965.
Regression solved in 0.1519 seconds
Training and Evaluating takes 0.015155315399169922 seconds.
Until Preparation: 0.0005123615264892578.
Until Calculation: 0.0007584095001220703.
Until linalg solve: 0.04079151153564453.
Regression solved in 0.1521 seconds
Training and Evaluating takes 0.016063451766967773 seconds.
Until Preparation: 0.0005097389221191406.
Until Calculation: 0.0007052421569824219.
Until linalg solve: 0.04032540321350098.
Regression solved in 0.1519 seconds
Training and Evaluating takes 0.015948772430419922 seconds.
Until Preparation: 0.0005137920379638672.
Until Calculation: 0.0007159709930419922.
Until linalg solve: 0.04067111015319824.
Regression solved in 0.1524 seconds
Training and Evaluating takes 0.015506267547607422 seconds.
Until Preparation: 0.0005211830139160156.
Until Calculation: 0.0007216930389404297.
Until linalg solve: 0.040839195251464844.
Regression solved in 0.1525 seconds
Training and Evaluating takes 0.016594648361206055 seconds.
Until Preparation: 0.0005099773406982422.
Until Calculation: 0.0007064342498779297.
Until linalg solve: 0.04026174545288086.
Regression solved in 0.1521 seconds
Training and Evaluating takes 0.015802383422851562 seconds.
Until Preparation: 0.0005133152008056641.
Until Calculation: 0.0007123947143554688.
Until linalg solve: 0.04065346717834473.
Regression solved in 0.1523 seconds
Training and Evaluating takes 0.014767885208129883 seconds.
Until Preparation: 0.0005154609680175781.
Until Calculation: 0.0007421970367431641.
Until linalg solve: 0.0408625602722168.
Regression solved in 0.1525 seconds
Training and Evaluating takes 0.015463829040527344 seconds.
Until Preparation: 0.0005140304565429688.
Until Calculation: 0.0007102489471435547.
Until linalg solve: 0.04038095474243164.
Regression solved in 0.1535 seconds
Training and Evaluating takes 0.01439213752746582 seconds.
Until Preparation: 0.0005156993865966797.
Until Calculation: 0.0007114410400390625.
Until linalg solve: 0.04057955741882324.
Regression solved in 0.1520 seconds
Training and Evaluating takes 0.014981985092163086 seconds.
Until Preparation: 0.0005235671997070312.
Until Calculation: 0.0007195472717285156.
Until linalg solve: 0.040994882583618164.
Regression solved in 0.1528 seconds
Training and Evaluating takes 0.01945209503173828 seconds.
Until Preparation: 0.0005125999450683594.
Until Calculation: 0.0007097721099853516.
Until linalg solve: 0.0403287410736084.
Regression solved in 0.1537 seconds
Training and Evaluating takes 0.015204429626464844 seconds.
Until Preparation: 0.0005166530609130859.
Until Calculation: 0.0007205009460449219.
Until linalg solve: 0.040537118911743164.
Regression solved in 0.1526 seconds
Training and Evaluating takes 0.015378236770629883 seconds.
Until Preparation: 0.0005381107330322266.
Until Calculation: 0.0007448196411132812.
Until linalg solve: 0.04091525077819824.
Regression solved in 0.1526 seconds
Training and Evaluating takes 0.015563488006591797 seconds.
Until Preparation: 0.0004975795745849609.
Until Calculation: 0.0006935596466064453.
Until linalg solve: 0.040172576904296875.
Regression solved in 0.1518 seconds
Training and Evaluating takes 0.006711244583129883 seconds.
Until Preparation: 0.0005104541778564453.
Until Calculation: 0.0007097721099853516.
Until linalg solve: 0.040663957595825195.
Regression solved in 0.1533 seconds
Training and Evaluating takes 0.01667022705078125 seconds.
Until Preparation: 0.0005109310150146484.
Until Calculation: 0.0007443428039550781.
Until linalg solve: 0.04093766212463379.
Regression solved in 0.1528 seconds
Training and Evaluating takes 0.016362428665161133 seconds.
Until Preparation: 0.0004982948303222656.
Until Calculation: 0.0006906986236572266.
Until linalg solve: 0.040265798568725586.
Regression solved in 0.1519 seconds
Training and Evaluating takes 0.0041255950927734375 seconds.
Until Preparation: 0.0005171298980712891.
Until Calculation: 0.0007159709930419922.
Until linalg solve: 0.04060029983520508.
Regression solved in 0.1523 seconds
Training and Evaluating takes 0.013803482055664062 seconds.
Until Preparation: 0.0005037784576416016.
Until Calculation: 0.0007114410400390625.
Until linalg solve: 0.04084324836730957.
Regression solved in 0.1526 seconds
Training and Evaluating takes 0.012995004653930664 seconds.
Until Preparation: 0.0005300045013427734.
Until Calculation: 0.0007603168487548828.
Until linalg solve: 0.04027271270751953.
Regression solved in 0.1589 seconds
Training and Evaluating takes 0.015635251998901367 seconds.
Until Preparation: 0.0005245208740234375.
Until Calculation: 0.0007407665252685547.
Until linalg solve: 0.04073691368103027.
Regression solved in 0.1540 seconds
Training and Evaluating takes 0.0049915313720703125 seconds.
Until Preparation: 0.0005240440368652344.
Until Calculation: 0.0007302761077880859.
Until linalg solve: 0.040799617767333984.
Regression solved in 0.1523 seconds
Training and Evaluating takes 0.015929698944091797 seconds.
Until Preparation: 0.0005252361297607422.
Until Calculation: 0.0007197856903076172.
Until linalg solve: 0.040221214294433594.
Regression solved in 0.1519 seconds
Training and Evaluating takes 0.014940977096557617 seconds.
Until Preparation: 0.0005168914794921875.
Until Calculation: 0.0007145404815673828.
Until linalg solve: 0.04076194763183594.
Regression solved in 0.1531 seconds
Training and Evaluating takes 0.015997648239135742 seconds.
Until Preparation: 0.0005335807800292969.
Until Calculation: 0.000732421875.
Until linalg solve: 0.04097151756286621.
Regression solved in 0.1593 seconds
Training and Evaluating takes 0.016966581344604492 seconds.
Until Preparation: 0.0005242824554443359.
Until Calculation: 0.0007522106170654297.
Until linalg solve: 0.0402371883392334.
Regression solved in 0.1535 seconds
Training and Evaluating takes 0.014361858367919922 seconds.
Until Preparation: 0.000514984130859375.
Until Calculation: 0.0007410049438476562.
Until linalg solve: 0.040730953216552734.
Regression solved in 0.1525 seconds
Training and Evaluating takes 0.015574455261230469 seconds.
Until Preparation: 0.0005245208740234375.
Until Calculation: 0.0007250308990478516.
Until linalg solve: 0.04086494445800781.
Regression solved in 0.1528 seconds
Training and Evaluating takes 0.015352964401245117 seconds.
Until Preparation: 0.0005197525024414062.
Until Calculation: 0.0007176399230957031.
Until linalg solve: 0.04026436805725098.
Regression solved in 0.1529 seconds
Training and Evaluating takes 0.015044689178466797 seconds.
Until Preparation: 0.0005223751068115234.
Until Calculation: 0.0007181167602539062.
Until linalg solve: 0.0406184196472168.
Regression solved in 0.1523 seconds
Training and Evaluating takes 0.016759157180786133 seconds.
Until Preparation: 0.0005211830139160156.
Until Calculation: 0.0007536411285400391.
Until linalg solve: 0.04080557823181152.
Regression solved in 0.1522 seconds
Training and Evaluating takes 0.01597142219543457 seconds.
Until Preparation: 0.0005142688751220703.
Until Calculation: 0.0007092952728271484.
Until linalg solve: 0.040386199951171875.
Regression solved in 0.1518 seconds
Training and Evaluating takes 0.016058921813964844 seconds.
Until Preparation: 0.0005242824554443359.
Until Calculation: 0.0007245540618896484.
Until linalg solve: 0.04078793525695801.
Regression solved in 0.1611 seconds
Training and Evaluating takes 0.015941143035888672 seconds.
    Permutation 40/100 done
Until Preparation: 0.0005235671997070312.
Until Calculation: 0.0007271766662597656.
Until linalg solve: 0.04114890098571777.
Regression solved in 0.1545 seconds
Training and Evaluating takes 0.017863035202026367 seconds.
Until Preparation: 0.0004942417144775391.
Until Calculation: 0.0006880760192871094.
Until linalg solve: 0.040242910385131836.
Regression solved in 0.1564 seconds
Training and Evaluating takes 0.006066560745239258 seconds.
Until Preparation: 0.0004928112030029297.
Until Calculation: 0.0006885528564453125.
Until linalg solve: 0.04038596153259277.
Regression solved in 0.1533 seconds
Training and Evaluating takes 0.017104387283325195 seconds.
Until Preparation: 0.0005116462707519531.
Until Calculation: 0.0007104873657226562.
Until linalg solve: 0.04080700874328613.
Regression solved in 0.1531 seconds
Training and Evaluating takes 0.01710033416748047 seconds.
Until Preparation: 0.0005102157592773438.
Until Calculation: 0.0007073879241943359.
Until linalg solve: 0.04032421112060547.
Regression solved in 0.1521 seconds
Training and Evaluating takes 0.014778852462768555 seconds.
Until Preparation: 0.0005116462707519531.
Until Calculation: 0.0007054805755615234.
Until linalg solve: 0.04063010215759277.
Regression solved in 0.1535 seconds
Training and Evaluating takes 0.015532493591308594 seconds.
Until Preparation: 0.0005183219909667969.
Until Calculation: 0.0007123947143554688.
Until linalg solve: 0.04081082344055176.
Regression solved in 0.1523 seconds
Training and Evaluating takes 0.015682220458984375 seconds.
Until Preparation: 0.0005183219909667969.
Until Calculation: 0.0007157325744628906.
Until linalg solve: 0.040352582931518555.
Regression solved in 0.1521 seconds
Training and Evaluating takes 0.015756607055664062 seconds.
Until Preparation: 0.0005135536193847656.
Until Calculation: 0.0007107257843017578.
Until linalg solve: 0.040613651275634766.
Regression solved in 0.1522 seconds
Training and Evaluating takes 0.02181267738342285 seconds.
Until Preparation: 0.0005002021789550781.
Until Calculation: 0.0007281303405761719.
Until linalg solve: 0.04083371162414551.
Regression solved in 0.1524 seconds
Training and Evaluating takes 0.015321493148803711 seconds.
Until Preparation: 0.000492095947265625.
Until Calculation: 0.0007002353668212891.
Until linalg solve: 0.04025006294250488.
Regression solved in 0.1515 seconds
Training and Evaluating takes 0.004922389984130859 seconds.
Until Preparation: 0.0004963874816894531.
Until Calculation: 0.0006911754608154297.
Until linalg solve: 0.040633201599121094.
Regression solved in 0.1519 seconds
Training and Evaluating takes 0.012176513671875 seconds.
Until Preparation: 0.0005009174346923828.
Until Calculation: 0.0007197856903076172.
Until linalg solve: 0.040949344635009766.
Regression solved in 0.1523 seconds
Training and Evaluating takes 0.016402244567871094 seconds.
Until Preparation: 0.0004954338073730469.
Until Calculation: 0.0006899833679199219.
Until linalg solve: 0.04022073745727539.
Regression solved in 0.1518 seconds
Training and Evaluating takes 0.01739645004272461 seconds.
Until Preparation: 0.0005090236663818359.
Until Calculation: 0.0007045269012451172.
Until linalg solve: 0.04046225547790527.
Regression solved in 0.1540 seconds
Training and Evaluating takes 0.016013145446777344 seconds.
Until Preparation: 0.0005161762237548828.
Until Calculation: 0.000713348388671875.
Until linalg solve: 0.04073691368103027.
Regression solved in 0.1523 seconds
Training and Evaluating takes 0.016877412796020508 seconds.
Until Preparation: 0.000514984130859375.
Until Calculation: 0.0007572174072265625.
Until linalg solve: 0.04042458534240723.
Regression solved in 0.1523 seconds
Training and Evaluating takes 0.014637947082519531 seconds.
Until Preparation: 0.0005152225494384766.
Until Calculation: 0.0007107257843017578.
Until linalg solve: 0.04045581817626953.
Regression solved in 0.1528 seconds
Training and Evaluating takes 0.016169071197509766 seconds.
Until Preparation: 0.00383758544921875.
Until Calculation: 0.004034280776977539.
Until linalg solve: 0.044292449951171875.
Regression solved in 0.1559 seconds
Training and Evaluating takes 0.01524209976196289 seconds.
Until Preparation: 0.0005207061767578125.
Until Calculation: 0.0007188320159912109.
Until linalg solve: 0.04025149345397949.
Regression solved in 0.1517 seconds
Training and Evaluating takes 0.014117240905761719 seconds.
Until Preparation: 0.00052642822265625.
Until Calculation: 0.0007212162017822266.
Until linalg solve: 0.04060792922973633.
Regression solved in 0.1523 seconds
Training and Evaluating takes 0.017750978469848633 seconds.
Until Preparation: 0.0005228519439697266.
Until Calculation: 0.0007171630859375.
Until linalg solve: 0.04095745086669922.
Regression solved in 0.1529 seconds
Training and Evaluating takes 0.016399860382080078 seconds.
Until Preparation: 0.0005190372467041016.
Until Calculation: 0.0007140636444091797.
Until linalg solve: 0.04019451141357422.
Regression solved in 0.1523 seconds
Training and Evaluating takes 0.015372514724731445 seconds.
Until Preparation: 0.0005097389221191406.
Until Calculation: 0.0007035732269287109.
Until linalg solve: 0.04060626029968262.
Regression solved in 0.1524 seconds
Training and Evaluating takes 0.0047779083251953125 seconds.
Until Preparation: 0.0005173683166503906.
Until Calculation: 0.0007123947143554688.
Until linalg solve: 0.04095315933227539.
Regression solved in 0.1528 seconds
Training and Evaluating takes 0.017546653747558594 seconds.
Until Preparation: 0.0005152225494384766.
Until Calculation: 0.000713348388671875.
Until linalg solve: 0.04025888442993164.
Regression solved in 0.1524 seconds
Training and Evaluating takes 0.014339923858642578 seconds.
Until Preparation: 0.0005152225494384766.
Until Calculation: 0.0007135868072509766.
Until linalg solve: 0.04050874710083008.
Regression solved in 0.1521 seconds
Training and Evaluating takes 0.0159451961517334 seconds.
Until Preparation: 0.0005192756652832031.
Until Calculation: 0.0007174015045166016.
Until linalg solve: 0.04105114936828613.
Regression solved in 0.1525 seconds
Training and Evaluating takes 0.015859603881835938 seconds.
Until Preparation: 0.0005121231079101562.
Until Calculation: 0.0006928443908691406.
Until linalg solve: 0.04010796546936035.
Regression solved in 0.1526 seconds
Training and Evaluating takes 0.015147686004638672 seconds.
Until Preparation: 0.000553131103515625.
Until Calculation: 0.0007619857788085938.
Until linalg solve: 0.04077625274658203.
Regression solved in 0.1605 seconds
Training and Evaluating takes 0.01557159423828125 seconds.
Until Preparation: 0.0005347728729248047.
Until Calculation: 0.0007455348968505859.
Until linalg solve: 0.04082441329956055.
Regression solved in 0.1609 seconds
Training and Evaluating takes 0.016400814056396484 seconds.
Until Preparation: 0.0005173683166503906.
Until Calculation: 0.000705718994140625.
Until linalg solve: 0.04012584686279297.
Regression solved in 0.1595 seconds
Training and Evaluating takes 0.0152587890625 seconds.
Until Preparation: 0.0005965232849121094.
Until Calculation: 0.0008373260498046875.
Until linalg solve: 0.04077577590942383.
Regression solved in 0.1537 seconds
Training and Evaluating takes 0.0163571834564209 seconds.
Until Preparation: 0.0005185604095458984.
Until Calculation: 0.0007481575012207031.
Until linalg solve: 0.041037797927856445.
Regression solved in 0.1528 seconds
Training and Evaluating takes 0.015390872955322266 seconds.
Until Preparation: 0.0005087852478027344.
Until Calculation: 0.0007071495056152344.
Until linalg solve: 0.04042196273803711.
Regression solved in 0.1526 seconds
Training and Evaluating takes 0.014319181442260742 seconds.
Until Preparation: 0.0005183219909667969.
Until Calculation: 0.0007417201995849609.
Until linalg solve: 0.04048514366149902.
Regression solved in 0.1523 seconds
Training and Evaluating takes 0.011688470840454102 seconds.
Until Preparation: 0.0005035400390625.
Until Calculation: 0.0007474422454833984.
Until linalg solve: 0.04093575477600098.
Regression solved in 0.1525 seconds
Training and Evaluating takes 0.01710963249206543 seconds.
Until Preparation: 0.0005178451538085938.
Until Calculation: 0.0007138252258300781.
Until linalg solve: 0.04043006896972656.
Regression solved in 0.1521 seconds
Training and Evaluating takes 0.015744686126708984 seconds.
Until Preparation: 0.0005140304565429688.
Until Calculation: 0.0007104873657226562.
Until linalg solve: 0.040485382080078125.
Regression solved in 0.1524 seconds
Training and Evaluating takes 0.014652013778686523 seconds.
Until Preparation: 0.0005156993865966797.
Until Calculation: 0.0007123947143554688.
Until linalg solve: 0.04096508026123047.
Regression solved in 0.1528 seconds
Training and Evaluating takes 0.016411304473876953 seconds.
Until Preparation: 0.0005235671997070312.
Until Calculation: 0.0007185935974121094.
Until linalg solve: 0.040361881256103516.
Regression solved in 0.1517 seconds
Training and Evaluating takes 0.014138936996459961 seconds.
Until Preparation: 0.000522613525390625.
Until Calculation: 0.0007479190826416016.
Until linalg solve: 0.04058241844177246.
Regression solved in 0.1524 seconds
Training and Evaluating takes 0.015529394149780273 seconds.
Until Preparation: 0.0005214214324951172.
Until Calculation: 0.0007135868072509766.
Until linalg solve: 0.04086136817932129.
Regression solved in 0.1527 seconds
Training and Evaluating takes 0.015433073043823242 seconds.
Until Preparation: 0.0005133152008056641.
Until Calculation: 0.0007085800170898438.
Until linalg solve: 0.040225982666015625.
Regression solved in 0.1522 seconds
Training and Evaluating takes 0.015597820281982422 seconds.
Until Preparation: 0.0005133152008056641.
Until Calculation: 0.0007100105285644531.
Until linalg solve: 0.04072308540344238.
Regression solved in 0.1530 seconds
Training and Evaluating takes 0.01600813865661621 seconds.
Until Preparation: 0.0005161762237548828.
Until Calculation: 0.0007188320159912109.
Until linalg solve: 0.04093289375305176.
Regression solved in 0.1551 seconds
Training and Evaluating takes 0.01648402214050293 seconds.
Until Preparation: 0.0005450248718261719.
Until Calculation: 0.0008056163787841797.
Until linalg solve: 0.04020833969116211.
Regression solved in 0.1517 seconds
Training and Evaluating takes 0.014852046966552734 seconds.
Until Preparation: 0.0005180835723876953.
Until Calculation: 0.000713348388671875.
Until linalg solve: 0.04074811935424805.
Regression solved in 0.1527 seconds
Training and Evaluating takes 0.015361309051513672 seconds.
Until Preparation: 0.0005249977111816406.
Until Calculation: 0.000720977783203125.
Until linalg solve: 0.040738821029663086.
Regression solved in 0.1527 seconds
Training and Evaluating takes 0.016521215438842773 seconds.
Until Preparation: 0.0005130767822265625.
Until Calculation: 0.0007092952728271484.
Until linalg solve: 0.040266990661621094.
Regression solved in 0.1534 seconds
Training and Evaluating takes 0.01564788818359375 seconds.
Until Preparation: 0.0005145072937011719.
Until Calculation: 0.0007414817810058594.
Until linalg solve: 0.040659427642822266.
Regression solved in 0.1523 seconds
Training and Evaluating takes 0.015767812728881836 seconds.
Until Preparation: 0.0005190372467041016.
Until Calculation: 0.0007464885711669922.
Until linalg solve: 0.040787696838378906.
Regression solved in 0.1562 seconds
Training and Evaluating takes 0.015930652618408203 seconds.
Until Preparation: 0.0005085468292236328.
Until Calculation: 0.0007035732269287109.
Until linalg solve: 0.04037046432495117.
Regression solved in 0.1533 seconds
Training and Evaluating takes 0.01568293571472168 seconds.
Until Preparation: 0.0005159378051757812.
Until Calculation: 0.000713348388671875.
Until linalg solve: 0.04065346717834473.
Regression solved in 0.1590 seconds
Training and Evaluating takes 0.015114307403564453 seconds.
Until Preparation: 0.0005421638488769531.
Until Calculation: 0.0007419586181640625.
Until linalg solve: 0.04104185104370117.
Regression solved in 0.1587 seconds
Training and Evaluating takes 0.017610788345336914 seconds.
Until Preparation: 0.0005102157592773438.
Until Calculation: 0.0007369518280029297.
Until linalg solve: 0.04014325141906738.
Regression solved in 0.1521 seconds
Training and Evaluating takes 0.015758275985717773 seconds.
Until Preparation: 0.0005130767822265625.
Until Calculation: 0.0007128715515136719.
Until linalg solve: 0.04058051109313965.
Regression solved in 0.1528 seconds
Training and Evaluating takes 0.016245365142822266 seconds.
Until Preparation: 0.0005233287811279297.
Until Calculation: 0.0007212162017822266.
Until linalg solve: 0.04094839096069336.
Regression solved in 0.1536 seconds
Training and Evaluating takes 0.015677690505981445 seconds.
Until Preparation: 0.0005125999450683594.
Until Calculation: 0.0007081031799316406.
Until linalg solve: 0.040158748626708984.
Regression solved in 0.1518 seconds
Training and Evaluating takes 0.014053106307983398 seconds.
Until Preparation: 0.0005207061767578125.
Until Calculation: 0.0007178783416748047.
Until linalg solve: 0.04062294960021973.
Regression solved in 0.1644 seconds
Training and Evaluating takes 0.015636444091796875 seconds.
    Permutation 60/100 done
Until Preparation: 0.0005257129669189453.
Until Calculation: 0.0007250308990478516.
Until linalg solve: 0.041056156158447266.
Regression solved in 0.1529 seconds
Training and Evaluating takes 0.015541791915893555 seconds.
Until Preparation: 0.0005137920379638672.
Until Calculation: 0.0007114410400390625.
Until linalg solve: 0.0401921272277832.
Regression solved in 0.1525 seconds
Training and Evaluating takes 0.014279603958129883 seconds.
Until Preparation: 0.0005135536193847656.
Until Calculation: 0.0007092952728271484.
Until linalg solve: 0.04065966606140137.
Regression solved in 0.1523 seconds
Training and Evaluating takes 0.01569366455078125 seconds.
Until Preparation: 0.0005152225494384766.
Until Calculation: 0.0007109642028808594.
Until linalg solve: 0.04085731506347656.
Regression solved in 0.1526 seconds
Training and Evaluating takes 0.01667165756225586 seconds.
Until Preparation: 0.0005159378051757812.
Until Calculation: 0.0007166862487792969.
Until linalg solve: 0.040160179138183594.
Regression solved in 0.1522 seconds
Training and Evaluating takes 0.014654397964477539 seconds.
Until Preparation: 0.0005090236663818359.
Until Calculation: 0.0007088184356689453.
Until linalg solve: 0.04065752029418945.
Regression solved in 0.1524 seconds
Training and Evaluating takes 0.015683412551879883 seconds.
Until Preparation: 0.0005128383636474609.
Until Calculation: 0.0007417201995849609.
Until linalg solve: 0.04090452194213867.
Regression solved in 0.1526 seconds
Training and Evaluating takes 0.018657922744750977 seconds.
Until Preparation: 0.0005080699920654297.
Until Calculation: 0.000705718994140625.
Until linalg solve: 0.04039907455444336.
Regression solved in 0.1533 seconds
Training and Evaluating takes 0.016221046447753906 seconds.
Until Preparation: 0.0005583763122558594.
Until Calculation: 0.0007884502410888672.
Until linalg solve: 0.04069375991821289.
Regression solved in 0.1525 seconds
Training and Evaluating takes 0.018565893173217773 seconds.
Until Preparation: 0.0005252361297607422.
Until Calculation: 0.0007243156433105469.
Until linalg solve: 0.040804147720336914.
Regression solved in 0.1530 seconds
Training and Evaluating takes 0.016159772872924805 seconds.
Until Preparation: 0.0005125999450683594.
Until Calculation: 0.0007054805755615234.
Until linalg solve: 0.0401918888092041.
Regression solved in 0.1520 seconds
Training and Evaluating takes 0.01486825942993164 seconds.
Until Preparation: 0.0005195140838623047.
Until Calculation: 0.0007143020629882812.
Until linalg solve: 0.040761709213256836.
Regression solved in 0.1528 seconds
Training and Evaluating takes 0.016352176666259766 seconds.
Until Preparation: 0.0005254745483398438.
Until Calculation: 0.0007271766662597656.
Until linalg solve: 0.04106879234313965.
Regression solved in 0.1530 seconds
Training and Evaluating takes 0.016273975372314453 seconds.
Until Preparation: 0.0005192756652832031.
Until Calculation: 0.0007174015045166016.
Until linalg solve: 0.040215253829956055.
Regression solved in 0.1523 seconds
Training and Evaluating takes 0.015505790710449219 seconds.
Until Preparation: 0.0005137920379638672.
Until Calculation: 0.0007140636444091797.
Until linalg solve: 0.04063725471496582.
Regression solved in 0.1527 seconds
Training and Evaluating takes 0.016353607177734375 seconds.
Until Preparation: 0.0005004405975341797.
Until Calculation: 0.0006899833679199219.
Until linalg solve: 0.04102325439453125.
Regression solved in 0.1526 seconds
Training and Evaluating takes 0.01628589630126953 seconds.
Until Preparation: 0.0005140304565429688.
Until Calculation: 0.0007126331329345703.
Until linalg solve: 0.04025697708129883.
Regression solved in 0.1518 seconds
Training and Evaluating takes 0.014889717102050781 seconds.
Until Preparation: 0.00051116943359375.
Until Calculation: 0.0007088184356689453.
Until linalg solve: 0.04044771194458008.
Regression solved in 0.1524 seconds
Training and Evaluating takes 0.01560831069946289 seconds.
Until Preparation: 0.0005185604095458984.
Until Calculation: 0.0007145404815673828.
Until linalg solve: 0.04103446006774902.
Regression solved in 0.1529 seconds
Training and Evaluating takes 0.016393661499023438 seconds.
Until Preparation: 0.0005185604095458984.
Until Calculation: 0.0007181167602539062.
Until linalg solve: 0.040291786193847656.
Regression solved in 0.1529 seconds
Training and Evaluating takes 0.014905929565429688 seconds.
Until Preparation: 0.0005164146423339844.
Until Calculation: 0.0007121562957763672.
Until linalg solve: 0.04053688049316406.
Regression solved in 0.1593 seconds
Training and Evaluating takes 0.015736103057861328 seconds.
Until Preparation: 0.0005300045013427734.
Until Calculation: 0.0007283687591552734.
Until linalg solve: 0.04089808464050293.
Regression solved in 0.1527 seconds
Training and Evaluating takes 0.015402078628540039 seconds.
Until Preparation: 0.0005309581756591797.
Until Calculation: 0.0007483959197998047.
Until linalg solve: 0.040294647216796875.
Regression solved in 0.1618 seconds
Training and Evaluating takes 0.015109777450561523 seconds.
Until Preparation: 0.0005123615264892578.
Until Calculation: 0.0007107257843017578.
Until linalg solve: 0.04062962532043457.
Regression solved in 0.1520 seconds
Training and Evaluating takes 0.014983654022216797 seconds.
Until Preparation: 0.0005168914794921875.
Until Calculation: 0.0007104873657226562.
Until linalg solve: 0.04083418846130371.
Regression solved in 0.1523 seconds
Training and Evaluating takes 0.016835451126098633 seconds.
Until Preparation: 0.000518798828125.
Until Calculation: 0.0007171630859375.
Until linalg solve: 0.040364742279052734.
Regression solved in 0.1530 seconds
Training and Evaluating takes 0.01587986946105957 seconds.
Until Preparation: 0.0005099773406982422.
Until Calculation: 0.0007064342498779297.
Until linalg solve: 0.04058670997619629.
Regression solved in 0.1526 seconds
Training and Evaluating takes 0.015404939651489258 seconds.
Until Preparation: 0.0005209445953369141.
Until Calculation: 0.0007152557373046875.
Until linalg solve: 0.0409393310546875.
Regression solved in 0.1556 seconds
Training and Evaluating takes 0.015563249588012695 seconds.
Until Preparation: 0.0005095005035400391.
Until Calculation: 0.0007071495056152344.
Until linalg solve: 0.0402836799621582.
Regression solved in 0.1578 seconds
Training and Evaluating takes 0.01623249053955078 seconds.
Until Preparation: 0.0005209445953369141.
Until Calculation: 0.0007183551788330078.
Until linalg solve: 0.04053640365600586.
Regression solved in 0.1519 seconds
Training and Evaluating takes 0.016025543212890625 seconds.
Until Preparation: 0.0005135536193847656.
Until Calculation: 0.0007090568542480469.
Until linalg solve: 0.04090070724487305.
Regression solved in 0.1525 seconds
Training and Evaluating takes 0.01573967933654785 seconds.
Until Preparation: 0.0005140304565429688.
Until Calculation: 0.0007712841033935547.
Until linalg solve: 0.040412187576293945.
Regression solved in 0.1526 seconds
Training and Evaluating takes 0.015151500701904297 seconds.
Until Preparation: 0.0005066394805908203.
Until Calculation: 0.0007061958312988281.
Until linalg solve: 0.04051947593688965.
Regression solved in 0.1521 seconds
Training and Evaluating takes 0.014997720718383789 seconds.
Until Preparation: 0.0005190372467041016.
Until Calculation: 0.0007441043853759766.
Until linalg solve: 0.04108142852783203.
Regression solved in 0.1535 seconds
Training and Evaluating takes 0.015779733657836914 seconds.
Until Preparation: 0.0005116462707519531.
Until Calculation: 0.0007352828979492188.
Until linalg solve: 0.04028201103210449.
Regression solved in 0.1520 seconds
Training and Evaluating takes 0.011851787567138672 seconds.
Until Preparation: 0.0005154609680175781.
Until Calculation: 0.0007107257843017578.
Until linalg solve: 0.04059934616088867.
Regression solved in 0.1592 seconds
Training and Evaluating takes 0.015479803085327148 seconds.
Until Preparation: 0.0005249977111816406.
Until Calculation: 0.0007205009460449219.
Until linalg solve: 0.041008949279785156.
Regression solved in 0.1523 seconds
Training and Evaluating takes 0.015972614288330078 seconds.
Until Preparation: 0.0005095005035400391.
Until Calculation: 0.0007052421569824219.
Until linalg solve: 0.040318965911865234.
Regression solved in 0.1524 seconds
Training and Evaluating takes 0.015460491180419922 seconds.
Until Preparation: 0.0005097389221191406.
Until Calculation: 0.0007066726684570312.
Until linalg solve: 0.04049801826477051.
Regression solved in 0.1518 seconds
Training and Evaluating takes 0.01511240005493164 seconds.
Until Preparation: 0.0005142688751220703.
Until Calculation: 0.0007386207580566406.
Until linalg solve: 0.04109525680541992.
Regression solved in 0.1527 seconds
Training and Evaluating takes 0.016715288162231445 seconds.
Until Preparation: 0.0005233287811279297.
Until Calculation: 0.0007188320159912109.
Until linalg solve: 0.04022645950317383.
Regression solved in 0.1520 seconds
Training and Evaluating takes 0.014780998229980469 seconds.
Until Preparation: 0.0005099773406982422.
Until Calculation: 0.0007038116455078125.
Until linalg solve: 0.04043221473693848.
Regression solved in 0.1520 seconds
Training and Evaluating takes 0.014904499053955078 seconds.
Until Preparation: 0.0005185604095458984.
Until Calculation: 0.0007431507110595703.
Until linalg solve: 0.041008949279785156.
Regression solved in 0.1525 seconds
Training and Evaluating takes 0.015842676162719727 seconds.
Until Preparation: 0.0005130767822265625.
Until Calculation: 0.0007081031799316406.
Until linalg solve: 0.04036855697631836.
Regression solved in 0.1522 seconds
Training and Evaluating takes 0.01841878890991211 seconds.
Until Preparation: 0.0004928112030029297.
Until Calculation: 0.0006883144378662109.
Until linalg solve: 0.040489912033081055.
Regression solved in 0.1524 seconds
Training and Evaluating takes 0.0061991214752197266 seconds.
Until Preparation: 0.0005216598510742188.
Until Calculation: 0.0007181167602539062.
Until linalg solve: 0.040978431701660156.
Regression solved in 0.1573 seconds
Training and Evaluating takes 0.016956806182861328 seconds.
Until Preparation: 0.0005280971527099609.
Until Calculation: 0.0007250308990478516.
Until linalg solve: 0.0403134822845459.
Regression solved in 0.1519 seconds
Training and Evaluating takes 0.014988422393798828 seconds.
Until Preparation: 0.0005142688751220703.
Until Calculation: 0.00070953369140625.
Until linalg solve: 0.04047846794128418.
Regression solved in 0.1520 seconds
Training and Evaluating takes 0.014795303344726562 seconds.
Until Preparation: 0.0005221366882324219.
Until Calculation: 0.0007164478302001953.
Until linalg solve: 0.04087352752685547.
Regression solved in 0.1527 seconds
Training and Evaluating takes 0.015586376190185547 seconds.
Until Preparation: 0.0005123615264892578.
Until Calculation: 0.0007352828979492188.
Until linalg solve: 0.04030251502990723.
Regression solved in 0.1523 seconds
Training and Evaluating takes 0.014589548110961914 seconds.
Until Preparation: 0.0005249977111816406.
Until Calculation: 0.000720977783203125.
Until linalg solve: 0.04064226150512695.
Regression solved in 0.1521 seconds
Training and Evaluating takes 0.01587677001953125 seconds.
Until Preparation: 0.0005171298980712891.
Until Calculation: 0.0007119178771972656.
Until linalg solve: 0.04094815254211426.
Regression solved in 0.1524 seconds
Training and Evaluating takes 0.015889883041381836 seconds.
Until Preparation: 0.0005195140838623047.
Until Calculation: 0.0007150173187255859.
Until linalg solve: 0.04022717475891113.
Regression solved in 0.1523 seconds
Training and Evaluating takes 0.014514923095703125 seconds.
Until Preparation: 0.0005087852478027344.
Until Calculation: 0.0007047653198242188.
Until linalg solve: 0.04058670997619629.
Regression solved in 0.1530 seconds
Training and Evaluating takes 0.015016794204711914 seconds.
Until Preparation: 0.0005161762237548828.
Until Calculation: 0.0007123947143554688.
Until linalg solve: 0.0410914421081543.
Regression solved in 0.1527 seconds
Training and Evaluating takes 0.015616893768310547 seconds.
Until Preparation: 0.0005195140838623047.
Until Calculation: 0.0007183551788330078.
Until linalg solve: 0.04027104377746582.
Regression solved in 0.1518 seconds
Training and Evaluating takes 0.015213489532470703 seconds.
Until Preparation: 0.0005643367767333984.
Until Calculation: 0.0007596015930175781.
Until linalg solve: 0.040593624114990234.
Regression solved in 0.1583 seconds
Training and Evaluating takes 0.012613773345947266 seconds.
Until Preparation: 0.0005245208740234375.
Until Calculation: 0.0007503032684326172.
Until linalg solve: 0.04092264175415039.
Regression solved in 0.1529 seconds
Training and Evaluating takes 0.01626110076904297 seconds.
Until Preparation: 0.0005261898040771484.
Until Calculation: 0.0007231235504150391.
Until linalg solve: 0.04041647911071777.
Regression solved in 0.1519 seconds
Training and Evaluating takes 0.014949798583984375 seconds.
Until Preparation: 0.0005080699920654297.
Until Calculation: 0.0007030963897705078.
Until linalg solve: 0.04061555862426758.
Regression solved in 0.1569 seconds
Training and Evaluating takes 0.016112565994262695 seconds.
    Permutation 80/100 done
Until Preparation: 0.000522613525390625.
Until Calculation: 0.0007216930389404297.
Until linalg solve: 0.040807485580444336.
Regression solved in 0.1523 seconds
Training and Evaluating takes 0.01586627960205078 seconds.
Until Preparation: 0.0005104541778564453.
Until Calculation: 0.0007040500640869141.
Until linalg solve: 0.04043173789978027.
Regression solved in 0.1539 seconds
Training and Evaluating takes 0.015009403228759766 seconds.
Until Preparation: 0.0004916191101074219.
Until Calculation: 0.0006995201110839844.
Until linalg solve: 0.040535688400268555.
Regression solved in 0.1522 seconds
Training and Evaluating takes 0.00910329818725586 seconds.
Until Preparation: 0.0005123615264892578.
Until Calculation: 0.0007071495056152344.
Until linalg solve: 0.040859222412109375.
Regression solved in 0.1545 seconds
Training and Evaluating takes 0.015780925750732422 seconds.
Until Preparation: 0.0005228519439697266.
Until Calculation: 0.0007510185241699219.
Until linalg solve: 0.04034566879272461.
Regression solved in 0.1591 seconds
Training and Evaluating takes 0.01478886604309082 seconds.
Until Preparation: 0.0005254745483398438.
Until Calculation: 0.0007305145263671875.
Until linalg solve: 0.040657758712768555.
Regression solved in 0.1528 seconds
Training and Evaluating takes 0.004862070083618164 seconds.
Until Preparation: 0.0005156993865966797.
Until Calculation: 0.0007114410400390625.
Until linalg solve: 0.040950775146484375.
Regression solved in 0.1534 seconds
Training and Evaluating takes 0.016831159591674805 seconds.
Until Preparation: 0.00051116943359375.
Until Calculation: 0.0007085800170898438.
Until linalg solve: 0.0403444766998291.
Regression solved in 0.1519 seconds
Training and Evaluating takes 0.014990806579589844 seconds.
Until Preparation: 0.0005075931549072266.
Until Calculation: 0.0007061958312988281.
Until linalg solve: 0.04044675827026367.
Regression solved in 0.1520 seconds
Training and Evaluating takes 0.014966249465942383 seconds.
Until Preparation: 0.0005190372467041016.
Until Calculation: 0.0007512569427490234.
Until linalg solve: 0.0408480167388916.
Regression solved in 0.1527 seconds
Training and Evaluating takes 0.016489744186401367 seconds.
Until Preparation: 0.0005040168762207031.
Until Calculation: 0.0007002353668212891.
Until linalg solve: 0.04040789604187012.
Regression solved in 0.1523 seconds
Training and Evaluating takes 0.00429987907409668 seconds.
Until Preparation: 0.0004839897155761719.
Until Calculation: 0.0006744861602783203.
Until linalg solve: 0.04058647155761719.
Regression solved in 0.1540 seconds
Training and Evaluating takes 0.007551670074462891 seconds.
Until Preparation: 0.0004973411560058594.
Until Calculation: 0.0006859302520751953.
Until linalg solve: 0.04083085060119629.
Regression solved in 0.1525 seconds
Training and Evaluating takes 0.010364294052124023 seconds.
Until Preparation: 0.0005042552947998047.
Until Calculation: 0.0006964206695556641.
Until linalg solve: 0.04018902778625488.
Regression solved in 0.1574 seconds
Training and Evaluating takes 0.015216588973999023 seconds.
Until Preparation: 0.00049591064453125.
Until Calculation: 0.0006899833679199219.
Until linalg solve: 0.040717124938964844.
Regression solved in 0.1521 seconds
Training and Evaluating takes 0.004932880401611328 seconds.
Until Preparation: 0.0005280971527099609.
Until Calculation: 0.0007541179656982422.
Until linalg solve: 0.04115939140319824.
Regression solved in 0.1531 seconds
Training and Evaluating takes 0.017246484756469727 seconds.
Until Preparation: 0.00051116943359375.
Until Calculation: 0.0007100105285644531.
Until linalg solve: 0.04036211967468262.
Regression solved in 0.1521 seconds
Training and Evaluating takes 0.014850378036499023 seconds.
Until Preparation: 0.0005087852478027344.
Until Calculation: 0.0007119178771972656.
Until linalg solve: 0.040464162826538086.
Regression solved in 0.1520 seconds
Training and Evaluating takes 0.014740228652954102 seconds.
Until Preparation: 0.0005216598510742188.
Until Calculation: 0.0007536411285400391.
Until linalg solve: 0.041031599044799805.
Regression solved in 0.1525 seconds
Training and Evaluating takes 0.01275944709777832 seconds.
Until Preparation: 0.0005125999450683594.
Until Calculation: 0.0007083415985107422.
Until linalg solve: 0.04022932052612305.
Regression solved in 0.1522 seconds
Training and Evaluating takes 0.014662504196166992 seconds.
Until Preparation: 0.0005095005035400391.
Until Calculation: 0.0007045269012451172.
Until linalg solve: 0.040534257888793945.
Regression solved in 0.1529 seconds
Training and Evaluating takes 0.014102935791015625 seconds.
Until Preparation: 0.0005202293395996094.
Until Calculation: 0.0007450580596923828.
Until linalg solve: 0.04080367088317871.
Regression solved in 0.1522 seconds
Training and Evaluating takes 0.011198997497558594 seconds.
Until Preparation: 0.0004942417144775391.
Until Calculation: 0.0006921291351318359.
Until linalg solve: 0.04027891159057617.
Regression solved in 0.1517 seconds
Training and Evaluating takes 0.015636444091796875 seconds.
Until Preparation: 0.0004928112030029297.
Until Calculation: 0.0006873607635498047.
Until linalg solve: 0.04059576988220215.
Regression solved in 0.1522 seconds
Training and Evaluating takes 0.004810333251953125 seconds.
Until Preparation: 0.0005166530609130859.
Until Calculation: 0.0007159709930419922.
Until linalg solve: 0.04081249237060547.
Regression solved in 0.1526 seconds
Training and Evaluating takes 0.006658315658569336 seconds.
Until Preparation: 0.0004985332489013672.
Until Calculation: 0.0006918907165527344.
Until linalg solve: 0.04030776023864746.
Regression solved in 0.1574 seconds
Training and Evaluating takes 0.015062332153320312 seconds.
Until Preparation: 0.0005068778991699219.
Until Calculation: 0.0007050037384033203.
Until linalg solve: 0.04060769081115723.
Regression solved in 0.1543 seconds
Training and Evaluating takes 0.01547384262084961 seconds.
Until Preparation: 0.0005099773406982422.
Until Calculation: 0.0007064342498779297.
Until linalg solve: 0.04087233543395996.
Regression solved in 0.1539 seconds
Training and Evaluating takes 0.0060405731201171875 seconds.
Until Preparation: 0.0004935264587402344.
Until Calculation: 0.0007011890411376953.
Until linalg solve: 0.04034709930419922.
Regression solved in 0.1568 seconds
Training and Evaluating takes 0.015445470809936523 seconds.
Until Preparation: 0.0005331039428710938.
Until Calculation: 0.0007305145263671875.
Until linalg solve: 0.040482521057128906.
Regression solved in 0.1595 seconds
Training and Evaluating takes 0.01543736457824707 seconds.
Until Preparation: 0.0005357265472412109.
Until Calculation: 0.0007641315460205078.
Until linalg solve: 0.04111886024475098.
Regression solved in 0.1537 seconds
Training and Evaluating takes 0.016754865646362305 seconds.
Until Preparation: 0.0005269050598144531.
Until Calculation: 0.0007269382476806641.
Until linalg solve: 0.040366172790527344.
Regression solved in 0.1521 seconds
Training and Evaluating takes 0.014717578887939453 seconds.
Until Preparation: 0.0005314350128173828.
Until Calculation: 0.0007357597351074219.
Until linalg solve: 0.04045367240905762.
Regression solved in 0.1597 seconds
Training and Evaluating takes 0.015303373336791992 seconds.
Until Preparation: 0.0005340576171875.
Until Calculation: 0.0007369518280029297.
Until linalg solve: 0.04094696044921875.
Regression solved in 0.1605 seconds
Training and Evaluating takes 0.016808509826660156 seconds.
Until Preparation: 0.0005424022674560547.
Until Calculation: 0.0007426738739013672.
Until linalg solve: 0.0402829647064209.
Regression solved in 0.1592 seconds
Training and Evaluating takes 0.01565718650817871 seconds.
Until Preparation: 0.0005354881286621094.
Until Calculation: 0.0007414817810058594.
Until linalg solve: 0.040738821029663086.
Regression solved in 0.1583 seconds
Training and Evaluating takes 0.016855716705322266 seconds.
Until Preparation: 0.0006108283996582031.
Until Calculation: 0.0008721351623535156.
Until linalg solve: 0.04101896286010742.
Regression solved in 0.1586 seconds
Training and Evaluating takes 0.017633438110351562 seconds.
Until Preparation: 0.0005605220794677734.
Until Calculation: 0.0008172988891601562.
Until linalg solve: 0.040296077728271484.
Regression solved in 0.1583 seconds
Training and Evaluating takes 0.015622615814208984 seconds.
Until Preparation: 0.000518798828125.
Until Calculation: 0.0007312297821044922.
Until linalg solve: 0.040547847747802734.
Regression solved in 0.1599 seconds
Training and Evaluating takes 0.004854917526245117 seconds.
Until Preparation: 0.0005278587341308594.
Until Calculation: 0.0007455348968505859.
Until linalg solve: 0.040885210037231445.
Regression solved in 0.1604 seconds
Training and Evaluating takes 0.01688241958618164 seconds.
Until Preparation: 0.0005147457122802734.
Until Calculation: 0.0007092952728271484.
Until linalg solve: 0.0401759147644043.
Regression solved in 0.1522 seconds
Training and Evaluating takes 0.01564502716064453 seconds.
Until Preparation: 0.0005135536193847656.
Until Calculation: 0.0007119178771972656.
Until linalg solve: 0.04063296318054199.
Regression solved in 0.1529 seconds
Training and Evaluating takes 0.016119003295898438 seconds.
Until Preparation: 0.000522613525390625.
Until Calculation: 0.0007200241088867188.
Until linalg solve: 0.04102683067321777.
Regression solved in 0.1527 seconds
Training and Evaluating takes 0.016664981842041016 seconds.
Until Preparation: 0.0005145072937011719.
Until Calculation: 0.000720977783203125.
Until linalg solve: 0.04008936882019043.
Regression solved in 0.1514 seconds
Training and Evaluating takes 0.014378786087036133 seconds.
Until Preparation: 0.0005102157592773438.
Until Calculation: 0.00070953369140625.
Until linalg solve: 0.04061245918273926.
Regression solved in 0.1519 seconds
Training and Evaluating takes 0.015094518661499023 seconds.
Until Preparation: 0.0005252361297607422.
Until Calculation: 0.0007281303405761719.
Until linalg solve: 0.04096651077270508.
Regression solved in 0.1523 seconds
Training and Evaluating takes 0.016115903854370117 seconds.
Until Preparation: 0.0005156993865966797.
Until Calculation: 0.0007257461547851562.
Until linalg solve: 0.04022717475891113.
Regression solved in 0.1518 seconds
Training and Evaluating takes 0.014896392822265625 seconds.
Until Preparation: 0.000492095947265625.
Until Calculation: 0.0006968975067138672.
Until linalg solve: 0.040479183197021484.
Regression solved in 0.1519 seconds
Training and Evaluating takes 0.004834175109863281 seconds.
Until Preparation: 0.0005202293395996094.
Until Calculation: 0.0007188320159912109.
Until linalg solve: 0.040953636169433594.
Regression solved in 0.1524 seconds
Training and Evaluating takes 0.016913890838623047 seconds.
Until Preparation: 0.0005180835723876953.
Until Calculation: 0.0007185935974121094.
Until linalg solve: 0.0402064323425293.
Regression solved in 0.1542 seconds
Training and Evaluating takes 0.014594554901123047 seconds.
Until Preparation: 0.0005102157592773438.
Until Calculation: 0.0007073879241943359.
Until linalg solve: 0.04053354263305664.
Regression solved in 0.1568 seconds
Training and Evaluating takes 0.016262531280517578 seconds.
Until Preparation: 0.0005245208740234375.
Until Calculation: 0.0007278919219970703.
Until linalg solve: 0.04099130630493164.
Regression solved in 0.1590 seconds
Training and Evaluating takes 0.01648879051208496 seconds.
Until Preparation: 0.0005373954772949219.
Until Calculation: 0.0007467269897460938.
Until linalg solve: 0.04013323783874512.
Regression solved in 0.1535 seconds
Training and Evaluating takes 0.015228986740112305 seconds.
Until Preparation: 0.0005240440368652344.
Until Calculation: 0.00072479248046875.
Until linalg solve: 0.04066658020019531.
Regression solved in 0.1519 seconds
Training and Evaluating takes 0.01614999771118164 seconds.
Until Preparation: 0.0005269050598144531.
Until Calculation: 0.0007255077362060547.
Until linalg solve: 0.040871620178222656.
Regression solved in 0.1527 seconds
Training and Evaluating takes 0.01958179473876953 seconds.
Until Preparation: 0.0005087852478027344.
Until Calculation: 0.0007045269012451172.
Until linalg solve: 0.0401911735534668.
Regression solved in 0.1536 seconds
Training and Evaluating takes 0.015208244323730469 seconds.
Until Preparation: 0.0005197525024414062.
Until Calculation: 0.0007154941558837891.
Until linalg solve: 0.04076528549194336.
Regression solved in 0.1527 seconds
Training and Evaluating takes 0.015405893325805664 seconds.
Until Preparation: 0.0005269050598144531.
Until Calculation: 0.0007228851318359375.
Until linalg solve: 0.040874481201171875.
Regression solved in 0.1547 seconds
Training and Evaluating takes 0.017903566360473633 seconds.
Until Preparation: 0.0005266666412353516.
Until Calculation: 0.0007500648498535156.
Until linalg solve: 0.04017972946166992.
Regression solved in 0.1518 seconds
Training and Evaluating takes 0.014092683792114258 seconds.
Until Preparation: 0.0005321502685546875.
Until Calculation: 0.0007348060607910156.
Until linalg solve: 0.04073691368103027.
Regression solved in 0.1545 seconds
Training and Evaluating takes 0.016526222229003906 seconds.
    Permutation 100/100 done
  Permutation p-value: 0.0000  (null mean=0.0637 ± 0.0070)
  Saved: /juice6/u/jshe/nlp/LM_neural_synchrony/playground/control_plots/perm_value_compatibility_Misv0.3Misv0.3_L8_L6.png
  Saved: /juice6/u/jshe/nlp/LM_neural_synchrony/playground/control_plots/r2_controls_Misv0.3Misv0.3_L8_L6.png

============================================================
SUMMARY: Misv0.3Misv0.3
============================================================
  Real R² (best layer):     0.7528
  Shuffled R² (best layer): 0.0000 ± 0.0000
  Layer-0 R²:               0.3540
  Improvement over L0:      +0.3988
  Perm test [alignment_binary]: observed_gap=0.1470, null=0.0584±0.0080, p=0.0000
  Perm test [goal_structure]: observed_gap=0.1767, null=0.0990±0.0143, p=0.0000
  Perm test [value_compatibility]: observed_gap=0.1116, null=0.0637±0.0070, p=0.0000

Saved: /juice6/u/jshe/nlp/LM_neural_synchrony/control_analysis_Misv0.3Misv0.3_L8_L6.json
Best layer pair for Misv0.3Misv0.2: A=8, B=4, R²=0.6359

############################################################
Model: Mistral-7B-Instruct-v0.3_None_0_Mistral-7B-Instruct-v0.2_None_0 (Misv0.3Misv0.2)
Layer pair: A=8, B=4
############################################################
Loading features for Mistral-7B-Instruct-v0.3_None_0_Mistral-7B-Instruct-v0.2_None_0...
Loaded 450 episodes

============================================================
Control A: Shuffle-Paired Baseline
============================================================
  Shuffle control: 2142 turns, dim=4096
Until Preparation: 0.0006372928619384766.
Until Calculation: 0.0008957386016845703.
Until linalg solve: 0.046982526779174805.
Regression solved in 0.1624 seconds
Training and Evaluating takes 0.017437219619750977 seconds.
Until Preparation: 0.0005478858947753906.
Until Calculation: 0.00072479248046875.
Until linalg solve: 0.046820878982543945.
Regression solved in 0.1582 seconds
Training and Evaluating takes 0.037291526794433594 seconds.
Until Preparation: 0.0005364418029785156.
Until Calculation: 0.0007119178771972656.
Until linalg solve: 0.04672861099243164.
Regression solved in 0.1584 seconds
Training and Evaluating takes 0.01799297332763672 seconds.
  Real R² (mean over 3 seeds): 0.7148
Until Preparation: 0.0005221366882324219.
Until Calculation: 0.0006997585296630859.
Until linalg solve: 0.046817779541015625.
Regression solved in 0.1594 seconds
Training and Evaluating takes 0.026499509811401367 seconds.
Until Preparation: 0.0013167858123779297.
Until Calculation: 0.0014955997467041016.
Until linalg solve: 0.04744243621826172.
Regression solved in 0.1594 seconds
Training and Evaluating takes 0.027095556259155273 seconds.
Until Preparation: 0.0005366802215576172.
Until Calculation: 0.0007164478302001953.
Until linalg solve: 0.046814918518066406.
Regression solved in 0.1584 seconds
Training and Evaluating takes 0.02236795425415039 seconds.
Until Preparation: 0.0005323886871337891.
Until Calculation: 0.0007319450378417969.
Until linalg solve: 0.04676222801208496.
Regression solved in 0.1613 seconds
Training and Evaluating takes 0.07384228706359863 seconds.
Until Preparation: 0.0005326271057128906.
Until Calculation: 0.0007271766662597656.
Until linalg solve: 0.046752214431762695.
Regression solved in 0.1587 seconds
Training and Evaluating takes 0.06792259216308594 seconds.
Until Preparation: 0.0005526542663574219.
Until Calculation: 0.0007357597351074219.
Until linalg solve: 0.04669070243835449.
Regression solved in 0.1584 seconds
Training and Evaluating takes 0.01790022850036621 seconds.
Until Preparation: 0.0005409717559814453.
Until Calculation: 0.0007233619689941406.
Until linalg solve: 0.046705007553100586.
Regression solved in 0.1584 seconds
Training and Evaluating takes 0.07329916954040527 seconds.
Until Preparation: 0.0005326271057128906.
Until Calculation: 0.0007245540618896484.
Until linalg solve: 0.04675698280334473.
Regression solved in 0.1585 seconds
Training and Evaluating takes 0.07381629943847656 seconds.
Until Preparation: 0.0005328655242919922.
Until Calculation: 0.0007264614105224609.
Until linalg solve: 0.046843767166137695.
Regression solved in 0.1586 seconds
Training and Evaluating takes 0.07347536087036133 seconds.
Until Preparation: 0.0005314350128173828.
Until Calculation: 0.0007221698760986328.
Until linalg solve: 0.04672980308532715.
Regression solved in 0.1583 seconds
Training and Evaluating takes 0.07491135597229004 seconds.
Until Preparation: 0.0005383491516113281.
Until Calculation: 0.0007178783416748047.
Until linalg solve: 0.0467526912689209.
Regression solved in 0.1588 seconds
Training and Evaluating takes 0.07702755928039551 seconds.
Until Preparation: 0.0005290508270263672.
Until Calculation: 0.0007338523864746094.
Until linalg solve: 0.04680132865905762.
Regression solved in 0.1587 seconds
Training and Evaluating takes 0.07132863998413086 seconds.
Until Preparation: 0.0005309581756591797.
Until Calculation: 0.0007221698760986328.
Until linalg solve: 0.04674124717712402.
Regression solved in 0.1593 seconds
Training and Evaluating takes 0.07976007461547852 seconds.
Until Preparation: 0.0005288124084472656.
Until Calculation: 0.0007221698760986328.
Until linalg solve: 0.046675920486450195.
Regression solved in 0.1592 seconds
Training and Evaluating takes 0.0505518913269043 seconds.
Until Preparation: 0.0005269050598144531.
Until Calculation: 0.0007069110870361328.
Until linalg solve: 0.04676961898803711.
Regression solved in 0.1593 seconds
Training and Evaluating takes 0.07499408721923828 seconds.
Until Preparation: 0.0005333423614501953.
Until Calculation: 0.0007112026214599609.
Until linalg solve: 0.04674053192138672.
Regression solved in 0.1593 seconds
Training and Evaluating takes 0.050124406814575195 seconds.
Until Preparation: 0.0005261898040771484.
Until Calculation: 0.0007174015045166016.
Until linalg solve: 0.04668569564819336.
Regression solved in 0.1592 seconds
Training and Evaluating takes 0.02277851104736328 seconds.
Until Preparation: 0.0005273818969726562.
Until Calculation: 0.0007262229919433594.
Until linalg solve: 0.04674172401428223.
Regression solved in 0.1591 seconds
Training and Evaluating takes 0.017197132110595703 seconds.
Until Preparation: 0.0005466938018798828.
Until Calculation: 0.0007231235504150391.
Until linalg solve: 0.04677915573120117.
Regression solved in 0.1594 seconds
Training and Evaluating takes 0.04111981391906738 seconds.
Until Preparation: 0.0005483627319335938.
Until Calculation: 0.0007524490356445312.
Until linalg solve: 0.046822309494018555.
Regression solved in 0.1594 seconds
Training and Evaluating takes 0.07088661193847656 seconds.
Until Preparation: 0.0005321502685546875.
Until Calculation: 0.0007083415985107422.
Until linalg solve: 0.045621633529663086.
Regression solved in 0.1583 seconds
Training and Evaluating takes 0.07528185844421387 seconds.
Until Preparation: 0.0005333423614501953.
Until Calculation: 0.0007128715515136719.
Until linalg solve: 0.0385746955871582.
Regression solved in 0.1512 seconds
Training and Evaluating takes 0.07217049598693848 seconds.
Until Preparation: 0.0005319118499755859.
Until Calculation: 0.0007240772247314453.
Until linalg solve: 0.038590431213378906.
Regression solved in 0.1533 seconds
Training and Evaluating takes 0.07397723197937012 seconds.
Until Preparation: 0.0005228519439697266.
Until Calculation: 0.0007140636444091797.
Until linalg solve: 0.038529157638549805.
Regression solved in 0.1509 seconds
Training and Evaluating takes 0.07327437400817871 seconds.
Until Preparation: 0.0005347728729248047.
Until Calculation: 0.0007266998291015625.
Until linalg solve: 0.03859305381774902.
Regression solved in 0.1507 seconds
Training and Evaluating takes 0.08076810836791992 seconds.
Until Preparation: 0.0005276203155517578.
Until Calculation: 0.0007193088531494141.
Until linalg solve: 0.0386044979095459.
Regression solved in 0.1565 seconds
Training and Evaluating takes 0.07314634323120117 seconds.
Until Preparation: 0.0005447864532470703.
Until Calculation: 0.0007419586181640625.
Until linalg solve: 0.03863334655761719.
Regression solved in 0.1537 seconds
Training and Evaluating takes 0.07344412803649902 seconds.
Until Preparation: 0.0005278587341308594.
Until Calculation: 0.0007200241088867188.
Until linalg solve: 0.04481673240661621.
Regression solved in 0.1566 seconds
Training and Evaluating takes 0.07463479042053223 seconds.
Until Preparation: 0.0005311965942382812.
Until Calculation: 0.0007085800170898438.
Until linalg solve: 0.04674983024597168.
Regression solved in 0.1586 seconds
Training and Evaluating takes 0.01920914649963379 seconds.
Until Preparation: 0.0005209445953369141.
Until Calculation: 0.0006964206695556641.
Until linalg solve: 0.046784162521362305.
Regression solved in 0.1587 seconds
Training and Evaluating takes 0.07442498207092285 seconds.
  Shuffled R² (mean ± std over 10 shuffles): 0.0000 ± 0.0000

============================================================
Control D: Layer-0 Baseline
============================================================
Until Preparation: 0.0005218982696533203.
Until Calculation: 0.0007150173187255859.
Until linalg solve: 0.046653032302856445.
Regression solved in 0.1592 seconds
Training and Evaluating takes 0.07594704627990723 seconds.
Until Preparation: 0.0005285739898681641.
Until Calculation: 0.0007059574127197266.
Until linalg solve: 0.04665875434875488.
Regression solved in 0.1594 seconds
Training and Evaluating takes 0.07186102867126465 seconds.
Until Preparation: 0.0005221366882324219.
Until Calculation: 0.0007240772247314453.
Until linalg solve: 0.0467219352722168.
Regression solved in 0.1584 seconds
Training and Evaluating takes 0.07173275947570801 seconds.
  Best-layer R² (L8→L4): 0.7148
Until Preparation: 0.0005242824554443359.
Until Calculation: 0.0007219314575195312.
Until linalg solve: 0.04674196243286133.
Regression solved in 0.1590 seconds
Training and Evaluating takes 0.07343149185180664 seconds.
Until Preparation: 0.0005366802215576172.
Until Calculation: 0.0007164478302001953.
Until linalg solve: 0.046773433685302734.
Regression solved in 0.1593 seconds
Training and Evaluating takes 0.07563567161560059 seconds.
Until Preparation: 0.0006039142608642578.
Until Calculation: 0.0008587837219238281.
Until linalg solve: 0.046897172927856445.
Regression solved in 0.1588 seconds
Training and Evaluating takes 0.07246780395507812 seconds.
  Layer-0 R² (L0→L0): 0.1664

============================================================
Control E: Permutation Tests on Transfer Gap
============================================================
  Binary alignment split: high(>=0.5)=151, low(<=-0.5)=118

  Computing observed gap for 'alignment_binary'...
Until Preparation: 0.0005259513854980469.
Until Calculation: 0.0007882118225097656.
Until linalg solve: 0.04167580604553223.
Regression solved in 0.1534 seconds
Training and Evaluating takes 0.03221464157104492 seconds.
Until Preparation: 0.0005106925964355469.
Until Calculation: 0.0007064342498779297.
Until linalg solve: 0.04069638252258301.
Regression solved in 0.1527 seconds
Training and Evaluating takes 0.015444517135620117 seconds.
  Observed gap: 0.1799
  Running 100 permutations...
Until Preparation: 0.0005233287811279297.
Until Calculation: 0.0007507801055908203.
Until linalg solve: 0.0414271354675293.
Regression solved in 0.1533 seconds
Training and Evaluating takes 0.03121018409729004 seconds.
Until Preparation: 0.0005164146423339844.
Until Calculation: 0.0007426738739013672.
Until linalg solve: 0.04094338417053223.
Regression solved in 0.1529 seconds
Training and Evaluating takes 0.015339136123657227 seconds.
Until Preparation: 0.0005321502685546875.
Until Calculation: 0.0007581710815429688.
Until linalg solve: 0.04160261154174805.
Regression solved in 0.1535 seconds
Training and Evaluating takes 0.034998416900634766 seconds.
Until Preparation: 0.0005142688751220703.
Until Calculation: 0.0007226467132568359.
Until linalg solve: 0.04083728790283203.
Regression solved in 0.1527 seconds
Training and Evaluating takes 0.015443086624145508 seconds.
Until Preparation: 0.0005235671997070312.
Until Calculation: 0.0007274150848388672.
Until linalg solve: 0.04129743576049805.
Regression solved in 0.1532 seconds
Training and Evaluating takes 0.0333256721496582 seconds.
Until Preparation: 0.0005123615264892578.
Until Calculation: 0.0007090568542480469.
Until linalg solve: 0.040984392166137695.
Regression solved in 0.1528 seconds
Training and Evaluating takes 0.019462108612060547 seconds.
Until Preparation: 0.0005252361297607422.
Until Calculation: 0.000751495361328125.
Until linalg solve: 0.041495323181152344.
Regression solved in 0.1532 seconds
Training and Evaluating takes 0.0353846549987793 seconds.
Until Preparation: 0.0005075931549072266.
Until Calculation: 0.0007398128509521484.
Until linalg solve: 0.04096078872680664.
Regression solved in 0.1524 seconds
Training and Evaluating takes 0.01575613021850586 seconds.
Until Preparation: 0.00052642822265625.
Until Calculation: 0.0007534027099609375.
Until linalg solve: 0.04132676124572754.
Regression solved in 0.1528 seconds
Training and Evaluating takes 0.03165864944458008 seconds.
Until Preparation: 0.0005137920379638672.
Until Calculation: 0.0007090568542480469.
Until linalg solve: 0.040992021560668945.
Regression solved in 0.1527 seconds
Training and Evaluating takes 0.008584737777709961 seconds.
Until Preparation: 0.0005419254302978516.
Until Calculation: 0.0007791519165039062.
Until linalg solve: 0.0414586067199707.
Regression solved in 0.1533 seconds
Training and Evaluating takes 0.03123307228088379 seconds.
Until Preparation: 0.0005145072937011719.
Until Calculation: 0.0007126331329345703.
Until linalg solve: 0.040884971618652344.
Regression solved in 0.1525 seconds
Training and Evaluating takes 0.01555943489074707 seconds.
Until Preparation: 0.0005147457122802734.
Until Calculation: 0.0007417201995849609.
Until linalg solve: 0.041312456130981445.
Regression solved in 0.1527 seconds
Training and Evaluating takes 0.035993099212646484 seconds.
Until Preparation: 0.0005311965942382812.
Until Calculation: 0.0007264614105224609.
Until linalg solve: 0.04108071327209473.
Regression solved in 0.1526 seconds
Training and Evaluating takes 0.016474008560180664 seconds.
Until Preparation: 0.0005288124084472656.
Until Calculation: 0.0007593631744384766.
Until linalg solve: 0.04143953323364258.
Regression solved in 0.1527 seconds
Training and Evaluating takes 0.035883426666259766 seconds.
Until Preparation: 0.0005135536193847656.
Until Calculation: 0.0007462501525878906.
Until linalg solve: 0.040915727615356445.
Regression solved in 0.1522 seconds
Training and Evaluating takes 0.0159609317779541 seconds.
Until Preparation: 0.0005245208740234375.
Until Calculation: 0.0007505416870117188.
Until linalg solve: 0.04149127006530762.
Regression solved in 0.1530 seconds
Training and Evaluating takes 0.01386713981628418 seconds.
Until Preparation: 0.0005059242248535156.
Until Calculation: 0.0007028579711914062.
Until linalg solve: 0.04082536697387695.
Regression solved in 0.1521 seconds
Training and Evaluating takes 0.015608072280883789 seconds.
Until Preparation: 0.0005271434783935547.
Until Calculation: 0.0007581710815429688.
Until linalg solve: 0.04146289825439453.
Regression solved in 0.1532 seconds
Training and Evaluating takes 0.03231334686279297 seconds.
Until Preparation: 0.0005159378051757812.
Until Calculation: 0.0007123947143554688.
Until linalg solve: 0.040895938873291016.
Regression solved in 0.1522 seconds
Training and Evaluating takes 0.016086816787719727 seconds.
Until Preparation: 0.0005192756652832031.
Until Calculation: 0.0007488727569580078.
Until linalg solve: 0.041295528411865234.
Regression solved in 0.1527 seconds
Training and Evaluating takes 0.024924516677856445 seconds.
Until Preparation: 0.0005099773406982422.
Until Calculation: 0.0007016658782958984.
Until linalg solve: 0.040938377380371094.
Regression solved in 0.1530 seconds
Training and Evaluating takes 0.016762495040893555 seconds.
Until Preparation: 0.0005767345428466797.
Until Calculation: 0.0008587837219238281.
Until linalg solve: 0.04148292541503906.
Regression solved in 0.1527 seconds
Training and Evaluating takes 0.03377389907836914 seconds.
Until Preparation: 0.0005166530609130859.
Until Calculation: 0.0007367134094238281.
Until linalg solve: 0.04087686538696289.
Regression solved in 0.1523 seconds
Training and Evaluating takes 0.01673746109008789 seconds.
Until Preparation: 0.0005240440368652344.
Until Calculation: 0.0007627010345458984.
Until linalg solve: 0.0412600040435791.
Regression solved in 0.1534 seconds
Training and Evaluating takes 0.03608107566833496 seconds.
Until Preparation: 0.0005135536193847656.
Until Calculation: 0.0007588863372802734.
Until linalg solve: 0.04120326042175293.
Regression solved in 0.1525 seconds
Training and Evaluating takes 0.012240886688232422 seconds.
Until Preparation: 0.0005176067352294922.
Until Calculation: 0.0007262229919433594.
Until linalg solve: 0.04143214225769043.
Regression solved in 0.1532 seconds
Training and Evaluating takes 0.035248517990112305 seconds.
Until Preparation: 0.0005276203155517578.
Until Calculation: 0.0007321834564208984.
Until linalg solve: 0.04104042053222656.
Regression solved in 0.1525 seconds
Training and Evaluating takes 0.005491018295288086 seconds.
Until Preparation: 0.0005199909210205078.
Until Calculation: 0.0007174015045166016.
Until linalg solve: 0.04156661033630371.
Regression solved in 0.1530 seconds
Training and Evaluating takes 0.01971292495727539 seconds.
Until Preparation: 0.000499725341796875.
Until Calculation: 0.0006918907165527344.
Until linalg solve: 0.04071211814880371.
Regression solved in 0.1520 seconds
Training and Evaluating takes 0.01585078239440918 seconds.
Until Preparation: 0.0005114078521728516.
Until Calculation: 0.0007367134094238281.
Until linalg solve: 0.04141378402709961.
Regression solved in 0.1537 seconds
Training and Evaluating takes 0.031650543212890625 seconds.
Until Preparation: 0.0005161762237548828.
Until Calculation: 0.0007114410400390625.
Until linalg solve: 0.04097580909729004.
Regression solved in 0.1605 seconds
Training and Evaluating takes 0.005642890930175781 seconds.
Until Preparation: 0.0005843639373779297.
Until Calculation: 0.0008535385131835938.
Until linalg solve: 0.04161214828491211.
Regression solved in 0.1626 seconds
Training and Evaluating takes 0.031143903732299805 seconds.
Until Preparation: 0.0006029605865478516.
Until Calculation: 0.0008451938629150391.
Until linalg solve: 0.0408782958984375.
Regression solved in 0.1624 seconds
Training and Evaluating takes 0.01569199562072754 seconds.
Until Preparation: 0.0005435943603515625.
Until Calculation: 0.0007812976837158203.
Until linalg solve: 0.04167342185974121.
Regression solved in 0.1619 seconds
Training and Evaluating takes 0.03178739547729492 seconds.
Until Preparation: 0.0005409717559814453.
Until Calculation: 0.0007493495941162109.
Until linalg solve: 0.04069972038269043.
Regression solved in 0.1621 seconds
Training and Evaluating takes 0.01595020294189453 seconds.
Until Preparation: 0.0005502700805664062.
Until Calculation: 0.0008037090301513672.
Until linalg solve: 0.04162144660949707.
Regression solved in 0.1625 seconds
Training and Evaluating takes 0.03624320030212402 seconds.
Until Preparation: 0.0005052089691162109.
Until Calculation: 0.0007023811340332031.
Until linalg solve: 0.04074907302856445.
Regression solved in 0.1516 seconds
Training and Evaluating takes 0.01618218421936035 seconds.
Until Preparation: 0.0005133152008056641.
Until Calculation: 0.0007097721099853516.
Until linalg solve: 0.04124784469604492.
Regression solved in 0.1531 seconds
Training and Evaluating takes 0.017700672149658203 seconds.
Until Preparation: 0.0005249977111816406.
Until Calculation: 0.0007238388061523438.
Until linalg solve: 0.04106712341308594.
Regression solved in 0.1525 seconds
Training and Evaluating takes 0.005482912063598633 seconds.
    Permutation 20/100 done
Until Preparation: 0.0005095005035400391.
Until Calculation: 0.0007541179656982422.
Until linalg solve: 0.04151773452758789.
Regression solved in 0.1531 seconds
Training and Evaluating takes 0.010126590728759766 seconds.
Until Preparation: 0.0004956722259521484.
Until Calculation: 0.0007069110870361328.
Until linalg solve: 0.04090380668640137.
Regression solved in 0.1525 seconds
Training and Evaluating takes 0.016308307647705078 seconds.
Until Preparation: 0.0005161762237548828.
Until Calculation: 0.0007388591766357422.
Until linalg solve: 0.04138040542602539.
Regression solved in 0.1531 seconds
Training and Evaluating takes 0.033540964126586914 seconds.
Until Preparation: 0.0004999637603759766.
Until Calculation: 0.0007073879241943359.
Until linalg solve: 0.04071974754333496.
Regression solved in 0.1522 seconds
Training and Evaluating takes 0.016600370407104492 seconds.
Until Preparation: 0.00052642822265625.
Until Calculation: 0.0007529258728027344.
Until linalg solve: 0.04151201248168945.
Regression solved in 0.1531 seconds
Training and Evaluating takes 0.034216880798339844 seconds.
Until Preparation: 0.0005216598510742188.
Until Calculation: 0.0007178783416748047.
Until linalg solve: 0.0407099723815918.
Regression solved in 0.1522 seconds
Training and Evaluating takes 0.015911102294921875 seconds.
Until Preparation: 0.0005280971527099609.
Until Calculation: 0.0007536411285400391.
Until linalg solve: 0.041303396224975586.
Regression solved in 0.1527 seconds
Training and Evaluating takes 0.030498266220092773 seconds.
Until Preparation: 0.0005106925964355469.
Until Calculation: 0.0007185935974121094.
Until linalg solve: 0.041022539138793945.
Regression solved in 0.1544 seconds
Training and Evaluating takes 0.007256984710693359 seconds.
Until Preparation: 0.0005118846893310547.
Until Calculation: 0.0007064342498779297.
Until linalg solve: 0.04155230522155762.
Regression solved in 0.1536 seconds
Training and Evaluating takes 0.007192134857177734 seconds.
Until Preparation: 0.0005135536193847656.
Until Calculation: 0.0007138252258300781.
Until linalg solve: 0.04080009460449219.
Regression solved in 0.1523 seconds
Training and Evaluating takes 0.005113363265991211 seconds.
Until Preparation: 0.0005137920379638672.
Until Calculation: 0.0007383823394775391.
Until linalg solve: 0.041461944580078125.
Regression solved in 0.1528 seconds
Training and Evaluating takes 0.008994817733764648 seconds.
Until Preparation: 0.0005102157592773438.
Until Calculation: 0.0007069110870361328.
Until linalg solve: 0.040686845779418945.
Regression solved in 0.1524 seconds
Training and Evaluating takes 0.016603946685791016 seconds.
Until Preparation: 0.0005314350128173828.
Until Calculation: 0.0007617473602294922.
Until linalg solve: 0.041474342346191406.
Regression solved in 0.1536 seconds
Training and Evaluating takes 0.031015396118164062 seconds.
Until Preparation: 0.0005388259887695312.
Until Calculation: 0.0007429122924804688.
Until linalg solve: 0.0408937931060791.
Regression solved in 0.1530 seconds
Training and Evaluating takes 0.007456541061401367 seconds.
Until Preparation: 0.0005156993865966797.
Until Calculation: 0.0007123947143554688.
Until linalg solve: 0.04138541221618652.
Regression solved in 0.1530 seconds
Training and Evaluating takes 0.03256964683532715 seconds.
Until Preparation: 0.0005311965942382812.
Until Calculation: 0.0007359981536865234.
Until linalg solve: 0.04088330268859863.
Regression solved in 0.1525 seconds
Training and Evaluating takes 0.015591144561767578 seconds.
Until Preparation: 0.0005228519439697266.
Until Calculation: 0.0007531642913818359.
Until linalg solve: 0.04131484031677246.
Regression solved in 0.1531 seconds
Training and Evaluating takes 0.021717548370361328 seconds.
Until Preparation: 0.0005106925964355469.
Until Calculation: 0.0007364749908447266.
Until linalg solve: 0.040915489196777344.
Regression solved in 0.1525 seconds
Training and Evaluating takes 0.005748271942138672 seconds.
Until Preparation: 0.0005028247833251953.
Until Calculation: 0.0006997585296630859.
Until linalg solve: 0.04142498970031738.
Regression solved in 0.1529 seconds
Training and Evaluating takes 0.00892186164855957 seconds.
Until Preparation: 0.0005171298980712891.
Until Calculation: 0.0007109642028808594.
Until linalg solve: 0.0409395694732666.
Regression solved in 0.1527 seconds
Training and Evaluating takes 0.016399621963500977 seconds.
Until Preparation: 0.0005090236663818359.
Until Calculation: 0.0007364749908447266.
Until linalg solve: 0.04140663146972656.
Regression solved in 0.1536 seconds
Training and Evaluating takes 0.008196830749511719 seconds.
Until Preparation: 0.0004975795745849609.
Until Calculation: 0.0007059574127197266.
Until linalg solve: 0.04082512855529785.
Regression solved in 0.1522 seconds
Training and Evaluating takes 0.015074491500854492 seconds.
Until Preparation: 0.0005164146423339844.
Until Calculation: 0.0007131099700927734.
Until linalg solve: 0.04130840301513672.
Regression solved in 0.1528 seconds
Training and Evaluating takes 0.029736757278442383 seconds.
Until Preparation: 0.0005083084106445312.
Until Calculation: 0.0007083415985107422.
Until linalg solve: 0.04103827476501465.
Regression solved in 0.1528 seconds
Training and Evaluating takes 0.005346059799194336 seconds.
Until Preparation: 0.0004947185516357422.
Until Calculation: 0.0007205009460449219.
Until linalg solve: 0.041437625885009766.
Regression solved in 0.1529 seconds
Training and Evaluating takes 0.008507728576660156 seconds.
Until Preparation: 0.0004956722259521484.
Until Calculation: 0.0006887912750244141.
Until linalg solve: 0.040853261947631836.
Regression solved in 0.1528 seconds
Training and Evaluating takes 0.01602458953857422 seconds.
Until Preparation: 0.0005228519439697266.
Until Calculation: 0.0007851123809814453.
Until linalg solve: 0.0415034294128418.
Regression solved in 0.1529 seconds
Training and Evaluating takes 0.035451650619506836 seconds.
Until Preparation: 0.0005145072937011719.
Until Calculation: 0.0007114410400390625.
Until linalg solve: 0.040718793869018555.
Regression solved in 0.1521 seconds
Training and Evaluating takes 0.015990018844604492 seconds.
Until Preparation: 0.0005176067352294922.
Until Calculation: 0.00075531005859375.
Until linalg solve: 0.041490793228149414.
Regression solved in 0.1528 seconds
Training and Evaluating takes 0.031746864318847656 seconds.
Until Preparation: 0.000514984130859375.
Until Calculation: 0.0007088184356689453.
Until linalg solve: 0.04093647003173828.
Regression solved in 0.1517 seconds
Training and Evaluating takes 0.015479326248168945 seconds.
Until Preparation: 0.0005199909210205078.
Until Calculation: 0.0007140636444091797.
Until linalg solve: 0.04137301445007324.
Regression solved in 0.1525 seconds
Training and Evaluating takes 0.035034894943237305 seconds.
Until Preparation: 0.0005218982696533203.
Until Calculation: 0.0007185935974121094.
Until linalg solve: 0.041004180908203125.
Regression solved in 0.1562 seconds
Training and Evaluating takes 0.016045331954956055 seconds.
Until Preparation: 0.0005285739898681641.
Until Calculation: 0.0007662773132324219.
Until linalg solve: 0.04151511192321777.
Regression solved in 0.1531 seconds
Training and Evaluating takes 0.03145027160644531 seconds.
Until Preparation: 0.0005297660827636719.
Until Calculation: 0.0007355213165283203.
Until linalg solve: 0.04085111618041992.
Regression solved in 0.1525 seconds
Training and Evaluating takes 0.015673160552978516 seconds.
Until Preparation: 0.0005362033843994141.
Until Calculation: 0.0007648468017578125.
Until linalg solve: 0.041432857513427734.
Regression solved in 0.1524 seconds
Training and Evaluating takes 0.030160188674926758 seconds.
Until Preparation: 0.0005156993865966797.
Until Calculation: 0.0007097721099853516.
Until linalg solve: 0.04095458984375.
Regression solved in 0.1524 seconds
Training and Evaluating takes 0.013997554779052734 seconds.
Until Preparation: 0.0005233287811279297.
Until Calculation: 0.0007214546203613281.
Until linalg solve: 0.04134845733642578.
Regression solved in 0.1524 seconds
Training and Evaluating takes 0.033074140548706055 seconds.
Until Preparation: 0.0005173683166503906.
Until Calculation: 0.0007460117340087891.
Until linalg solve: 0.040968894958496094.
Regression solved in 0.1520 seconds
Training and Evaluating takes 0.01725172996520996 seconds.
Until Preparation: 0.0005197525024414062.
Until Calculation: 0.0007152557373046875.
Until linalg solve: 0.04140782356262207.
Regression solved in 0.1521 seconds
Training and Evaluating takes 0.03350210189819336 seconds.
Until Preparation: 0.0005118846893310547.
Until Calculation: 0.0007176399230957031.
Until linalg solve: 0.040921688079833984.
Regression solved in 0.1517 seconds
Training and Evaluating takes 0.0165250301361084 seconds.
    Permutation 40/100 done
Until Preparation: 0.0005180835723876953.
Until Calculation: 0.0007116794586181641.
Until linalg solve: 0.041478872299194336.
Regression solved in 0.1521 seconds
Training and Evaluating takes 0.03254818916320801 seconds.
Until Preparation: 0.0005292892456054688.
Until Calculation: 0.0007245540618896484.
Until linalg solve: 0.041001319885253906.
Regression solved in 0.1515 seconds
Training and Evaluating takes 0.015717506408691406 seconds.
Until Preparation: 0.0005311965942382812.
Until Calculation: 0.0007309913635253906.
Until linalg solve: 0.041561126708984375.
Regression solved in 0.1520 seconds
Training and Evaluating takes 0.034508466720581055 seconds.
Until Preparation: 0.0005166530609130859.
Until Calculation: 0.0007150173187255859.
Until linalg solve: 0.04088020324707031.
Regression solved in 0.1517 seconds
Training and Evaluating takes 0.016430139541625977 seconds.
Until Preparation: 0.0005202293395996094.
Until Calculation: 0.0007152557373046875.
Until linalg solve: 0.04140591621398926.
Regression solved in 0.1521 seconds
Training and Evaluating takes 0.03641557693481445 seconds.
Until Preparation: 0.0005142688751220703.
Until Calculation: 0.0007433891296386719.
Until linalg solve: 0.04094815254211426.
Regression solved in 0.1521 seconds
Training and Evaluating takes 0.016157150268554688 seconds.
Until Preparation: 0.0005145072937011719.
Until Calculation: 0.0007207393646240234.
Until linalg solve: 0.04135441780090332.
Regression solved in 0.1525 seconds
Training and Evaluating takes 0.0353853702545166 seconds.
Until Preparation: 0.000518798828125.
Until Calculation: 0.0007171630859375.
Until linalg solve: 0.04103541374206543.
Regression solved in 0.1516 seconds
Training and Evaluating takes 0.016614913940429688 seconds.
Until Preparation: 0.0005156993865966797.
Until Calculation: 0.0007138252258300781.
Until linalg solve: 0.04140830039978027.
Regression solved in 0.1516 seconds
Training and Evaluating takes 0.010114192962646484 seconds.
Until Preparation: 0.00049591064453125.
Until Calculation: 0.0006949901580810547.
Until linalg solve: 0.04088735580444336.
Regression solved in 0.1532 seconds
Training and Evaluating takes 0.01554107666015625 seconds.
Until Preparation: 0.0005180835723876953.
Until Calculation: 0.0007159709930419922.
Until linalg solve: 0.041469573974609375.
Regression solved in 0.1518 seconds
Training and Evaluating takes 0.03449606895446777 seconds.
Until Preparation: 0.0005159378051757812.
Until Calculation: 0.0007283687591552734.
Until linalg solve: 0.04085993766784668.
Regression solved in 0.1510 seconds
Training and Evaluating takes 0.016177892684936523 seconds.
Until Preparation: 0.0005197525024414062.
Until Calculation: 0.0007627010345458984.
Until linalg solve: 0.04142045974731445.
Regression solved in 0.1520 seconds
Training and Evaluating takes 0.03573918342590332 seconds.
Until Preparation: 0.0005238056182861328.
Until Calculation: 0.0007250308990478516.
Until linalg solve: 0.04085731506347656.
Regression solved in 0.1521 seconds
Training and Evaluating takes 0.016060352325439453 seconds.
Until Preparation: 0.0004954338073730469.
Until Calculation: 0.0006933212280273438.
Until linalg solve: 0.04131484031677246.
Regression solved in 0.1520 seconds
Training and Evaluating takes 0.031093120574951172 seconds.
Until Preparation: 0.0005197525024414062.
Until Calculation: 0.0007188320159912109.
Until linalg solve: 0.040993452072143555.
Regression solved in 0.1537 seconds
Training and Evaluating takes 0.015385150909423828 seconds.
Until Preparation: 0.0005164146423339844.
Until Calculation: 0.0007424354553222656.
Until linalg solve: 0.04151654243469238.
Regression solved in 0.1537 seconds
Training and Evaluating takes 0.03088545799255371 seconds.
Until Preparation: 0.0005214214324951172.
Until Calculation: 0.0007159709930419922.
Until linalg solve: 0.040817975997924805.
Regression solved in 0.1516 seconds
Training and Evaluating takes 0.015684127807617188 seconds.
Until Preparation: 0.0005218982696533203.
Until Calculation: 0.0007181167602539062.
Until linalg solve: 0.0414121150970459.
Regression solved in 0.1533 seconds
Training and Evaluating takes 0.03404879570007324 seconds.
Until Preparation: 0.0005137920379638672.
Until Calculation: 0.0007145404815673828.
Until linalg solve: 0.0409696102142334.
Regression solved in 0.1516 seconds
Training and Evaluating takes 0.016601085662841797 seconds.
Until Preparation: 0.0005419254302978516.
Until Calculation: 0.0007679462432861328.
Until linalg solve: 0.041478872299194336.
Regression solved in 0.1520 seconds
Training and Evaluating takes 0.03451704978942871 seconds.
Until Preparation: 0.0005247592926025391.
Until Calculation: 0.00075531005859375.
Until linalg solve: 0.04080820083618164.
Regression solved in 0.1516 seconds
Training and Evaluating takes 0.015617132186889648 seconds.
Until Preparation: 0.0005216598510742188.
Until Calculation: 0.0007531642913818359.
Until linalg solve: 0.04163193702697754.
Regression solved in 0.1546 seconds
Training and Evaluating takes 0.03106999397277832 seconds.
Until Preparation: 0.0005204677581787109.
Until Calculation: 0.0007793903350830078.
Until linalg solve: 0.04091191291809082.
Regression solved in 0.1522 seconds
Training and Evaluating takes 0.015920400619506836 seconds.
Until Preparation: 0.0005106925964355469.
Until Calculation: 0.0007085800170898438.
Until linalg solve: 0.041449785232543945.
Regression solved in 0.1529 seconds
Training and Evaluating takes 0.03072834014892578 seconds.
Until Preparation: 0.0005156993865966797.
Until Calculation: 0.0007116794586181641.
Until linalg solve: 0.040850162506103516.
Regression solved in 0.1514 seconds
Training and Evaluating takes 0.011797428131103516 seconds.
Until Preparation: 0.0005338191986083984.
Until Calculation: 0.0007615089416503906.
Until linalg solve: 0.04154801368713379.
Regression solved in 0.1533 seconds
Training and Evaluating takes 0.03435039520263672 seconds.
Until Preparation: 0.0005397796630859375.
Until Calculation: 0.000736236572265625.
Until linalg solve: 0.04087400436401367.
Regression solved in 0.1524 seconds
Training and Evaluating takes 0.01954364776611328 seconds.
Until Preparation: 0.0005252361297607422.
Until Calculation: 0.0007252693176269531.
Until linalg solve: 0.04156947135925293.
Regression solved in 0.1527 seconds
Training and Evaluating takes 0.030825376510620117 seconds.
Until Preparation: 0.0005278587341308594.
Until Calculation: 0.0007245540618896484.
Until linalg solve: 0.04079771041870117.
Regression solved in 0.1521 seconds
Training and Evaluating takes 0.016058921813964844 seconds.
Until Preparation: 0.0005307197570800781.
Until Calculation: 0.0007610321044921875.
Until linalg solve: 0.04158425331115723.
Regression solved in 0.1529 seconds
Training and Evaluating takes 0.030696630477905273 seconds.
Until Preparation: 0.0005230903625488281.
Until Calculation: 0.000720977783203125.
Until linalg solve: 0.04072260856628418.
Regression solved in 0.1520 seconds
Training and Evaluating takes 0.015012025833129883 seconds.
Until Preparation: 0.0005295276641845703.
Until Calculation: 0.0007274150848388672.
Until linalg solve: 0.04134988784790039.
Regression solved in 0.1530 seconds
Training and Evaluating takes 0.03151512145996094 seconds.
Until Preparation: 0.0005152225494384766.
Until Calculation: 0.0007107257843017578.
Until linalg solve: 0.04095721244812012.
Regression solved in 0.1520 seconds
Training and Evaluating takes 0.01626133918762207 seconds.
Until Preparation: 0.0005304813385009766.
Until Calculation: 0.0007312297821044922.
Until linalg solve: 0.0413820743560791.
Regression solved in 0.1526 seconds
Training and Evaluating takes 0.0359647274017334 seconds.
Until Preparation: 0.0005066394805908203.
Until Calculation: 0.0006992816925048828.
Until linalg solve: 0.04088139533996582.
Regression solved in 0.1524 seconds
Training and Evaluating takes 0.005328655242919922 seconds.
Until Preparation: 0.0005257129669189453.
Until Calculation: 0.0007266998291015625.
Until linalg solve: 0.041291236877441406.
Regression solved in 0.1520 seconds
Training and Evaluating takes 0.029407024383544922 seconds.
Until Preparation: 0.0005388259887695312.
Until Calculation: 0.0007793903350830078.
Until linalg solve: 0.041100263595581055.
Regression solved in 0.1520 seconds
Training and Evaluating takes 0.015601634979248047 seconds.
Until Preparation: 0.0005214214324951172.
Until Calculation: 0.0007469654083251953.
Until linalg solve: 0.04144620895385742.
Regression solved in 0.1520 seconds
Training and Evaluating takes 0.030511140823364258 seconds.
Until Preparation: 0.000518798828125.
Until Calculation: 0.0007150173187255859.
Until linalg solve: 0.04084920883178711.
Regression solved in 0.1510 seconds
Training and Evaluating takes 0.01713728904724121 seconds.
    Permutation 60/100 done
Until Preparation: 0.0005128383636474609.
Until Calculation: 0.0007107257843017578.
Until linalg solve: 0.04131340980529785.
Regression solved in 0.1521 seconds
Training and Evaluating takes 0.03247666358947754 seconds.
Until Preparation: 0.0005121231079101562.
Until Calculation: 0.0007100105285644531.
Until linalg solve: 0.04099750518798828.
Regression solved in 0.1517 seconds
Training and Evaluating takes 0.015572309494018555 seconds.
Until Preparation: 0.0005190372467041016.
Until Calculation: 0.0007543563842773438.
Until linalg solve: 0.04143953323364258.
Regression solved in 0.1522 seconds
Training and Evaluating takes 0.03336000442504883 seconds.
Until Preparation: 0.0005216598510742188.
Until Calculation: 0.0007214546203613281.
Until linalg solve: 0.04086899757385254.
Regression solved in 0.1514 seconds
Training and Evaluating takes 0.015848159790039062 seconds.
Until Preparation: 0.0005054473876953125.
Until Calculation: 0.0006992816925048828.
Until linalg solve: 0.041396141052246094.
Regression solved in 0.1524 seconds
Training and Evaluating takes 0.03292083740234375 seconds.
Until Preparation: 0.0005209445953369141.
Until Calculation: 0.0007185935974121094.
Until linalg solve: 0.0406954288482666.
Regression solved in 0.1514 seconds
Training and Evaluating takes 0.016149044036865234 seconds.
Until Preparation: 0.0005245208740234375.
Until Calculation: 0.0007276535034179688.
Until linalg solve: 0.04145479202270508.
Regression solved in 0.1528 seconds
Training and Evaluating takes 0.03369545936584473 seconds.
Until Preparation: 0.0005209445953369141.
Until Calculation: 0.0007178783416748047.
Until linalg solve: 0.0409235954284668.
Regression solved in 0.1521 seconds
Training and Evaluating takes 0.016107559204101562 seconds.
Until Preparation: 0.0005204677581787109.
Until Calculation: 0.0007159709930419922.
Until linalg solve: 0.04132342338562012.
Regression solved in 0.1525 seconds
Training and Evaluating takes 0.03200840950012207 seconds.
Until Preparation: 0.0005121231079101562.
Until Calculation: 0.0007076263427734375.
Until linalg solve: 0.041129350662231445.
Regression solved in 0.1525 seconds
Training and Evaluating takes 0.016760587692260742 seconds.
Until Preparation: 0.0005192756652832031.
Until Calculation: 0.0007491111755371094.
Until linalg solve: 0.04140925407409668.
Regression solved in 0.1527 seconds
Training and Evaluating takes 0.03184866905212402 seconds.
Until Preparation: 0.0005161762237548828.
Until Calculation: 0.0007104873657226562.
Until linalg solve: 0.04092693328857422.
Regression solved in 0.1521 seconds
Training and Evaluating takes 0.016093969345092773 seconds.
Until Preparation: 0.0005300045013427734.
Until Calculation: 0.0007245540618896484.
Until linalg solve: 0.0412900447845459.
Regression solved in 0.1527 seconds
Training and Evaluating takes 0.03181719779968262 seconds.
Until Preparation: 0.0005128383636474609.
Until Calculation: 0.0007050037384033203.
Until linalg solve: 0.04102635383605957.
Regression solved in 0.1521 seconds
Training and Evaluating takes 0.016241788864135742 seconds.
Until Preparation: 0.0005247592926025391.
Until Calculation: 0.0007624626159667969.
Until linalg solve: 0.041358232498168945.
Regression solved in 0.1525 seconds
Training and Evaluating takes 0.03499603271484375 seconds.
Until Preparation: 0.0005245208740234375.
Until Calculation: 0.0007250308990478516.
Until linalg solve: 0.0409853458404541.
Regression solved in 0.1522 seconds
Training and Evaluating takes 0.01608562469482422 seconds.
Until Preparation: 0.0005307197570800781.
Until Calculation: 0.0007274150848388672.
Until linalg solve: 0.04148364067077637.
Regression solved in 0.1525 seconds
Training and Evaluating takes 0.032042741775512695 seconds.
Until Preparation: 0.000518798828125.
Until Calculation: 0.0007171630859375.
Until linalg solve: 0.04080772399902344.
Regression solved in 0.1516 seconds
Training and Evaluating takes 0.015607118606567383 seconds.
Until Preparation: 0.0005271434783935547.
Until Calculation: 0.0007548332214355469.
Until linalg solve: 0.04153251647949219.
Regression solved in 0.1524 seconds
Training and Evaluating takes 0.031143665313720703 seconds.
Until Preparation: 0.0005269050598144531.
Until Calculation: 0.0007226467132568359.
Until linalg solve: 0.04087662696838379.
Regression solved in 0.1517 seconds
Training and Evaluating takes 0.01651620864868164 seconds.
Until Preparation: 0.0005278587341308594.
Until Calculation: 0.0007994174957275391.
Until linalg solve: 0.04146838188171387.
Regression solved in 0.1514 seconds
Training and Evaluating takes 0.03415560722351074 seconds.
Until Preparation: 0.0005176067352294922.
Until Calculation: 0.0007143020629882812.
Until linalg solve: 0.040909528732299805.
Regression solved in 0.1508 seconds
Training and Evaluating takes 0.01635885238647461 seconds.
Until Preparation: 0.0005192756652832031.
Until Calculation: 0.0007193088531494141.
Until linalg solve: 0.04142189025878906.
Regression solved in 0.1517 seconds
Training and Evaluating takes 0.03493452072143555 seconds.
Until Preparation: 0.0004951953887939453.
Until Calculation: 0.0006878376007080078.
Until linalg solve: 0.0409235954284668.
Regression solved in 0.1511 seconds
Training and Evaluating takes 0.01660752296447754 seconds.
Until Preparation: 0.0005207061767578125.
Until Calculation: 0.0007174015045166016.
Until linalg solve: 0.0414738655090332.
Regression solved in 0.1521 seconds
Training and Evaluating takes 0.03446531295776367 seconds.
Until Preparation: 0.0005171298980712891.
Until Calculation: 0.0007121562957763672.
Until linalg solve: 0.04088640213012695.
Regression solved in 0.1510 seconds
Training and Evaluating takes 0.008252859115600586 seconds.
Until Preparation: 0.0005195140838623047.
Until Calculation: 0.0007176399230957031.
Until linalg solve: 0.041463375091552734.
Regression solved in 0.1514 seconds
Training and Evaluating takes 0.03525090217590332 seconds.
Until Preparation: 0.0005242824554443359.
Until Calculation: 0.000720977783203125.
Until linalg solve: 0.04085230827331543.
Regression solved in 0.1507 seconds
Training and Evaluating takes 0.016455888748168945 seconds.
Until Preparation: 0.0005154609680175781.
Until Calculation: 0.0007109642028808594.
Until linalg solve: 0.04146242141723633.
Regression solved in 0.1532 seconds
Training and Evaluating takes 0.032434701919555664 seconds.
Until Preparation: 0.0005710124969482422.
Until Calculation: 0.0008699893951416016.
Until linalg solve: 0.04097461700439453.
Regression solved in 0.1502 seconds
Training and Evaluating takes 0.015556573867797852 seconds.
Until Preparation: 0.00049591064453125.
Until Calculation: 0.0007312297821044922.
Until linalg solve: 0.041405439376831055.
Regression solved in 0.1509 seconds
Training and Evaluating takes 0.020931482315063477 seconds.
Until Preparation: 0.0005075931549072266.
Until Calculation: 0.0007147789001464844.
Until linalg solve: 0.04096174240112305.
Regression solved in 0.1504 seconds
Training and Evaluating takes 0.016144275665283203 seconds.
Until Preparation: 0.0004937648773193359.
Until Calculation: 0.0007343292236328125.
Until linalg solve: 0.04151344299316406.
Regression solved in 0.1516 seconds
Training and Evaluating takes 0.03244137763977051 seconds.
Until Preparation: 0.0004954338073730469.
Until Calculation: 0.0007333755493164062.
Until linalg solve: 0.04076409339904785.
Regression solved in 0.1509 seconds
Training and Evaluating takes 0.015610218048095703 seconds.
Until Preparation: 0.0005016326904296875.
Until Calculation: 0.0007326602935791016.
Until linalg solve: 0.041345834732055664.
Regression solved in 0.1516 seconds
Training and Evaluating takes 0.008277654647827148 seconds.
Until Preparation: 0.0004966259002685547.
Until Calculation: 0.0006902217864990234.
Until linalg solve: 0.04085278511047363.
Regression solved in 0.1510 seconds
Training and Evaluating takes 0.015790700912475586 seconds.
Until Preparation: 0.0005252361297607422.
Until Calculation: 0.0007205009460449219.
Until linalg solve: 0.04154801368713379.
Regression solved in 0.1527 seconds
Training and Evaluating takes 0.030774593353271484 seconds.
Until Preparation: 0.0005168914794921875.
Until Calculation: 0.0007116794586181641.
Until linalg solve: 0.04073596000671387.
Regression solved in 0.1511 seconds
Training and Evaluating takes 0.017002582550048828 seconds.
Until Preparation: 0.0005240440368652344.
Until Calculation: 0.0007505416870117188.
Until linalg solve: 0.041382551193237305.
Regression solved in 0.1519 seconds
Training and Evaluating takes 0.03055572509765625 seconds.
Until Preparation: 0.00051116943359375.
Until Calculation: 0.0007083415985107422.
Until linalg solve: 0.04100203514099121.
Regression solved in 0.1517 seconds
Training and Evaluating takes 0.01568007469177246 seconds.
    Permutation 80/100 done
Until Preparation: 0.0005273818969726562.
Until Calculation: 0.0007252693176269531.
Until linalg solve: 0.04117417335510254.
Regression solved in 0.1522 seconds
Training and Evaluating takes 0.03222942352294922 seconds.
Until Preparation: 0.0005292892456054688.
Until Calculation: 0.0007238388061523438.
Until linalg solve: 0.040967464447021484.
Regression solved in 0.1521 seconds
Training and Evaluating takes 0.016178369522094727 seconds.
Until Preparation: 0.0005285739898681641.
Until Calculation: 0.0007295608520507812.
Until linalg solve: 0.04128241539001465.
Regression solved in 0.1521 seconds
Training and Evaluating takes 0.03535342216491699 seconds.
Until Preparation: 0.0005085468292236328.
Until Calculation: 0.0007052421569824219.
Until linalg solve: 0.04095578193664551.
Regression solved in 0.1521 seconds
Training and Evaluating takes 0.01606440544128418 seconds.
Until Preparation: 0.0005278587341308594.
Until Calculation: 0.0007228851318359375.
Until linalg solve: 0.04140138626098633.
Regression solved in 0.1532 seconds
Training and Evaluating takes 0.03234410285949707 seconds.
Until Preparation: 0.0005135536193847656.
Until Calculation: 0.0007088184356689453.
Until linalg solve: 0.0409238338470459.
Regression solved in 0.1526 seconds
Training and Evaluating takes 0.016607284545898438 seconds.
Until Preparation: 0.0005218982696533203.
Until Calculation: 0.0007188320159912109.
Until linalg solve: 0.04127097129821777.
Regression solved in 0.1524 seconds
Training and Evaluating takes 0.02728748321533203 seconds.
Until Preparation: 0.0005388259887695312.
Until Calculation: 0.000736236572265625.
Until linalg solve: 0.04109597206115723.
Regression solved in 0.1524 seconds
Training and Evaluating takes 0.017058134078979492 seconds.
Until Preparation: 0.000514984130859375.
Until Calculation: 0.0007123947143554688.
Until linalg solve: 0.04133439064025879.
Regression solved in 0.1528 seconds
Training and Evaluating takes 0.0064694881439208984 seconds.
Until Preparation: 0.0004918575286865234.
Until Calculation: 0.0006959438323974609.
Until linalg solve: 0.04094719886779785.
Regression solved in 0.1522 seconds
Training and Evaluating takes 0.01331186294555664 seconds.
Until Preparation: 0.0005109310150146484.
Until Calculation: 0.0007100105285644531.
Until linalg solve: 0.04136204719543457.
Regression solved in 0.1529 seconds
Training and Evaluating takes 0.006590604782104492 seconds.
Until Preparation: 0.00049591064453125.
Until Calculation: 0.0006916522979736328.
Until linalg solve: 0.04089474678039551.
Regression solved in 0.1525 seconds
Training and Evaluating takes 0.009645938873291016 seconds.
Until Preparation: 0.0004985332489013672.
Until Calculation: 0.0007231235504150391.
Until linalg solve: 0.041520118713378906.
Regression solved in 0.1534 seconds
Training and Evaluating takes 0.022091150283813477 seconds.
Until Preparation: 0.0005114078521728516.
Until Calculation: 0.0007369518280029297.
Until linalg solve: 0.04086804389953613.
Regression solved in 0.1526 seconds
Training and Evaluating takes 0.005394935607910156 seconds.
Until Preparation: 0.0005018711090087891.
Until Calculation: 0.0006992816925048828.
Until linalg solve: 0.04135560989379883.
Regression solved in 0.1537 seconds
Training and Evaluating takes 0.00983119010925293 seconds.
Until Preparation: 0.0004978179931640625.
Until Calculation: 0.0007078647613525391.
Until linalg solve: 0.0408930778503418.
Regression solved in 0.1525 seconds
Training and Evaluating takes 0.00607752799987793 seconds.
Until Preparation: 0.0005061626434326172.
Until Calculation: 0.0007205009460449219.
Until linalg solve: 0.04113435745239258.
Regression solved in 0.1576 seconds
Training and Evaluating takes 0.029364585876464844 seconds.
Until Preparation: 0.0005121231079101562.
Until Calculation: 0.0008406639099121094.
Until linalg solve: 0.041253089904785156.
Regression solved in 0.1561 seconds
Training and Evaluating takes 0.006520271301269531 seconds.
Until Preparation: 0.0005426406860351562.
Until Calculation: 0.0007522106170654297.
Until linalg solve: 0.04134082794189453.
Regression solved in 0.1529 seconds
Training and Evaluating takes 0.016857147216796875 seconds.
Until Preparation: 0.0005049705505371094.
Until Calculation: 0.0006990432739257812.
Until linalg solve: 0.0408635139465332.
Regression solved in 0.1534 seconds
Training and Evaluating takes 0.009992599487304688 seconds.
Until Preparation: 0.0005137920379638672.
Until Calculation: 0.0007076263427734375.
Until linalg solve: 0.04149007797241211.
Regression solved in 0.1533 seconds
Training and Evaluating takes 0.007546663284301758 seconds.
Until Preparation: 0.0004911422729492188.
Until Calculation: 0.0007028579711914062.
Until linalg solve: 0.040674448013305664.
Regression solved in 0.1524 seconds
Training and Evaluating takes 0.022313594818115234 seconds.
Until Preparation: 0.0005071163177490234.
Until Calculation: 0.0007288455963134766.
Until linalg solve: 0.04136514663696289.
Regression solved in 0.1531 seconds
Training and Evaluating takes 0.006570100784301758 seconds.
Until Preparation: 0.0004956722259521484.
Until Calculation: 0.0007195472717285156.
Until linalg solve: 0.04097914695739746.
Regression solved in 0.1526 seconds
Training and Evaluating takes 0.01710796356201172 seconds.
Until Preparation: 0.0005190372467041016.
Until Calculation: 0.0007135868072509766.
Until linalg solve: 0.041463375091552734.
Regression solved in 0.1530 seconds
Training and Evaluating takes 0.030469179153442383 seconds.
Until Preparation: 0.0005276203155517578.
Until Calculation: 0.000720977783203125.
Until linalg solve: 0.040941715240478516.
Regression solved in 0.1529 seconds
Training and Evaluating takes 0.008222579956054688 seconds.
Until Preparation: 0.0005178451538085938.
Until Calculation: 0.0007159709930419922.
Until linalg solve: 0.04141044616699219.
Regression solved in 0.1536 seconds
Training and Evaluating takes 0.0308992862701416 seconds.
Until Preparation: 0.0005369186401367188.
Until Calculation: 0.0007321834564208984.
Until linalg solve: 0.040915489196777344.
Regression solved in 0.1523 seconds
Training and Evaluating takes 0.016943693161010742 seconds.
Until Preparation: 0.0005197525024414062.
Until Calculation: 0.0007219314575195312.
Until linalg solve: 0.04116058349609375.
Regression solved in 0.1527 seconds
Training and Evaluating takes 0.03474235534667969 seconds.
Until Preparation: 0.0005164146423339844.
Until Calculation: 0.0007414817810058594.
Until linalg solve: 0.0411677360534668.
Regression solved in 0.1531 seconds
Training and Evaluating takes 0.01626443862915039 seconds.
Until Preparation: 0.0005104541778564453.
Until Calculation: 0.0007064342498779297.
Until linalg solve: 0.041374921798706055.
Regression solved in 0.1538 seconds
Training and Evaluating takes 0.015236377716064453 seconds.
Until Preparation: 0.0005006790161132812.
Until Calculation: 0.00070953369140625.
Until linalg solve: 0.04091787338256836.
Regression solved in 0.1527 seconds
Training and Evaluating takes 0.015881776809692383 seconds.
Until Preparation: 0.0005140304565429688.
Until Calculation: 0.0007071495056152344.
Until linalg solve: 0.04135704040527344.
Regression solved in 0.1540 seconds
Training and Evaluating takes 0.03436136245727539 seconds.
Until Preparation: 0.0005168914794921875.
Until Calculation: 0.0007119178771972656.
Until linalg solve: 0.040943145751953125.
Regression solved in 0.1529 seconds
Training and Evaluating takes 0.01730489730834961 seconds.
Until Preparation: 0.0005173683166503906.
Until Calculation: 0.0007143020629882812.
Until linalg solve: 0.04138612747192383.
Regression solved in 0.1530 seconds
Training and Evaluating takes 0.033524513244628906 seconds.
Until Preparation: 0.0005195140838623047.
Until Calculation: 0.0007164478302001953.
Until linalg solve: 0.04088544845581055.
Regression solved in 0.1527 seconds
Training and Evaluating takes 0.02257537841796875 seconds.
Until Preparation: 0.0005245208740234375.
Until Calculation: 0.0007214546203613281.
Until linalg solve: 0.0413813591003418.
Regression solved in 0.1533 seconds
Training and Evaluating takes 0.03428077697753906 seconds.
Until Preparation: 0.0005242824554443359.
Until Calculation: 0.0007221698760986328.
Until linalg solve: 0.04093003273010254.
Regression solved in 0.1592 seconds
Training and Evaluating takes 0.01700425148010254 seconds.
Until Preparation: 0.0005269050598144531.
Until Calculation: 0.000751495361328125.
Until linalg solve: 0.04162335395812988.
Regression solved in 0.1532 seconds
Training and Evaluating takes 0.017581701278686523 seconds.
Until Preparation: 0.0005104541778564453.
Until Calculation: 0.0007073879241943359.
Until linalg solve: 0.040743350982666016.
Regression solved in 0.1523 seconds
Training and Evaluating takes 0.015906095504760742 seconds.
    Permutation 100/100 done
  Permutation p-value: 0.0000  (null mean=0.0760 ± 0.0085)
  Saved: /juice6/u/jshe/nlp/LM_neural_synchrony/playground/control_plots/perm_alignment_binary_Misv0.3Misv0.2_L8_L4.png
  Partitioned by 'goal_structure': coordination=103, information_asymmetry=13, mixed_motive=114, persuasion=79, zero_sum=41  (skipped 100 unlabeled)

  Computing observed gap for 'goal_structure'...
Until Preparation: 0.0005230903625488281.
Until Calculation: 0.0007243156433105469.
Until linalg solve: 0.04069828987121582.
Regression solved in 0.1531 seconds
Training and Evaluating takes 0.016092538833618164 seconds.
Until Preparation: 0.0005156993865966797.
Until Calculation: 0.0006966590881347656.
Until linalg solve: 0.03902792930603027.
Regression solved in 0.1509 seconds
Training and Evaluating takes 0.012298107147216797 seconds.
Until Preparation: 0.0005092620849609375.
Until Calculation: 0.0007064342498779297.
Until linalg solve: 0.04054665565490723.
Regression solved in 0.1525 seconds
Training and Evaluating takes 0.016476869583129883 seconds.
Until Preparation: 0.0005195140838623047.
Until Calculation: 0.0007688999176025391.
Until linalg solve: 0.04016566276550293.
Regression solved in 0.1525 seconds
Training and Evaluating takes 0.014270305633544922 seconds.
Until Preparation: 0.0005135536193847656.
Until Calculation: 0.0006918907165527344.
Until linalg solve: 0.03941655158996582.
Regression solved in 0.1519 seconds
Training and Evaluating takes 0.013561725616455078 seconds.
  Observed gap: 0.2038
  Running 100 permutations...
Until Preparation: 0.0005137920379638672.
Until Calculation: 0.0007140636444091797.
Until linalg solve: 0.04022049903869629.
Regression solved in 0.1523 seconds
Training and Evaluating takes 0.015597820281982422 seconds.
Until Preparation: 0.0005147457122802734.
Until Calculation: 0.00069427490234375.
Until linalg solve: 0.03878593444824219.
Regression solved in 0.1635 seconds
Training and Evaluating takes 0.012862205505371094 seconds.
Until Preparation: 0.0005173683166503906.
Until Calculation: 0.0007121562957763672.
Until linalg solve: 0.040754079818725586.
Regression solved in 0.1525 seconds
Training and Evaluating takes 0.015653133392333984 seconds.
Until Preparation: 0.0005252361297607422.
Until Calculation: 0.0007421970367431641.
Until linalg solve: 0.040233612060546875.
Regression solved in 0.1518 seconds
Training and Evaluating takes 0.018301963806152344 seconds.
Until Preparation: 0.0005102157592773438.
Until Calculation: 0.0006895065307617188.
Until linalg solve: 0.039583444595336914.
Regression solved in 0.1511 seconds
Training and Evaluating takes 0.013377189636230469 seconds.
Until Preparation: 0.0005123615264892578.
Until Calculation: 0.0007092952728271484.
Until linalg solve: 0.040366172790527344.
Regression solved in 0.1523 seconds
Training and Evaluating takes 0.015636205673217773 seconds.
Until Preparation: 0.0005190372467041016.
Until Calculation: 0.0006992816925048828.
Until linalg solve: 0.03906965255737305.
Regression solved in 0.1484 seconds
Training and Evaluating takes 0.015842199325561523 seconds.
Until Preparation: 0.003805875778198242.
Until Calculation: 0.0040662288665771484.
Until linalg solve: 0.044268131256103516.
Regression solved in 0.1523 seconds
Training and Evaluating takes 0.015780925750732422 seconds.
Until Preparation: 0.0005199909210205078.
Until Calculation: 0.0007460117340087891.
Until linalg solve: 0.04008078575134277.
Regression solved in 0.1484 seconds
Training and Evaluating takes 0.01426839828491211 seconds.
Until Preparation: 0.0005183219909667969.
Until Calculation: 0.0007297992706298828.
Until linalg solve: 0.03949880599975586.
Regression solved in 0.1476 seconds
Training and Evaluating takes 0.012840986251831055 seconds.
Until Preparation: 0.0005202293395996094.
Until Calculation: 0.0007176399230957031.
Until linalg solve: 0.04047441482543945.
Regression solved in 0.1493 seconds
Training and Evaluating takes 0.01475977897644043 seconds.
Until Preparation: 0.0005190372467041016.
Until Calculation: 0.0007021427154541016.
Until linalg solve: 0.03900790214538574.
Regression solved in 0.1479 seconds
Training and Evaluating takes 0.012259483337402344 seconds.
Until Preparation: 0.0005209445953369141.
Until Calculation: 0.0007183551788330078.
Until linalg solve: 0.04074740409851074.
Regression solved in 0.1494 seconds
Training and Evaluating takes 0.01565241813659668 seconds.
Until Preparation: 0.0005218982696533203.
Until Calculation: 0.0007004737854003906.
Until linalg solve: 0.04002547264099121.
Regression solved in 0.1486 seconds
Training and Evaluating takes 0.015160322189331055 seconds.
Until Preparation: 0.0005154609680175781.
Until Calculation: 0.0007288455963134766.
Until linalg solve: 0.03935074806213379.
Regression solved in 0.1478 seconds
Training and Evaluating takes 0.014644622802734375 seconds.
Until Preparation: 0.0005183219909667969.
Until Calculation: 0.0007164478302001953.
Until linalg solve: 0.04064226150512695.
Regression solved in 0.1502 seconds
Training and Evaluating takes 0.016945362091064453 seconds.
Until Preparation: 0.0005097389221191406.
Until Calculation: 0.0006885528564453125.
Until linalg solve: 0.03889870643615723.
Regression solved in 0.1479 seconds
Training and Evaluating takes 0.013226747512817383 seconds.
Until Preparation: 0.0005176067352294922.
Until Calculation: 0.0007114410400390625.
Until linalg solve: 0.04059195518493652.
Regression solved in 0.1499 seconds
Training and Evaluating takes 0.018131256103515625 seconds.
Until Preparation: 0.0005125999450683594.
Until Calculation: 0.0006940364837646484.
Until linalg solve: 0.04014992713928223.
Regression solved in 0.1512 seconds
Training and Evaluating takes 0.014612674713134766 seconds.
Until Preparation: 0.0005221366882324219.
Until Calculation: 0.0007023811340332031.
Until linalg solve: 0.03950238227844238.
Regression solved in 0.1506 seconds
Training and Evaluating takes 0.013736248016357422 seconds.
Until Preparation: 0.0005209445953369141.
Until Calculation: 0.0007164478302001953.
Until linalg solve: 0.040494680404663086.
Regression solved in 0.1537 seconds
Training and Evaluating takes 0.01530003547668457 seconds.
Until Preparation: 0.0005180835723876953.
Until Calculation: 0.0006997585296630859.
Until linalg solve: 0.038991451263427734.
Regression solved in 0.1501 seconds
Training and Evaluating takes 0.012099981307983398 seconds.
Until Preparation: 0.0005218982696533203.
Until Calculation: 0.0007152557373046875.
Until linalg solve: 0.04077029228210449.
Regression solved in 0.1522 seconds
Training and Evaluating takes 0.015903234481811523 seconds.
Until Preparation: 0.0005235671997070312.
Until Calculation: 0.0007390975952148438.
Until linalg solve: 0.04011797904968262.
Regression solved in 0.1512 seconds
Training and Evaluating takes 0.015540361404418945 seconds.
Until Preparation: 0.0005173683166503906.
Until Calculation: 0.0006968975067138672.
Until linalg solve: 0.039453983306884766.
Regression solved in 0.1511 seconds
Training and Evaluating takes 0.013309240341186523 seconds.
Until Preparation: 0.000518798828125.
Until Calculation: 0.0007131099700927734.
Until linalg solve: 0.04040837287902832.
Regression solved in 0.1524 seconds
Training and Evaluating takes 0.014533281326293945 seconds.
Until Preparation: 0.0005078315734863281.
Until Calculation: 0.0007009506225585938.
Until linalg solve: 0.03890109062194824.
Regression solved in 0.1510 seconds
Training and Evaluating takes 0.012279748916625977 seconds.
Until Preparation: 0.0005166530609130859.
Until Calculation: 0.0007159709930419922.
Until linalg solve: 0.040804386138916016.
Regression solved in 0.1524 seconds
Training and Evaluating takes 0.016622543334960938 seconds.
Until Preparation: 0.0005192756652832031.
Until Calculation: 0.0006976127624511719.
Until linalg solve: 0.04007315635681152.
Regression solved in 0.1517 seconds
Training and Evaluating takes 0.013966083526611328 seconds.
Until Preparation: 0.0004985332489013672.
Until Calculation: 0.0007040500640869141.
Until linalg solve: 0.039577484130859375.
Regression solved in 0.1618 seconds
Training and Evaluating takes 0.013444662094116211 seconds.
Until Preparation: 0.0005245208740234375.
Until Calculation: 0.0007193088531494141.
Until linalg solve: 0.0404057502746582.
Regression solved in 0.1529 seconds
Training and Evaluating takes 0.01604151725769043 seconds.
Until Preparation: 0.0005147457122802734.
Until Calculation: 0.0007033348083496094.
Until linalg solve: 0.03871512413024902.
Regression solved in 0.1502 seconds
Training and Evaluating takes 0.012951135635375977 seconds.
Until Preparation: 0.0005125999450683594.
Until Calculation: 0.0007033348083496094.
Until linalg solve: 0.04082822799682617.
Regression solved in 0.1523 seconds
Training and Evaluating takes 0.016885757446289062 seconds.
Until Preparation: 0.0005185604095458984.
Until Calculation: 0.0007119178771972656.
Until linalg solve: 0.040227413177490234.
Regression solved in 0.1516 seconds
Training and Evaluating takes 0.01518106460571289 seconds.
Until Preparation: 0.0005221366882324219.
Until Calculation: 0.0006999969482421875.
Until linalg solve: 0.03923916816711426.
Regression solved in 0.1505 seconds
Training and Evaluating takes 0.012912988662719727 seconds.
Until Preparation: 0.0005211830139160156.
Until Calculation: 0.0007140636444091797.
Until linalg solve: 0.040470123291015625.
Regression solved in 0.1524 seconds
Training and Evaluating takes 0.016512155532836914 seconds.
Until Preparation: 0.0005102157592773438.
Until Calculation: 0.0006923675537109375.
Until linalg solve: 0.038906097412109375.
Regression solved in 0.1513 seconds
Training and Evaluating takes 0.01187443733215332 seconds.
Until Preparation: 0.0005159378051757812.
Until Calculation: 0.0007121562957763672.
Until linalg solve: 0.040818214416503906.
Regression solved in 0.1523 seconds
Training and Evaluating takes 0.016782522201538086 seconds.
Until Preparation: 0.0005147457122802734.
Until Calculation: 0.0007092952728271484.
Until linalg solve: 0.04015326499938965.
Regression solved in 0.1525 seconds
Training and Evaluating takes 0.014255762100219727 seconds.
Until Preparation: 0.0005128383636474609.
Until Calculation: 0.0006918907165527344.
Until linalg solve: 0.03928518295288086.
Regression solved in 0.1511 seconds
Training and Evaluating takes 0.014312744140625 seconds.
Until Preparation: 0.0005214214324951172.
Until Calculation: 0.0007140636444091797.
Until linalg solve: 0.04040265083312988.
Regression solved in 0.1525 seconds
Training and Evaluating takes 0.016483306884765625 seconds.
Until Preparation: 0.0005180835723876953.
Until Calculation: 0.0006954669952392578.
Until linalg solve: 0.03887438774108887.
Regression solved in 0.1503 seconds
Training and Evaluating takes 0.013782501220703125 seconds.
Until Preparation: 0.0005087852478027344.
Until Calculation: 0.0007326602935791016.
Until linalg solve: 0.04057598114013672.
Regression solved in 0.1520 seconds
Training and Evaluating takes 0.015065431594848633 seconds.
Until Preparation: 0.0005128383636474609.
Until Calculation: 0.0006921291351318359.
Until linalg solve: 0.0401768684387207.
Regression solved in 0.1516 seconds
Training and Evaluating takes 0.014192581176757812 seconds.
Until Preparation: 0.0005195140838623047.
Until Calculation: 0.0007679462432861328.
Until linalg solve: 0.03932976722717285.
Regression solved in 0.1507 seconds
Training and Evaluating takes 0.013763427734375 seconds.
Until Preparation: 0.0005171298980712891.
Until Calculation: 0.0007107257843017578.
Until linalg solve: 0.040576934814453125.
Regression solved in 0.1528 seconds
Training and Evaluating takes 0.01517486572265625 seconds.
Until Preparation: 0.0005087852478027344.
Until Calculation: 0.0006887912750244141.
Until linalg solve: 0.039054155349731445.
Regression solved in 0.1505 seconds
Training and Evaluating takes 0.012854576110839844 seconds.
Until Preparation: 0.0005152225494384766.
Until Calculation: 0.0007083415985107422.
Until linalg solve: 0.040821075439453125.
Regression solved in 0.1522 seconds
Training and Evaluating takes 0.016898632049560547 seconds.
Until Preparation: 0.0005125999450683594.
Until Calculation: 0.0006911754608154297.
Until linalg solve: 0.04002737998962402.
Regression solved in 0.1514 seconds
Training and Evaluating takes 0.014190912246704102 seconds.
Until Preparation: 0.0005075931549072266.
Until Calculation: 0.0006892681121826172.
Until linalg solve: 0.03944706916809082.
Regression solved in 0.1508 seconds
Training and Evaluating takes 0.014657974243164062 seconds.
Until Preparation: 0.0005156993865966797.
Until Calculation: 0.0007081031799316406.
Until linalg solve: 0.0406491756439209.
Regression solved in 0.1533 seconds
Training and Evaluating takes 0.015655994415283203 seconds.
Until Preparation: 0.0004801750183105469.
Until Calculation: 0.0006768703460693359.
Until linalg solve: 0.03895092010498047.
Regression solved in 0.1500 seconds
Training and Evaluating takes 0.012174367904663086 seconds.
Until Preparation: 0.0005068778991699219.
Until Calculation: 0.0007004737854003906.
Until linalg solve: 0.040708065032958984.
Regression solved in 0.1529 seconds
Training and Evaluating takes 0.016263246536254883 seconds.
Until Preparation: 0.00051116943359375.
Until Calculation: 0.0006906986236572266.
Until linalg solve: 0.03998541831970215.
Regression solved in 0.1512 seconds
Training and Evaluating takes 0.01445770263671875 seconds.
Until Preparation: 0.0004987716674804688.
Until Calculation: 0.00067138671875.
Until linalg solve: 0.039511680603027344.
Regression solved in 0.1510 seconds
Training and Evaluating takes 0.01331949234008789 seconds.
Until Preparation: 0.0005211830139160156.
Until Calculation: 0.0007140636444091797.
Until linalg solve: 0.04054856300354004.
Regression solved in 0.1521 seconds
Training and Evaluating takes 0.014941692352294922 seconds.
Until Preparation: 0.0004947185516357422.
Until Calculation: 0.0006685256958007812.
Until linalg solve: 0.038683176040649414.
Regression solved in 0.1502 seconds
Training and Evaluating takes 0.004985809326171875 seconds.
Until Preparation: 0.0005104541778564453.
Until Calculation: 0.0007061958312988281.
Until linalg solve: 0.040606021881103516.
Regression solved in 0.1586 seconds
Training and Evaluating takes 0.016461849212646484 seconds.
Until Preparation: 0.0005705356597900391.
Until Calculation: 0.0007648468017578125.
Until linalg solve: 0.040132761001586914.
Regression solved in 0.1515 seconds
Training and Evaluating takes 0.014249086380004883 seconds.
Until Preparation: 0.0005178451538085938.
Until Calculation: 0.0007078647613525391.
Until linalg solve: 0.039519548416137695.
Regression solved in 0.1507 seconds
Training and Evaluating takes 0.014748334884643555 seconds.
Until Preparation: 0.0005185604095458984.
Until Calculation: 0.0007259845733642578.
Until linalg solve: 0.04044365882873535.
Regression solved in 0.1532 seconds
Training and Evaluating takes 0.014851570129394531 seconds.
Until Preparation: 0.0005164146423339844.
Until Calculation: 0.0007069110870361328.
Until linalg solve: 0.03884530067443848.
Regression solved in 0.1506 seconds
Training and Evaluating takes 0.013682842254638672 seconds.
Until Preparation: 0.0005152225494384766.
Until Calculation: 0.0007276535034179688.
Until linalg solve: 0.040860891342163086.
Regression solved in 0.1528 seconds
Training and Evaluating takes 0.016366958618164062 seconds.
Until Preparation: 0.0005145072937011719.
Until Calculation: 0.0007030963897705078.
Until linalg solve: 0.040101051330566406.
Regression solved in 0.1514 seconds
Training and Evaluating takes 0.015359878540039062 seconds.
Until Preparation: 0.0005156993865966797.
Until Calculation: 0.0006952285766601562.
Until linalg solve: 0.03944873809814453.
Regression solved in 0.1508 seconds
Training and Evaluating takes 0.013621091842651367 seconds.
Until Preparation: 0.0005207061767578125.
Until Calculation: 0.0007221698760986328.
Until linalg solve: 0.04062032699584961.
Regression solved in 0.1518 seconds
Training and Evaluating takes 0.016231298446655273 seconds.
Until Preparation: 0.0005095005035400391.
Until Calculation: 0.0006899833679199219.
Until linalg solve: 0.0387425422668457.
Regression solved in 0.1497 seconds
Training and Evaluating takes 0.012479305267333984 seconds.
Until Preparation: 0.0005238056182861328.
Until Calculation: 0.0007271766662597656.
Until linalg solve: 0.040592193603515625.
Regression solved in 0.1511 seconds
Training and Evaluating takes 0.015897750854492188 seconds.
Until Preparation: 0.0005078315734863281.
Until Calculation: 0.0007069110870361328.
Until linalg solve: 0.040192604064941406.
Regression solved in 0.1511 seconds
Training and Evaluating takes 0.015639066696166992 seconds.
Until Preparation: 0.0005128383636474609.
Until Calculation: 0.0007357597351074219.
Until linalg solve: 0.03964400291442871.
Regression solved in 0.1504 seconds
Training and Evaluating takes 0.013080120086669922 seconds.
Until Preparation: 0.0005204677581787109.
Until Calculation: 0.0007314682006835938.
Until linalg solve: 0.0404202938079834.
Regression solved in 0.1508 seconds
Training and Evaluating takes 0.016085147857666016 seconds.
Until Preparation: 0.0005037784576416016.
Until Calculation: 0.0006921291351318359.
Until linalg solve: 0.039051055908203125.
Regression solved in 0.1492 seconds
Training and Evaluating takes 0.012903928756713867 seconds.
Until Preparation: 0.0005097389221191406.
Until Calculation: 0.0007045269012451172.
Until linalg solve: 0.04079103469848633.
Regression solved in 0.1513 seconds
Training and Evaluating takes 0.016782522201538086 seconds.
Until Preparation: 0.0005090236663818359.
Until Calculation: 0.0007388591766357422.
Until linalg solve: 0.04016256332397461.
Regression solved in 0.1501 seconds
Training and Evaluating takes 0.014647960662841797 seconds.
Until Preparation: 0.0005195140838623047.
Until Calculation: 0.0007333755493164062.
Until linalg solve: 0.039496660232543945.
Regression solved in 0.1496 seconds
Training and Evaluating takes 0.013927936553955078 seconds.
Until Preparation: 0.0005211830139160156.
Until Calculation: 0.0007164478302001953.
Until linalg solve: 0.04047131538391113.
Regression solved in 0.1507 seconds
Training and Evaluating takes 0.015393495559692383 seconds.
Until Preparation: 0.0005142688751220703.
Until Calculation: 0.0006933212280273438.
Until linalg solve: 0.039035797119140625.
Regression solved in 0.1493 seconds
Training and Evaluating takes 0.01388406753540039 seconds.
Until Preparation: 0.0005128383636474609.
Until Calculation: 0.0007076263427734375.
Until linalg solve: 0.04093456268310547.
Regression solved in 0.1509 seconds
Training and Evaluating takes 0.01621556282043457 seconds.
Until Preparation: 0.0005130767822265625.
Until Calculation: 0.0006933212280273438.
Until linalg solve: 0.040010929107666016.
Regression solved in 0.1501 seconds
Training and Evaluating takes 0.014572858810424805 seconds.
Until Preparation: 0.0005135536193847656.
Until Calculation: 0.0007014274597167969.
Until linalg solve: 0.03945422172546387.
Regression solved in 0.1496 seconds
Training and Evaluating takes 0.012838363647460938 seconds.
Until Preparation: 0.0005178451538085938.
Until Calculation: 0.0007240772247314453.
Until linalg solve: 0.04051685333251953.
Regression solved in 0.1516 seconds
Training and Evaluating takes 0.016348600387573242 seconds.
Until Preparation: 0.0004994869232177734.
Until Calculation: 0.0007464885711669922.
Until linalg solve: 0.03896737098693848.
Regression solved in 0.1490 seconds
Training and Evaluating takes 0.013220548629760742 seconds.
Until Preparation: 0.0005197525024414062.
Until Calculation: 0.0007150173187255859.
Until linalg solve: 0.040789127349853516.
Regression solved in 0.1506 seconds
Training and Evaluating takes 0.01551055908203125 seconds.
Until Preparation: 0.0005130767822265625.
Until Calculation: 0.0007116794586181641.
Until linalg solve: 0.04015159606933594.
Regression solved in 0.1502 seconds
Training and Evaluating takes 0.0145416259765625 seconds.
Until Preparation: 0.0005097389221191406.
Until Calculation: 0.0007350444793701172.
Until linalg solve: 0.03923749923706055.
Regression solved in 0.1504 seconds
Training and Evaluating takes 0.013054609298706055 seconds.
Until Preparation: 0.0005397796630859375.
Until Calculation: 0.0007803440093994141.
Until linalg solve: 0.040535688400268555.
Regression solved in 0.1507 seconds
Training and Evaluating takes 0.015251636505126953 seconds.
Until Preparation: 0.0006668567657470703.
Until Calculation: 0.0008480548858642578.
Until linalg solve: 0.03894829750061035.
Regression solved in 0.1489 seconds
Training and Evaluating takes 0.01228642463684082 seconds.
Until Preparation: 0.0005106925964355469.
Until Calculation: 0.000705718994140625.
Until linalg solve: 0.040822744369506836.
Regression solved in 0.1510 seconds
Training and Evaluating takes 0.015091180801391602 seconds.
Until Preparation: 0.0005104541778564453.
Until Calculation: 0.0007228851318359375.
Until linalg solve: 0.04020833969116211.
Regression solved in 0.1502 seconds
Training and Evaluating takes 0.01463174819946289 seconds.
Until Preparation: 0.0005040168762207031.
Until Calculation: 0.0006804466247558594.
Until linalg solve: 0.039209604263305664.
Regression solved in 0.1492 seconds
Training and Evaluating takes 0.014050483703613281 seconds.
Until Preparation: 0.0005230903625488281.
Until Calculation: 0.0007166862487792969.
Until linalg solve: 0.04056954383850098.
Regression solved in 0.1523 seconds
Training and Evaluating takes 0.015725135803222656 seconds.
Until Preparation: 0.0005133152008056641.
Until Calculation: 0.0006947517395019531.
Until linalg solve: 0.03881502151489258.
Regression solved in 0.1493 seconds
Training and Evaluating takes 0.013907909393310547 seconds.
Until Preparation: 0.0005164146423339844.
Until Calculation: 0.0007119178771972656.
Until linalg solve: 0.04056811332702637.
Regression solved in 0.1511 seconds
Training and Evaluating takes 0.014901399612426758 seconds.
Until Preparation: 0.0005145072937011719.
Until Calculation: 0.0007119178771972656.
Until linalg solve: 0.040212392807006836.
Regression solved in 0.1509 seconds
Training and Evaluating takes 0.01585078239440918 seconds.
Until Preparation: 0.00051116943359375.
Until Calculation: 0.0006911754608154297.
Until linalg solve: 0.03921103477478027.
Regression solved in 0.1499 seconds
Training and Evaluating takes 0.013527870178222656 seconds.
Until Preparation: 0.0005142688751220703.
Until Calculation: 0.0007131099700927734.
Until linalg solve: 0.040459394454956055.
Regression solved in 0.1510 seconds
Training and Evaluating takes 0.014945030212402344 seconds.
Until Preparation: 0.0005106925964355469.
Until Calculation: 0.0006866455078125.
Until linalg solve: 0.0389559268951416.
Regression solved in 0.1499 seconds
Training and Evaluating takes 0.013351917266845703 seconds.
Until Preparation: 0.0005104541778564453.
Until Calculation: 0.0007090568542480469.
Until linalg solve: 0.040801048278808594.
Regression solved in 0.1515 seconds
Training and Evaluating takes 0.01551961898803711 seconds.
Until Preparation: 0.0005075931549072266.
Until Calculation: 0.0007021427154541016.
Until linalg solve: 0.04017829895019531.
Regression solved in 0.1508 seconds
Training and Evaluating takes 0.013909578323364258 seconds.
Until Preparation: 0.0005152225494384766.
Until Calculation: 0.0006935596466064453.
Until linalg solve: 0.03937506675720215.
Regression solved in 0.1501 seconds
Training and Evaluating takes 0.014368772506713867 seconds.
    Permutation 20/100 done
Until Preparation: 0.0005245208740234375.
Until Calculation: 0.0007197856903076172.
Until linalg solve: 0.0403902530670166.
Regression solved in 0.1519 seconds
Training and Evaluating takes 0.01604008674621582 seconds.
Until Preparation: 0.0005095005035400391.
Until Calculation: 0.0006861686706542969.
Until linalg solve: 0.03894472122192383.
Regression solved in 0.1496 seconds
Training and Evaluating takes 0.012528181076049805 seconds.
Until Preparation: 0.0005166530609130859.
Until Calculation: 0.0007123947143554688.
Until linalg solve: 0.04073977470397949.
Regression solved in 0.1517 seconds
Training and Evaluating takes 0.015286684036254883 seconds.
Until Preparation: 0.0005166530609130859.
Until Calculation: 0.0007109642028808594.
Until linalg solve: 0.04034733772277832.
Regression solved in 0.1512 seconds
Training and Evaluating takes 0.014486551284790039 seconds.
Until Preparation: 0.0005204677581787109.
Until Calculation: 0.0007448196411132812.
Until linalg solve: 0.03953719139099121.
Regression solved in 0.1503 seconds
Training and Evaluating takes 0.01322627067565918 seconds.
Until Preparation: 0.0005125999450683594.
Until Calculation: 0.0007104873657226562.
Until linalg solve: 0.04056549072265625.
Regression solved in 0.1532 seconds
Training and Evaluating takes 0.014787435531616211 seconds.
Until Preparation: 0.0004956722259521484.
Until Calculation: 0.0007023811340332031.
Until linalg solve: 0.039017677307128906.
Regression solved in 0.1501 seconds
Training and Evaluating takes 0.012178421020507812 seconds.
Until Preparation: 0.0005059242248535156.
Until Calculation: 0.0006966590881347656.
Until linalg solve: 0.04074215888977051.
Regression solved in 0.1520 seconds
Training and Evaluating takes 0.015679359436035156 seconds.
Until Preparation: 0.0005164146423339844.
Until Calculation: 0.0007150173187255859.
Until linalg solve: 0.04002642631530762.
Regression solved in 0.1510 seconds
Training and Evaluating takes 0.014641761779785156 seconds.
Until Preparation: 0.0005052089691162109.
Until Calculation: 0.0006823539733886719.
Until linalg solve: 0.03924846649169922.
Regression solved in 0.1507 seconds
Training and Evaluating takes 0.01341700553894043 seconds.
Until Preparation: 0.0005178451538085938.
Until Calculation: 0.0007143020629882812.
Until linalg solve: 0.04055309295654297.
Regression solved in 0.1611 seconds
Training and Evaluating takes 0.014968395233154297 seconds.
Until Preparation: 0.0004858970642089844.
Until Calculation: 0.0006625652313232422.
Until linalg solve: 0.03890371322631836.
Regression solved in 0.1512 seconds
Training and Evaluating takes 0.013341426849365234 seconds.
Until Preparation: 0.0005080699920654297.
Until Calculation: 0.0007064342498779297.
Until linalg solve: 0.040625572204589844.
Regression solved in 0.1526 seconds
Training and Evaluating takes 0.015510797500610352 seconds.
Until Preparation: 0.0005140304565429688.
Until Calculation: 0.0006937980651855469.
Until linalg solve: 0.03991436958312988.
Regression solved in 0.1514 seconds
Training and Evaluating takes 0.015307903289794922 seconds.
Until Preparation: 0.0005214214324951172.
Until Calculation: 0.0007002353668212891.
Until linalg solve: 0.039650917053222656.
Regression solved in 0.1515 seconds
Training and Evaluating takes 0.014970064163208008 seconds.
Until Preparation: 0.0005164146423339844.
Until Calculation: 0.00070953369140625.
Until linalg solve: 0.04053926467895508.
Regression solved in 0.1522 seconds
Training and Evaluating takes 0.01486659049987793 seconds.
Until Preparation: 0.0005018711090087891.
Until Calculation: 0.0007147789001464844.
Until linalg solve: 0.038956642150878906.
Regression solved in 0.1512 seconds
Training and Evaluating takes 0.012250423431396484 seconds.
Until Preparation: 0.0005109310150146484.
Until Calculation: 0.0007336139678955078.
Until linalg solve: 0.040816307067871094.
Regression solved in 0.1521 seconds
Training and Evaluating takes 0.01602339744567871 seconds.
Until Preparation: 0.0005095005035400391.
Until Calculation: 0.000690460205078125.
Until linalg solve: 0.04017519950866699.
Regression solved in 0.1517 seconds
Training and Evaluating takes 0.015055656433105469 seconds.
Until Preparation: 0.0005311965942382812.
Until Calculation: 0.0007100105285644531.
Until linalg solve: 0.03926348686218262.
Regression solved in 0.1508 seconds
Training and Evaluating takes 0.01365041732788086 seconds.
Until Preparation: 0.0005171298980712891.
Until Calculation: 0.0007112026214599609.
Until linalg solve: 0.040349483489990234.
Regression solved in 0.1523 seconds
Training and Evaluating takes 0.01447749137878418 seconds.
Until Preparation: 0.0005185604095458984.
Until Calculation: 0.0006985664367675781.
Until linalg solve: 0.038805246353149414.
Regression solved in 0.1502 seconds
Training and Evaluating takes 0.011971712112426758 seconds.
Until Preparation: 0.0005128383636474609.
Until Calculation: 0.0007069110870361328.
Until linalg solve: 0.0407559871673584.
Regression solved in 0.1522 seconds
Training and Evaluating takes 0.01584935188293457 seconds.
Until Preparation: 0.0005140304565429688.
Until Calculation: 0.0007128715515136719.
Until linalg solve: 0.04025769233703613.
Regression solved in 0.1516 seconds
Training and Evaluating takes 0.01515340805053711 seconds.
Until Preparation: 0.0005159378051757812.
Until Calculation: 0.0006952285766601562.
Until linalg solve: 0.03925657272338867.
Regression solved in 0.1508 seconds
Training and Evaluating takes 0.014589786529541016 seconds.
Until Preparation: 0.0005235671997070312.
Until Calculation: 0.0007350444793701172.
Until linalg solve: 0.04058337211608887.
Regression solved in 0.1528 seconds
Training and Evaluating takes 0.015478372573852539 seconds.
Until Preparation: 0.0005097389221191406.
Until Calculation: 0.0006902217864990234.
Until linalg solve: 0.038977622985839844.
Regression solved in 0.1506 seconds
Training and Evaluating takes 0.01257634162902832 seconds.
Until Preparation: 0.0005106925964355469.
Until Calculation: 0.0007381439208984375.
Until linalg solve: 0.04086446762084961.
Regression solved in 0.1522 seconds
Training and Evaluating takes 0.015921354293823242 seconds.
Until Preparation: 0.0005128383636474609.
Until Calculation: 0.0006911754608154297.
Until linalg solve: 0.040068864822387695.
Regression solved in 0.1516 seconds
Training and Evaluating takes 0.014176607131958008 seconds.
Until Preparation: 0.0005116462707519531.
Until Calculation: 0.0006892681121826172.
Until linalg solve: 0.03954148292541504.
Regression solved in 0.1509 seconds
Training and Evaluating takes 0.014559268951416016 seconds.
Until Preparation: 0.0005180835723876953.
Until Calculation: 0.0007088184356689453.
Until linalg solve: 0.04042220115661621.
Regression solved in 0.1518 seconds
Training and Evaluating takes 0.015090227127075195 seconds.
Until Preparation: 0.0005056858062744141.
Until Calculation: 0.0006866455078125.
Until linalg solve: 0.0388338565826416.
Regression solved in 0.1504 seconds
Training and Evaluating takes 0.013820886611938477 seconds.
Until Preparation: 0.0005090236663818359.
Until Calculation: 0.0007107257843017578.
Until linalg solve: 0.04057812690734863.
Regression solved in 0.1529 seconds
Training and Evaluating takes 0.015158891677856445 seconds.
Until Preparation: 0.0005166530609130859.
Until Calculation: 0.0007278919219970703.
Until linalg solve: 0.04015064239501953.
Regression solved in 0.1519 seconds
Training and Evaluating takes 0.013879537582397461 seconds.
Until Preparation: 0.0005078315734863281.
Until Calculation: 0.0007181167602539062.
Until linalg solve: 0.039312124252319336.
Regression solved in 0.1509 seconds
Training and Evaluating takes 0.013543128967285156 seconds.
Until Preparation: 0.0005228519439697266.
Until Calculation: 0.0007197856903076172.
Until linalg solve: 0.0403742790222168.
Regression solved in 0.1524 seconds
Training and Evaluating takes 0.014562368392944336 seconds.
Until Preparation: 0.0005125999450683594.
Until Calculation: 0.0007207393646240234.
Until linalg solve: 0.0388486385345459.
Regression solved in 0.1503 seconds
Training and Evaluating takes 0.013861656188964844 seconds.
Until Preparation: 0.0005133152008056641.
Until Calculation: 0.0007097721099853516.
Until linalg solve: 0.04067397117614746.
Regression solved in 0.1525 seconds
Training and Evaluating takes 0.015610456466674805 seconds.
Until Preparation: 0.0005152225494384766.
Until Calculation: 0.0007321834564208984.
Until linalg solve: 0.040250539779663086.
Regression solved in 0.1520 seconds
Training and Evaluating takes 0.014804840087890625 seconds.
Until Preparation: 0.000514984130859375.
Until Calculation: 0.0006935596466064453.
Until linalg solve: 0.03918719291687012.
Regression solved in 0.1507 seconds
Training and Evaluating takes 0.014733552932739258 seconds.
Until Preparation: 0.0005152225494384766.
Until Calculation: 0.0007064342498779297.
Until linalg solve: 0.04043936729431152.
Regression solved in 0.1521 seconds
Training and Evaluating takes 0.014936447143554688 seconds.
Until Preparation: 0.0004994869232177734.
Until Calculation: 0.0006794929504394531.
Until linalg solve: 0.03874564170837402.
Regression solved in 0.1503 seconds
Training and Evaluating takes 0.01595926284790039 seconds.
Until Preparation: 0.0005190372467041016.
Until Calculation: 0.0007126331329345703.
Until linalg solve: 0.040763139724731445.
Regression solved in 0.1522 seconds
Training and Evaluating takes 0.016869306564331055 seconds.
Until Preparation: 0.0005216598510742188.
Until Calculation: 0.0007050037384033203.
Until linalg solve: 0.04000091552734375.
Regression solved in 0.1514 seconds
Training and Evaluating takes 0.008526325225830078 seconds.
Until Preparation: 0.0004825592041015625.
Until Calculation: 0.0006551742553710938.
Until linalg solve: 0.03945755958557129.
Regression solved in 0.1510 seconds
Training and Evaluating takes 0.013042449951171875 seconds.
Until Preparation: 0.0005211830139160156.
Until Calculation: 0.0007174015045166016.
Until linalg solve: 0.040435075759887695.
Regression solved in 0.1524 seconds
Training and Evaluating takes 0.015539169311523438 seconds.
Until Preparation: 0.0005104541778564453.
Until Calculation: 0.0007021427154541016.
Until linalg solve: 0.03894472122192383.
Regression solved in 0.1505 seconds
Training and Evaluating takes 0.012289762496948242 seconds.
Until Preparation: 0.0005142688751220703.
Until Calculation: 0.0007128715515136719.
Until linalg solve: 0.040791988372802734.
Regression solved in 0.1523 seconds
Training and Evaluating takes 0.016768455505371094 seconds.
Until Preparation: 0.0004889965057373047.
Until Calculation: 0.0006804466247558594.
Until linalg solve: 0.04007363319396973.
Regression solved in 0.1517 seconds
Training and Evaluating takes 0.003937244415283203 seconds.
Until Preparation: 0.0004799365997314453.
Until Calculation: 0.0006623268127441406.
Until linalg solve: 0.03920745849609375.
Regression solved in 0.1505 seconds
Training and Evaluating takes 0.013041973114013672 seconds.
Until Preparation: 0.0005078315734863281.
Until Calculation: 0.0006997585296630859.
Until linalg solve: 0.04061007499694824.
Regression solved in 0.1540 seconds
Training and Evaluating takes 0.014930009841918945 seconds.
Until Preparation: 0.0005061626434326172.
Until Calculation: 0.0006814002990722656.
Until linalg solve: 0.038893938064575195.
Regression solved in 0.1504 seconds
Training and Evaluating takes 0.015810728073120117 seconds.
Until Preparation: 0.0005252361297607422.
Until Calculation: 0.0007278919219970703.
Until linalg solve: 0.04066038131713867.
Regression solved in 0.1596 seconds
Training and Evaluating takes 0.015393257141113281 seconds.
Until Preparation: 0.0005021095275878906.
Until Calculation: 0.0006964206695556641.
Until linalg solve: 0.0401463508605957.
Regression solved in 0.1519 seconds
Training and Evaluating takes 0.0071527957916259766 seconds.
Until Preparation: 0.0004849433898925781.
Until Calculation: 0.0006890296936035156.
Until linalg solve: 0.03953075408935547.
Regression solved in 0.1510 seconds
Training and Evaluating takes 0.013303279876708984 seconds.
Until Preparation: 0.0005154609680175781.
Until Calculation: 0.0007100105285644531.
Until linalg solve: 0.04039430618286133.
Regression solved in 0.1529 seconds
Training and Evaluating takes 0.015042781829833984 seconds.
Until Preparation: 0.0004897117614746094.
Until Calculation: 0.0006768703460693359.
Until linalg solve: 0.03882122039794922.
Regression solved in 0.1515 seconds
Training and Evaluating takes 0.013817787170410156 seconds.
Until Preparation: 0.0005171298980712891.
Until Calculation: 0.0007162094116210938.
Until linalg solve: 0.04071831703186035.
Regression solved in 0.1523 seconds
Training and Evaluating takes 0.016766071319580078 seconds.
Until Preparation: 0.0005168914794921875.
Until Calculation: 0.0007109642028808594.
Until linalg solve: 0.04024839401245117.
Regression solved in 0.1518 seconds
Training and Evaluating takes 0.008306741714477539 seconds.
Until Preparation: 0.0004792213439941406.
Until Calculation: 0.0006511211395263672.
Until linalg solve: 0.0394587516784668.
Regression solved in 0.1515 seconds
Training and Evaluating takes 0.013327598571777344 seconds.
Until Preparation: 0.0004990100860595703.
Until Calculation: 0.0006923675537109375.
Until linalg solve: 0.0404970645904541.
Regression solved in 0.1608 seconds
Training and Evaluating takes 0.015763282775878906 seconds.
Until Preparation: 0.0004904270172119141.
Until Calculation: 0.0006666183471679688.
Until linalg solve: 0.03897404670715332.
Regression solved in 0.1583 seconds
Training and Evaluating takes 0.0020394325256347656 seconds.
Until Preparation: 0.0005173683166503906.
Until Calculation: 0.0007181167602539062.
Until linalg solve: 0.04067420959472656.
Regression solved in 0.1582 seconds
Training and Evaluating takes 0.015776872634887695 seconds.
Until Preparation: 0.0005290508270263672.
Until Calculation: 0.0007574558258056641.
Until linalg solve: 0.04018974304199219.
Regression solved in 0.1583 seconds
Training and Evaluating takes 0.015177249908447266 seconds.
Until Preparation: 0.0004923343658447266.
Until Calculation: 0.0006730556488037109.
Until linalg solve: 0.03922629356384277.
Regression solved in 0.1590 seconds
Training and Evaluating takes 0.012957096099853516 seconds.
Until Preparation: 0.0005245208740234375.
Until Calculation: 0.0007357597351074219.
Until linalg solve: 0.040538787841796875.
Regression solved in 0.1622 seconds
Training and Evaluating takes 0.015828371047973633 seconds.
Until Preparation: 0.0005087852478027344.
Until Calculation: 0.0006868839263916016.
Until linalg solve: 0.03872966766357422.
Regression solved in 0.1618 seconds
Training and Evaluating takes 0.015050172805786133 seconds.
Until Preparation: 0.0005700588226318359.
Until Calculation: 0.0008211135864257812.
Until linalg solve: 0.0406951904296875.
Regression solved in 0.1612 seconds
Training and Evaluating takes 0.015440702438354492 seconds.
Until Preparation: 0.0005078315734863281.
Until Calculation: 0.0007145404815673828.
Until linalg solve: 0.04001498222351074.
Regression solved in 0.1598 seconds
Training and Evaluating takes 0.00401616096496582 seconds.
Until Preparation: 0.0005209445953369141.
Until Calculation: 0.0006978511810302734.
Until linalg solve: 0.03925466537475586.
Regression solved in 0.1594 seconds
Training and Evaluating takes 0.013465166091918945 seconds.
Until Preparation: 0.0005676746368408203.
Until Calculation: 0.0007851123809814453.
Until linalg solve: 0.04053854942321777.
Regression solved in 0.1612 seconds
Training and Evaluating takes 0.014772891998291016 seconds.
Until Preparation: 0.0004928112030029297.
Until Calculation: 0.0006864070892333984.
Until linalg solve: 0.038980960845947266.
Regression solved in 0.1597 seconds
Training and Evaluating takes 0.012617111206054688 seconds.
Until Preparation: 0.0005705356597900391.
Until Calculation: 0.0007908344268798828.
Until linalg solve: 0.04075026512145996.
Regression solved in 0.1608 seconds
Training and Evaluating takes 0.015263795852661133 seconds.
Until Preparation: 0.0005710124969482422.
Until Calculation: 0.0007612705230712891.
Until linalg solve: 0.04020047187805176.
Regression solved in 0.1605 seconds
Training and Evaluating takes 0.01721930503845215 seconds.
Until Preparation: 0.0005054473876953125.
Until Calculation: 0.0007488727569580078.
Until linalg solve: 0.03954768180847168.
Regression solved in 0.1595 seconds
Training and Evaluating takes 0.015090227127075195 seconds.
Until Preparation: 0.0005354881286621094.
Until Calculation: 0.0007579326629638672.
Until linalg solve: 0.04052424430847168.
Regression solved in 0.1609 seconds
Training and Evaluating takes 0.014098882675170898 seconds.
Until Preparation: 0.00055694580078125.
Until Calculation: 0.0007493495941162109.
Until linalg solve: 0.038928985595703125.
Regression solved in 0.1582 seconds
Training and Evaluating takes 0.013055562973022461 seconds.
Until Preparation: 0.0005586147308349609.
Until Calculation: 0.0007648468017578125.
Until linalg solve: 0.04083847999572754.
Regression solved in 0.1601 seconds
Training and Evaluating takes 0.017053842544555664 seconds.
Until Preparation: 0.0005192756652832031.
Until Calculation: 0.0007238388061523438.
Until linalg solve: 0.04008364677429199.
Regression solved in 0.1518 seconds
Training and Evaluating takes 0.01580667495727539 seconds.
Until Preparation: 0.0005183219909667969.
Until Calculation: 0.0006976127624511719.
Until linalg solve: 0.03949093818664551.
Regression solved in 0.1514 seconds
Training and Evaluating takes 0.014046907424926758 seconds.
Until Preparation: 0.0004954338073730469.
Until Calculation: 0.0006885528564453125.
Until linalg solve: 0.04038262367248535.
Regression solved in 0.1524 seconds
Training and Evaluating takes 0.00473332405090332 seconds.
Until Preparation: 0.0005013942718505859.
Until Calculation: 0.0006780624389648438.
Until linalg solve: 0.0389556884765625.
Regression solved in 0.1511 seconds
Training and Evaluating takes 0.01215362548828125 seconds.
Until Preparation: 0.0005168914794921875.
Until Calculation: 0.0007126331329345703.
Until linalg solve: 0.04073500633239746.
Regression solved in 0.1527 seconds
Training and Evaluating takes 0.015486955642700195 seconds.
Until Preparation: 0.0005137920379638672.
Until Calculation: 0.0006914138793945312.
Until linalg solve: 0.04004025459289551.
Regression solved in 0.1522 seconds
Training and Evaluating takes 0.015625953674316406 seconds.
Until Preparation: 0.0005204677581787109.
Until Calculation: 0.0006983280181884766.
Until linalg solve: 0.039432525634765625.
Regression solved in 0.1514 seconds
Training and Evaluating takes 0.012993812561035156 seconds.
Until Preparation: 0.0005133152008056641.
Until Calculation: 0.0007085800170898438.
Until linalg solve: 0.040285587310791016.
Regression solved in 0.1528 seconds
Training and Evaluating takes 0.016193866729736328 seconds.
Until Preparation: 0.0005025863647460938.
Until Calculation: 0.0006806850433349609.
Until linalg solve: 0.03899431228637695.
Regression solved in 0.1505 seconds
Training and Evaluating takes 0.012735366821289062 seconds.
Until Preparation: 0.0005209445953369141.
Until Calculation: 0.0007188320159912109.
Until linalg solve: 0.04062938690185547.
Regression solved in 0.1521 seconds
Training and Evaluating takes 0.0169370174407959 seconds.
Until Preparation: 0.0005223751068115234.
Until Calculation: 0.0007488727569580078.
Until linalg solve: 0.04013490676879883.
Regression solved in 0.1519 seconds
Training and Evaluating takes 0.01483917236328125 seconds.
Until Preparation: 0.0005145072937011719.
Until Calculation: 0.00069427490234375.
Until linalg solve: 0.03950858116149902.
Regression solved in 0.1510 seconds
Training and Evaluating takes 0.013422727584838867 seconds.
Until Preparation: 0.0005288124084472656.
Until Calculation: 0.0007255077362060547.
Until linalg solve: 0.040486812591552734.
Regression solved in 0.1523 seconds
Training and Evaluating takes 0.015638113021850586 seconds.
Until Preparation: 0.0005123615264892578.
Until Calculation: 0.0006928443908691406.
Until linalg solve: 0.038865089416503906.
Regression solved in 0.1506 seconds
Training and Evaluating takes 0.012599945068359375 seconds.
Until Preparation: 0.0005280971527099609.
Until Calculation: 0.0007474422454833984.
Until linalg solve: 0.040853261947631836.
Regression solved in 0.1523 seconds
Training and Evaluating takes 0.016831159591674805 seconds.
Until Preparation: 0.0005159378051757812.
Until Calculation: 0.0006966590881347656.
Until linalg solve: 0.03997969627380371.
Regression solved in 0.1537 seconds
Training and Evaluating takes 0.015184640884399414 seconds.
Until Preparation: 0.000530242919921875.
Until Calculation: 0.0007150173187255859.
Until linalg solve: 0.03938627243041992.
Regression solved in 0.1509 seconds
Training and Evaluating takes 0.014415740966796875 seconds.
Until Preparation: 0.0005161762237548828.
Until Calculation: 0.0007107257843017578.
Until linalg solve: 0.04041481018066406.
Regression solved in 0.1527 seconds
Training and Evaluating takes 0.01623678207397461 seconds.
Until Preparation: 0.0005152225494384766.
Until Calculation: 0.0006964206695556641.
Until linalg solve: 0.03875851631164551.
Regression solved in 0.1503 seconds
Training and Evaluating takes 0.012849807739257812 seconds.
Until Preparation: 0.0005140304565429688.
Until Calculation: 0.0007090568542480469.
Until linalg solve: 0.04050087928771973.
Regression solved in 0.1527 seconds
Training and Evaluating takes 0.01535797119140625 seconds.
Until Preparation: 0.0005431175231933594.
Until Calculation: 0.0007741451263427734.
Until linalg solve: 0.04017996788024902.
Regression solved in 0.1515 seconds
Training and Evaluating takes 0.015109777450561523 seconds.
Until Preparation: 0.0005197525024414062.
Until Calculation: 0.0006973743438720703.
Until linalg solve: 0.039450883865356445.
Regression solved in 0.1510 seconds
Training and Evaluating takes 0.013510465621948242 seconds.
    Permutation 40/100 done
Until Preparation: 0.0004949569702148438.
Until Calculation: 0.0006997585296630859.
Until linalg solve: 0.04050636291503906.
Regression solved in 0.1522 seconds
Training and Evaluating takes 0.015044450759887695 seconds.
Until Preparation: 0.0005156993865966797.
Until Calculation: 0.0006930828094482422.
Until linalg solve: 0.03879737854003906.
Regression solved in 0.1504 seconds
Training and Evaluating takes 0.012850522994995117 seconds.
Until Preparation: 0.0005166530609130859.
Until Calculation: 0.0007183551788330078.
Until linalg solve: 0.040627479553222656.
Regression solved in 0.1591 seconds
Training and Evaluating takes 0.016147851943969727 seconds.
Until Preparation: 0.0005059242248535156.
Until Calculation: 0.0006844997406005859.
Until linalg solve: 0.04008054733276367.
Regression solved in 0.1581 seconds
Training and Evaluating takes 0.014681339263916016 seconds.
Until Preparation: 0.0005443096160888672.
Until Calculation: 0.000728607177734375.
Until linalg solve: 0.0394895076751709.
Regression solved in 0.1589 seconds
Training and Evaluating takes 0.014618873596191406 seconds.
Until Preparation: 0.000568389892578125.
Until Calculation: 0.0007848739624023438.
Until linalg solve: 0.04058718681335449.
Regression solved in 0.1625 seconds
Training and Evaluating takes 0.014252662658691406 seconds.
Until Preparation: 0.0005483627319335938.
Until Calculation: 0.0007429122924804688.
Until linalg solve: 0.038785457611083984.
Regression solved in 0.1582 seconds
Training and Evaluating takes 0.002048015594482422 seconds.
Until Preparation: 0.0005218982696533203.
Until Calculation: 0.0007202625274658203.
Until linalg solve: 0.040715694427490234.
Regression solved in 0.1587 seconds
Training and Evaluating takes 0.015379905700683594 seconds.
Until Preparation: 0.0005326271057128906.
Until Calculation: 0.0007135868072509766.
Until linalg solve: 0.04011368751525879.
Regression solved in 0.1584 seconds
Training and Evaluating takes 0.015392303466796875 seconds.
Until Preparation: 0.0005314350128173828.
Until Calculation: 0.0007147789001464844.
Until linalg solve: 0.039467573165893555.
Regression solved in 0.1578 seconds
Training and Evaluating takes 0.013664007186889648 seconds.
Until Preparation: 0.0005300045013427734.
Until Calculation: 0.0007398128509521484.
Until linalg solve: 0.04066777229309082.
Regression solved in 0.1642 seconds
Training and Evaluating takes 0.016068220138549805 seconds.
Until Preparation: 0.004505634307861328.
Until Calculation: 0.004705905914306641.
Until linalg solve: 0.042928218841552734.
Regression solved in 0.1613 seconds
Training and Evaluating takes 0.012431144714355469 seconds.
Until Preparation: 0.0005035400390625.
Until Calculation: 0.0007219314575195312.
Until linalg solve: 0.040615081787109375.
Regression solved in 0.1583 seconds
Training and Evaluating takes 0.007183074951171875 seconds.
Until Preparation: 0.0005061626434326172.
Until Calculation: 0.0007214546203613281.
Until linalg solve: 0.040086984634399414.
Regression solved in 0.1543 seconds
Training and Evaluating takes 0.014493703842163086 seconds.
Until Preparation: 0.000514984130859375.
Until Calculation: 0.0007255077362060547.
Until linalg solve: 0.03958582878112793.
Regression solved in 0.1510 seconds
Training and Evaluating takes 0.013520479202270508 seconds.
Until Preparation: 0.0005202293395996094.
Until Calculation: 0.0007185935974121094.
Until linalg solve: 0.040422916412353516.
Regression solved in 0.1527 seconds
Training and Evaluating takes 0.015284061431884766 seconds.
Until Preparation: 0.0005180835723876953.
Until Calculation: 0.0007028579711914062.
Until linalg solve: 0.03895735740661621.
Regression solved in 0.1504 seconds
Training and Evaluating takes 0.013772249221801758 seconds.
Until Preparation: 0.0005137920379638672.
Until Calculation: 0.0007126331329345703.
Until linalg solve: 0.04075312614440918.
Regression solved in 0.1524 seconds
Training and Evaluating takes 0.015696287155151367 seconds.
Until Preparation: 0.0005102157592773438.
Until Calculation: 0.0007071495056152344.
Until linalg solve: 0.04021143913269043.
Regression solved in 0.1518 seconds
Training and Evaluating takes 0.014021635055541992 seconds.
Until Preparation: 0.0005145072937011719.
Until Calculation: 0.0006935596466064453.
Until linalg solve: 0.039530277252197266.
Regression solved in 0.1515 seconds
Training and Evaluating takes 0.014954328536987305 seconds.
Until Preparation: 0.0004978179931640625.
Until Calculation: 0.0007159709930419922.
Until linalg solve: 0.04047274589538574.
Regression solved in 0.1531 seconds
Training and Evaluating takes 0.0047855377197265625 seconds.
Until Preparation: 0.0005121231079101562.
Until Calculation: 0.00069427490234375.
Until linalg solve: 0.03902840614318848.
Regression solved in 0.1511 seconds
Training and Evaluating takes 0.012176275253295898 seconds.
Until Preparation: 0.0005245208740234375.
Until Calculation: 0.0007202625274658203.
Until linalg solve: 0.040720462799072266.
Regression solved in 0.1524 seconds
Training and Evaluating takes 0.015662670135498047 seconds.
Until Preparation: 0.0005116462707519531.
Until Calculation: 0.0007107257843017578.
Until linalg solve: 0.040144920349121094.
Regression solved in 0.1518 seconds
Training and Evaluating takes 0.013991594314575195 seconds.
Until Preparation: 0.0005087852478027344.
Until Calculation: 0.0006890296936035156.
Until linalg solve: 0.03923773765563965.
Regression solved in 0.1509 seconds
Training and Evaluating takes 0.014507532119750977 seconds.
Until Preparation: 0.0005156993865966797.
Until Calculation: 0.0007121562957763672.
Until linalg solve: 0.0404818058013916.
Regression solved in 0.1535 seconds
Training and Evaluating takes 0.016626834869384766 seconds.
Until Preparation: 0.0004992485046386719.
Until Calculation: 0.0006935596466064453.
Until linalg solve: 0.03883099555969238.
Regression solved in 0.1505 seconds
Training and Evaluating takes 0.01272273063659668 seconds.
Until Preparation: 0.0005095005035400391.
Until Calculation: 0.0007047653198242188.
Until linalg solve: 0.040555715560913086.
Regression solved in 0.1525 seconds
Training and Evaluating takes 0.016611576080322266 seconds.
Until Preparation: 0.0005273818969726562.
Until Calculation: 0.0007224082946777344.
Until linalg solve: 0.040131330490112305.
Regression solved in 0.1521 seconds
Training and Evaluating takes 0.01461029052734375 seconds.
Until Preparation: 0.0004942417144775391.
Until Calculation: 0.0006668567657470703.
Until linalg solve: 0.03949618339538574.
Regression solved in 0.1515 seconds
Training and Evaluating takes 0.013651609420776367 seconds.
Until Preparation: 0.0005166530609130859.
Until Calculation: 0.000713348388671875.
Until linalg solve: 0.040453195571899414.
Regression solved in 0.1531 seconds
Training and Evaluating takes 0.015897512435913086 seconds.
Until Preparation: 0.0005123615264892578.
Until Calculation: 0.0007338523864746094.
Until linalg solve: 0.038906097412109375.
Regression solved in 0.1512 seconds
Training and Evaluating takes 0.012125492095947266 seconds.
Until Preparation: 0.0005183219909667969.
Until Calculation: 0.0007157325744628906.
Until linalg solve: 0.040581464767456055.
Regression solved in 0.1523 seconds
Training and Evaluating takes 0.015708446502685547 seconds.
Until Preparation: 0.0005176067352294922.
Until Calculation: 0.0006988048553466797.
Until linalg solve: 0.04009890556335449.
Regression solved in 0.1533 seconds
Training and Evaluating takes 0.015456438064575195 seconds.
Until Preparation: 0.0005190372467041016.
Until Calculation: 0.0007028579711914062.
Until linalg solve: 0.0394892692565918.
Regression solved in 0.1596 seconds
Training and Evaluating takes 0.013211488723754883 seconds.
Until Preparation: 0.0005428791046142578.
Until Calculation: 0.0007684230804443359.
Until linalg solve: 0.04050397872924805.
Regression solved in 0.1561 seconds
Training and Evaluating takes 0.014860153198242188 seconds.
Until Preparation: 0.0005273818969726562.
Until Calculation: 0.0007054805755615234.
Until linalg solve: 0.03902935981750488.
Regression solved in 0.1510 seconds
Training and Evaluating takes 0.013195037841796875 seconds.
Until Preparation: 0.0005090236663818359.
Until Calculation: 0.0007014274597167969.
Until linalg solve: 0.04075360298156738.
Regression solved in 0.1531 seconds
Training and Evaluating takes 0.01705765724182129 seconds.
Until Preparation: 0.0005116462707519531.
Until Calculation: 0.0006921291351318359.
Until linalg solve: 0.04005122184753418.
Regression solved in 0.1518 seconds
Training and Evaluating takes 0.013906002044677734 seconds.
Until Preparation: 0.0005176067352294922.
Until Calculation: 0.0007331371307373047.
Until linalg solve: 0.039516448974609375.
Regression solved in 0.1514 seconds
Training and Evaluating takes 0.012990951538085938 seconds.
Until Preparation: 0.000518798828125.
Until Calculation: 0.0007178783416748047.
Until linalg solve: 0.04063987731933594.
Regression solved in 0.1544 seconds
Training and Evaluating takes 0.016887664794921875 seconds.
Until Preparation: 0.0005266666412353516.
Until Calculation: 0.0007047653198242188.
Until linalg solve: 0.03899955749511719.
Regression solved in 0.1509 seconds
Training and Evaluating takes 0.012206554412841797 seconds.
Until Preparation: 0.0005352497100830078.
Until Calculation: 0.0007457733154296875.
Until linalg solve: 0.04079747200012207.
Regression solved in 0.1525 seconds
Training and Evaluating takes 0.017002582550048828 seconds.
Until Preparation: 0.0005168914794921875.
Until Calculation: 0.0007305145263671875.
Until linalg solve: 0.04010915756225586.
Regression solved in 0.1520 seconds
Training and Evaluating takes 0.015746593475341797 seconds.
Until Preparation: 0.0005178451538085938.
Until Calculation: 0.0006976127624511719.
Until linalg solve: 0.03925824165344238.
Regression solved in 0.1512 seconds
Training and Evaluating takes 0.014288902282714844 seconds.
Until Preparation: 0.0005309581756591797.
Until Calculation: 0.0007264614105224609.
Until linalg solve: 0.040490150451660156.
Regression solved in 0.1539 seconds
Training and Evaluating takes 0.015123367309570312 seconds.
Until Preparation: 0.003996133804321289.
Until Calculation: 0.0041768550872802734.
Until linalg solve: 0.042575836181640625.
Regression solved in 0.1542 seconds
Training and Evaluating takes 0.014022111892700195 seconds.
Until Preparation: 0.0005209445953369141.
Until Calculation: 0.0007174015045166016.
Until linalg solve: 0.040874481201171875.
Regression solved in 0.1529 seconds
Training and Evaluating takes 0.01325535774230957 seconds.
Until Preparation: 0.0005164146423339844.
Until Calculation: 0.0006973743438720703.
Until linalg solve: 0.04006767272949219.
Regression solved in 0.1517 seconds
Training and Evaluating takes 0.014052867889404297 seconds.
Until Preparation: 0.000598907470703125.
Until Calculation: 0.0007987022399902344.
Until linalg solve: 0.03930974006652832.
Regression solved in 0.1516 seconds
Training and Evaluating takes 0.012781620025634766 seconds.
Until Preparation: 0.0005056858062744141.
Until Calculation: 0.0007033348083496094.
Until linalg solve: 0.04042673110961914.
Regression solved in 0.1528 seconds
Training and Evaluating takes 0.015208244323730469 seconds.
Until Preparation: 0.0005106925964355469.
Until Calculation: 0.0006878376007080078.
Until linalg solve: 0.03902840614318848.
Regression solved in 0.1509 seconds
Training and Evaluating takes 0.01328897476196289 seconds.
Until Preparation: 0.0005083084106445312.
Until Calculation: 0.0007097721099853516.
Until linalg solve: 0.04077005386352539.
Regression solved in 0.1533 seconds
Training and Evaluating takes 0.016791105270385742 seconds.
Until Preparation: 0.0005037784576416016.
Until Calculation: 0.0007021427154541016.
Until linalg solve: 0.04019761085510254.
Regression solved in 0.1581 seconds
Training and Evaluating takes 0.01528620719909668 seconds.
Until Preparation: 0.0005090236663818359.
Until Calculation: 0.0007221698760986328.
Until linalg solve: 0.03935050964355469.
Regression solved in 0.1514 seconds
Training and Evaluating takes 0.012969493865966797 seconds.
Until Preparation: 0.0005147457122802734.
Until Calculation: 0.0007145404815673828.
Until linalg solve: 0.04053854942321777.
Regression solved in 0.1525 seconds
Training and Evaluating takes 0.015512228012084961 seconds.
Until Preparation: 0.0005118846893310547.
Until Calculation: 0.0006899833679199219.
Until linalg solve: 0.03880882263183594.
Regression solved in 0.1509 seconds
Training and Evaluating takes 0.003376007080078125 seconds.
Until Preparation: 0.0005106925964355469.
Until Calculation: 0.0007059574127197266.
Until linalg solve: 0.040680885314941406.
Regression solved in 0.1551 seconds
Training and Evaluating takes 0.014931201934814453 seconds.
Until Preparation: 0.0005075931549072266.
Until Calculation: 0.0007054805755615234.
Until linalg solve: 0.040149688720703125.
Regression solved in 0.1518 seconds
Training and Evaluating takes 0.013930320739746094 seconds.
Until Preparation: 0.0005128383636474609.
Until Calculation: 0.0006916522979736328.
Until linalg solve: 0.039443254470825195.
Regression solved in 0.1529 seconds
Training and Evaluating takes 0.01351618766784668 seconds.
Until Preparation: 0.0005137920379638672.
Until Calculation: 0.0007126331329345703.
Until linalg solve: 0.04058670997619629.
Regression solved in 0.1528 seconds
Training and Evaluating takes 0.015330791473388672 seconds.
Until Preparation: 0.0005152225494384766.
Until Calculation: 0.0006949901580810547.
Until linalg solve: 0.03875565528869629.
Regression solved in 0.1510 seconds
Training and Evaluating takes 0.013202905654907227 seconds.
Until Preparation: 0.0005121231079101562.
Until Calculation: 0.0007100105285644531.
Until linalg solve: 0.04058670997619629.
Regression solved in 0.1533 seconds
Training and Evaluating takes 0.015758037567138672 seconds.
Until Preparation: 0.0005171298980712891.
Until Calculation: 0.0007138252258300781.
Until linalg solve: 0.04018282890319824.
Regression solved in 0.1526 seconds
Training and Evaluating takes 0.01400446891784668 seconds.
Until Preparation: 0.0005285739898681641.
Until Calculation: 0.0007073879241943359.
Until linalg solve: 0.03923177719116211.
Regression solved in 0.1581 seconds
Training and Evaluating takes 0.01331329345703125 seconds.
Until Preparation: 0.0005300045013427734.
Until Calculation: 0.0007259845733642578.
Until linalg solve: 0.04054379463195801.
Regression solved in 0.1532 seconds
Training and Evaluating takes 0.015691280364990234 seconds.
Until Preparation: 0.0005376338958740234.
Until Calculation: 0.0007212162017822266.
Until linalg solve: 0.038779258728027344.
Regression solved in 0.1512 seconds
Training and Evaluating takes 0.010686159133911133 seconds.
Until Preparation: 0.0005257129669189453.
Until Calculation: 0.0007228851318359375.
Until linalg solve: 0.04057645797729492.
Regression solved in 0.1530 seconds
Training and Evaluating takes 0.016092538833618164 seconds.
Until Preparation: 0.0005228519439697266.
Until Calculation: 0.0007040500640869141.
Until linalg solve: 0.03816843032836914.
Regression solved in 0.1508 seconds
Training and Evaluating takes 0.013978004455566406 seconds.
Until Preparation: 0.0005185604095458984.
Until Calculation: 0.0006990432739257812.
Until linalg solve: 0.03260231018066406.
Regression solved in 0.1491 seconds
Training and Evaluating takes 0.014345645904541016 seconds.
Until Preparation: 0.0005233287811279297.
Until Calculation: 0.0007226467132568359.
Until linalg solve: 0.03338432312011719.
Regression solved in 0.1479 seconds
Training and Evaluating takes 0.016049623489379883 seconds.
Until Preparation: 0.0005197525024414062.
Until Calculation: 0.0007016658782958984.
Until linalg solve: 0.03203082084655762.
Regression solved in 0.1443 seconds
Training and Evaluating takes 0.01393747329711914 seconds.
Until Preparation: 0.0005176067352294922.
Until Calculation: 0.000713348388671875.
Until linalg solve: 0.033605098724365234.
Regression solved in 0.1461 seconds
Training and Evaluating takes 0.01499319076538086 seconds.
Until Preparation: 0.0005707740783691406.
Until Calculation: 0.0007905960083007812.
Until linalg solve: 0.03320717811584473.
Regression solved in 0.1448 seconds
Training and Evaluating takes 0.013936519622802734 seconds.
Until Preparation: 0.0005135536193847656.
Until Calculation: 0.0006911754608154297.
Until linalg solve: 0.03249192237854004.
Regression solved in 0.1442 seconds
Training and Evaluating takes 0.014290571212768555 seconds.
Until Preparation: 0.0005190372467041016.
Until Calculation: 0.0007228851318359375.
Until linalg solve: 0.03328347206115723.
Regression solved in 0.1463 seconds
Training and Evaluating takes 0.014648675918579102 seconds.
Until Preparation: 0.0005104541778564453.
Until Calculation: 0.000698089599609375.
Until linalg solve: 0.03845381736755371.
Regression solved in 0.1504 seconds
Training and Evaluating takes 0.012794256210327148 seconds.
Until Preparation: 0.0004975795745849609.
Until Calculation: 0.0007572174072265625.
Until linalg solve: 0.04065108299255371.
Regression solved in 0.1524 seconds
Training and Evaluating takes 0.017035961151123047 seconds.
Until Preparation: 0.0005068778991699219.
Until Calculation: 0.0006959438323974609.
Until linalg solve: 0.03998541831970215.
Regression solved in 0.1515 seconds
Training and Evaluating takes 0.015288591384887695 seconds.
Until Preparation: 0.0005137920379638672.
Until Calculation: 0.0007374286651611328.
Until linalg solve: 0.0395352840423584.
Regression solved in 0.1513 seconds
Training and Evaluating takes 0.0033745765686035156 seconds.
Until Preparation: 0.0005247592926025391.
Until Calculation: 0.0007214546203613281.
Until linalg solve: 0.04040884971618652.
Regression solved in 0.1528 seconds
Training and Evaluating takes 0.015201568603515625 seconds.
Until Preparation: 0.0005176067352294922.
Until Calculation: 0.0006988048553466797.
Until linalg solve: 0.03915667533874512.
Regression solved in 0.1511 seconds
Training and Evaluating takes 0.005285978317260742 seconds.
Until Preparation: 0.0004909038543701172.
Until Calculation: 0.0006816387176513672.
Until linalg solve: 0.04063606262207031.
Regression solved in 0.1526 seconds
Training and Evaluating takes 0.015033245086669922 seconds.
Until Preparation: 0.0005145072937011719.
Until Calculation: 0.0007104873657226562.
Until linalg solve: 0.04015779495239258.
Regression solved in 0.1519 seconds
Training and Evaluating takes 0.014878034591674805 seconds.
Until Preparation: 0.0005145072937011719.
Until Calculation: 0.0007402896881103516.
Until linalg solve: 0.03964972496032715.
Regression solved in 0.1513 seconds
Training and Evaluating takes 0.014173269271850586 seconds.
Until Preparation: 0.0005166530609130859.
Until Calculation: 0.0007200241088867188.
Until linalg solve: 0.04041314125061035.
Regression solved in 0.1528 seconds
Training and Evaluating takes 0.015126705169677734 seconds.
Until Preparation: 0.0005168914794921875.
Until Calculation: 0.00069427490234375.
Until linalg solve: 0.03890824317932129.
Regression solved in 0.1508 seconds
Training and Evaluating takes 0.012282371520996094 seconds.
Until Preparation: 0.0005164146423339844.
Until Calculation: 0.0007197856903076172.
Until linalg solve: 0.04075765609741211.
Regression solved in 0.1526 seconds
Training and Evaluating takes 0.01555180549621582 seconds.
Until Preparation: 0.0005180835723876953.
Until Calculation: 0.0007250308990478516.
Until linalg solve: 0.04021763801574707.
Regression solved in 0.1522 seconds
Training and Evaluating takes 0.014652252197265625 seconds.
Until Preparation: 0.0005180835723876953.
Until Calculation: 0.0006988048553466797.
Until linalg solve: 0.03936576843261719.
Regression solved in 0.1512 seconds
Training and Evaluating takes 0.013259172439575195 seconds.
Until Preparation: 0.0005190372467041016.
Until Calculation: 0.0007154941558837891.
Until linalg solve: 0.04043722152709961.
Regression solved in 0.1553 seconds
Training and Evaluating takes 0.014655590057373047 seconds.
Until Preparation: 0.0005176067352294922.
Until Calculation: 0.0006976127624511719.
Until linalg solve: 0.03888082504272461.
Regression solved in 0.1508 seconds
Training and Evaluating takes 0.01243281364440918 seconds.
Until Preparation: 0.0005216598510742188.
Until Calculation: 0.0007212162017822266.
Until linalg solve: 0.04058480262756348.
Regression solved in 0.1531 seconds
Training and Evaluating takes 0.015965938568115234 seconds.
Until Preparation: 0.0005133152008056641.
Until Calculation: 0.0006954669952392578.
Until linalg solve: 0.04014945030212402.
Regression solved in 0.1522 seconds
Training and Evaluating takes 0.014559030532836914 seconds.
Until Preparation: 0.0005147457122802734.
Until Calculation: 0.0006921291351318359.
Until linalg solve: 0.03955483436584473.
Regression solved in 0.1519 seconds
Training and Evaluating takes 0.013608932495117188 seconds.
Until Preparation: 0.0005125999450683594.
Until Calculation: 0.0007112026214599609.
Until linalg solve: 0.040427207946777344.
Regression solved in 0.1532 seconds
Training and Evaluating takes 0.014895439147949219 seconds.
Until Preparation: 0.0005054473876953125.
Until Calculation: 0.0006847381591796875.
Until linalg solve: 0.03875565528869629.
Regression solved in 0.1550 seconds
Training and Evaluating takes 0.013220071792602539 seconds.
Until Preparation: 0.0005145072937011719.
Until Calculation: 0.0007312297821044922.
Until linalg solve: 0.04049205780029297.
Regression solved in 0.1567 seconds
Training and Evaluating takes 0.015529632568359375 seconds.
Until Preparation: 0.0005333423614501953.
Until Calculation: 0.0007510185241699219.
Until linalg solve: 0.040203094482421875.
Regression solved in 0.1590 seconds
Training and Evaluating takes 0.014846086502075195 seconds.
Until Preparation: 0.0005242824554443359.
Until Calculation: 0.0007090568542480469.
Until linalg solve: 0.03962254524230957.
Regression solved in 0.1527 seconds
Training and Evaluating takes 0.013788700103759766 seconds.
    Permutation 60/100 done
Until Preparation: 0.0005347728729248047.
Until Calculation: 0.00078582763671875.
Until linalg solve: 0.04048562049865723.
Regression solved in 0.1614 seconds
Training and Evaluating takes 0.016718387603759766 seconds.
Until Preparation: 0.0005300045013427734.
Until Calculation: 0.0007195472717285156.
Until linalg solve: 0.0388181209564209.
Regression solved in 0.1581 seconds
Training and Evaluating takes 0.014056921005249023 seconds.
Until Preparation: 0.0005192756652832031.
Until Calculation: 0.0007433891296386719.
Until linalg solve: 0.04061746597290039.
Regression solved in 0.1525 seconds
Training and Evaluating takes 0.015567302703857422 seconds.
Until Preparation: 0.0005161762237548828.
Until Calculation: 0.0007143020629882812.
Until linalg solve: 0.040084123611450195.
Regression solved in 0.1518 seconds
Training and Evaluating takes 0.013926506042480469 seconds.
Until Preparation: 0.0005156993865966797.
Until Calculation: 0.0006940364837646484.
Until linalg solve: 0.03930783271789551.
Regression solved in 0.1509 seconds
Training and Evaluating takes 0.013556957244873047 seconds.
Until Preparation: 0.0005192756652832031.
Until Calculation: 0.0007185935974121094.
Until linalg solve: 0.040419816970825195.
Regression solved in 0.1526 seconds
Training and Evaluating takes 0.015362739562988281 seconds.
Until Preparation: 0.0004999637603759766.
Until Calculation: 0.0006804466247558594.
Until linalg solve: 0.03873705863952637.
Regression solved in 0.1507 seconds
Training and Evaluating takes 0.012500762939453125 seconds.
Until Preparation: 0.0005152225494384766.
Until Calculation: 0.00070953369140625.
Until linalg solve: 0.040650367736816406.
Regression solved in 0.1524 seconds
Training and Evaluating takes 0.01962447166442871 seconds.
Until Preparation: 0.0005080699920654297.
Until Calculation: 0.0006978511810302734.
Until linalg solve: 0.04022836685180664.
Regression solved in 0.1517 seconds
Training and Evaluating takes 0.00407862663269043 seconds.
Until Preparation: 0.000492095947265625.
Until Calculation: 0.0006968975067138672.
Until linalg solve: 0.03949117660522461.
Regression solved in 0.1510 seconds
Training and Evaluating takes 0.013244152069091797 seconds.
Until Preparation: 0.0005183219909667969.
Until Calculation: 0.0007178783416748047.
Until linalg solve: 0.040741682052612305.
Regression solved in 0.1525 seconds
Training and Evaluating takes 0.016577720642089844 seconds.
Until Preparation: 0.0005061626434326172.
Until Calculation: 0.0006840229034423828.
Until linalg solve: 0.0389401912689209.
Regression solved in 0.1504 seconds
Training and Evaluating takes 0.012826204299926758 seconds.
Until Preparation: 0.0005147457122802734.
Until Calculation: 0.0007088184356689453.
Until linalg solve: 0.04072284698486328.
Regression solved in 0.1523 seconds
Training and Evaluating takes 0.015743255615234375 seconds.
Until Preparation: 0.0005152225494384766.
Until Calculation: 0.0007114410400390625.
Until linalg solve: 0.04004979133605957.
Regression solved in 0.1517 seconds
Training and Evaluating takes 0.0140533447265625 seconds.
Until Preparation: 0.0005042552947998047.
Until Calculation: 0.0006816387176513672.
Until linalg solve: 0.039449214935302734.
Regression solved in 0.1509 seconds
Training and Evaluating takes 0.014536380767822266 seconds.
Until Preparation: 0.0005245208740234375.
Until Calculation: 0.0007224082946777344.
Until linalg solve: 0.04041004180908203.
Regression solved in 0.1527 seconds
Training and Evaluating takes 0.015273809432983398 seconds.
Until Preparation: 0.0005056858062744141.
Until Calculation: 0.0006840229034423828.
Until linalg solve: 0.03894305229187012.
Regression solved in 0.1504 seconds
Training and Evaluating takes 0.013786792755126953 seconds.
Until Preparation: 0.0005109310150146484.
Until Calculation: 0.0007195472717285156.
Until linalg solve: 0.04082298278808594.
Regression solved in 0.1525 seconds
Training and Evaluating takes 0.015543937683105469 seconds.
Until Preparation: 0.0005125999450683594.
Until Calculation: 0.0007069110870361328.
Until linalg solve: 0.040120840072631836.
Regression solved in 0.1518 seconds
Training and Evaluating takes 0.015108108520507812 seconds.
Until Preparation: 0.0005106925964355469.
Until Calculation: 0.0006902217864990234.
Until linalg solve: 0.03922390937805176.
Regression solved in 0.1507 seconds
Training and Evaluating takes 0.014677047729492188 seconds.
Until Preparation: 0.0005214214324951172.
Until Calculation: 0.0007147789001464844.
Until linalg solve: 0.04044151306152344.
Regression solved in 0.1536 seconds
Training and Evaluating takes 0.016460418701171875 seconds.
Until Preparation: 0.0004966259002685547.
Until Calculation: 0.0006773471832275391.
Until linalg solve: 0.03901529312133789.
Regression solved in 0.1504 seconds
Training and Evaluating takes 0.012740135192871094 seconds.
Until Preparation: 0.0005114078521728516.
Until Calculation: 0.0007193088531494141.
Until linalg solve: 0.04064226150512695.
Regression solved in 0.1523 seconds
Training and Evaluating takes 0.0157167911529541 seconds.
Until Preparation: 0.0005102157592773438.
Until Calculation: 0.0007503032684326172.
Until linalg solve: 0.04017353057861328.
Regression solved in 0.1516 seconds
Training and Evaluating takes 0.01519012451171875 seconds.
Until Preparation: 0.0005145072937011719.
Until Calculation: 0.0006926059722900391.
Until linalg solve: 0.03936052322387695.
Regression solved in 0.1506 seconds
Training and Evaluating takes 0.014783143997192383 seconds.
Until Preparation: 0.0005164146423339844.
Until Calculation: 0.0007147789001464844.
Until linalg solve: 0.0406186580657959.
Regression solved in 0.1523 seconds
Training and Evaluating takes 0.01677560806274414 seconds.
Until Preparation: 0.0005078315734863281.
Until Calculation: 0.0006902217864990234.
Until linalg solve: 0.038780927658081055.
Regression solved in 0.1503 seconds
Training and Evaluating takes 0.01289510726928711 seconds.
Until Preparation: 0.0005154609680175781.
Until Calculation: 0.0007109642028808594.
Until linalg solve: 0.04088950157165527.
Regression solved in 0.1526 seconds
Training and Evaluating takes 0.016510486602783203 seconds.
Until Preparation: 0.0004837512969970703.
Until Calculation: 0.0006630420684814453.
Until linalg solve: 0.03995347023010254.
Regression solved in 0.1516 seconds
Training and Evaluating takes 0.015571355819702148 seconds.
Until Preparation: 0.0005128383636474609.
Until Calculation: 0.0006899833679199219.
Until linalg solve: 0.039368629455566406.
Regression solved in 0.1510 seconds
Training and Evaluating takes 0.013378381729125977 seconds.
Until Preparation: 0.0005171298980712891.
Until Calculation: 0.0007140636444091797.
Until linalg solve: 0.040624141693115234.
Regression solved in 0.1530 seconds
Training and Evaluating takes 0.015126228332519531 seconds.
Until Preparation: 0.0004968643188476562.
Until Calculation: 0.0006928443908691406.
Until linalg solve: 0.0388486385345459.
Regression solved in 0.1507 seconds
Training and Evaluating takes 0.012598037719726562 seconds.
Until Preparation: 0.0005090236663818359.
Until Calculation: 0.00070953369140625.
Until linalg solve: 0.04050493240356445.
Regression solved in 0.1523 seconds
Training and Evaluating takes 0.016779422760009766 seconds.
Until Preparation: 0.0005061626434326172.
Until Calculation: 0.0006875991821289062.
Until linalg solve: 0.04001021385192871.
Regression solved in 0.1517 seconds
Training and Evaluating takes 0.013980865478515625 seconds.
Until Preparation: 0.0005071163177490234.
Until Calculation: 0.0006861686706542969.
Until linalg solve: 0.0394597053527832.
Regression solved in 0.1510 seconds
Training and Evaluating takes 0.0028481483459472656 seconds.
Until Preparation: 0.0005257129669189453.
Until Calculation: 0.0007219314575195312.
Until linalg solve: 0.04052901268005371.
Regression solved in 0.1525 seconds
Training and Evaluating takes 0.01656508445739746 seconds.
Until Preparation: 0.0005092620849609375.
Until Calculation: 0.0006864070892333984.
Until linalg solve: 0.03884172439575195.
Regression solved in 0.1509 seconds
Training and Evaluating takes 0.003935575485229492 seconds.
Until Preparation: 0.0005095005035400391.
Until Calculation: 0.0007021427154541016.
Until linalg solve: 0.040436744689941406.
Regression solved in 0.1523 seconds
Training and Evaluating takes 0.014810323715209961 seconds.
Until Preparation: 0.0005140304565429688.
Until Calculation: 0.0007066726684570312.
Until linalg solve: 0.04018378257751465.
Regression solved in 0.1549 seconds
Training and Evaluating takes 0.01494455337524414 seconds.
Until Preparation: 0.0005154609680175781.
Until Calculation: 0.0006921291351318359.
Until linalg solve: 0.03924703598022461.
Regression solved in 0.1510 seconds
Training and Evaluating takes 0.014469385147094727 seconds.
Until Preparation: 0.0005195140838623047.
Until Calculation: 0.0007150173187255859.
Until linalg solve: 0.040551185607910156.
Regression solved in 0.1534 seconds
Training and Evaluating takes 0.015573740005493164 seconds.
Until Preparation: 0.0004992485046386719.
Until Calculation: 0.0006759166717529297.
Until linalg solve: 0.0388638973236084.
Regression solved in 0.1507 seconds
Training and Evaluating takes 0.006817340850830078 seconds.
Until Preparation: 0.0005133152008056641.
Until Calculation: 0.00070953369140625.
Until linalg solve: 0.040518999099731445.
Regression solved in 0.1526 seconds
Training and Evaluating takes 0.01648569107055664 seconds.
Until Preparation: 0.0005147457122802734.
Until Calculation: 0.0007090568542480469.
Until linalg solve: 0.040136098861694336.
Regression solved in 0.1521 seconds
Training and Evaluating takes 0.014865875244140625 seconds.
Until Preparation: 0.0005044937133789062.
Until Calculation: 0.0006792545318603516.
Until linalg solve: 0.03941750526428223.
Regression solved in 0.1512 seconds
Training and Evaluating takes 0.0029413700103759766 seconds.
Until Preparation: 0.0005137920379638672.
Until Calculation: 0.0007085800170898438.
Until linalg solve: 0.040517330169677734.
Regression solved in 0.1530 seconds
Training and Evaluating takes 0.014979362487792969 seconds.
Until Preparation: 0.0005035400390625.
Until Calculation: 0.0006811618804931641.
Until linalg solve: 0.03891301155090332.
Regression solved in 0.1507 seconds
Training and Evaluating takes 0.012311697006225586 seconds.
Until Preparation: 0.0005238056182861328.
Until Calculation: 0.0007162094116210938.
Until linalg solve: 0.04062151908874512.
Regression solved in 0.1527 seconds
Training and Evaluating takes 0.01527261734008789 seconds.
Until Preparation: 0.0005075931549072266.
Until Calculation: 0.0007021427154541016.
Until linalg solve: 0.04017925262451172.
Regression solved in 0.1521 seconds
Training and Evaluating takes 0.014708995819091797 seconds.
Until Preparation: 0.0005178451538085938.
Until Calculation: 0.0007274150848388672.
Until linalg solve: 0.039528608322143555.
Regression solved in 0.1520 seconds
Training and Evaluating takes 0.013539314270019531 seconds.
Until Preparation: 0.0004930496215820312.
Until Calculation: 0.0006873607635498047.
Until linalg solve: 0.040544748306274414.
Regression solved in 0.1613 seconds
Training and Evaluating takes 0.015166997909545898 seconds.
Until Preparation: 0.0005075931549072266.
Until Calculation: 0.0006854534149169922.
Until linalg solve: 0.03874492645263672.
Regression solved in 0.1504 seconds
Training and Evaluating takes 0.01277303695678711 seconds.
Until Preparation: 0.00052642822265625.
Until Calculation: 0.0007212162017822266.
Until linalg solve: 0.040596961975097656.
Regression solved in 0.1523 seconds
Training and Evaluating takes 0.016858816146850586 seconds.
Until Preparation: 0.000518798828125.
Until Calculation: 0.0007143020629882812.
Until linalg solve: 0.040120840072631836.
Regression solved in 0.1518 seconds
Training and Evaluating takes 0.01598644256591797 seconds.
Until Preparation: 0.0005121231079101562.
Until Calculation: 0.0006885528564453125.
Until linalg solve: 0.039488792419433594.
Regression solved in 0.1514 seconds
Training and Evaluating takes 0.014085531234741211 seconds.
Until Preparation: 0.000518798828125.
Until Calculation: 0.0007166862487792969.
Until linalg solve: 0.0405576229095459.
Regression solved in 0.1528 seconds
Training and Evaluating takes 0.01340484619140625 seconds.
Until Preparation: 0.0004942417144775391.
Until Calculation: 0.0006728172302246094.
Until linalg solve: 0.03882098197937012.
Regression solved in 0.1507 seconds
Training and Evaluating takes 0.013915300369262695 seconds.
Until Preparation: 0.0005161762237548828.
Until Calculation: 0.0007116794586181641.
Until linalg solve: 0.04034233093261719.
Regression solved in 0.1522 seconds
Training and Evaluating takes 0.014798879623413086 seconds.
Until Preparation: 0.0005166530609130859.
Until Calculation: 0.0007116794586181641.
Until linalg solve: 0.0401921272277832.
Regression solved in 0.1565 seconds
Training and Evaluating takes 0.015419721603393555 seconds.
Until Preparation: 0.0005199909210205078.
Until Calculation: 0.0007433891296386719.
Until linalg solve: 0.039565324783325195.
Regression solved in 0.1520 seconds
Training and Evaluating takes 0.013553857803344727 seconds.
Until Preparation: 0.0004978179931640625.
Until Calculation: 0.0007030963897705078.
Until linalg solve: 0.04027676582336426.
Regression solved in 0.1526 seconds
Training and Evaluating takes 0.02179265022277832 seconds.
Until Preparation: 0.0004961490631103516.
Until Calculation: 0.0006830692291259766.
Until linalg solve: 0.03870677947998047.
Regression solved in 0.1507 seconds
Training and Evaluating takes 0.0034570693969726562 seconds.
Until Preparation: 0.0005023479461669922.
Until Calculation: 0.0006973743438720703.
Until linalg solve: 0.0406336784362793.
Regression solved in 0.1523 seconds
Training and Evaluating takes 0.01537179946899414 seconds.
Until Preparation: 0.0004999637603759766.
Until Calculation: 0.0006930828094482422.
Until linalg solve: 0.04023861885070801.
Regression solved in 0.1519 seconds
Training and Evaluating takes 0.014869928359985352 seconds.
Until Preparation: 0.0005040168762207031.
Until Calculation: 0.0006821155548095703.
Until linalg solve: 0.03909158706665039.
Regression solved in 0.1508 seconds
Training and Evaluating takes 0.014658212661743164 seconds.
Until Preparation: 0.0005104541778564453.
Until Calculation: 0.0007205009460449219.
Until linalg solve: 0.04050755500793457.
Regression solved in 0.1526 seconds
Training and Evaluating takes 0.014766931533813477 seconds.
Until Preparation: 0.0005137920379638672.
Until Calculation: 0.0006947517395019531.
Until linalg solve: 0.03881525993347168.
Regression solved in 0.1507 seconds
Training and Evaluating takes 0.012502670288085938 seconds.
Until Preparation: 0.0005114078521728516.
Until Calculation: 0.0007076263427734375.
Until linalg solve: 0.04051804542541504.
Regression solved in 0.1527 seconds
Training and Evaluating takes 0.015336036682128906 seconds.
Until Preparation: 0.0005118846893310547.
Until Calculation: 0.0007102489471435547.
Until linalg solve: 0.04010367393493652.
Regression solved in 0.1519 seconds
Training and Evaluating takes 0.015798091888427734 seconds.
Until Preparation: 0.0005164146423339844.
Until Calculation: 0.0006983280181884766.
Until linalg solve: 0.03941202163696289.
Regression solved in 0.1510 seconds
Training and Evaluating takes 0.005556344985961914 seconds.
Until Preparation: 0.0005254745483398438.
Until Calculation: 0.0007207393646240234.
Until linalg solve: 0.040487051010131836.
Regression solved in 0.1529 seconds
Training and Evaluating takes 0.015173673629760742 seconds.
Until Preparation: 0.0004885196685791016.
Until Calculation: 0.0006783008575439453.
Until linalg solve: 0.03864741325378418.
Regression solved in 0.1505 seconds
Training and Evaluating takes 0.012796401977539062 seconds.
Until Preparation: 0.0005195140838623047.
Until Calculation: 0.0007169246673583984.
Until linalg solve: 0.04069995880126953.
Regression solved in 0.1535 seconds
Training and Evaluating takes 0.015453100204467773 seconds.
Until Preparation: 0.0004937648773193359.
Until Calculation: 0.0006935596466064453.
Until linalg solve: 0.03996419906616211.
Regression solved in 0.1516 seconds
Training and Evaluating takes 0.014220476150512695 seconds.
Until Preparation: 0.0005078315734863281.
Until Calculation: 0.0006871223449707031.
Until linalg solve: 0.0394749641418457.
Regression solved in 0.1509 seconds
Training and Evaluating takes 0.013524770736694336 seconds.
Until Preparation: 0.0005199909210205078.
Until Calculation: 0.0007176399230957031.
Until linalg solve: 0.04047727584838867.
Regression solved in 0.1523 seconds
Training and Evaluating takes 0.01470637321472168 seconds.
Until Preparation: 0.0004889965057373047.
Until Calculation: 0.0006821155548095703.
Until linalg solve: 0.03892874717712402.
Regression solved in 0.1507 seconds
Training and Evaluating takes 0.012484550476074219 seconds.
Until Preparation: 0.0004985332489013672.
Until Calculation: 0.0006911754608154297.
Until linalg solve: 0.04062366485595703.
Regression solved in 0.1520 seconds
Training and Evaluating takes 0.005644559860229492 seconds.
Until Preparation: 0.0005016326904296875.
Until Calculation: 0.0006797313690185547.
Until linalg solve: 0.040071964263916016.
Regression solved in 0.1577 seconds
Training and Evaluating takes 0.01505279541015625 seconds.
Until Preparation: 0.0005233287811279297.
Until Calculation: 0.0007190704345703125.
Until linalg solve: 0.03947734832763672.
Regression solved in 0.1589 seconds
Training and Evaluating takes 0.013616800308227539 seconds.
Until Preparation: 0.0005316734313964844.
Until Calculation: 0.0007359981536865234.
Until linalg solve: 0.04068779945373535.
Regression solved in 0.1612 seconds
Training and Evaluating takes 0.017046451568603516 seconds.
Until Preparation: 0.0005846023559570312.
Until Calculation: 0.0008082389831542969.
Until linalg solve: 0.038875579833984375.
Regression solved in 0.1579 seconds
Training and Evaluating takes 0.013869285583496094 seconds.
Until Preparation: 0.0005629062652587891.
Until Calculation: 0.00077056884765625.
Until linalg solve: 0.040807485580444336.
Regression solved in 0.1606 seconds
Training and Evaluating takes 0.015516996383666992 seconds.
Until Preparation: 0.0005118846893310547.
Until Calculation: 0.0007147789001464844.
Until linalg solve: 0.0400693416595459.
Regression solved in 0.1605 seconds
Training and Evaluating takes 0.004971027374267578 seconds.
Until Preparation: 0.0004885196685791016.
Until Calculation: 0.0006647109985351562.
Until linalg solve: 0.039185523986816406.
Regression solved in 0.1593 seconds
Training and Evaluating takes 0.014672279357910156 seconds.
Until Preparation: 0.0004954338073730469.
Until Calculation: 0.0007042884826660156.
Until linalg solve: 0.04048800468444824.
Regression solved in 0.1593 seconds
Training and Evaluating takes 0.01631927490234375 seconds.
Until Preparation: 0.0005478858947753906.
Until Calculation: 0.0007340908050537109.
Until linalg solve: 0.038802146911621094.
Regression solved in 0.1592 seconds
Training and Evaluating takes 0.01932048797607422 seconds.
Until Preparation: 0.00052642822265625.
Until Calculation: 0.0007274150848388672.
Until linalg solve: 0.0407869815826416.
Regression solved in 0.1615 seconds
Training and Evaluating takes 0.013084888458251953 seconds.
Until Preparation: 0.0005631446838378906.
Until Calculation: 0.0007610321044921875.
Until linalg solve: 0.04019355773925781.
Regression solved in 0.1604 seconds
Training and Evaluating takes 0.015368938446044922 seconds.
Until Preparation: 0.0005447864532470703.
Until Calculation: 0.0007350444793701172.
Until linalg solve: 0.03916144371032715.
Regression solved in 0.1629 seconds
Training and Evaluating takes 0.013631105422973633 seconds.
Until Preparation: 0.0005207061767578125.
Until Calculation: 0.0007200241088867188.
Until linalg solve: 0.040374040603637695.
Regression solved in 0.1585 seconds
Training and Evaluating takes 0.011692047119140625 seconds.
Until Preparation: 0.0004994869232177734.
Until Calculation: 0.0006811618804931641.
Until linalg solve: 0.03893160820007324.
Regression solved in 0.1508 seconds
Training and Evaluating takes 0.012369632720947266 seconds.
Until Preparation: 0.0004949569702148438.
Until Calculation: 0.0006880760192871094.
Until linalg solve: 0.04086637496948242.
Regression solved in 0.1525 seconds
Training and Evaluating takes 0.017167329788208008 seconds.
Until Preparation: 0.0005159378051757812.
Until Calculation: 0.0007007122039794922.
Until linalg solve: 0.040097713470458984.
Regression solved in 0.1518 seconds
Training and Evaluating takes 0.01592707633972168 seconds.
Until Preparation: 0.0005059242248535156.
Until Calculation: 0.0006823539733886719.
Until linalg solve: 0.03922438621520996.
Regression solved in 0.1508 seconds
Training and Evaluating takes 0.002815723419189453 seconds.
Until Preparation: 0.0005147457122802734.
Until Calculation: 0.0007154941558837891.
Until linalg solve: 0.040549278259277344.
Regression solved in 0.1524 seconds
Training and Evaluating takes 0.015630006790161133 seconds.
Until Preparation: 0.0005056858062744141.
Until Calculation: 0.0007002353668212891.
Until linalg solve: 0.03901052474975586.
Regression solved in 0.1507 seconds
Training and Evaluating takes 0.005789756774902344 seconds.
Until Preparation: 0.0005128383636474609.
Until Calculation: 0.0007052421569824219.
Until linalg solve: 0.040719032287597656.
Regression solved in 0.1521 seconds
Training and Evaluating takes 0.015070676803588867 seconds.
Until Preparation: 0.0005087852478027344.
Until Calculation: 0.0006885528564453125.
Until linalg solve: 0.04009413719177246.
Regression solved in 0.1517 seconds
Training and Evaluating takes 0.014017581939697266 seconds.
Until Preparation: 0.0005121231079101562.
Until Calculation: 0.0006976127624511719.
Until linalg solve: 0.03940629959106445.
Regression solved in 0.1513 seconds
Training and Evaluating takes 0.013166427612304688 seconds.
    Permutation 80/100 done
Until Preparation: 0.0004887580871582031.
Until Calculation: 0.0006968975067138672.
Until linalg solve: 0.04026436805725098.
Regression solved in 0.1519 seconds
Training and Evaluating takes 0.004348278045654297 seconds.
Until Preparation: 0.0004868507385253906.
Until Calculation: 0.0006630420684814453.
Until linalg solve: 0.03877449035644531.
Regression solved in 0.1508 seconds
Training and Evaluating takes 0.011642217636108398 seconds.
Until Preparation: 0.0005106925964355469.
Until Calculation: 0.0007073879241943359.
Until linalg solve: 0.04076337814331055.
Regression solved in 0.1544 seconds
Training and Evaluating takes 0.015681743621826172 seconds.
Until Preparation: 0.0005123615264892578.
Until Calculation: 0.0007083415985107422.
Until linalg solve: 0.04028201103210449.
Regression solved in 0.1521 seconds
Training and Evaluating takes 0.014667987823486328 seconds.
Until Preparation: 0.0005054473876953125.
Until Calculation: 0.0006842613220214844.
Until linalg solve: 0.03924894332885742.
Regression solved in 0.1507 seconds
Training and Evaluating takes 0.014737606048583984 seconds.
Until Preparation: 0.0005083084106445312.
Until Calculation: 0.0007016658782958984.
Until linalg solve: 0.04051566123962402.
Regression solved in 0.1527 seconds
Training and Evaluating takes 0.014971017837524414 seconds.
Until Preparation: 0.0004875659942626953.
Until Calculation: 0.0006823539733886719.
Until linalg solve: 0.03877902030944824.
Regression solved in 0.1504 seconds
Training and Evaluating takes 0.012834787368774414 seconds.
Until Preparation: 0.0005087852478027344.
Until Calculation: 0.0007059574127197266.
Until linalg solve: 0.04066109657287598.
Regression solved in 0.1520 seconds
Training and Evaluating takes 0.004949092864990234 seconds.
Until Preparation: 0.0005018711090087891.
Until Calculation: 0.0006842613220214844.
Until linalg solve: 0.04016375541687012.
Regression solved in 0.1516 seconds
Training and Evaluating takes 0.01615595817565918 seconds.
Until Preparation: 0.0005390644073486328.
Until Calculation: 0.0007205009460449219.
Until linalg solve: 0.03951597213745117.
Regression solved in 0.1508 seconds
Training and Evaluating takes 0.013655900955200195 seconds.
Until Preparation: 0.0005290508270263672.
Until Calculation: 0.0007305145263671875.
Until linalg solve: 0.04047226905822754.
Regression solved in 0.1533 seconds
Training and Evaluating takes 0.014719486236572266 seconds.
Until Preparation: 0.0005161762237548828.
Until Calculation: 0.0006952285766601562.
Until linalg solve: 0.038802146911621094.
Regression solved in 0.1505 seconds
Training and Evaluating takes 0.01368093490600586 seconds.
Until Preparation: 0.0005147457122802734.
Until Calculation: 0.0007126331329345703.
Until linalg solve: 0.04073190689086914.
Regression solved in 0.1522 seconds
Training and Evaluating takes 0.015856027603149414 seconds.
Until Preparation: 0.0005130767822265625.
Until Calculation: 0.0006947517395019531.
Until linalg solve: 0.04013872146606445.
Regression solved in 0.1519 seconds
Training and Evaluating takes 0.014712810516357422 seconds.
Until Preparation: 0.0005137920379638672.
Until Calculation: 0.0006923675537109375.
Until linalg solve: 0.03948974609375.
Regression solved in 0.1510 seconds
Training and Evaluating takes 0.013435840606689453 seconds.
Until Preparation: 0.0005092620849609375.
Until Calculation: 0.0007076263427734375.
Until linalg solve: 0.04044628143310547.
Regression solved in 0.1528 seconds
Training and Evaluating takes 0.016182661056518555 seconds.
Until Preparation: 0.0005135536193847656.
Until Calculation: 0.0006940364837646484.
Until linalg solve: 0.03903627395629883.
Regression solved in 0.1507 seconds
Training and Evaluating takes 0.012477397918701172 seconds.
Until Preparation: 0.0005252361297607422.
Until Calculation: 0.0007181167602539062.
Until linalg solve: 0.04071211814880371.
Regression solved in 0.1524 seconds
Training and Evaluating takes 0.016719579696655273 seconds.
Until Preparation: 0.0005135536193847656.
Until Calculation: 0.0007073879241943359.
Until linalg solve: 0.04018068313598633.
Regression solved in 0.1519 seconds
Training and Evaluating takes 0.014838933944702148 seconds.
Until Preparation: 0.0005171298980712891.
Until Calculation: 0.0006973743438720703.
Until linalg solve: 0.03949618339538574.
Regression solved in 0.1511 seconds
Training and Evaluating takes 0.013370752334594727 seconds.
Until Preparation: 0.000522613525390625.
Until Calculation: 0.0007205009460449219.
Until linalg solve: 0.0406336784362793.
Regression solved in 0.1524 seconds
Training and Evaluating takes 0.016731739044189453 seconds.
Until Preparation: 0.0004930496215820312.
Until Calculation: 0.0006878376007080078.
Until linalg solve: 0.038828372955322266.
Regression solved in 0.1506 seconds
Training and Evaluating takes 0.012618064880371094 seconds.
Until Preparation: 0.0005166530609130859.
Until Calculation: 0.0007154941558837891.
Until linalg solve: 0.04049324989318848.
Regression solved in 0.1524 seconds
Training and Evaluating takes 0.015558481216430664 seconds.
Until Preparation: 0.0005123615264892578.
Until Calculation: 0.0007081031799316406.
Until linalg solve: 0.04022097587585449.
Regression solved in 0.1521 seconds
Training and Evaluating takes 0.014652490615844727 seconds.
Until Preparation: 0.0005056858062744141.
Until Calculation: 0.0006852149963378906.
Until linalg solve: 0.039360761642456055.
Regression solved in 0.1513 seconds
Training and Evaluating takes 0.012929201126098633 seconds.
Until Preparation: 0.0005195140838623047.
Until Calculation: 0.0007135868072509766.
Until linalg solve: 0.04056596755981445.
Regression solved in 0.1530 seconds
Training and Evaluating takes 0.015932559967041016 seconds.
Until Preparation: 0.0005104541778564453.
Until Calculation: 0.0006937980651855469.
Until linalg solve: 0.03893089294433594.
Regression solved in 0.1509 seconds
Training and Evaluating takes 0.012279272079467773 seconds.
Until Preparation: 0.0005159378051757812.
Until Calculation: 0.000713348388671875.
Until linalg solve: 0.04065966606140137.
Regression solved in 0.1528 seconds
Training and Evaluating takes 0.016247987747192383 seconds.
Until Preparation: 0.0005128383636474609.
Until Calculation: 0.0007092952728271484.
Until linalg solve: 0.04017305374145508.
Regression solved in 0.1520 seconds
Training and Evaluating takes 0.018785476684570312 seconds.
Until Preparation: 0.0005168914794921875.
Until Calculation: 0.0006930828094482422.
Until linalg solve: 0.03930068016052246.
Regression solved in 0.1511 seconds
Training and Evaluating takes 0.013267993927001953 seconds.
Until Preparation: 0.0005178451538085938.
Until Calculation: 0.0007164478302001953.
Until linalg solve: 0.040532827377319336.
Regression solved in 0.1529 seconds
Training and Evaluating takes 0.01815176010131836 seconds.
Until Preparation: 0.0005021095275878906.
Until Calculation: 0.0006849765777587891.
Until linalg solve: 0.039077043533325195.
Regression solved in 0.1523 seconds
Training and Evaluating takes 0.013931989669799805 seconds.
Until Preparation: 0.0005204677581787109.
Until Calculation: 0.000713348388671875.
Until linalg solve: 0.04068922996520996.
Regression solved in 0.1527 seconds
Training and Evaluating takes 0.015380144119262695 seconds.
Until Preparation: 0.000522613525390625.
Until Calculation: 0.0007047653198242188.
Until linalg solve: 0.04014182090759277.
Regression solved in 0.1519 seconds
Training and Evaluating takes 0.0039484500885009766 seconds.
Until Preparation: 0.0004954338073730469.
Until Calculation: 0.0006656646728515625.
Until linalg solve: 0.039252281188964844.
Regression solved in 0.1511 seconds
Training and Evaluating takes 0.004471540451049805 seconds.
Until Preparation: 0.0005180835723876953.
Until Calculation: 0.0007216930389404297.
Until linalg solve: 0.040441274642944336.
Regression solved in 0.1530 seconds
Training and Evaluating takes 0.015032291412353516 seconds.
Until Preparation: 0.0004923343658447266.
Until Calculation: 0.0006825923919677734.
Until linalg solve: 0.03903913497924805.
Regression solved in 0.1506 seconds
Training and Evaluating takes 0.013727664947509766 seconds.
Until Preparation: 0.0005147457122802734.
Until Calculation: 0.0007116794586181641.
Until linalg solve: 0.04075765609741211.
Regression solved in 0.1528 seconds
Training and Evaluating takes 0.01628398895263672 seconds.
Until Preparation: 0.0005176067352294922.
Until Calculation: 0.0007140636444091797.
Until linalg solve: 0.040270328521728516.
Regression solved in 0.1519 seconds
Training and Evaluating takes 0.015900611877441406 seconds.
Until Preparation: 0.0005140304565429688.
Until Calculation: 0.0006964206695556641.
Until linalg solve: 0.039406538009643555.
Regression solved in 0.1509 seconds
Training and Evaluating takes 0.013509988784790039 seconds.
Until Preparation: 0.0005118846893310547.
Until Calculation: 0.0007069110870361328.
Until linalg solve: 0.04029703140258789.
Regression solved in 0.1530 seconds
Training and Evaluating takes 0.01491403579711914 seconds.
Until Preparation: 0.0004928112030029297.
Until Calculation: 0.000682830810546875.
Until linalg solve: 0.03894376754760742.
Regression solved in 0.1506 seconds
Training and Evaluating takes 0.01358175277709961 seconds.
Until Preparation: 0.0005109310150146484.
Until Calculation: 0.0007045269012451172.
Until linalg solve: 0.040902137756347656.
Regression solved in 0.1524 seconds
Training and Evaluating takes 0.016690731048583984 seconds.
Until Preparation: 0.0005171298980712891.
Until Calculation: 0.0007121562957763672.
Until linalg solve: 0.04022574424743652.
Regression solved in 0.1519 seconds
Training and Evaluating takes 0.014883756637573242 seconds.
Until Preparation: 0.0005207061767578125.
Until Calculation: 0.0007030963897705078.
Until linalg solve: 0.03921627998352051.
Regression solved in 0.1516 seconds
Training and Evaluating takes 0.012811422348022461 seconds.
Until Preparation: 0.0005168914794921875.
Until Calculation: 0.0007081031799316406.
Until linalg solve: 0.040441274642944336.
Regression solved in 0.1527 seconds
Training and Evaluating takes 0.016257762908935547 seconds.
Until Preparation: 0.0005028247833251953.
Until Calculation: 0.0006799697875976562.
Until linalg solve: 0.03885650634765625.
Regression solved in 0.1504 seconds
Training and Evaluating takes 0.013794422149658203 seconds.
Until Preparation: 0.0005183219909667969.
Until Calculation: 0.0007126331329345703.
Until linalg solve: 0.04046297073364258.
Regression solved in 0.1521 seconds
Training and Evaluating takes 0.015803098678588867 seconds.
Until Preparation: 0.0005180835723876953.
Until Calculation: 0.0007190704345703125.
Until linalg solve: 0.04035329818725586.
Regression solved in 0.1521 seconds
Training and Evaluating takes 0.015690088272094727 seconds.
Until Preparation: 0.000518798828125.
Until Calculation: 0.0006992816925048828.
Until linalg solve: 0.03948640823364258.
Regression solved in 0.1510 seconds
Training and Evaluating takes 0.014447689056396484 seconds.
Until Preparation: 0.0005178451538085938.
Until Calculation: 0.0007157325744628906.
Until linalg solve: 0.04037189483642578.
Regression solved in 0.1511 seconds
Training and Evaluating takes 0.014890193939208984 seconds.
Until Preparation: 0.0005047321319580078.
Until Calculation: 0.000682830810546875.
Until linalg solve: 0.038796424865722656.
Regression solved in 0.1501 seconds
Training and Evaluating takes 0.013168096542358398 seconds.
Until Preparation: 0.0005228519439697266.
Until Calculation: 0.0007200241088867188.
Until linalg solve: 0.04073452949523926.
Regression solved in 0.1518 seconds
Training and Evaluating takes 0.01624011993408203 seconds.
Until Preparation: 0.0005159378051757812.
Until Calculation: 0.0007116794586181641.
Until linalg solve: 0.04016399383544922.
Regression solved in 0.1511 seconds
Training and Evaluating takes 0.006811380386352539 seconds.
Until Preparation: 0.0004925727844238281.
Until Calculation: 0.0006656646728515625.
Until linalg solve: 0.03925132751464844.
Regression solved in 0.1501 seconds
Training and Evaluating takes 0.01320958137512207 seconds.
Until Preparation: 0.0005159378051757812.
Until Calculation: 0.0007114410400390625.
Until linalg solve: 0.04045391082763672.
Regression solved in 0.1521 seconds
Training and Evaluating takes 0.014819622039794922 seconds.
Until Preparation: 0.0005049705505371094.
Until Calculation: 0.0006868839263916016.
Until linalg solve: 0.03894758224487305.
Regression solved in 0.1499 seconds
Training and Evaluating takes 0.013237953186035156 seconds.
Until Preparation: 0.0005185604095458984.
Until Calculation: 0.0007143020629882812.
Until linalg solve: 0.04087424278259277.
Regression solved in 0.1518 seconds
Training and Evaluating takes 0.015337705612182617 seconds.
Until Preparation: 0.0005216598510742188.
Until Calculation: 0.0007014274597167969.
Until linalg solve: 0.040129899978637695.
Regression solved in 0.1509 seconds
Training and Evaluating takes 0.013830900192260742 seconds.
Until Preparation: 0.0005097389221191406.
Until Calculation: 0.0006883144378662109.
Until linalg solve: 0.03934597969055176.
Regression solved in 0.1503 seconds
Training and Evaluating takes 0.013012886047363281 seconds.
Until Preparation: 0.0005130767822265625.
Until Calculation: 0.0007100105285644531.
Until linalg solve: 0.040415287017822266.
Regression solved in 0.1519 seconds
Training and Evaluating takes 0.01902604103088379 seconds.
Until Preparation: 0.0005047321319580078.
Until Calculation: 0.0006833076477050781.
Until linalg solve: 0.03875112533569336.
Regression solved in 0.1503 seconds
Training and Evaluating takes 0.012900114059448242 seconds.
Until Preparation: 0.0004966259002685547.
Until Calculation: 0.0006895065307617188.
Until linalg solve: 0.04078221321105957.
Regression solved in 0.1615 seconds
Training and Evaluating takes 0.016292572021484375 seconds.
Until Preparation: 0.0005645751953125.
Until Calculation: 0.0007829666137695312.
Until linalg solve: 0.04021739959716797.
Regression solved in 0.1597 seconds
Training and Evaluating takes 0.014189958572387695 seconds.
Until Preparation: 0.0005216598510742188.
Until Calculation: 0.0007023811340332031.
Until linalg solve: 0.03923320770263672.
Regression solved in 0.1556 seconds
Training and Evaluating takes 0.01284337043762207 seconds.
Until Preparation: 0.0005550384521484375.
Until Calculation: 0.0007698535919189453.
Until linalg solve: 0.04054594039916992.
Regression solved in 0.1590 seconds
Training and Evaluating takes 0.014919281005859375 seconds.
Until Preparation: 0.0005035400390625.
Until Calculation: 0.0006821155548095703.
Until linalg solve: 0.038965702056884766.
Regression solved in 0.1500 seconds
Training and Evaluating takes 0.012267351150512695 seconds.
Until Preparation: 0.0005154609680175781.
Until Calculation: 0.0007112026214599609.
Until linalg solve: 0.04067802429199219.
Regression solved in 0.1511 seconds
Training and Evaluating takes 0.014928817749023438 seconds.
Until Preparation: 0.0005242824554443359.
Until Calculation: 0.0007207393646240234.
Until linalg solve: 0.04012250900268555.
Regression solved in 0.1505 seconds
Training and Evaluating takes 0.014234066009521484 seconds.
Until Preparation: 0.0005118846893310547.
Until Calculation: 0.0006906986236572266.
Until linalg solve: 0.039273738861083984.
Regression solved in 0.1498 seconds
Training and Evaluating takes 0.013565778732299805 seconds.
Until Preparation: 0.0005152225494384766.
Until Calculation: 0.0007143020629882812.
Until linalg solve: 0.04046273231506348.
Regression solved in 0.1535 seconds
Training and Evaluating takes 0.01593756675720215 seconds.
Until Preparation: 0.0004980564117431641.
Until Calculation: 0.0006744861602783203.
Until linalg solve: 0.03896784782409668.
Regression solved in 0.1498 seconds
Training and Evaluating takes 0.013359785079956055 seconds.
Until Preparation: 0.0005152225494384766.
Until Calculation: 0.0007126331329345703.
Until linalg solve: 0.04086112976074219.
Regression solved in 0.1566 seconds
Training and Evaluating takes 0.016490459442138672 seconds.
Until Preparation: 0.0005152225494384766.
Until Calculation: 0.0006926059722900391.
Until linalg solve: 0.04006528854370117.
Regression solved in 0.1610 seconds
Training and Evaluating takes 0.01572251319885254 seconds.
Until Preparation: 0.0005626678466796875.
Until Calculation: 0.0007593631744384766.
Until linalg solve: 0.039505720138549805.
Regression solved in 0.1502 seconds
Training and Evaluating takes 0.01324772834777832 seconds.
Until Preparation: 0.000507354736328125.
Until Calculation: 0.0007047653198242188.
Until linalg solve: 0.04036593437194824.
Regression solved in 0.1518 seconds
Training and Evaluating takes 0.015078306198120117 seconds.
Until Preparation: 0.0005090236663818359.
Until Calculation: 0.0006866455078125.
Until linalg solve: 0.03875994682312012.
Regression solved in 0.1498 seconds
Training and Evaluating takes 0.013387680053710938 seconds.
Until Preparation: 0.0005185604095458984.
Until Calculation: 0.0007154941558837891.
Until linalg solve: 0.04067063331604004.
Regression solved in 0.1514 seconds
Training and Evaluating takes 0.01564311981201172 seconds.
Until Preparation: 0.0005128383636474609.
Until Calculation: 0.0007045269012451172.
Until linalg solve: 0.04010772705078125.
Regression solved in 0.1511 seconds
Training and Evaluating takes 0.015590429306030273 seconds.
Until Preparation: 0.0005064010620117188.
Until Calculation: 0.0007076263427734375.
Until linalg solve: 0.039537906646728516.
Regression solved in 0.1512 seconds
Training and Evaluating takes 0.014374494552612305 seconds.
Until Preparation: 0.0005154609680175781.
Until Calculation: 0.00070953369140625.
Until linalg solve: 0.040494680404663086.
Regression solved in 0.1523 seconds
Training and Evaluating takes 0.014763355255126953 seconds.
Until Preparation: 0.0005714893341064453.
Until Calculation: 0.00083160400390625.
Until linalg solve: 0.03906512260437012.
Regression solved in 0.1517 seconds
Training and Evaluating takes 0.013537168502807617 seconds.
Until Preparation: 0.000514984130859375.
Until Calculation: 0.0007205009460449219.
Until linalg solve: 0.0405421257019043.
Regression solved in 0.1516 seconds
Training and Evaluating takes 0.015825510025024414 seconds.
Until Preparation: 0.0005102157592773438.
Until Calculation: 0.0006911754608154297.
Until linalg solve: 0.04007673263549805.
Regression solved in 0.1511 seconds
Training and Evaluating takes 0.014481782913208008 seconds.
Until Preparation: 0.0005066394805908203.
Until Calculation: 0.0006885528564453125.
Until linalg solve: 0.039216041564941406.
Regression solved in 0.1500 seconds
Training and Evaluating takes 0.01337742805480957 seconds.
Until Preparation: 0.0005209445953369141.
Until Calculation: 0.0007183551788330078.
Until linalg solve: 0.0404658317565918.
Regression solved in 0.1512 seconds
Training and Evaluating takes 0.014767646789550781 seconds.
Until Preparation: 0.00402379035949707.
Until Calculation: 0.0041997432708740234.
Until linalg solve: 0.042278289794921875.
Regression solved in 0.1534 seconds
Training and Evaluating takes 0.013828277587890625 seconds.
Until Preparation: 0.0005195140838623047.
Until Calculation: 0.0007126331329345703.
Until linalg solve: 0.04070472717285156.
Regression solved in 0.1527 seconds
Training and Evaluating takes 0.015167236328125 seconds.
Until Preparation: 0.0005490779876708984.
Until Calculation: 0.0007615089416503906.
Until linalg solve: 0.04027128219604492.
Regression solved in 0.1512 seconds
Training and Evaluating takes 0.014557361602783203 seconds.
Until Preparation: 0.0005199909210205078.
Until Calculation: 0.0007050037384033203.
Until linalg solve: 0.03948330879211426.
Regression solved in 0.1502 seconds
Training and Evaluating takes 0.013315916061401367 seconds.
Until Preparation: 0.0005106925964355469.
Until Calculation: 0.0007104873657226562.
Until linalg solve: 0.040406227111816406.
Regression solved in 0.1523 seconds
Training and Evaluating takes 0.014707326889038086 seconds.
Until Preparation: 0.0005109310150146484.
Until Calculation: 0.0006926059722900391.
Until linalg solve: 0.03904318809509277.
Regression solved in 0.1498 seconds
Training and Evaluating takes 0.012448787689208984 seconds.
Until Preparation: 0.0005176067352294922.
Until Calculation: 0.0007200241088867188.
Until linalg solve: 0.040726661682128906.
Regression solved in 0.1521 seconds
Training and Evaluating takes 0.015938997268676758 seconds.
Until Preparation: 0.0005180835723876953.
Until Calculation: 0.0007238388061523438.
Until linalg solve: 0.040146589279174805.
Regression solved in 0.1615 seconds
Training and Evaluating takes 0.014250040054321289 seconds.
Until Preparation: 0.0005114078521728516.
Until Calculation: 0.0006895065307617188.
Until linalg solve: 0.039473772048950195.
Regression solved in 0.1505 seconds
Training and Evaluating takes 0.014419078826904297 seconds.
Until Preparation: 0.000514984130859375.
Until Calculation: 0.0007262229919433594.
Until linalg solve: 0.04048776626586914.
Regression solved in 0.1516 seconds
Training and Evaluating takes 0.016337871551513672 seconds.
Until Preparation: 0.0005114078521728516.
Until Calculation: 0.0006887912750244141.
Until linalg solve: 0.03880596160888672.
Regression solved in 0.1499 seconds
Training and Evaluating takes 0.0123291015625 seconds.
Until Preparation: 0.0005035400390625.
Until Calculation: 0.0006988048553466797.
Until linalg solve: 0.04084300994873047.
Regression solved in 0.1517 seconds
Training and Evaluating takes 0.016430377960205078 seconds.
Until Preparation: 0.0005130767822265625.
Until Calculation: 0.0006992816925048828.
Until linalg solve: 0.04012036323547363.
Regression solved in 0.1509 seconds
Training and Evaluating takes 0.015758752822875977 seconds.
Until Preparation: 0.0004999637603759766.
Until Calculation: 0.0006783008575439453.
Until linalg solve: 0.03946232795715332.
Regression solved in 0.1503 seconds
Training and Evaluating takes 0.013591289520263672 seconds.
    Permutation 100/100 done
  Permutation p-value: 0.0000  (null mean=0.1222 ± 0.0160)
  Saved: /juice6/u/jshe/nlp/LM_neural_synchrony/playground/control_plots/perm_goal_structure_Misv0.3Misv0.2_L8_L4.png
  Partitioned by 'value_compatibility': compatible=141, conflicting=94, neutral=115  (skipped 100 unlabeled)

  Computing observed gap for 'value_compatibility'...
Until Preparation: 0.000518798828125.
Until Calculation: 0.0007159709930419922.
Until linalg solve: 0.04111218452453613.
Regression solved in 0.1520 seconds
Training and Evaluating takes 0.0173952579498291 seconds.
Until Preparation: 0.0005269050598144531.
Until Calculation: 0.0007297992706298828.
Until linalg solve: 0.040406227111816406.
Regression solved in 0.1515 seconds
Training and Evaluating takes 0.014377593994140625 seconds.
Until Preparation: 0.0005118846893310547.
Until Calculation: 0.0007185935974121094.
Until linalg solve: 0.040776729583740234.
Regression solved in 0.1516 seconds
Training and Evaluating takes 0.015457391738891602 seconds.
  Observed gap: 0.1349
  Running 100 permutations...
Until Preparation: 0.0005075931549072266.
Until Calculation: 0.0007035732269287109.
Until linalg solve: 0.041219234466552734.
Regression solved in 0.1531 seconds
Training and Evaluating takes 0.033425331115722656 seconds.
Until Preparation: 0.0005137920379638672.
Until Calculation: 0.0007092952728271484.
Until linalg solve: 0.04025101661682129.
Regression solved in 0.1517 seconds
Training and Evaluating takes 0.015078306198120117 seconds.
Until Preparation: 0.0005085468292236328.
Until Calculation: 0.0007040500640869141.
Until linalg solve: 0.04075002670288086.
Regression solved in 0.1518 seconds
Training and Evaluating takes 0.015283823013305664 seconds.
Until Preparation: 0.0005166530609130859.
Until Calculation: 0.0007152557373046875.
Until linalg solve: 0.04109525680541992.
Regression solved in 0.1521 seconds
Training and Evaluating takes 0.016236543655395508 seconds.
Until Preparation: 0.0005125999450683594.
Until Calculation: 0.0007193088531494141.
Until linalg solve: 0.04050922393798828.
Regression solved in 0.1513 seconds
Training and Evaluating takes 0.014704227447509766 seconds.
Until Preparation: 0.0005128383636474609.
Until Calculation: 0.0007088184356689453.
Until linalg solve: 0.040564775466918945.
Regression solved in 0.1513 seconds
Training and Evaluating takes 0.016791582107543945 seconds.
Until Preparation: 0.0005130767822265625.
Until Calculation: 0.0007135868072509766.
Until linalg solve: 0.040999650955200195.
Regression solved in 0.1520 seconds
Training and Evaluating takes 0.016347646713256836 seconds.
Until Preparation: 0.0005118846893310547.
Until Calculation: 0.0007076263427734375.
Until linalg solve: 0.04053044319152832.
Regression solved in 0.1512 seconds
Training and Evaluating takes 0.015730857849121094 seconds.
Until Preparation: 0.0005083084106445312.
Until Calculation: 0.0007035732269287109.
Until linalg solve: 0.0406191349029541.
Regression solved in 0.1517 seconds
Training and Evaluating takes 0.015387296676635742 seconds.
Until Preparation: 0.0005228519439697266.
Until Calculation: 0.0007195472717285156.
Until linalg solve: 0.041204214096069336.
Regression solved in 0.1520 seconds
Training and Evaluating takes 0.03044605255126953 seconds.
Until Preparation: 0.0005064010620117188.
Until Calculation: 0.0007047653198242188.
Until linalg solve: 0.040251731872558594.
Regression solved in 0.1514 seconds
Training and Evaluating takes 0.014443635940551758 seconds.
Until Preparation: 0.0005114078521728516.
Until Calculation: 0.0007455348968505859.
Until linalg solve: 0.0407257080078125.
Regression solved in 0.1517 seconds
Training and Evaluating takes 0.0163571834564209 seconds.
Until Preparation: 0.0005171298980712891.
Until Calculation: 0.0007245540618896484.
Until linalg solve: 0.041152238845825195.
Regression solved in 0.1527 seconds
Training and Evaluating takes 0.02951836585998535 seconds.
Until Preparation: 0.0005283355712890625.
Until Calculation: 0.0007307529449462891.
Until linalg solve: 0.04036140441894531.
Regression solved in 0.1513 seconds
Training and Evaluating takes 0.014515161514282227 seconds.
Until Preparation: 0.0005197525024414062.
Until Calculation: 0.0007190704345703125.
Until linalg solve: 0.04068779945373535.
Regression solved in 0.1518 seconds
Training and Evaluating takes 0.015326499938964844 seconds.
Until Preparation: 0.0005061626434326172.
Until Calculation: 0.0007016658782958984.
Until linalg solve: 0.041223764419555664.
Regression solved in 0.1520 seconds
Training and Evaluating takes 0.03431367874145508 seconds.
Until Preparation: 0.0005140304565429688.
Until Calculation: 0.0007164478302001953.
Until linalg solve: 0.04017019271850586.
Regression solved in 0.1592 seconds
Training and Evaluating takes 0.014742851257324219 seconds.
Until Preparation: 0.0005099773406982422.
Until Calculation: 0.0007059574127197266.
Until linalg solve: 0.04076552391052246.
Regression solved in 0.1593 seconds
Training and Evaluating takes 0.015868186950683594 seconds.
Until Preparation: 0.0005347728729248047.
Until Calculation: 0.0007710456848144531.
Until linalg solve: 0.041310787200927734.
Regression solved in 0.1610 seconds
Training and Evaluating takes 0.03346967697143555 seconds.
Until Preparation: 0.0005335807800292969.
Until Calculation: 0.0007393360137939453.
Until linalg solve: 0.04040408134460449.
Regression solved in 0.1529 seconds
Training and Evaluating takes 0.01495981216430664 seconds.
Until Preparation: 0.0005114078521728516.
Until Calculation: 0.0007052421569824219.
Until linalg solve: 0.040606021881103516.
Regression solved in 0.1521 seconds
Training and Evaluating takes 0.015903472900390625 seconds.
Until Preparation: 0.0005140304565429688.
Until Calculation: 0.0007221698760986328.
Until linalg solve: 0.04104804992675781.
Regression solved in 0.1520 seconds
Training and Evaluating takes 0.01633310317993164 seconds.
Until Preparation: 0.00066375732421875.
Until Calculation: 0.0008716583251953125.
Until linalg solve: 0.0406033992767334.
Regression solved in 0.1518 seconds
Training and Evaluating takes 0.015160083770751953 seconds.
Until Preparation: 0.0005085468292236328.
Until Calculation: 0.0007028579711914062.
Until linalg solve: 0.04068779945373535.
Regression solved in 0.1519 seconds
Training and Evaluating takes 0.016217708587646484 seconds.
Until Preparation: 0.0005121231079101562.
Until Calculation: 0.0007104873657226562.
Until linalg solve: 0.04111814498901367.
Regression solved in 0.1536 seconds
Training and Evaluating takes 0.03380441665649414 seconds.
Until Preparation: 0.0005118846893310547.
Until Calculation: 0.0007064342498779297.
Until linalg solve: 0.04028940200805664.
Regression solved in 0.1537 seconds
Training and Evaluating takes 0.014204263687133789 seconds.
Until Preparation: 0.0005207061767578125.
Until Calculation: 0.0007200241088867188.
Until linalg solve: 0.04078245162963867.
Regression solved in 0.1519 seconds
Training and Evaluating takes 0.015124320983886719 seconds.
Until Preparation: 0.0005123615264892578.
Until Calculation: 0.0007138252258300781.
Until linalg solve: 0.0410306453704834.
Regression solved in 0.1530 seconds
Training and Evaluating takes 0.016363859176635742 seconds.
Until Preparation: 0.0005035400390625.
Until Calculation: 0.0007023811340332031.
Until linalg solve: 0.040287017822265625.
Regression solved in 0.1515 seconds
Training and Evaluating takes 0.014363765716552734 seconds.
Until Preparation: 0.0005061626434326172.
Until Calculation: 0.0007007122039794922.
Until linalg solve: 0.040824174880981445.
Regression solved in 0.1521 seconds
Training and Evaluating takes 0.015042781829833984 seconds.
Until Preparation: 0.0005211830139160156.
Until Calculation: 0.0007512569427490234.
Until linalg solve: 0.041139841079711914.
Regression solved in 0.1524 seconds
Training and Evaluating takes 0.03479123115539551 seconds.
Until Preparation: 0.0005180835723876953.
Until Calculation: 0.0007185935974121094.
Until linalg solve: 0.040581703186035156.
Regression solved in 0.1518 seconds
Training and Evaluating takes 0.016075611114501953 seconds.
Until Preparation: 0.0005123615264892578.
Until Calculation: 0.0007066726684570312.
Until linalg solve: 0.04056525230407715.
Regression solved in 0.1518 seconds
Training and Evaluating takes 0.015172243118286133 seconds.
Until Preparation: 0.0005197525024414062.
Until Calculation: 0.0007207393646240234.
Until linalg solve: 0.04100465774536133.
Regression solved in 0.1535 seconds
Training and Evaluating takes 0.015840768814086914 seconds.
Until Preparation: 0.0005106925964355469.
Until Calculation: 0.0007088184356689453.
Until linalg solve: 0.04040360450744629.
Regression solved in 0.1517 seconds
Training and Evaluating takes 0.01524972915649414 seconds.
Until Preparation: 0.0005125999450683594.
Until Calculation: 0.0007119178771972656.
Until linalg solve: 0.04078507423400879.
Regression solved in 0.1522 seconds
Training and Evaluating takes 0.015898704528808594 seconds.
Until Preparation: 0.0005130767822265625.
Until Calculation: 0.0007076263427734375.
Until linalg solve: 0.040982961654663086.
Regression solved in 0.1524 seconds
Training and Evaluating takes 0.015908241271972656 seconds.
Until Preparation: 0.0005147457122802734.
Until Calculation: 0.0007145404815673828.
Until linalg solve: 0.04040646553039551.
Regression solved in 0.1522 seconds
Training and Evaluating takes 0.01469731330871582 seconds.
Until Preparation: 0.0005116462707519531.
Until Calculation: 0.0007083415985107422.
Until linalg solve: 0.040857791900634766.
Regression solved in 0.1521 seconds
Training and Evaluating takes 0.01708817481994629 seconds.
Until Preparation: 0.0005090236663818359.
Until Calculation: 0.0007078647613525391.
Until linalg solve: 0.04109954833984375.
Regression solved in 0.1521 seconds
Training and Evaluating takes 0.026483535766601562 seconds.
Until Preparation: 0.0005083084106445312.
Until Calculation: 0.0007047653198242188.
Until linalg solve: 0.040346384048461914.
Regression solved in 0.1514 seconds
Training and Evaluating takes 0.015418291091918945 seconds.
Until Preparation: 0.0005145072937011719.
Until Calculation: 0.0007135868072509766.
Until linalg solve: 0.04077887535095215.
Regression solved in 0.1518 seconds
Training and Evaluating takes 0.0163116455078125 seconds.
Until Preparation: 0.00049591064453125.
Until Calculation: 0.0007045269012451172.
Until linalg solve: 0.04106616973876953.
Regression solved in 0.1521 seconds
Training and Evaluating takes 0.017523765563964844 seconds.
Until Preparation: 0.0005159378051757812.
Until Calculation: 0.000713348388671875.
Until linalg solve: 0.04041552543640137.
Regression solved in 0.1514 seconds
Training and Evaluating takes 0.014496326446533203 seconds.
Until Preparation: 0.0005176067352294922.
Until Calculation: 0.0007140636444091797.
Until linalg solve: 0.04076981544494629.
Regression solved in 0.1519 seconds
Training and Evaluating takes 0.015175104141235352 seconds.
Until Preparation: 0.0005137920379638672.
Until Calculation: 0.0007150173187255859.
Until linalg solve: 0.04097700119018555.
Regression solved in 0.1520 seconds
Training and Evaluating takes 0.01641559600830078 seconds.
Until Preparation: 0.0005214214324951172.
Until Calculation: 0.0007205009460449219.
Until linalg solve: 0.040422916412353516.
Regression solved in 0.1517 seconds
Training and Evaluating takes 0.015205860137939453 seconds.
Until Preparation: 0.00051116943359375.
Until Calculation: 0.0007052421569824219.
Until linalg solve: 0.04072690010070801.
Regression solved in 0.1519 seconds
Training and Evaluating takes 0.015173673629760742 seconds.
Until Preparation: 0.0005166530609130859.
Until Calculation: 0.0007112026214599609.
Until linalg solve: 0.040958404541015625.
Regression solved in 0.1524 seconds
Training and Evaluating takes 0.016975879669189453 seconds.
Until Preparation: 0.0005116462707519531.
Until Calculation: 0.0007090568542480469.
Until linalg solve: 0.040595054626464844.
Regression solved in 0.1518 seconds
Training and Evaluating takes 0.015230417251586914 seconds.
Until Preparation: 0.0005085468292236328.
Until Calculation: 0.0007026195526123047.
Until linalg solve: 0.040720224380493164.
Regression solved in 0.1517 seconds
Training and Evaluating takes 0.015352964401245117 seconds.
Until Preparation: 0.0005152225494384766.
Until Calculation: 0.0007135868072509766.
Until linalg solve: 0.04114580154418945.
Regression solved in 0.1533 seconds
Training and Evaluating takes 0.031203508377075195 seconds.
Until Preparation: 0.000514984130859375.
Until Calculation: 0.0007154941558837891.
Until linalg solve: 0.04043292999267578.
Regression solved in 0.1520 seconds
Training and Evaluating takes 0.015854835510253906 seconds.
Until Preparation: 0.0005197525024414062.
Until Calculation: 0.0007162094116210938.
Until linalg solve: 0.04064798355102539.
Regression solved in 0.1522 seconds
Training and Evaluating takes 0.014871358871459961 seconds.
Until Preparation: 0.0005178451538085938.
Until Calculation: 0.0007193088531494141.
Until linalg solve: 0.04125618934631348.
Regression solved in 0.1529 seconds
Training and Evaluating takes 0.031485795974731445 seconds.
Until Preparation: 0.0005109310150146484.
Until Calculation: 0.0007083415985107422.
Until linalg solve: 0.0404050350189209.
Regression solved in 0.1515 seconds
Training and Evaluating takes 0.014397144317626953 seconds.
Until Preparation: 0.0005071163177490234.
Until Calculation: 0.0007016658782958984.
Until linalg solve: 0.040717363357543945.
Regression solved in 0.1521 seconds
Training and Evaluating takes 0.016025543212890625 seconds.
Until Preparation: 0.0005164146423339844.
Until Calculation: 0.0007119178771972656.
Until linalg solve: 0.04120826721191406.
Regression solved in 0.1523 seconds
Training and Evaluating takes 0.029480457305908203 seconds.
Until Preparation: 0.0004932880401611328.
Until Calculation: 0.0006911754608154297.
Until linalg solve: 0.04039406776428223.
Regression solved in 0.1513 seconds
Training and Evaluating takes 0.01512455940246582 seconds.
Until Preparation: 0.0005080699920654297.
Until Calculation: 0.0007011890411376953.
Until linalg solve: 0.04052257537841797.
Regression solved in 0.1517 seconds
Training and Evaluating takes 0.016233205795288086 seconds.
    Permutation 20/100 done
Until Preparation: 0.0005114078521728516.
Until Calculation: 0.0007059574127197266.
Until linalg solve: 0.041048288345336914.
Regression solved in 0.1524 seconds
Training and Evaluating takes 0.015950441360473633 seconds.
Until Preparation: 0.0005116462707519531.
Until Calculation: 0.0007090568542480469.
Until linalg solve: 0.04036355018615723.
Regression solved in 0.1520 seconds
Training and Evaluating takes 0.0077664852142333984 seconds.
Until Preparation: 0.0005092620849609375.
Until Calculation: 0.0007069110870361328.
Until linalg solve: 0.04071688652038574.
Regression solved in 0.1523 seconds
Training and Evaluating takes 0.016827106475830078 seconds.
Until Preparation: 0.0005218982696533203.
Until Calculation: 0.0007531642913818359.
Until linalg solve: 0.04114341735839844.
Regression solved in 0.1533 seconds
Training and Evaluating takes 0.010185480117797852 seconds.
Until Preparation: 0.0005066394805908203.
Until Calculation: 0.0007040500640869141.
Until linalg solve: 0.04044699668884277.
Regression solved in 0.1518 seconds
Training and Evaluating takes 0.012139320373535156 seconds.
Until Preparation: 0.0005095005035400391.
Until Calculation: 0.0007054805755615234.
Until linalg solve: 0.040804386138916016.
Regression solved in 0.1522 seconds
Training and Evaluating takes 0.010977745056152344 seconds.
Until Preparation: 0.0005075931549072266.
Until Calculation: 0.0007016658782958984.
Until linalg solve: 0.04117989540100098.
Regression solved in 0.1528 seconds
Training and Evaluating takes 0.01652812957763672 seconds.
Until Preparation: 0.0005071163177490234.
Until Calculation: 0.0007050037384033203.
Until linalg solve: 0.04046440124511719.
Regression solved in 0.1520 seconds
Training and Evaluating takes 0.014947652816772461 seconds.
Until Preparation: 0.0005195140838623047.
Until Calculation: 0.0007140636444091797.
Until linalg solve: 0.04075956344604492.
Regression solved in 0.1520 seconds
Training and Evaluating takes 0.015075206756591797 seconds.
Until Preparation: 0.0005245208740234375.
Until Calculation: 0.0007259845733642578.
Until linalg solve: 0.041150569915771484.
Regression solved in 0.1536 seconds
Training and Evaluating takes 0.006776571273803711 seconds.
Until Preparation: 0.000518798828125.
Until Calculation: 0.0007166862487792969.
Until linalg solve: 0.04053616523742676.
Regression solved in 0.1519 seconds
Training and Evaluating takes 0.01800370216369629 seconds.
Until Preparation: 0.0005161762237548828.
Until Calculation: 0.0007259845733642578.
Until linalg solve: 0.04080700874328613.
Regression solved in 0.1524 seconds
Training and Evaluating takes 0.016667842864990234 seconds.
Until Preparation: 0.0005221366882324219.
Until Calculation: 0.0007190704345703125.
Until linalg solve: 0.04118943214416504.
Regression solved in 0.1523 seconds
Training and Evaluating takes 0.03205704689025879 seconds.
Until Preparation: 0.0005116462707519531.
Until Calculation: 0.0007109642028808594.
Until linalg solve: 0.04040980339050293.
Regression solved in 0.1521 seconds
Training and Evaluating takes 0.01480555534362793 seconds.
Until Preparation: 0.0005109310150146484.
Until Calculation: 0.0007050037384033203.
Until linalg solve: 0.040749549865722656.
Regression solved in 0.1518 seconds
Training and Evaluating takes 0.0070302486419677734 seconds.
Until Preparation: 0.0005214214324951172.
Until Calculation: 0.0007212162017822266.
Until linalg solve: 0.041086673736572266.
Regression solved in 0.1521 seconds
Training and Evaluating takes 0.009383916854858398 seconds.
Until Preparation: 0.0005128383636474609.
Until Calculation: 0.0007104873657226562.
Until linalg solve: 0.04050612449645996.
Regression solved in 0.1516 seconds
Training and Evaluating takes 0.015267372131347656 seconds.
Until Preparation: 0.0005168914794921875.
Until Calculation: 0.000713348388671875.
Until linalg solve: 0.040758371353149414.
Regression solved in 0.1517 seconds
Training and Evaluating takes 0.01639580726623535 seconds.
Until Preparation: 0.0005214214324951172.
Until Calculation: 0.0007197856903076172.
Until linalg solve: 0.04104161262512207.
Regression solved in 0.1530 seconds
Training and Evaluating takes 0.01629042625427246 seconds.
Until Preparation: 0.0005137920379638672.
Until Calculation: 0.0007116794586181641.
Until linalg solve: 0.040514230728149414.
Regression solved in 0.1518 seconds
Training and Evaluating takes 0.01614522933959961 seconds.
Until Preparation: 0.0005102157592773438.
Until Calculation: 0.0007050037384033203.
Until linalg solve: 0.040863037109375.
Regression solved in 0.1514 seconds
Training and Evaluating takes 0.015663623809814453 seconds.
Until Preparation: 0.00051116943359375.
Until Calculation: 0.0007090568542480469.
Until linalg solve: 0.041158199310302734.
Regression solved in 0.1520 seconds
Training and Evaluating takes 0.03141069412231445 seconds.
Until Preparation: 0.0005121231079101562.
Until Calculation: 0.0007092952728271484.
Until linalg solve: 0.04031944274902344.
Regression solved in 0.1509 seconds
Training and Evaluating takes 0.014989376068115234 seconds.
Until Preparation: 0.0005142688751220703.
Until Calculation: 0.0007147789001464844.
Until linalg solve: 0.04073596000671387.
Regression solved in 0.1516 seconds
Training and Evaluating takes 0.01644444465637207 seconds.
Until Preparation: 0.0005166530609130859.
Until Calculation: 0.0007164478302001953.
Until linalg solve: 0.041133880615234375.
Regression solved in 0.1538 seconds
Training and Evaluating takes 0.01877737045288086 seconds.
Until Preparation: 0.0005035400390625.
Until Calculation: 0.0007007122039794922.
Until linalg solve: 0.040487051010131836.
Regression solved in 0.1512 seconds
Training and Evaluating takes 0.01471400260925293 seconds.
Until Preparation: 0.0005106925964355469.
Until Calculation: 0.0007081031799316406.
Until linalg solve: 0.04058480262756348.
Regression solved in 0.1512 seconds
Training and Evaluating takes 0.01578807830810547 seconds.
Until Preparation: 0.0005228519439697266.
Until Calculation: 0.0007474422454833984.
Until linalg solve: 0.04111170768737793.
Regression solved in 0.1522 seconds
Training and Evaluating takes 0.01624274253845215 seconds.
Until Preparation: 0.0004923343658447266.
Until Calculation: 0.0006880760192871094.
Until linalg solve: 0.040416717529296875.
Regression solved in 0.1512 seconds
Training and Evaluating takes 0.004349231719970703 seconds.
Until Preparation: 0.0005061626434326172.
Until Calculation: 0.0006992816925048828.
Until linalg solve: 0.04073619842529297.
Regression solved in 0.1519 seconds
Training and Evaluating takes 0.01512002944946289 seconds.
Until Preparation: 0.0005133152008056641.
Until Calculation: 0.0007100105285644531.
Until linalg solve: 0.04122447967529297.
Regression solved in 0.1524 seconds
Training and Evaluating takes 0.03203701972961426 seconds.
Until Preparation: 0.0004928112030029297.
Until Calculation: 0.0007004737854003906.
Until linalg solve: 0.04014778137207031.
Regression solved in 0.1511 seconds
Training and Evaluating takes 0.016033411026000977 seconds.
Until Preparation: 0.0005128383636474609.
Until Calculation: 0.0007090568542480469.
Until linalg solve: 0.04073166847229004.
Regression solved in 0.1515 seconds
Training and Evaluating takes 0.01369929313659668 seconds.
Until Preparation: 0.0005197525024414062.
Until Calculation: 0.0007166862487792969.
Until linalg solve: 0.04108572006225586.
Regression solved in 0.1546 seconds
Training and Evaluating takes 0.011808395385742188 seconds.
Until Preparation: 0.0005600452423095703.
Until Calculation: 0.0008089542388916016.
Until linalg solve: 0.040618896484375.
Regression solved in 0.1514 seconds
Training and Evaluating takes 0.0046885013580322266 seconds.
Until Preparation: 0.0005166530609130859.
Until Calculation: 0.0007140636444091797.
Until linalg solve: 0.04070925712585449.
Regression solved in 0.1601 seconds
Training and Evaluating takes 0.015167474746704102 seconds.
Until Preparation: 0.0005667209625244141.
Until Calculation: 0.0007727146148681641.
Until linalg solve: 0.041275978088378906.
Regression solved in 0.1601 seconds
Training and Evaluating takes 0.029444217681884766 seconds.
Until Preparation: 0.0005364418029785156.
Until Calculation: 0.0007429122924804688.
Until linalg solve: 0.040361642837524414.
Regression solved in 0.1595 seconds
Training and Evaluating takes 0.01540231704711914 seconds.
Until Preparation: 0.0005350112915039062.
Until Calculation: 0.0007395744323730469.
Until linalg solve: 0.04068160057067871.
Regression solved in 0.1597 seconds
Training and Evaluating takes 0.015395879745483398 seconds.
Until Preparation: 0.0005562305450439453.
Until Calculation: 0.000762939453125.
Until linalg solve: 0.04119277000427246.
Regression solved in 0.1600 seconds
Training and Evaluating takes 0.03236985206604004 seconds.
Until Preparation: 0.0005509853363037109.
Until Calculation: 0.000766754150390625.
Until linalg solve: 0.040457963943481445.
Regression solved in 0.1582 seconds
Training and Evaluating takes 0.014720439910888672 seconds.
Until Preparation: 0.0005176067352294922.
Until Calculation: 0.0007174015045166016.
Until linalg solve: 0.04068803787231445.
Regression solved in 0.1562 seconds
Training and Evaluating takes 0.016980886459350586 seconds.
Until Preparation: 0.0005328655242919922.
Until Calculation: 0.00074005126953125.
Until linalg solve: 0.04110074043273926.
Regression solved in 0.1592 seconds
Training and Evaluating takes 0.017306089401245117 seconds.
Until Preparation: 0.0005249977111816406.
Until Calculation: 0.0007266998291015625.
Until linalg solve: 0.04055070877075195.
Regression solved in 0.1588 seconds
Training and Evaluating takes 0.015182971954345703 seconds.
Until Preparation: 0.0005447864532470703.
Until Calculation: 0.0007505416870117188.
Until linalg solve: 0.0408635139465332.
Regression solved in 0.1594 seconds
Training and Evaluating takes 0.015639305114746094 seconds.
Until Preparation: 0.0005488395690917969.
Until Calculation: 0.0007565021514892578.
Until linalg solve: 0.041030168533325195.
Regression solved in 0.1565 seconds
Training and Evaluating takes 0.013814926147460938 seconds.
Until Preparation: 0.0005350112915039062.
Until Calculation: 0.0007386207580566406.
Until linalg solve: 0.04035329818725586.
Regression solved in 0.1543 seconds
Training and Evaluating takes 0.015097379684448242 seconds.
Until Preparation: 0.0005114078521728516.
Until Calculation: 0.0007083415985107422.
Until linalg solve: 0.04083609580993652.
Regression solved in 0.1525 seconds
Training and Evaluating takes 0.0156705379486084 seconds.
Until Preparation: 0.0005013942718505859.
Until Calculation: 0.0007576942443847656.
Until linalg solve: 0.041027069091796875.
Regression solved in 0.1519 seconds
Training and Evaluating takes 0.019156455993652344 seconds.
Until Preparation: 0.0005280971527099609.
Until Calculation: 0.0007476806640625.
Until linalg solve: 0.04047369956970215.
Regression solved in 0.1516 seconds
Training and Evaluating takes 0.015282869338989258 seconds.
Until Preparation: 0.0005249977111816406.
Until Calculation: 0.0007193088531494141.
Until linalg solve: 0.04076361656188965.
Regression solved in 0.1515 seconds
Training and Evaluating takes 0.015624761581420898 seconds.
Until Preparation: 0.0005140304565429688.
Until Calculation: 0.0007104873657226562.
Until linalg solve: 0.04113268852233887.
Regression solved in 0.1566 seconds
Training and Evaluating takes 0.03182673454284668 seconds.
Until Preparation: 0.0005404949188232422.
Until Calculation: 0.0007529258728027344.
Until linalg solve: 0.040349721908569336.
Regression solved in 0.1594 seconds
Training and Evaluating takes 0.014539957046508789 seconds.
Until Preparation: 0.0005273818969726562.
Until Calculation: 0.0007402896881103516.
Until linalg solve: 0.04088783264160156.
Regression solved in 0.1588 seconds
Training and Evaluating takes 0.01638031005859375 seconds.
Until Preparation: 0.0005266666412353516.
Until Calculation: 0.0007250308990478516.
Until linalg solve: 0.04114818572998047.
Regression solved in 0.1531 seconds
Training and Evaluating takes 0.016271114349365234 seconds.
Until Preparation: 0.0005140304565429688.
Until Calculation: 0.0007150173187255859.
Until linalg solve: 0.040513038635253906.
Regression solved in 0.1513 seconds
Training and Evaluating takes 0.01470494270324707 seconds.
Until Preparation: 0.0005860328674316406.
Until Calculation: 0.0008070468902587891.
Until linalg solve: 0.040851593017578125.
Regression solved in 0.1595 seconds
Training and Evaluating takes 0.015529870986938477 seconds.
Until Preparation: 0.0005290508270263672.
Until Calculation: 0.0007236003875732422.
Until linalg solve: 0.04100203514099121.
Regression solved in 0.1516 seconds
Training and Evaluating takes 0.016675710678100586 seconds.
Until Preparation: 0.0005133152008056641.
Until Calculation: 0.0007064342498779297.
Until linalg solve: 0.040441274642944336.
Regression solved in 0.1510 seconds
Training and Evaluating takes 0.0159149169921875 seconds.
Until Preparation: 0.0005075931549072266.
Until Calculation: 0.000701904296875.
Until linalg solve: 0.04082489013671875.
Regression solved in 0.1515 seconds
Training and Evaluating takes 0.01589798927307129 seconds.
    Permutation 40/100 done
Until Preparation: 0.0005147457122802734.
Until Calculation: 0.0007116794586181641.
Until linalg solve: 0.04116082191467285.
Regression solved in 0.1517 seconds
Training and Evaluating takes 0.031594276428222656 seconds.
Until Preparation: 0.0005044937133789062.
Until Calculation: 0.0007002353668212891.
Until linalg solve: 0.040465354919433594.
Regression solved in 0.1532 seconds
Training and Evaluating takes 0.014771461486816406 seconds.
Until Preparation: 0.0005211830139160156.
Until Calculation: 0.0007200241088867188.
Until linalg solve: 0.04061007499694824.
Regression solved in 0.1523 seconds
Training and Evaluating takes 0.01667952537536621 seconds.
Until Preparation: 0.0005099773406982422.
Until Calculation: 0.0007042884826660156.
Until linalg solve: 0.04091072082519531.
Regression solved in 0.1526 seconds
Training and Evaluating takes 0.016688108444213867 seconds.
Until Preparation: 0.0005421638488769531.
Until Calculation: 0.0007610321044921875.
Until linalg solve: 0.040540218353271484.
Regression solved in 0.1527 seconds
Training and Evaluating takes 0.01622772216796875 seconds.
Until Preparation: 0.0005137920379638672.
Until Calculation: 0.0007088184356689453.
Until linalg solve: 0.0408322811126709.
Regression solved in 0.1530 seconds
Training and Evaluating takes 0.015213966369628906 seconds.
Until Preparation: 0.0005166530609130859.
Until Calculation: 0.0007147789001464844.
Until linalg solve: 0.041105031967163086.
Regression solved in 0.1531 seconds
Training and Evaluating takes 0.01723027229309082 seconds.
Until Preparation: 0.0005183219909667969.
Until Calculation: 0.0007493495941162109.
Until linalg solve: 0.040384769439697266.
Regression solved in 0.1522 seconds
Training and Evaluating takes 0.014619827270507812 seconds.
Until Preparation: 0.0004978179931640625.
Until Calculation: 0.0007176399230957031.
Until linalg solve: 0.040941715240478516.
Regression solved in 0.1526 seconds
Training and Evaluating takes 0.01589226722717285 seconds.
Until Preparation: 0.0005185604095458984.
Until Calculation: 0.0007174015045166016.
Until linalg solve: 0.04133749008178711.
Regression solved in 0.1542 seconds
Training and Evaluating takes 0.0067636966705322266 seconds.
Until Preparation: 0.0004909038543701172.
Until Calculation: 0.0006856918334960938.
Until linalg solve: 0.04029488563537598.
Regression solved in 0.1520 seconds
Training and Evaluating takes 0.00933980941772461 seconds.
Until Preparation: 0.0005054473876953125.
Until Calculation: 0.0006992816925048828.
Until linalg solve: 0.04067182540893555.
Regression solved in 0.1523 seconds
Training and Evaluating takes 0.015781164169311523 seconds.
Until Preparation: 0.0005214214324951172.
Until Calculation: 0.0007462501525878906.
Until linalg solve: 0.041300058364868164.
Regression solved in 0.1528 seconds
Training and Evaluating takes 0.0326535701751709 seconds.
Until Preparation: 0.0005135536193847656.
Until Calculation: 0.0007073879241943359.
Until linalg solve: 0.040349721908569336.
Regression solved in 0.1512 seconds
Training and Evaluating takes 0.01464223861694336 seconds.
Until Preparation: 0.0005230903625488281.
Until Calculation: 0.0007190704345703125.
Until linalg solve: 0.04079031944274902.
Regression solved in 0.1519 seconds
Training and Evaluating takes 0.015263080596923828 seconds.
Until Preparation: 0.0005161762237548828.
Until Calculation: 0.0007464885711669922.
Until linalg solve: 0.04111909866333008.
Regression solved in 0.1541 seconds
Training and Evaluating takes 0.016204833984375 seconds.
Until Preparation: 0.0005075931549072266.
Until Calculation: 0.0007014274597167969.
Until linalg solve: 0.04047679901123047.
Regression solved in 0.1516 seconds
Training and Evaluating takes 0.015325307846069336 seconds.
Until Preparation: 0.0005068778991699219.
Until Calculation: 0.0007185935974121094.
Until linalg solve: 0.04076790809631348.
Regression solved in 0.1518 seconds
Training and Evaluating takes 0.005696773529052734 seconds.
Until Preparation: 0.0005133152008056641.
Until Calculation: 0.0007119178771972656.
Until linalg solve: 0.04103446006774902.
Regression solved in 0.1524 seconds
Training and Evaluating takes 0.016942977905273438 seconds.
Until Preparation: 0.0005130767822265625.
Until Calculation: 0.0007100105285644531.
Until linalg solve: 0.04035639762878418.
Regression solved in 0.1527 seconds
Training and Evaluating takes 0.014170169830322266 seconds.
Until Preparation: 0.0005121231079101562.
Until Calculation: 0.0007081031799316406.
Until linalg solve: 0.04083991050720215.
Regression solved in 0.1589 seconds
Training and Evaluating takes 0.015349149703979492 seconds.
Until Preparation: 0.0005207061767578125.
Until Calculation: 0.0007226467132568359.
Until linalg solve: 0.041103363037109375.
Regression solved in 0.1611 seconds
Training and Evaluating takes 0.03044271469116211 seconds.
Until Preparation: 0.0005815029144287109.
Until Calculation: 0.0007953643798828125.
Until linalg solve: 0.040535926818847656.
Regression solved in 0.1617 seconds
Training and Evaluating takes 0.015229225158691406 seconds.
Until Preparation: 0.0005245208740234375.
Until Calculation: 0.0007243156433105469.
Until linalg solve: 0.04071927070617676.
Regression solved in 0.1612 seconds
Training and Evaluating takes 0.016898632049560547 seconds.
Until Preparation: 0.0005550384521484375.
Until Calculation: 0.000762939453125.
Until linalg solve: 0.04111933708190918.
Regression solved in 0.1561 seconds
Training and Evaluating takes 0.017315387725830078 seconds.
Until Preparation: 0.0005278587341308594.
Until Calculation: 0.0007414817810058594.
Until linalg solve: 0.04033231735229492.
Regression solved in 0.1585 seconds
Training and Evaluating takes 0.014465093612670898 seconds.
Until Preparation: 0.00051116943359375.
Until Calculation: 0.0007236003875732422.
Until linalg solve: 0.04076790809631348.
Regression solved in 0.1601 seconds
Training and Evaluating takes 0.01607656478881836 seconds.
Until Preparation: 0.0005652904510498047.
Until Calculation: 0.0007781982421875.
Until linalg solve: 0.04133009910583496.
Regression solved in 0.1647 seconds
Training and Evaluating takes 0.03181767463684082 seconds.
Until Preparation: 0.000553131103515625.
Until Calculation: 0.0007731914520263672.
Until linalg solve: 0.04035139083862305.
Regression solved in 0.1622 seconds
Training and Evaluating takes 0.014694690704345703 seconds.
Until Preparation: 0.0005097389221191406.
Until Calculation: 0.0007102489471435547.
Until linalg solve: 0.04076647758483887.
Regression solved in 0.1522 seconds
Training and Evaluating takes 0.01695847511291504 seconds.
Until Preparation: 0.0005321502685546875.
Until Calculation: 0.0007276535034179688.
Until linalg solve: 0.04110431671142578.
Regression solved in 0.1531 seconds
Training and Evaluating takes 0.016342878341674805 seconds.
Until Preparation: 0.0005116462707519531.
Until Calculation: 0.0007114410400390625.
Until linalg solve: 0.0404353141784668.
Regression solved in 0.1522 seconds
Training and Evaluating takes 0.014795303344726562 seconds.
Until Preparation: 0.0005156993865966797.
Until Calculation: 0.0007224082946777344.
Until linalg solve: 0.0407564640045166.
Regression solved in 0.1523 seconds
Training and Evaluating takes 0.015589237213134766 seconds.
Until Preparation: 0.0005168914794921875.
Until Calculation: 0.0007131099700927734.
Until linalg solve: 0.04117870330810547.
Regression solved in 0.1538 seconds
Training and Evaluating takes 0.0306398868560791 seconds.
Until Preparation: 0.0005316734313964844.
Until Calculation: 0.0007340908050537109.
Until linalg solve: 0.04046010971069336.
Regression solved in 0.1524 seconds
Training and Evaluating takes 0.015539884567260742 seconds.
Until Preparation: 0.0005247592926025391.
Until Calculation: 0.0007214546203613281.
Until linalg solve: 0.04077792167663574.
Regression solved in 0.1524 seconds
Training and Evaluating takes 0.015631914138793945 seconds.
Until Preparation: 0.0005307197570800781.
Until Calculation: 0.0007257461547851562.
Until linalg solve: 0.04100823402404785.
Regression solved in 0.1532 seconds
Training and Evaluating takes 0.01612091064453125 seconds.
Until Preparation: 0.0005130767822265625.
Until Calculation: 0.0007114410400390625.
Until linalg solve: 0.04041719436645508.
Regression solved in 0.1571 seconds
Training and Evaluating takes 0.014851808547973633 seconds.
Until Preparation: 0.0005240440368652344.
Until Calculation: 0.0007181167602539062.
Until linalg solve: 0.04075193405151367.
Regression solved in 0.1525 seconds
Training and Evaluating takes 0.016862869262695312 seconds.
Until Preparation: 0.0005319118499755859.
Until Calculation: 0.0007288455963134766.
Until linalg solve: 0.04129314422607422.
Regression solved in 0.1553 seconds
Training and Evaluating takes 0.030276060104370117 seconds.
Until Preparation: 0.0004897117614746094.
Until Calculation: 0.0006842613220214844.
Until linalg solve: 0.040426015853881836.
Regression solved in 0.1532 seconds
Training and Evaluating takes 0.01523900032043457 seconds.
Until Preparation: 0.0005011558532714844.
Until Calculation: 0.0007147789001464844.
Until linalg solve: 0.0405576229095459.
Regression solved in 0.1520 seconds
Training and Evaluating takes 0.00479888916015625 seconds.
Until Preparation: 0.0005235671997070312.
Until Calculation: 0.0007152557373046875.
Until linalg solve: 0.041062355041503906.
Regression solved in 0.1536 seconds
Training and Evaluating takes 0.021955251693725586 seconds.
Until Preparation: 0.0005185604095458984.
Until Calculation: 0.0007202625274658203.
Until linalg solve: 0.040526390075683594.
Regression solved in 0.1586 seconds
Training and Evaluating takes 0.015323400497436523 seconds.
Until Preparation: 0.0005128383636474609.
Until Calculation: 0.0007092952728271484.
Until linalg solve: 0.04084897041320801.
Regression solved in 0.1595 seconds
Training and Evaluating takes 0.01606440544128418 seconds.
Until Preparation: 0.0005273818969726562.
Until Calculation: 0.0007295608520507812.
Until linalg solve: 0.041091203689575195.
Regression solved in 0.1615 seconds
Training and Evaluating takes 0.016970396041870117 seconds.
Until Preparation: 0.0005483627319335938.
Until Calculation: 0.0007584095001220703.
Until linalg solve: 0.04049062728881836.
Regression solved in 0.1605 seconds
Training and Evaluating takes 0.014498710632324219 seconds.
Until Preparation: 0.0005748271942138672.
Until Calculation: 0.0007846355438232422.
Until linalg solve: 0.040862321853637695.
Regression solved in 0.1616 seconds
Training and Evaluating takes 0.015621185302734375 seconds.
Until Preparation: 0.0005395412445068359.
Until Calculation: 0.0007517337799072266.
Until linalg solve: 0.04109001159667969.
Regression solved in 0.1607 seconds
Training and Evaluating takes 0.016878366470336914 seconds.
Until Preparation: 0.0005457401275634766.
Until Calculation: 0.0007555484771728516.
Until linalg solve: 0.04044795036315918.
Regression solved in 0.1616 seconds
Training and Evaluating takes 0.01530146598815918 seconds.
Until Preparation: 0.0005407333374023438.
Until Calculation: 0.0007469654083251953.
Until linalg solve: 0.04081153869628906.
Regression solved in 0.1624 seconds
Training and Evaluating takes 0.015839576721191406 seconds.
Until Preparation: 0.0005545616149902344.
Until Calculation: 0.0007660388946533203.
Until linalg solve: 0.04120516777038574.
Regression solved in 0.1620 seconds
Training and Evaluating takes 0.03050827980041504 seconds.
Until Preparation: 0.0005443096160888672.
Until Calculation: 0.0007822513580322266.
Until linalg solve: 0.04029679298400879.
Regression solved in 0.1616 seconds
Training and Evaluating takes 0.015316963195800781 seconds.
Until Preparation: 0.0005340576171875.
Until Calculation: 0.0007410049438476562.
Until linalg solve: 0.04078245162963867.
Regression solved in 0.1620 seconds
Training and Evaluating takes 0.015237092971801758 seconds.
Until Preparation: 0.0005400180816650391.
Until Calculation: 0.0007424354553222656.
Until linalg solve: 0.04107213020324707.
Regression solved in 0.1624 seconds
Training and Evaluating takes 0.017105817794799805 seconds.
Until Preparation: 0.0005462169647216797.
Until Calculation: 0.0007610321044921875.
Until linalg solve: 0.040383338928222656.
Regression solved in 0.1615 seconds
Training and Evaluating takes 0.015416860580444336 seconds.
Until Preparation: 0.0005393028259277344.
Until Calculation: 0.0007483959197998047.
Until linalg solve: 0.040755271911621094.
Regression solved in 0.1573 seconds
Training and Evaluating takes 0.015791654586791992 seconds.
Until Preparation: 0.0005543231964111328.
Until Calculation: 0.0007648468017578125.
Until linalg solve: 0.04131054878234863.
Regression solved in 0.1644 seconds
Training and Evaluating takes 0.033535003662109375 seconds.
Until Preparation: 0.0005152225494384766.
Until Calculation: 0.0007135868072509766.
Until linalg solve: 0.040491580963134766.
Regression solved in 0.1523 seconds
Training and Evaluating takes 0.01565694808959961 seconds.
Until Preparation: 0.0005116462707519531.
Until Calculation: 0.0007061958312988281.
Until linalg solve: 0.04050755500793457.
Regression solved in 0.1566 seconds
Training and Evaluating takes 0.015514850616455078 seconds.
    Permutation 60/100 done
Until Preparation: 0.0005192756652832031.
Until Calculation: 0.0007205009460449219.
Until linalg solve: 0.0411529541015625.
Regression solved in 0.1529 seconds
Training and Evaluating takes 0.033490657806396484 seconds.
Until Preparation: 0.0005125999450683594.
Until Calculation: 0.0007138252258300781.
Until linalg solve: 0.04037785530090332.
Regression solved in 0.1523 seconds
Training and Evaluating takes 0.017735719680786133 seconds.
Until Preparation: 0.000514984130859375.
Until Calculation: 0.000713348388671875.
Until linalg solve: 0.04074358940124512.
Regression solved in 0.1525 seconds
Training and Evaluating takes 0.015659332275390625 seconds.
Until Preparation: 0.0005207061767578125.
Until Calculation: 0.0007185935974121094.
Until linalg solve: 0.04123401641845703.
Regression solved in 0.1538 seconds
Training and Evaluating takes 0.03159976005554199 seconds.
Until Preparation: 0.0005116462707519531.
Until Calculation: 0.0007085800170898438.
Until linalg solve: 0.04034709930419922.
Regression solved in 0.1520 seconds
Training and Evaluating takes 0.015914201736450195 seconds.
Until Preparation: 0.0005233287811279297.
Until Calculation: 0.0007250308990478516.
Until linalg solve: 0.04072141647338867.
Regression solved in 0.1526 seconds
Training and Evaluating takes 0.015455007553100586 seconds.
Until Preparation: 0.0005223751068115234.
Until Calculation: 0.0007221698760986328.
Until linalg solve: 0.04105496406555176.
Regression solved in 0.1529 seconds
Training and Evaluating takes 0.01650857925415039 seconds.
Until Preparation: 0.0005061626434326172.
Until Calculation: 0.0007050037384033203.
Until linalg solve: 0.04043149948120117.
Regression solved in 0.1522 seconds
Training and Evaluating takes 0.014746665954589844 seconds.
Until Preparation: 0.0005156993865966797.
Until Calculation: 0.0007071495056152344.
Until linalg solve: 0.04077434539794922.
Regression solved in 0.1527 seconds
Training and Evaluating takes 0.0164639949798584 seconds.
Until Preparation: 0.0005171298980712891.
Until Calculation: 0.0007116794586181641.
Until linalg solve: 0.040985822677612305.
Regression solved in 0.1648 seconds
Training and Evaluating takes 0.016656160354614258 seconds.
Until Preparation: 0.0005142688751220703.
Until Calculation: 0.0007085800170898438.
Until linalg solve: 0.040515899658203125.
Regression solved in 0.1708 seconds
Training and Evaluating takes 0.015193700790405273 seconds.
Until Preparation: 0.0005407333374023438.
Until Calculation: 0.0007424354553222656.
Until linalg solve: 0.04085087776184082.
Regression solved in 0.1587 seconds
Training and Evaluating takes 0.01644158363342285 seconds.
Until Preparation: 0.0005497932434082031.
Until Calculation: 0.0007624626159667969.
Until linalg solve: 0.041089534759521484.
Regression solved in 0.1603 seconds
Training and Evaluating takes 0.017937898635864258 seconds.
Until Preparation: 0.0004999637603759766.
Until Calculation: 0.0006940364837646484.
Until linalg solve: 0.04029726982116699.
Regression solved in 0.1521 seconds
Training and Evaluating takes 0.015445709228515625 seconds.
Until Preparation: 0.0004966259002685547.
Until Calculation: 0.0007081031799316406.
Until linalg solve: 0.04077482223510742.
Regression solved in 0.1526 seconds
Training and Evaluating takes 0.009859561920166016 seconds.
Until Preparation: 0.0005140304565429688.
Until Calculation: 0.0007092952728271484.
Until linalg solve: 0.041080474853515625.
Regression solved in 0.1535 seconds
Training and Evaluating takes 0.0063097476959228516 seconds.
Until Preparation: 0.0005128383636474609.
Until Calculation: 0.0007097721099853516.
Until linalg solve: 0.040392398834228516.
Regression solved in 0.1520 seconds
Training and Evaluating takes 0.014841556549072266 seconds.
Until Preparation: 0.0005125999450683594.
Until Calculation: 0.0007061958312988281.
Until linalg solve: 0.04076862335205078.
Regression solved in 0.1553 seconds
Training and Evaluating takes 0.0188446044921875 seconds.
Until Preparation: 0.0005319118499755859.
Until Calculation: 0.0007321834564208984.
Until linalg solve: 0.04116535186767578.
Regression solved in 0.1596 seconds
Training and Evaluating takes 0.019701719284057617 seconds.
Until Preparation: 0.0005214214324951172.
Until Calculation: 0.0007202625274658203.
Until linalg solve: 0.04048633575439453.
Regression solved in 0.1585 seconds
Training and Evaluating takes 0.00547480583190918 seconds.
Until Preparation: 0.0005354881286621094.
Until Calculation: 0.0007357597351074219.
Until linalg solve: 0.040773630142211914.
Regression solved in 0.1624 seconds
Training and Evaluating takes 0.013438940048217773 seconds.
Until Preparation: 0.0005242824554443359.
Until Calculation: 0.0007231235504150391.
Until linalg solve: 0.04118037223815918.
Regression solved in 0.1598 seconds
Training and Evaluating takes 0.03472757339477539 seconds.
Until Preparation: 0.0005517005920410156.
Until Calculation: 0.0007619857788085938.
Until linalg solve: 0.04034829139709473.
Regression solved in 0.1560 seconds
Training and Evaluating takes 0.015859127044677734 seconds.
Until Preparation: 0.0005483627319335938.
Until Calculation: 0.0007550716400146484.
Until linalg solve: 0.040843963623046875.
Regression solved in 0.1537 seconds
Training and Evaluating takes 0.016448259353637695 seconds.
Until Preparation: 0.0005271434783935547.
Until Calculation: 0.0007271766662597656.
Until linalg solve: 0.040993452072143555.
Regression solved in 0.1526 seconds
Training and Evaluating takes 0.01568436622619629 seconds.
Until Preparation: 0.0005164146423339844.
Until Calculation: 0.0007176399230957031.
Until linalg solve: 0.040425777435302734.
Regression solved in 0.1521 seconds
Training and Evaluating takes 0.014760017395019531 seconds.
Until Preparation: 0.0005238056182861328.
Until Calculation: 0.0007188320159912109.
Until linalg solve: 0.04090166091918945.
Regression solved in 0.1526 seconds
Training and Evaluating takes 0.016572237014770508 seconds.
Until Preparation: 0.0005233287811279297.
Until Calculation: 0.0007193088531494141.
Until linalg solve: 0.04124283790588379.
Regression solved in 0.1529 seconds
Training and Evaluating takes 0.03055572509765625 seconds.
Until Preparation: 0.0005152225494384766.
Until Calculation: 0.0007119178771972656.
Until linalg solve: 0.04035305976867676.
Regression solved in 0.1525 seconds
Training and Evaluating takes 0.014384269714355469 seconds.
Until Preparation: 0.0005109310150146484.
Until Calculation: 0.0007128715515136719.
Until linalg solve: 0.04061245918273926.
Regression solved in 0.1519 seconds
Training and Evaluating takes 0.016190528869628906 seconds.
Until Preparation: 0.0005166530609130859.
Until Calculation: 0.0007171630859375.
Until linalg solve: 0.0413050651550293.
Regression solved in 0.1527 seconds
Training and Evaluating takes 0.030785560607910156 seconds.
Until Preparation: 0.0005044937133789062.
Until Calculation: 0.0006995201110839844.
Until linalg solve: 0.04031252861022949.
Regression solved in 0.1527 seconds
Training and Evaluating takes 0.014157295227050781 seconds.
Until Preparation: 0.0005168914794921875.
Until Calculation: 0.0007140636444091797.
Until linalg solve: 0.04065728187561035.
Regression solved in 0.1522 seconds
Training and Evaluating takes 0.01483464241027832 seconds.
Until Preparation: 0.0005142688751220703.
Until Calculation: 0.0007252693176269531.
Until linalg solve: 0.041126251220703125.
Regression solved in 0.1528 seconds
Training and Evaluating takes 0.017621755599975586 seconds.
Until Preparation: 0.0005142688751220703.
Until Calculation: 0.0007090568542480469.
Until linalg solve: 0.040450334548950195.
Regression solved in 0.1525 seconds
Training and Evaluating takes 0.01539468765258789 seconds.
Until Preparation: 0.0005106925964355469.
Until Calculation: 0.0007147789001464844.
Until linalg solve: 0.04073739051818848.
Regression solved in 0.1591 seconds
Training and Evaluating takes 0.016054630279541016 seconds.
Until Preparation: 0.0005967617034912109.
Until Calculation: 0.0008225440979003906.
Until linalg solve: 0.04104161262512207.
Regression solved in 0.1661 seconds
Training and Evaluating takes 0.016129732131958008 seconds.
Until Preparation: 0.0005755424499511719.
Until Calculation: 0.0007894039154052734.
Until linalg solve: 0.04042172431945801.
Regression solved in 0.1678 seconds
Training and Evaluating takes 0.013046026229858398 seconds.
Until Preparation: 0.0005104541778564453.
Until Calculation: 0.0007219314575195312.
Until linalg solve: 0.0409245491027832.
Regression solved in 0.1586 seconds
Training and Evaluating takes 0.01644611358642578 seconds.
Until Preparation: 0.0005953311920166016.
Until Calculation: 0.0008151531219482422.
Until linalg solve: 0.041246891021728516.
Regression solved in 0.1708 seconds
Training and Evaluating takes 0.016603708267211914 seconds.
Until Preparation: 0.0004994869232177734.
Until Calculation: 0.0007126331329345703.
Until linalg solve: 0.04030942916870117.
Regression solved in 0.1532 seconds
Training and Evaluating takes 0.015997648239135742 seconds.
Until Preparation: 0.0004956722259521484.
Until Calculation: 0.0006921291351318359.
Until linalg solve: 0.04085898399353027.
Regression solved in 0.1512 seconds
Training and Evaluating takes 0.015305280685424805 seconds.
Until Preparation: 0.0005273818969726562.
Until Calculation: 0.0007398128509521484.
Until linalg solve: 0.041295528411865234.
Regression solved in 0.1519 seconds
Training and Evaluating takes 0.02947854995727539 seconds.
Until Preparation: 0.0005130767822265625.
Until Calculation: 0.0007107257843017578.
Until linalg solve: 0.04031014442443848.
Regression solved in 0.1509 seconds
Training and Evaluating takes 0.014943361282348633 seconds.
Until Preparation: 0.0005047321319580078.
Until Calculation: 0.0007150173187255859.
Until linalg solve: 0.040753841400146484.
Regression solved in 0.1513 seconds
Training and Evaluating takes 0.0062255859375 seconds.
Until Preparation: 0.000518798828125.
Until Calculation: 0.0007290840148925781.
Until linalg solve: 0.041265010833740234.
Regression solved in 0.1521 seconds
Training and Evaluating takes 0.03534841537475586 seconds.
Until Preparation: 0.000522613525390625.
Until Calculation: 0.0007193088531494141.
Until linalg solve: 0.0402522087097168.
Regression solved in 0.1511 seconds
Training and Evaluating takes 0.015684843063354492 seconds.
Until Preparation: 0.0005116462707519531.
Until Calculation: 0.0007202625274658203.
Until linalg solve: 0.0407261848449707.
Regression solved in 0.1504 seconds
Training and Evaluating takes 0.015497684478759766 seconds.
Until Preparation: 0.003779888153076172.
Until Calculation: 0.003985404968261719.
Until linalg solve: 0.044382572174072266.
Regression solved in 0.1539 seconds
Training and Evaluating takes 0.018376588821411133 seconds.
Until Preparation: 0.0004999637603759766.
Until Calculation: 0.0007414817810058594.
Until linalg solve: 0.04038667678833008.
Regression solved in 0.1501 seconds
Training and Evaluating takes 0.0042040348052978516 seconds.
Until Preparation: 0.0004954338073730469.
Until Calculation: 0.0006999969482421875.
Until linalg solve: 0.04079174995422363.
Regression solved in 0.1506 seconds
Training and Evaluating takes 0.01693248748779297 seconds.
Until Preparation: 0.0005090236663818359.
Until Calculation: 0.0007181167602539062.
Until linalg solve: 0.04113459587097168.
Regression solved in 0.1507 seconds
Training and Evaluating takes 0.007528781890869141 seconds.
Until Preparation: 0.0005233287811279297.
Until Calculation: 0.0007197856903076172.
Until linalg solve: 0.04034090042114258.
Regression solved in 0.1499 seconds
Training and Evaluating takes 0.01624751091003418 seconds.
Until Preparation: 0.0005013942718505859.
Until Calculation: 0.0007097721099853516.
Until linalg solve: 0.04088854789733887.
Regression solved in 0.1504 seconds
Training and Evaluating takes 0.016420602798461914 seconds.
Until Preparation: 0.0005190372467041016.
Until Calculation: 0.0007166862487792969.
Until linalg solve: 0.041193246841430664.
Regression solved in 0.1513 seconds
Training and Evaluating takes 0.03213071823120117 seconds.
Until Preparation: 0.0005173683166503906.
Until Calculation: 0.0007202625274658203.
Until linalg solve: 0.04041600227355957.
Regression solved in 0.1504 seconds
Training and Evaluating takes 0.015494585037231445 seconds.
Until Preparation: 0.0005044937133789062.
Until Calculation: 0.0007028579711914062.
Until linalg solve: 0.040642499923706055.
Regression solved in 0.1507 seconds
Training and Evaluating takes 0.015424728393554688 seconds.
Until Preparation: 0.0005171298980712891.
Until Calculation: 0.0007295608520507812.
Until linalg solve: 0.041120052337646484.
Regression solved in 0.1515 seconds
Training and Evaluating takes 0.008012771606445312 seconds.
Until Preparation: 0.0005145072937011719.
Until Calculation: 0.0007171630859375.
Until linalg solve: 0.04052734375.
Regression solved in 0.1505 seconds
Training and Evaluating takes 0.014350175857543945 seconds.
Until Preparation: 0.0005204677581787109.
Until Calculation: 0.000736236572265625.
Until linalg solve: 0.04072833061218262.
Regression solved in 0.1514 seconds
Training and Evaluating takes 0.01565384864807129 seconds.
    Permutation 80/100 done
Until Preparation: 0.0005218982696533203.
Until Calculation: 0.0007343292236328125.
Until linalg solve: 0.041129112243652344.
Regression solved in 0.1518 seconds
Training and Evaluating takes 0.01658940315246582 seconds.
Until Preparation: 0.0005178451538085938.
Until Calculation: 0.0007257461547851562.
Until linalg solve: 0.04037165641784668.
Regression solved in 0.1513 seconds
Training and Evaluating takes 0.01458120346069336 seconds.
Until Preparation: 0.0005207061767578125.
Until Calculation: 0.0007619857788085938.
Until linalg solve: 0.04081463813781738.
Regression solved in 0.1521 seconds
Training and Evaluating takes 0.01698780059814453 seconds.
Until Preparation: 0.0005290508270263672.
Until Calculation: 0.0007278919219970703.
Until linalg solve: 0.041237831115722656.
Regression solved in 0.1516 seconds
Training and Evaluating takes 0.019983530044555664 seconds.
Until Preparation: 0.0005121231079101562.
Until Calculation: 0.0007126331329345703.
Until linalg solve: 0.04022669792175293.
Regression solved in 0.1506 seconds
Training and Evaluating takes 0.014272451400756836 seconds.
Until Preparation: 0.0005123615264892578.
Until Calculation: 0.0007071495056152344.
Until linalg solve: 0.04078865051269531.
Regression solved in 0.1513 seconds
Training and Evaluating takes 0.015789508819580078 seconds.
Until Preparation: 0.0005135536193847656.
Until Calculation: 0.0007109642028808594.
Until linalg solve: 0.04118776321411133.
Regression solved in 0.1514 seconds
Training and Evaluating takes 0.028030872344970703 seconds.
Until Preparation: 0.0005075931549072266.
Until Calculation: 0.0007050037384033203.
Until linalg solve: 0.03716111183166504.
Regression solved in 0.1476 seconds
Training and Evaluating takes 0.014299631118774414 seconds.
Until Preparation: 0.0005137920379638672.
Until Calculation: 0.0007097721099853516.
Until linalg solve: 0.03353714942932129.
Regression solved in 0.1439 seconds
Training and Evaluating takes 0.016193389892578125 seconds.
Until Preparation: 0.0005204677581787109.
Until Calculation: 0.0007188320159912109.
Until linalg solve: 0.03395795822143555.
Regression solved in 0.1458 seconds
Training and Evaluating takes 0.016593217849731445 seconds.
Until Preparation: 0.0005314350128173828.
Until Calculation: 0.0007402896881103516.
Until linalg solve: 0.03341102600097656.
Regression solved in 0.1433 seconds
Training and Evaluating takes 0.01571059226989746 seconds.
Until Preparation: 0.0005125999450683594.
Until Calculation: 0.0007116794586181641.
Until linalg solve: 0.033623456954956055.
Regression solved in 0.1438 seconds
Training and Evaluating takes 0.016244173049926758 seconds.
Until Preparation: 0.0005202293395996094.
Until Calculation: 0.0007174015045166016.
Until linalg solve: 0.03391885757446289.
Regression solved in 0.1450 seconds
Training and Evaluating takes 0.01642131805419922 seconds.
Until Preparation: 0.0005145072937011719.
Until Calculation: 0.0007121562957763672.
Until linalg solve: 0.03325843811035156.
Regression solved in 0.1441 seconds
Training and Evaluating takes 0.015769243240356445 seconds.
Until Preparation: 0.0005190372467041016.
Until Calculation: 0.0007233619689941406.
Until linalg solve: 0.03371572494506836.
Regression solved in 0.1442 seconds
Training and Evaluating takes 0.016938209533691406 seconds.
Until Preparation: 0.0005164146423339844.
Until Calculation: 0.0007159709930419922.
Until linalg solve: 0.04107809066772461.
Regression solved in 0.1512 seconds
Training and Evaluating takes 0.016200780868530273 seconds.
Until Preparation: 0.0005178451538085938.
Until Calculation: 0.0007214546203613281.
Until linalg solve: 0.04045271873474121.
Regression solved in 0.1508 seconds
Training and Evaluating takes 0.015171289443969727 seconds.
Until Preparation: 0.0005166530609130859.
Until Calculation: 0.0007140636444091797.
Until linalg solve: 0.0407559871673584.
Regression solved in 0.1511 seconds
Training and Evaluating takes 0.016019105911254883 seconds.
Until Preparation: 0.0005240440368652344.
Until Calculation: 0.0007188320159912109.
Until linalg solve: 0.04115891456604004.
Regression solved in 0.1514 seconds
Training and Evaluating takes 0.032038211822509766 seconds.
Until Preparation: 0.000518798828125.
Until Calculation: 0.0007114410400390625.
Until linalg solve: 0.040399789810180664.
Regression solved in 0.1505 seconds
Training and Evaluating takes 0.0042438507080078125 seconds.
Until Preparation: 0.0005216598510742188.
Until Calculation: 0.0007185935974121094.
Until linalg solve: 0.04074501991271973.
Regression solved in 0.1508 seconds
Training and Evaluating takes 0.015343189239501953 seconds.
Until Preparation: 0.0005288124084472656.
Until Calculation: 0.0007278919219970703.
Until linalg solve: 0.0412287712097168.
Regression solved in 0.1516 seconds
Training and Evaluating takes 0.03077983856201172 seconds.
Until Preparation: 0.0005130767822265625.
Until Calculation: 0.0007147789001464844.
Until linalg solve: 0.04039478302001953.
Regression solved in 0.1508 seconds
Training and Evaluating takes 0.015102148056030273 seconds.
Until Preparation: 0.000522613525390625.
Until Calculation: 0.0007193088531494141.
Until linalg solve: 0.04071998596191406.
Regression solved in 0.1510 seconds
Training and Evaluating takes 0.014998912811279297 seconds.
Until Preparation: 0.0005183219909667969.
Until Calculation: 0.0007321834564208984.
Until linalg solve: 0.04099321365356445.
Regression solved in 0.1513 seconds
Training and Evaluating takes 0.016036272048950195 seconds.
Until Preparation: 0.0005130767822265625.
Until Calculation: 0.0007150173187255859.
Until linalg solve: 0.040407657623291016.
Regression solved in 0.1516 seconds
Training and Evaluating takes 0.014374971389770508 seconds.
Until Preparation: 0.0005125999450683594.
Until Calculation: 0.0007176399230957031.
Until linalg solve: 0.04082298278808594.
Regression solved in 0.1516 seconds
Training and Evaluating takes 0.015505313873291016 seconds.
Until Preparation: 0.0005185604095458984.
Until Calculation: 0.0007183551788330078.
Until linalg solve: 0.04118061065673828.
Regression solved in 0.1528 seconds
Training and Evaluating takes 0.03255772590637207 seconds.
Until Preparation: 0.0005128383636474609.
Until Calculation: 0.0007116794586181641.
Until linalg solve: 0.040337324142456055.
Regression solved in 0.1510 seconds
Training and Evaluating takes 0.015943050384521484 seconds.
Until Preparation: 0.0005199909210205078.
Until Calculation: 0.0007140636444091797.
Until linalg solve: 0.04078316688537598.
Regression solved in 0.1516 seconds
Training and Evaluating takes 0.01549983024597168 seconds.
Until Preparation: 0.0005233287811279297.
Until Calculation: 0.0007188320159912109.
Until linalg solve: 0.04112434387207031.
Regression solved in 0.1522 seconds
Training and Evaluating takes 0.03416872024536133 seconds.
Until Preparation: 0.0005183219909667969.
Until Calculation: 0.0007162094116210938.
Until linalg solve: 0.040461063385009766.
Regression solved in 0.1510 seconds
Training and Evaluating takes 0.014989614486694336 seconds.
Until Preparation: 0.0005164146423339844.
Until Calculation: 0.0007162094116210938.
Until linalg solve: 0.04066157341003418.
Regression solved in 0.1508 seconds
Training and Evaluating takes 0.01522517204284668 seconds.
Until Preparation: 0.0005300045013427734.
Until Calculation: 0.0007643699645996094.
Until linalg solve: 0.04126310348510742.
Regression solved in 0.1516 seconds
Training and Evaluating takes 0.03490471839904785 seconds.
Until Preparation: 0.0005013942718505859.
Until Calculation: 0.0007004737854003906.
Until linalg solve: 0.040334224700927734.
Regression solved in 0.1506 seconds
Training and Evaluating takes 0.015869855880737305 seconds.
Until Preparation: 0.0005197525024414062.
Until Calculation: 0.0007197856903076172.
Until linalg solve: 0.040740251541137695.
Regression solved in 0.1519 seconds
Training and Evaluating takes 0.015198230743408203 seconds.
Until Preparation: 0.0005216598510742188.
Until Calculation: 0.0007221698760986328.
Until linalg solve: 0.04129838943481445.
Regression solved in 0.1517 seconds
Training and Evaluating takes 0.03169965744018555 seconds.
Until Preparation: 0.0005118846893310547.
Until Calculation: 0.0007121562957763672.
Until linalg solve: 0.04037642478942871.
Regression solved in 0.1508 seconds
Training and Evaluating takes 0.015170097351074219 seconds.
Until Preparation: 0.0005135536193847656.
Until Calculation: 0.0007143020629882812.
Until linalg solve: 0.0405733585357666.
Regression solved in 0.1509 seconds
Training and Evaluating takes 0.015402078628540039 seconds.
Until Preparation: 0.0005238056182861328.
Until Calculation: 0.0007190704345703125.
Until linalg solve: 0.041100502014160156.
Regression solved in 0.1515 seconds
Training and Evaluating takes 0.017740488052368164 seconds.
Until Preparation: 0.0005197525024414062.
Until Calculation: 0.0007150173187255859.
Until linalg solve: 0.04040336608886719.
Regression solved in 0.1507 seconds
Training and Evaluating takes 0.016099214553833008 seconds.
Until Preparation: 0.0005104541778564453.
Until Calculation: 0.0007090568542480469.
Until linalg solve: 0.04073762893676758.
Regression solved in 0.1511 seconds
Training and Evaluating takes 0.015028953552246094 seconds.
Until Preparation: 0.0005156993865966797.
Until Calculation: 0.0007169246673583984.
Until linalg solve: 0.041156768798828125.
Regression solved in 0.1517 seconds
Training and Evaluating takes 0.03473329544067383 seconds.
Until Preparation: 0.0005335807800292969.
Until Calculation: 0.0007326602935791016.
Until linalg solve: 0.04033946990966797.
Regression solved in 0.1504 seconds
Training and Evaluating takes 0.01437520980834961 seconds.
Until Preparation: 0.0005049705505371094.
Until Calculation: 0.0006992816925048828.
Until linalg solve: 0.04078483581542969.
Regression solved in 0.1510 seconds
Training and Evaluating takes 0.015338420867919922 seconds.
Until Preparation: 0.0005273818969726562.
Until Calculation: 0.0007228851318359375.
Until linalg solve: 0.04114079475402832.
Regression solved in 0.1534 seconds
Training and Evaluating takes 0.01679086685180664 seconds.
Until Preparation: 0.0005002021789550781.
Until Calculation: 0.0006945133209228516.
Until linalg solve: 0.04022336006164551.
Regression solved in 0.1521 seconds
Training and Evaluating takes 0.006445407867431641 seconds.
Until Preparation: 0.0005002021789550781.
Until Calculation: 0.0006999969482421875.
Until linalg solve: 0.040790557861328125.
Regression solved in 0.1525 seconds
Training and Evaluating takes 0.005264759063720703 seconds.
Until Preparation: 0.0005192756652832031.
Until Calculation: 0.0007157325744628906.
Until linalg solve: 0.041118621826171875.
Regression solved in 0.1523 seconds
Training and Evaluating takes 0.0159909725189209 seconds.
Until Preparation: 0.0005121231079101562.
Until Calculation: 0.0007112026214599609.
Until linalg solve: 0.040410757064819336.
Regression solved in 0.1515 seconds
Training and Evaluating takes 0.015521526336669922 seconds.
Until Preparation: 0.0005192756652832031.
Until Calculation: 0.0007162094116210938.
Until linalg solve: 0.04077267646789551.
Regression solved in 0.1516 seconds
Training and Evaluating takes 0.008715152740478516 seconds.
Until Preparation: 0.0004930496215820312.
Until Calculation: 0.0006995201110839844.
Until linalg solve: 0.041101694107055664.
Regression solved in 0.1520 seconds
Training and Evaluating takes 0.007257938385009766 seconds.
Until Preparation: 0.00049591064453125.
Until Calculation: 0.0007073879241943359.
Until linalg solve: 0.0404353141784668.
Regression solved in 0.1535 seconds
Training and Evaluating takes 0.01496434211730957 seconds.
Until Preparation: 0.0005128383636474609.
Until Calculation: 0.0007228851318359375.
Until linalg solve: 0.04074668884277344.
Regression solved in 0.1601 seconds
Training and Evaluating takes 0.016919612884521484 seconds.
Until Preparation: 0.0005381107330322266.
Until Calculation: 0.0007843971252441406.
Until linalg solve: 0.041129350662231445.
Regression solved in 0.1619 seconds
Training and Evaluating takes 0.01751232147216797 seconds.
Until Preparation: 0.0005154609680175781.
Until Calculation: 0.0007152557373046875.
Until linalg solve: 0.04046225547790527.
Regression solved in 0.1608 seconds
Training and Evaluating takes 0.005305051803588867 seconds.
Until Preparation: 0.0005021095275878906.
Until Calculation: 0.0007147789001464844.
Until linalg solve: 0.0408022403717041.
Regression solved in 0.1609 seconds
Training and Evaluating takes 0.015480279922485352 seconds.
Until Preparation: 0.0005235671997070312.
Until Calculation: 0.0007269382476806641.
Until linalg solve: 0.041187286376953125.
Regression solved in 0.1582 seconds
Training and Evaluating takes 0.015166997909545898 seconds.
Until Preparation: 0.0005106925964355469.
Until Calculation: 0.0007052421569824219.
Until linalg solve: 0.0403447151184082.
Regression solved in 0.1516 seconds
Training and Evaluating takes 0.009510517120361328 seconds.
Until Preparation: 0.0005166530609130859.
Until Calculation: 0.0007109642028808594.
Until linalg solve: 0.04082942008972168.
Regression solved in 0.1519 seconds
Training and Evaluating takes 0.0151519775390625 seconds.
    Permutation 100/100 done
  Permutation p-value: 0.0000  (null mean=0.0833 ± 0.0073)
  Saved: /juice6/u/jshe/nlp/LM_neural_synchrony/playground/control_plots/perm_value_compatibility_Misv0.3Misv0.2_L8_L4.png
  Saved: /juice6/u/jshe/nlp/LM_neural_synchrony/playground/control_plots/r2_controls_Misv0.3Misv0.2_L8_L4.png

============================================================
SUMMARY: Misv0.3Misv0.2
============================================================
  Real R² (best layer):     0.7148
  Shuffled R² (best layer): 0.0000 ± 0.0000
  Layer-0 R²:               0.1664
  Improvement over L0:      +0.5485
  Perm test [alignment_binary]: observed_gap=0.1799, null=0.0760±0.0085, p=0.0000
  Perm test [goal_structure]: observed_gap=0.2038, null=0.1222±0.0160, p=0.0000
  Perm test [value_compatibility]: observed_gap=0.1349, null=0.0833±0.0073, p=0.0000

Saved: /juice6/u/jshe/nlp/LM_neural_synchrony/control_analysis_Misv0.3Misv0.2_L8_L4.json
Best layer pair for Misv0.2Misv0.3: A=16, B=16, R²=-999.0000

############################################################
Model: Mistral-7B-Instruct-v0.2_None_0_Mistral-7B-Instruct-v0.3_None_0 (Misv0.2Misv0.3)
Layer pair: A=16, B=16
############################################################
Loading features for Mistral-7B-Instruct-v0.2_None_0_Mistral-7B-Instruct-v0.3_None_0...
Loaded 450 episodes

============================================================
Control A: Shuffle-Paired Baseline
============================================================
  Shuffle control: 2059 turns, dim=4096
Until Preparation: 0.0005359649658203125.
Until Calculation: 0.0007879734039306641.
Until linalg solve: 0.04648303985595703.
Regression solved in 0.1606 seconds
Training and Evaluating takes 0.026775598526000977 seconds.
Until Preparation: 0.0005130767822265625.
Until Calculation: 0.0006926059722900391.
Until linalg solve: 0.04636216163635254.
Regression solved in 0.1583 seconds
Training and Evaluating takes 0.05013585090637207 seconds.
Until Preparation: 0.0005347728729248047.
Until Calculation: 0.0007326602935791016.
Until linalg solve: 0.04651904106140137.
Regression solved in 0.1586 seconds
Training and Evaluating takes 0.016611337661743164 seconds.
  Real R² (mean over 3 seeds): 0.6054
Until Preparation: 0.0005266666412353516.
Until Calculation: 0.0007197856903076172.
Until linalg solve: 0.04647946357727051.
Regression solved in 0.1591 seconds
Training and Evaluating takes 0.061895132064819336 seconds.
Until Preparation: 0.0005223751068115234.
Until Calculation: 0.0007150173187255859.
Until linalg solve: 0.04644489288330078.
Regression solved in 0.1585 seconds
Training and Evaluating takes 0.07236838340759277 seconds.
Until Preparation: 0.0005350112915039062.
Until Calculation: 0.0007359981536865234.
Until linalg solve: 0.04644441604614258.
Regression solved in 0.1583 seconds
Training and Evaluating takes 0.060714006423950195 seconds.
Until Preparation: 0.0005142688751220703.
Until Calculation: 0.0006961822509765625.
Until linalg solve: 0.04645419120788574.
Regression solved in 0.1643 seconds
Training and Evaluating takes 0.07515621185302734 seconds.
Until Preparation: 0.0005314350128173828.
Until Calculation: 0.00072479248046875.
Until linalg solve: 0.046443939208984375.
Regression solved in 0.1672 seconds
Training and Evaluating takes 0.06972718238830566 seconds.
Until Preparation: 0.0005316734313964844.
Until Calculation: 0.000736236572265625.
Until linalg solve: 0.04652762413024902.
Regression solved in 0.1673 seconds
Training and Evaluating takes 0.01729869842529297 seconds.
Until Preparation: 0.0005424022674560547.
Until Calculation: 0.00074005126953125.
Until linalg solve: 0.0464475154876709.
Regression solved in 0.1668 seconds
Training and Evaluating takes 0.05743598937988281 seconds.
Until Preparation: 0.0005280971527099609.
Until Calculation: 0.0007107257843017578.
Until linalg solve: 0.04651308059692383.
Regression solved in 0.1639 seconds
Training and Evaluating takes 0.07132220268249512 seconds.
Until Preparation: 0.0005557537078857422.
Until Calculation: 0.0007672309875488281.
Until linalg solve: 0.046517133712768555.
Regression solved in 0.1607 seconds
Training and Evaluating takes 0.07439923286437988 seconds.
Until Preparation: 0.0005404949188232422.
Until Calculation: 0.0007414817810058594.
Until linalg solve: 0.046535491943359375.
Regression solved in 0.1614 seconds
Training and Evaluating takes 0.07557249069213867 seconds.
Until Preparation: 0.0005331039428710938.
Until Calculation: 0.0007276535034179688.
Until linalg solve: 0.04652690887451172.
Regression solved in 0.1602 seconds
Training and Evaluating takes 0.03539133071899414 seconds.
Until Preparation: 0.0005273818969726562.
Until Calculation: 0.0007305145263671875.
Until linalg solve: 0.0463709831237793.
Regression solved in 0.1584 seconds
Training and Evaluating takes 0.07361936569213867 seconds.
Until Preparation: 0.0005509853363037109.
Until Calculation: 0.000732421875.
Until linalg solve: 0.04652810096740723.
Regression solved in 0.1586 seconds
Training and Evaluating takes 0.06304645538330078 seconds.
Until Preparation: 0.0005209445953369141.
Until Calculation: 0.0007023811340332031.
Until linalg solve: 0.046417951583862305.
Regression solved in 0.1590 seconds
Training and Evaluating takes 0.0700063705444336 seconds.
Until Preparation: 0.0005326271057128906.
Until Calculation: 0.0007109642028808594.
Until linalg solve: 0.04651474952697754.
Regression solved in 0.1586 seconds
Training and Evaluating takes 0.052735090255737305 seconds.
Until Preparation: 0.0005352497100830078.
Until Calculation: 0.0007140636444091797.
Until linalg solve: 0.04631638526916504.
Regression solved in 0.1587 seconds
Training and Evaluating takes 0.07169294357299805 seconds.
Until Preparation: 0.0005254745483398438.
Until Calculation: 0.0007143020629882812.
Until linalg solve: 0.046457767486572266.
Regression solved in 0.1582 seconds
Training and Evaluating takes 0.05210161209106445 seconds.
Until Preparation: 0.0005161762237548828.
Until Calculation: 0.0006954669952392578.
Until linalg solve: 0.04633784294128418.
Regression solved in 0.1583 seconds
Training and Evaluating takes 0.07295703887939453 seconds.
Until Preparation: 0.0005390644073486328.
Until Calculation: 0.0007221698760986328.
Until linalg solve: 0.04650259017944336.
Regression solved in 0.1587 seconds
Training and Evaluating takes 0.06972312927246094 seconds.
Until Preparation: 0.0005245208740234375.
Until Calculation: 0.0007040500640869141.
Until linalg solve: 0.04635000228881836.
Regression solved in 0.1605 seconds
Training and Evaluating takes 0.07420849800109863 seconds.
Until Preparation: 0.0005691051483154297.
Until Calculation: 0.0007927417755126953.
Until linalg solve: 0.04659533500671387.
Regression solved in 0.1582 seconds
Training and Evaluating takes 0.05729031562805176 seconds.
Until Preparation: 0.0005154609680175781.
Until Calculation: 0.0006928443908691406.
Until linalg solve: 0.046454429626464844.
Regression solved in 0.1606 seconds
Training and Evaluating takes 0.06532955169677734 seconds.
Until Preparation: 0.0005273818969726562.
Until Calculation: 0.0007085800170898438.
Until linalg solve: 0.04633951187133789.
Regression solved in 0.1580 seconds
Training and Evaluating takes 0.058899641036987305 seconds.
Until Preparation: 0.0005357265472412109.
Until Calculation: 0.0007131099700927734.
Until linalg solve: 0.04646873474121094.
Regression solved in 0.1581 seconds
Training and Evaluating takes 0.016372203826904297 seconds.
Until Preparation: 0.0005211830139160156.
Until Calculation: 0.0007021427154541016.
Until linalg solve: 0.04651284217834473.
Regression solved in 0.1581 seconds
Training and Evaluating takes 0.07694339752197266 seconds.
Until Preparation: 0.000537872314453125.
Until Calculation: 0.0007169246673583984.
Until linalg solve: 0.04639625549316406.
Regression solved in 0.1580 seconds
Training and Evaluating takes 0.0670311450958252 seconds.
Until Preparation: 0.0005390644073486328.
Until Calculation: 0.0007200241088867188.
Until linalg solve: 0.04640388488769531.
Regression solved in 0.1580 seconds
Training and Evaluating takes 0.06968140602111816 seconds.
Until Preparation: 0.0005228519439697266.
Until Calculation: 0.0007045269012451172.
Until linalg solve: 0.046343326568603516.
Regression solved in 0.1579 seconds
Training and Evaluating takes 0.07315397262573242 seconds.
Until Preparation: 0.0005249977111816406.
Until Calculation: 0.0007081031799316406.
Until linalg solve: 0.04651141166687012.
Regression solved in 0.1581 seconds
Training and Evaluating takes 0.06806826591491699 seconds.
Until Preparation: 0.0005280971527099609.
Until Calculation: 0.0007045269012451172.
Until linalg solve: 0.04639434814453125.
Regression solved in 0.1579 seconds
Training and Evaluating takes 0.01630377769470215 seconds.
  Shuffled R² (mean ± std over 10 shuffles): 0.0000 ± 0.0000

============================================================
Control D: Layer-0 Baseline
============================================================
Until Preparation: 0.0005145072937011719.
Until Calculation: 0.0006918907165527344.
Until linalg solve: 0.046447038650512695.
Regression solved in 0.1577 seconds
Training and Evaluating takes 0.07739758491516113 seconds.
Until Preparation: 0.000514984130859375.
Until Calculation: 0.000705718994140625.
Until linalg solve: 0.04633831977844238.
Regression solved in 0.1577 seconds
Training and Evaluating takes 0.017558574676513672 seconds.
Until Preparation: 0.0005402565002441406.
Until Calculation: 0.0007681846618652344.
Until linalg solve: 0.04644513130187988.
Regression solved in 0.1578 seconds
Training and Evaluating takes 0.06930327415466309 seconds.
  Best-layer R² (L16→L16): 0.6054
Until Preparation: 0.0005230903625488281.
Until Calculation: 0.0007016658782958984.
Until linalg solve: 0.046296119689941406.
Regression solved in 0.1577 seconds
Training and Evaluating takes 0.0743257999420166 seconds.
Until Preparation: 0.0005280971527099609.
Until Calculation: 0.0007040500640869141.
Until linalg solve: 0.04639101028442383.
Regression solved in 0.1578 seconds
Training and Evaluating takes 0.07705187797546387 seconds.
Until Preparation: 0.0005295276641845703.
Until Calculation: 0.0007064342498779297.
Until linalg solve: 0.046471595764160156.
Regression solved in 0.1578 seconds
Training and Evaluating takes 0.07266068458557129 seconds.
  Layer-0 R² (L0→L0): 0.2686

============================================================
Control E: Permutation Tests on Transfer Gap
============================================================
  Binary alignment split: high(>=0.5)=151, low(<=-0.5)=118

  Computing observed gap for 'alignment_binary'...
Until Preparation: 0.0005261898040771484.
Until Calculation: 0.0007259845733642578.
Until linalg solve: 0.04131126403808594.
Regression solved in 0.1528 seconds
Training and Evaluating takes 0.034796714782714844 seconds.
Until Preparation: 0.0004940032958984375.
Until Calculation: 0.0007021427154541016.
Until linalg solve: 0.04043459892272949.
Regression solved in 0.1523 seconds
Training and Evaluating takes 0.014874696731567383 seconds.
  Observed gap: 0.4897
  Running 100 permutations...
Until Preparation: 0.0005140304565429688.
Until Calculation: 0.0007126331329345703.
Until linalg solve: 0.04132080078125.
Regression solved in 0.1690 seconds
Training and Evaluating takes 0.03186535835266113 seconds.
Until Preparation: 0.0005245208740234375.
Until Calculation: 0.00072479248046875.
Until linalg solve: 0.04071688652038574.
Regression solved in 0.1522 seconds
Training and Evaluating takes 0.014901399612426758 seconds.
Until Preparation: 0.0005171298980712891.
Until Calculation: 0.0007851123809814453.
Until linalg solve: 0.041274070739746094.
Regression solved in 0.1571 seconds
Training and Evaluating takes 0.03197193145751953 seconds.
Until Preparation: 0.0005142688751220703.
Until Calculation: 0.0007114410400390625.
Until linalg solve: 0.04070234298706055.
Regression solved in 0.1522 seconds
Training and Evaluating takes 0.014841794967651367 seconds.
Until Preparation: 0.0005135536193847656.
Until Calculation: 0.0007126331329345703.
Until linalg solve: 0.040892601013183594.
Regression solved in 0.1521 seconds
Training and Evaluating takes 0.017154693603515625 seconds.
Until Preparation: 0.0005102157592773438.
Until Calculation: 0.0007061958312988281.
Until linalg solve: 0.040959835052490234.
Regression solved in 0.1523 seconds
Training and Evaluating takes 0.015855073928833008 seconds.
Until Preparation: 0.0006010532379150391.
Until Calculation: 0.0008418560028076172.
Until linalg solve: 0.04129648208618164.
Regression solved in 0.1525 seconds
Training and Evaluating takes 0.0364077091217041 seconds.
Until Preparation: 0.0005176067352294922.
Until Calculation: 0.0007228851318359375.
Until linalg solve: 0.04073214530944824.
Regression solved in 0.1516 seconds
Training and Evaluating takes 0.015294313430786133 seconds.
Until Preparation: 0.0005123615264892578.
Until Calculation: 0.0007245540618896484.
Until linalg solve: 0.04118967056274414.
Regression solved in 0.1524 seconds
Training and Evaluating takes 0.03413248062133789 seconds.
Until Preparation: 0.0005259513854980469.
Until Calculation: 0.0007302761077880859.
Until linalg solve: 0.04069113731384277.
Regression solved in 0.1517 seconds
Training and Evaluating takes 0.016309022903442383 seconds.
Until Preparation: 0.0004937648773193359.
Until Calculation: 0.00070953369140625.
Until linalg solve: 0.04104351997375488.
Regression solved in 0.1519 seconds
Training and Evaluating takes 0.0162198543548584 seconds.
Until Preparation: 0.0005159378051757812.
Until Calculation: 0.0007097721099853516.
Until linalg solve: 0.04081892967224121.
Regression solved in 0.1517 seconds
Training and Evaluating takes 0.015472888946533203 seconds.
Until Preparation: 0.0005180835723876953.
Until Calculation: 0.0007145404815673828.
Until linalg solve: 0.04119420051574707.
Regression solved in 0.1529 seconds
Training and Evaluating takes 0.006237983703613281 seconds.
Until Preparation: 0.0005142688751220703.
Until Calculation: 0.0007100105285644531.
Until linalg solve: 0.04074382781982422.
Regression solved in 0.1516 seconds
Training and Evaluating takes 0.015255451202392578 seconds.
Until Preparation: 0.0005216598510742188.
Until Calculation: 0.0007197856903076172.
Until linalg solve: 0.04128909111022949.
Regression solved in 0.1527 seconds
Training and Evaluating takes 0.02971673011779785 seconds.
Until Preparation: 0.0005173683166503906.
Until Calculation: 0.0007236003875732422.
Until linalg solve: 0.040740966796875.
Regression solved in 0.1515 seconds
Training and Evaluating takes 0.015489339828491211 seconds.
Until Preparation: 0.0005154609680175781.
Until Calculation: 0.0007116794586181641.
Until linalg solve: 0.04119610786437988.
Regression solved in 0.1522 seconds
Training and Evaluating takes 0.03518104553222656 seconds.
Until Preparation: 0.0005183219909667969.
Until Calculation: 0.0007283687591552734.
Until linalg solve: 0.04068565368652344.
Regression solved in 0.1521 seconds
Training and Evaluating takes 0.014998912811279297 seconds.
Until Preparation: 0.0005130767822265625.
Until Calculation: 0.0007181167602539062.
Until linalg solve: 0.041188955307006836.
Regression solved in 0.1518 seconds
Training and Evaluating takes 0.030576229095458984 seconds.
Until Preparation: 0.0005085468292236328.
Until Calculation: 0.0007021427154541016.
Until linalg solve: 0.04077649116516113.
Regression solved in 0.1515 seconds
Training and Evaluating takes 0.016581296920776367 seconds.
Until Preparation: 0.0005185604095458984.
Until Calculation: 0.0007169246673583984.
Until linalg solve: 0.040984392166137695.
Regression solved in 0.1517 seconds
Training and Evaluating takes 0.017620086669921875 seconds.
Until Preparation: 0.0005123615264892578.
Until Calculation: 0.0007243156433105469.
Until linalg solve: 0.04097151756286621.
Regression solved in 0.1519 seconds
Training and Evaluating takes 0.015300750732421875 seconds.
Until Preparation: 0.0005128383636474609.
Until Calculation: 0.0007088184356689453.
Until linalg solve: 0.04113602638244629.
Regression solved in 0.1520 seconds
Training and Evaluating takes 0.0304720401763916 seconds.
Until Preparation: 0.0005958080291748047.
Until Calculation: 0.0007913112640380859.
Until linalg solve: 0.04082322120666504.
Regression solved in 0.1513 seconds
Training and Evaluating takes 0.016718387603759766 seconds.
Until Preparation: 0.0005097389221191406.
Until Calculation: 0.0007045269012451172.
Until linalg solve: 0.04122805595397949.
Regression solved in 0.1518 seconds
Training and Evaluating takes 0.032611846923828125 seconds.
Until Preparation: 0.0005137920379638672.
Until Calculation: 0.0007064342498779297.
Until linalg solve: 0.04066729545593262.
Regression solved in 0.1516 seconds
Training and Evaluating takes 0.019402742385864258 seconds.
Until Preparation: 0.0005130767822265625.
Until Calculation: 0.0007190704345703125.
Until linalg solve: 0.041239261627197266.
Regression solved in 0.1521 seconds
Training and Evaluating takes 0.035327911376953125 seconds.
Until Preparation: 0.0005059242248535156.
Until Calculation: 0.0007143020629882812.
Until linalg solve: 0.04072260856628418.
Regression solved in 0.1515 seconds
Training and Evaluating takes 0.015542268753051758 seconds.
Until Preparation: 0.0004994869232177734.
Until Calculation: 0.0007066726684570312.
Until linalg solve: 0.04119062423706055.
Regression solved in 0.1522 seconds
Training and Evaluating takes 0.03058934211730957 seconds.
Until Preparation: 0.0005085468292236328.
Until Calculation: 0.0007040500640869141.
Until linalg solve: 0.04072141647338867.
Regression solved in 0.1518 seconds
Training and Evaluating takes 0.015242815017700195 seconds.
Until Preparation: 0.0005290508270263672.
Until Calculation: 0.0007271766662597656.
Until linalg solve: 0.04129958152770996.
Regression solved in 0.1579 seconds
Training and Evaluating takes 0.030551671981811523 seconds.
Until Preparation: 0.0005171298980712891.
Until Calculation: 0.0007083415985107422.
Until linalg solve: 0.04071331024169922.
Regression solved in 0.1589 seconds
Training and Evaluating takes 0.015146017074584961 seconds.
Until Preparation: 0.0005335807800292969.
Until Calculation: 0.0007300376892089844.
Until linalg solve: 0.041227102279663086.
Regression solved in 0.1521 seconds
Training and Evaluating takes 0.03140377998352051 seconds.
Until Preparation: 0.0008776187896728516.
Until Calculation: 0.0011222362518310547.
Until linalg solve: 0.04108262062072754.
Regression solved in 0.1519 seconds
Training and Evaluating takes 0.0152130126953125 seconds.
Until Preparation: 0.0005252361297607422.
Until Calculation: 0.0007495880126953125.
Until linalg solve: 0.04140186309814453.
Regression solved in 0.1532 seconds
Training and Evaluating takes 0.0313410758972168 seconds.
Until Preparation: 0.0005116462707519531.
Until Calculation: 0.0007069110870361328.
Until linalg solve: 0.04061007499694824.
Regression solved in 0.1515 seconds
Training and Evaluating takes 0.015494108200073242 seconds.
Until Preparation: 0.0005278587341308594.
Until Calculation: 0.0007250308990478516.
Until linalg solve: 0.041286468505859375.
Regression solved in 0.1524 seconds
Training and Evaluating takes 0.030246734619140625 seconds.
Until Preparation: 0.0005173683166503906.
Until Calculation: 0.0007205009460449219.
Until linalg solve: 0.040791988372802734.
Regression solved in 0.1616 seconds
Training and Evaluating takes 0.017377853393554688 seconds.
Until Preparation: 0.0005371570587158203.
Until Calculation: 0.0007343292236328125.
Until linalg solve: 0.04123353958129883.
Regression solved in 0.1535 seconds
Training and Evaluating takes 0.033898115158081055 seconds.
Until Preparation: 0.0005116462707519531.
Until Calculation: 0.0007109642028808594.
Until linalg solve: 0.04076695442199707.
Regression solved in 0.1521 seconds
Training and Evaluating takes 0.0159909725189209 seconds.
    Permutation 20/100 done
Until Preparation: 0.0005285739898681641.
Until Calculation: 0.0007262229919433594.
Until linalg solve: 0.04120635986328125.
Regression solved in 0.1525 seconds
Training and Evaluating takes 0.03220248222351074 seconds.
Until Preparation: 0.0005145072937011719.
Until Calculation: 0.0007126331329345703.
Until linalg solve: 0.04078936576843262.
Regression solved in 0.1519 seconds
Training and Evaluating takes 0.01516270637512207 seconds.
Until Preparation: 0.0005254745483398438.
Until Calculation: 0.0007240772247314453.
Until linalg solve: 0.04124712944030762.
Regression solved in 0.1523 seconds
Training and Evaluating takes 0.036151885986328125 seconds.
Until Preparation: 0.0005164146423339844.
Until Calculation: 0.0007147789001464844.
Until linalg solve: 0.04072213172912598.
Regression solved in 0.1537 seconds
Training and Evaluating takes 0.016456127166748047 seconds.
Until Preparation: 0.0005273818969726562.
Until Calculation: 0.0007269382476806641.
Until linalg solve: 0.04127144813537598.
Regression solved in 0.1523 seconds
Training and Evaluating takes 0.03217267990112305 seconds.
Until Preparation: 0.0005097389221191406.
Until Calculation: 0.0007071495056152344.
Until linalg solve: 0.040653228759765625.
Regression solved in 0.1519 seconds
Training and Evaluating takes 0.015993118286132812 seconds.
Until Preparation: 0.0005238056182861328.
Until Calculation: 0.0007250308990478516.
Until linalg solve: 0.0411834716796875.
Regression solved in 0.1523 seconds
Training and Evaluating takes 0.03141307830810547 seconds.
Until Preparation: 0.0005249977111816406.
Until Calculation: 0.0007233619689941406.
Until linalg solve: 0.04082512855529785.
Regression solved in 0.1525 seconds
Training and Evaluating takes 0.015730619430541992 seconds.
Until Preparation: 0.0005204677581787109.
Until Calculation: 0.0007152557373046875.
Until linalg solve: 0.041216373443603516.
Regression solved in 0.1602 seconds
Training and Evaluating takes 0.031311750411987305 seconds.
Until Preparation: 0.0005314350128173828.
Until Calculation: 0.0007345676422119141.
Until linalg solve: 0.040772438049316406.
Regression solved in 0.1524 seconds
Training and Evaluating takes 0.015663623809814453 seconds.
Until Preparation: 0.0005059242248535156.
Until Calculation: 0.0007474422454833984.
Until linalg solve: 0.04136061668395996.
Regression solved in 0.1524 seconds
Training and Evaluating takes 0.033467769622802734 seconds.
Until Preparation: 0.0005061626434326172.
Until Calculation: 0.0007143020629882812.
Until linalg solve: 0.04060029983520508.
Regression solved in 0.1517 seconds
Training and Evaluating takes 0.01591038703918457 seconds.
Until Preparation: 0.0005185604095458984.
Until Calculation: 0.0007114410400390625.
Until linalg solve: 0.04125690460205078.
Regression solved in 0.1527 seconds
Training and Evaluating takes 0.03479957580566406 seconds.
Until Preparation: 0.000598907470703125.
Until Calculation: 0.0007946491241455078.
Until linalg solve: 0.040787696838378906.
Regression solved in 0.1522 seconds
Training and Evaluating takes 0.014892101287841797 seconds.
Until Preparation: 0.0005214214324951172.
Until Calculation: 0.0007188320159912109.
Until linalg solve: 0.041173458099365234.
Regression solved in 0.1526 seconds
Training and Evaluating takes 0.03177475929260254 seconds.
Until Preparation: 0.0038313865661621094.
Until Calculation: 0.004029035568237305.
Until linalg solve: 0.044167280197143555.
Regression solved in 0.1561 seconds
Training and Evaluating takes 0.01802825927734375 seconds.
Until Preparation: 0.0005178451538085938.
Until Calculation: 0.0007121562957763672.
Until linalg solve: 0.041284799575805664.
Regression solved in 0.1529 seconds
Training and Evaluating takes 0.03260660171508789 seconds.
Until Preparation: 0.0005125999450683594.
Until Calculation: 0.0007066726684570312.
Until linalg solve: 0.04068136215209961.
Regression solved in 0.1519 seconds
Training and Evaluating takes 0.015053272247314453 seconds.
Until Preparation: 0.0005209445953369141.
Until Calculation: 0.0007221698760986328.
Until linalg solve: 0.0411074161529541.
Regression solved in 0.1526 seconds
Training and Evaluating takes 0.01792430877685547 seconds.
Until Preparation: 0.0005223751068115234.
Until Calculation: 0.0007195472717285156.
Until linalg solve: 0.04087567329406738.
Regression solved in 0.1521 seconds
Training and Evaluating takes 0.015106439590454102 seconds.
Until Preparation: 0.0005269050598144531.
Until Calculation: 0.000728607177734375.
Until linalg solve: 0.04123210906982422.
Regression solved in 0.1525 seconds
Training and Evaluating takes 0.03295493125915527 seconds.
Until Preparation: 0.0005292892456054688.
Until Calculation: 0.0007395744323730469.
Until linalg solve: 0.04082918167114258.
Regression solved in 0.1593 seconds
Training and Evaluating takes 0.016940593719482422 seconds.
Until Preparation: 0.0005002021789550781.
Until Calculation: 0.0006935596466064453.
Until linalg solve: 0.04124879837036133.
Regression solved in 0.1522 seconds
Training and Evaluating takes 0.018262624740600586 seconds.
Until Preparation: 0.0005097389221191406.
Until Calculation: 0.0007076263427734375.
Until linalg solve: 0.04079914093017578.
Regression solved in 0.1537 seconds
Training and Evaluating takes 0.015291213989257812 seconds.
Until Preparation: 0.0005025863647460938.
Until Calculation: 0.0006947517395019531.
Until linalg solve: 0.04116511344909668.
Regression solved in 0.1526 seconds
Training and Evaluating takes 0.010608673095703125 seconds.
Until Preparation: 0.0005054473876953125.
Until Calculation: 0.000701904296875.
Until linalg solve: 0.04079103469848633.
Regression solved in 0.1518 seconds
Training and Evaluating takes 0.0049817562103271484 seconds.
Until Preparation: 0.0004937648773193359.
Until Calculation: 0.0007071495056152344.
Until linalg solve: 0.04126930236816406.
Regression solved in 0.1523 seconds
Training and Evaluating takes 0.0077588558197021484 seconds.
Until Preparation: 0.0005166530609130859.
Until Calculation: 0.000713348388671875.
Until linalg solve: 0.040689706802368164.
Regression solved in 0.1514 seconds
Training and Evaluating takes 0.015611886978149414 seconds.
Until Preparation: 0.0005118846893310547.
Until Calculation: 0.0007100105285644531.
Until linalg solve: 0.04126143455505371.
Regression solved in 0.1523 seconds
Training and Evaluating takes 0.008636951446533203 seconds.
Until Preparation: 0.0005047321319580078.
Until Calculation: 0.0007026195526123047.
Until linalg solve: 0.04066109657287598.
Regression solved in 0.1535 seconds
Training and Evaluating takes 0.006032705307006836 seconds.
Until Preparation: 0.0005037784576416016.
Until Calculation: 0.0007650852203369141.
Until linalg solve: 0.041380882263183594.
Regression solved in 0.1542 seconds
Training and Evaluating takes 0.03064870834350586 seconds.
Until Preparation: 0.0005123615264892578.
Until Calculation: 0.0007088184356689453.
Until linalg solve: 0.040653228759765625.
Regression solved in 0.1524 seconds
Training and Evaluating takes 0.016591548919677734 seconds.
Until Preparation: 0.0005207061767578125.
Until Calculation: 0.0007152557373046875.
Until linalg solve: 0.0411982536315918.
Regression solved in 0.1528 seconds
Training and Evaluating takes 0.02401900291442871 seconds.
Until Preparation: 0.0005171298980712891.
Until Calculation: 0.0007116794586181641.
Until linalg solve: 0.04072928428649902.
Regression solved in 0.1518 seconds
Training and Evaluating takes 0.004943370819091797 seconds.
Until Preparation: 0.0005104541778564453.
Until Calculation: 0.0007033348083496094.
Until linalg solve: 0.04113650321960449.
Regression solved in 0.1529 seconds
Training and Evaluating takes 0.006404876708984375 seconds.
Until Preparation: 0.0005030632019042969.
Until Calculation: 0.0007162094116210938.
Until linalg solve: 0.040764808654785156.
Regression solved in 0.1525 seconds
Training and Evaluating takes 0.014930009841918945 seconds.
Until Preparation: 0.00051116943359375.
Until Calculation: 0.0007038116455078125.
Until linalg solve: 0.04120302200317383.
Regression solved in 0.1525 seconds
Training and Evaluating takes 0.026029348373413086 seconds.
Until Preparation: 0.0005030632019042969.
Until Calculation: 0.0007007122039794922.
Until linalg solve: 0.04087567329406738.
Regression solved in 0.1598 seconds
Training and Evaluating takes 0.005120038986206055 seconds.
Until Preparation: 0.0005066394805908203.
Until Calculation: 0.0007193088531494141.
Until linalg solve: 0.04130148887634277.
Regression solved in 0.1614 seconds
Training and Evaluating takes 0.023408174514770508 seconds.
Until Preparation: 0.0005333423614501953.
Until Calculation: 0.0007586479187011719.
Until linalg solve: 0.04069995880126953.
Regression solved in 0.1634 seconds
Training and Evaluating takes 0.016023635864257812 seconds.
    Permutation 40/100 done
Until Preparation: 0.0005240440368652344.
Until Calculation: 0.0007257461547851562.
Until linalg solve: 0.04112982749938965.
Regression solved in 0.1537 seconds
Training and Evaluating takes 0.006057262420654297 seconds.
Until Preparation: 0.0005028247833251953.
Until Calculation: 0.0007164478302001953.
Until linalg solve: 0.040877342224121094.
Regression solved in 0.1521 seconds
Training and Evaluating takes 0.015351057052612305 seconds.
Until Preparation: 0.0005233287811279297.
Until Calculation: 0.0007183551788330078.
Until linalg solve: 0.04124283790588379.
Regression solved in 0.1525 seconds
Training and Evaluating takes 0.03092336654663086 seconds.
Until Preparation: 0.0005104541778564453.
Until Calculation: 0.0007050037384033203.
Until linalg solve: 0.04081225395202637.
Regression solved in 0.1522 seconds
Training and Evaluating takes 0.00495600700378418 seconds.
Until Preparation: 0.0005192756652832031.
Until Calculation: 0.0007131099700927734.
Until linalg solve: 0.04130840301513672.
Regression solved in 0.1533 seconds
Training and Evaluating takes 0.03620600700378418 seconds.
Until Preparation: 0.0005064010620117188.
Until Calculation: 0.0007052421569824219.
Until linalg solve: 0.04075002670288086.
Regression solved in 0.1523 seconds
Training and Evaluating takes 0.01666998863220215 seconds.
Until Preparation: 0.0004968643188476562.
Until Calculation: 0.0006902217864990234.
Until linalg solve: 0.0412747859954834.
Regression solved in 0.1525 seconds
Training and Evaluating takes 0.03257155418395996 seconds.
Until Preparation: 0.0005147457122802734.
Until Calculation: 0.0007114410400390625.
Until linalg solve: 0.04064345359802246.
Regression solved in 0.1520 seconds
Training and Evaluating takes 0.015359878540039062 seconds.
Until Preparation: 0.0005135536193847656.
Until Calculation: 0.0007121562957763672.
Until linalg solve: 0.041275978088378906.
Regression solved in 0.1531 seconds
Training and Evaluating takes 0.02938699722290039 seconds.
Until Preparation: 0.0005164146423339844.
Until Calculation: 0.0007145404815673828.
Until linalg solve: 0.040750980377197266.
Regression solved in 0.1526 seconds
Training and Evaluating takes 0.01645636558532715 seconds.
Until Preparation: 0.0005319118499755859.
Until Calculation: 0.0007281303405761719.
Until linalg solve: 0.041210174560546875.
Regression solved in 0.1527 seconds
Training and Evaluating takes 0.03171944618225098 seconds.
Until Preparation: 0.0005140304565429688.
Until Calculation: 0.0007238388061523438.
Until linalg solve: 0.0407710075378418.
Regression solved in 0.1557 seconds
Training and Evaluating takes 0.015376567840576172 seconds.
Until Preparation: 0.0005190372467041016.
Until Calculation: 0.0007143020629882812.
Until linalg solve: 0.04124879837036133.
Regression solved in 0.1578 seconds
Training and Evaluating takes 0.034728050231933594 seconds.
Until Preparation: 0.0005340576171875.
Until Calculation: 0.00074005126953125.
Until linalg solve: 0.04079580307006836.
Regression solved in 0.1585 seconds
Training and Evaluating takes 0.01560831069946289 seconds.
Until Preparation: 0.0005173683166503906.
Until Calculation: 0.0007157325744628906.
Until linalg solve: 0.041132450103759766.
Regression solved in 0.1547 seconds
Training and Evaluating takes 0.0337986946105957 seconds.
Until Preparation: 0.0005137920379638672.
Until Calculation: 0.0007114410400390625.
Until linalg solve: 0.04075193405151367.
Regression solved in 0.1520 seconds
Training and Evaluating takes 0.01510763168334961 seconds.
Until Preparation: 0.0005235671997070312.
Until Calculation: 0.0007212162017822266.
Until linalg solve: 0.04120469093322754.
Regression solved in 0.1525 seconds
Training and Evaluating takes 0.015073060989379883 seconds.
Until Preparation: 0.000507354736328125.
Until Calculation: 0.00070953369140625.
Until linalg solve: 0.0407719612121582.
Regression solved in 0.1525 seconds
Training and Evaluating takes 0.015781879425048828 seconds.
Until Preparation: 0.0005240440368652344.
Until Calculation: 0.0007226467132568359.
Until linalg solve: 0.04144549369812012.
Regression solved in 0.1642 seconds
Training and Evaluating takes 0.03332233428955078 seconds.
Until Preparation: 0.0005288124084472656.
Until Calculation: 0.0007250308990478516.
Until linalg solve: 0.04062700271606445.
Regression solved in 0.1584 seconds
Training and Evaluating takes 0.01657700538635254 seconds.
Until Preparation: 0.0005195140838623047.
Until Calculation: 0.0007154941558837891.
Until linalg solve: 0.04126787185668945.
Regression solved in 0.1530 seconds
Training and Evaluating takes 0.03444862365722656 seconds.
Until Preparation: 0.0005118846893310547.
Until Calculation: 0.0007114410400390625.
Until linalg solve: 0.040738582611083984.
Regression solved in 0.1528 seconds
Training and Evaluating takes 0.019291400909423828 seconds.
Until Preparation: 0.0005207061767578125.
Until Calculation: 0.0007176399230957031.
Until linalg solve: 0.041228294372558594.
Regression solved in 0.1536 seconds
Training and Evaluating takes 0.02983379364013672 seconds.
Until Preparation: 0.0005185604095458984.
Until Calculation: 0.0007150173187255859.
Until linalg solve: 0.040724992752075195.
Regression solved in 0.1579 seconds
Training and Evaluating takes 0.016214370727539062 seconds.
Until Preparation: 0.0005183219909667969.
Until Calculation: 0.0007157325744628906.
Until linalg solve: 0.041196346282958984.
Regression solved in 0.1617 seconds
Training and Evaluating takes 0.016776323318481445 seconds.
Until Preparation: 0.0005285739898681641.
Until Calculation: 0.0007281303405761719.
Until linalg solve: 0.04086613655090332.
Regression solved in 0.1577 seconds
Training and Evaluating takes 0.015380620956420898 seconds.
Until Preparation: 0.0005354881286621094.
Until Calculation: 0.0007495880126953125.
Until linalg solve: 0.04122614860534668.
Regression solved in 0.1599 seconds
Training and Evaluating takes 0.033641815185546875 seconds.
Until Preparation: 0.0005326271057128906.
Until Calculation: 0.0007359981536865234.
Until linalg solve: 0.040786027908325195.
Regression solved in 0.1580 seconds
Training and Evaluating takes 0.015142440795898438 seconds.
Until Preparation: 0.0005035400390625.
Until Calculation: 0.0007014274597167969.
Until linalg solve: 0.04127979278564453.
Regression solved in 0.1566 seconds
Training and Evaluating takes 0.01165008544921875 seconds.
Until Preparation: 0.0004978179931640625.
Until Calculation: 0.0006892681121826172.
Until linalg solve: 0.040746450424194336.
Regression solved in 0.1530 seconds
Training and Evaluating takes 0.01870560646057129 seconds.
Until Preparation: 0.0005283355712890625.
Until Calculation: 0.0007255077362060547.
Until linalg solve: 0.041284799575805664.
Regression solved in 0.1559 seconds
Training and Evaluating takes 0.03263044357299805 seconds.
Until Preparation: 0.0005190372467041016.
Until Calculation: 0.0007159709930419922.
Until linalg solve: 0.04074215888977051.
Regression solved in 0.1630 seconds
Training and Evaluating takes 0.016240358352661133 seconds.
Until Preparation: 0.0005578994750976562.
Until Calculation: 0.0007669925689697266.
Until linalg solve: 0.04117631912231445.
Regression solved in 0.1539 seconds
Training and Evaluating takes 0.030605792999267578 seconds.
Until Preparation: 0.0005462169647216797.
Until Calculation: 0.0007567405700683594.
Until linalg solve: 0.04074859619140625.
Regression solved in 0.1604 seconds
Training and Evaluating takes 0.01670098304748535 seconds.
Until Preparation: 0.0005192756652832031.
Until Calculation: 0.0007386207580566406.
Until linalg solve: 0.041202545166015625.
Regression solved in 0.1529 seconds
Training and Evaluating takes 0.030570507049560547 seconds.
Until Preparation: 0.0005195140838623047.
Until Calculation: 0.0007169246673583984.
Until linalg solve: 0.040775299072265625.
Regression solved in 0.1525 seconds
Training and Evaluating takes 0.015653371810913086 seconds.
Until Preparation: 0.0005216598510742188.
Until Calculation: 0.0007276535034179688.
Until linalg solve: 0.04117321968078613.
Regression solved in 0.1530 seconds
Training and Evaluating takes 0.031479597091674805 seconds.
Until Preparation: 0.0005636215209960938.
Until Calculation: 0.0007839202880859375.
Until linalg solve: 0.04091501235961914.
Regression solved in 0.1624 seconds
Training and Evaluating takes 0.016660213470458984 seconds.
Until Preparation: 0.0005285739898681641.
Until Calculation: 0.0007288455963134766.
Until linalg solve: 0.041196346282958984.
Regression solved in 0.1635 seconds
Training and Evaluating takes 0.03504467010498047 seconds.
Until Preparation: 0.0005283355712890625.
Until Calculation: 0.0007452964782714844.
Until linalg solve: 0.04075217247009277.
Regression solved in 0.1641 seconds
Training and Evaluating takes 0.014993667602539062 seconds.
    Permutation 60/100 done
Until Preparation: 0.0005412101745605469.
Until Calculation: 0.0007431507110595703.
Until linalg solve: 0.04123330116271973.
Regression solved in 0.1651 seconds
Training and Evaluating takes 0.022416353225708008 seconds.
Until Preparation: 0.0005519390106201172.
Until Calculation: 0.0007534027099609375.
Until linalg solve: 0.04088187217712402.
Regression solved in 0.1524 seconds
Training and Evaluating takes 0.015395164489746094 seconds.
Until Preparation: 0.0005254745483398438.
Until Calculation: 0.0007238388061523438.
Until linalg solve: 0.041240692138671875.
Regression solved in 0.1532 seconds
Training and Evaluating takes 0.029189348220825195 seconds.
Until Preparation: 0.0005171298980712891.
Until Calculation: 0.0007202625274658203.
Until linalg solve: 0.040784597396850586.
Regression solved in 0.1533 seconds
Training and Evaluating takes 0.016797542572021484 seconds.
Until Preparation: 0.0005137920379638672.
Until Calculation: 0.0007121562957763672.
Until linalg solve: 0.041153669357299805.
Regression solved in 0.1534 seconds
Training and Evaluating takes 0.030085325241088867 seconds.
Until Preparation: 0.0005140304565429688.
Until Calculation: 0.0007128715515136719.
Until linalg solve: 0.04071521759033203.
Regression solved in 0.1532 seconds
Training and Evaluating takes 0.015928983688354492 seconds.
Until Preparation: 0.0005266666412353516.
Until Calculation: 0.0007283687591552734.
Until linalg solve: 0.041182756423950195.
Regression solved in 0.1530 seconds
Training and Evaluating takes 0.016343355178833008 seconds.
Until Preparation: 0.0005199909210205078.
Until Calculation: 0.0007140636444091797.
Until linalg solve: 0.04094266891479492.
Regression solved in 0.1544 seconds
Training and Evaluating takes 0.016743898391723633 seconds.
Until Preparation: 0.0005581378936767578.
Until Calculation: 0.0007710456848144531.
Until linalg solve: 0.04107069969177246.
Regression solved in 0.1602 seconds
Training and Evaluating takes 0.031311988830566406 seconds.
Until Preparation: 0.0005159378051757812.
Until Calculation: 0.000713348388671875.
Until linalg solve: 0.04084300994873047.
Regression solved in 0.1601 seconds
Training and Evaluating takes 0.015085220336914062 seconds.
Until Preparation: 0.0005488395690917969.
Until Calculation: 0.0007569789886474609.
Until linalg solve: 0.04120469093322754.
Regression solved in 0.1623 seconds
Training and Evaluating takes 0.03608369827270508 seconds.
Until Preparation: 0.0005345344543457031.
Until Calculation: 0.0007336139678955078.
Until linalg solve: 0.0407559871673584.
Regression solved in 0.1612 seconds
Training and Evaluating takes 0.016074180603027344 seconds.
Until Preparation: 0.0005218982696533203.
Until Calculation: 0.0007195472717285156.
Until linalg solve: 0.04120945930480957.
Regression solved in 0.1600 seconds
Training and Evaluating takes 0.03139925003051758 seconds.
Until Preparation: 0.0005593299865722656.
Until Calculation: 0.0007843971252441406.
Until linalg solve: 0.040799856185913086.
Regression solved in 0.1602 seconds
Training and Evaluating takes 0.015923500061035156 seconds.
Until Preparation: 0.000522613525390625.
Until Calculation: 0.0007290840148925781.
Until linalg solve: 0.04121971130371094.
Regression solved in 0.1586 seconds
Training and Evaluating takes 0.010208845138549805 seconds.
Until Preparation: 0.0005254745483398438.
Until Calculation: 0.0007236003875732422.
Until linalg solve: 0.04081463813781738.
Regression solved in 0.1525 seconds
Training and Evaluating takes 0.015338897705078125 seconds.
Until Preparation: 0.0005180835723876953.
Until Calculation: 0.0007176399230957031.
Until linalg solve: 0.041048288345336914.
Regression solved in 0.1532 seconds
Training and Evaluating takes 0.016065597534179688 seconds.
Until Preparation: 0.0005159378051757812.
Until Calculation: 0.0007152557373046875.
Until linalg solve: 0.041005849838256836.
Regression solved in 0.1531 seconds
Training and Evaluating takes 0.01711440086364746 seconds.
Until Preparation: 0.0005202293395996094.
Until Calculation: 0.0007219314575195312.
Until linalg solve: 0.04130077362060547.
Regression solved in 0.1531 seconds
Training and Evaluating takes 0.03138113021850586 seconds.
Until Preparation: 0.0005178451538085938.
Until Calculation: 0.0007152557373046875.
Until linalg solve: 0.040653228759765625.
Regression solved in 0.1524 seconds
Training and Evaluating takes 0.016574859619140625 seconds.
Until Preparation: 0.0005185604095458984.
Until Calculation: 0.0007801055908203125.
Until linalg solve: 0.04124593734741211.
Regression solved in 0.1530 seconds
Training and Evaluating takes 0.016370773315429688 seconds.
Until Preparation: 0.0004978179931640625.
Until Calculation: 0.0007061958312988281.
Until linalg solve: 0.040834903717041016.
Regression solved in 0.1527 seconds
Training and Evaluating takes 0.016788244247436523 seconds.
Until Preparation: 0.0005142688751220703.
Until Calculation: 0.0007123947143554688.
Until linalg solve: 0.04123997688293457.
Regression solved in 0.1530 seconds
Training and Evaluating takes 0.030434608459472656 seconds.
Until Preparation: 0.0005161762237548828.
Until Calculation: 0.0007138252258300781.
Until linalg solve: 0.04073309898376465.
Regression solved in 0.1534 seconds
Training and Evaluating takes 0.01573014259338379 seconds.
Until Preparation: 0.0005254745483398438.
Until Calculation: 0.0007231235504150391.
Until linalg solve: 0.04125523567199707.
Regression solved in 0.1535 seconds
Training and Evaluating takes 0.031908273696899414 seconds.
Until Preparation: 0.0005261898040771484.
Until Calculation: 0.00072479248046875.
Until linalg solve: 0.040772199630737305.
Regression solved in 0.1527 seconds
Training and Evaluating takes 0.015331268310546875 seconds.
Until Preparation: 0.0005216598510742188.
Until Calculation: 0.0007216930389404297.
Until linalg solve: 0.04120016098022461.
Regression solved in 0.1530 seconds
Training and Evaluating takes 0.03350234031677246 seconds.
Until Preparation: 0.0005125999450683594.
Until Calculation: 0.0007140636444091797.
Until linalg solve: 0.040735483169555664.
Regression solved in 0.1523 seconds
Training and Evaluating takes 0.015726089477539062 seconds.
Until Preparation: 0.0005135536193847656.
Until Calculation: 0.0007131099700927734.
Until linalg solve: 0.04126548767089844.
Regression solved in 0.1606 seconds
Training and Evaluating takes 0.0308682918548584 seconds.
Until Preparation: 0.0005142688751220703.
Until Calculation: 0.0007114410400390625.
Until linalg solve: 0.04079079627990723.
Regression solved in 0.1539 seconds
Training and Evaluating takes 0.015196084976196289 seconds.
Until Preparation: 0.0005049705505371094.
Until Calculation: 0.0006978511810302734.
Until linalg solve: 0.04126715660095215.
Regression solved in 0.1530 seconds
Training and Evaluating takes 0.031465768814086914 seconds.
Until Preparation: 0.0005192756652832031.
Until Calculation: 0.000713348388671875.
Until linalg solve: 0.04071950912475586.
Regression solved in 0.1530 seconds
Training and Evaluating takes 0.015014886856079102 seconds.
Until Preparation: 0.0005216598510742188.
Until Calculation: 0.0007221698760986328.
Until linalg solve: 0.04139089584350586.
Regression solved in 0.1533 seconds
Training and Evaluating takes 0.031561851501464844 seconds.
Until Preparation: 0.000591278076171875.
Until Calculation: 0.0008130073547363281.
Until linalg solve: 0.04070281982421875.
Regression solved in 0.1558 seconds
Training and Evaluating takes 0.015102386474609375 seconds.
Until Preparation: 0.0005168914794921875.
Until Calculation: 0.0007140636444091797.
Until linalg solve: 0.04134488105773926.
Regression solved in 0.1530 seconds
Training and Evaluating takes 0.03143024444580078 seconds.
Until Preparation: 0.0005178451538085938.
Until Calculation: 0.0007207393646240234.
Until linalg solve: 0.040721893310546875.
Regression solved in 0.1524 seconds
Training and Evaluating takes 0.01664113998413086 seconds.
Until Preparation: 0.0005254745483398438.
Until Calculation: 0.0007240772247314453.
Until linalg solve: 0.041121721267700195.
Regression solved in 0.1532 seconds
Training and Evaluating takes 0.017259836196899414 seconds.
Until Preparation: 0.0005288124084472656.
Until Calculation: 0.0007281303405761719.
Until linalg solve: 0.040895938873291016.
Regression solved in 0.1531 seconds
Training and Evaluating takes 0.016999006271362305 seconds.
Until Preparation: 0.0005223751068115234.
Until Calculation: 0.0007200241088867188.
Until linalg solve: 0.04109358787536621.
Regression solved in 0.1534 seconds
Training and Evaluating takes 0.036066532135009766 seconds.
Until Preparation: 0.0005161762237548828.
Until Calculation: 0.0007169246673583984.
Until linalg solve: 0.04085135459899902.
Regression solved in 0.1606 seconds
Training and Evaluating takes 0.016779422760009766 seconds.
    Permutation 80/100 done
Until Preparation: 0.0005254745483398438.
Until Calculation: 0.0007216930389404297.
Until linalg solve: 0.04108715057373047.
Regression solved in 0.1612 seconds
Training and Evaluating takes 0.017277002334594727 seconds.
Until Preparation: 0.0005450248718261719.
Until Calculation: 0.0007445812225341797.
Until linalg solve: 0.04098343849182129.
Regression solved in 0.1603 seconds
Training and Evaluating takes 0.01697063446044922 seconds.
Until Preparation: 0.0005564689636230469.
Until Calculation: 0.0007631778717041016.
Until linalg solve: 0.04146456718444824.
Regression solved in 0.1613 seconds
Training and Evaluating takes 0.031397104263305664 seconds.
Until Preparation: 0.0005025863647460938.
Until Calculation: 0.0007174015045166016.
Until linalg solve: 0.04059624671936035.
Regression solved in 0.1617 seconds
Training and Evaluating takes 0.0075719356536865234 seconds.
Until Preparation: 0.0005941390991210938.
Until Calculation: 0.0008134841918945312.
Until linalg solve: 0.04118657112121582.
Regression solved in 0.1563 seconds
Training and Evaluating takes 0.015954971313476562 seconds.
Until Preparation: 0.0005192756652832031.
Until Calculation: 0.0007197856903076172.
Until linalg solve: 0.040857791900634766.
Regression solved in 0.1525 seconds
Training and Evaluating takes 0.015670061111450195 seconds.
Until Preparation: 0.0006546974182128906.
Until Calculation: 0.0009589195251464844.
Until linalg solve: 0.04139089584350586.
Regression solved in 0.1535 seconds
Training and Evaluating takes 0.03685140609741211 seconds.
Until Preparation: 0.0005218982696533203.
Until Calculation: 0.0007200241088867188.
Until linalg solve: 0.04079437255859375.
Regression solved in 0.1526 seconds
Training and Evaluating takes 0.015483379364013672 seconds.
Until Preparation: 0.0005159378051757812.
Until Calculation: 0.0007128715515136719.
Until linalg solve: 0.04138469696044922.
Regression solved in 0.1529 seconds
Training and Evaluating takes 0.03154921531677246 seconds.
Until Preparation: 0.0005209445953369141.
Until Calculation: 0.0007193088531494141.
Until linalg solve: 0.04068732261657715.
Regression solved in 0.1541 seconds
Training and Evaluating takes 0.014830350875854492 seconds.
Until Preparation: 0.0005137920379638672.
Until Calculation: 0.0007135868072509766.
Until linalg solve: 0.0411067008972168.
Regression solved in 0.1530 seconds
Training and Evaluating takes 0.016312122344970703 seconds.
Until Preparation: 0.0005166530609130859.
Until Calculation: 0.0007119178771972656.
Until linalg solve: 0.04088282585144043.
Regression solved in 0.1529 seconds
Training and Evaluating takes 0.015262842178344727 seconds.
Until Preparation: 0.0005156993865966797.
Until Calculation: 0.00070953369140625.
Until linalg solve: 0.041350603103637695.
Regression solved in 0.1527 seconds
Training and Evaluating takes 0.030766725540161133 seconds.
Until Preparation: 0.0005042552947998047.
Until Calculation: 0.0006968975067138672.
Until linalg solve: 0.040693044662475586.
Regression solved in 0.1521 seconds
Training and Evaluating takes 0.014983654022216797 seconds.
Until Preparation: 0.0005190372467041016.
Until Calculation: 0.0007166862487792969.
Until linalg solve: 0.04122638702392578.
Regression solved in 0.1528 seconds
Training and Evaluating takes 0.029636383056640625 seconds.
Until Preparation: 0.0005152225494384766.
Until Calculation: 0.0007128715515136719.
Until linalg solve: 0.04071497917175293.
Regression solved in 0.1530 seconds
Training and Evaluating takes 0.014900684356689453 seconds.
Until Preparation: 0.00052642822265625.
Until Calculation: 0.0007231235504150391.
Until linalg solve: 0.041388750076293945.
Regression solved in 0.1533 seconds
Training and Evaluating takes 0.032202720642089844 seconds.
Until Preparation: 0.0005106925964355469.
Until Calculation: 0.0007047653198242188.
Until linalg solve: 0.04064154624938965.
Regression solved in 0.1521 seconds
Training and Evaluating takes 0.014990806579589844 seconds.
Until Preparation: 0.0005164146423339844.
Until Calculation: 0.0007109642028808594.
Until linalg solve: 0.04114818572998047.
Regression solved in 0.1525 seconds
Training and Evaluating takes 0.017863750457763672 seconds.
Until Preparation: 0.0005147457122802734.
Until Calculation: 0.0007174015045166016.
Until linalg solve: 0.04092144966125488.
Regression solved in 0.1529 seconds
Training and Evaluating takes 0.0162355899810791 seconds.
Until Preparation: 0.0005116462707519531.
Until Calculation: 0.0007047653198242188.
Until linalg solve: 0.0412287712097168.
Regression solved in 0.1638 seconds
Training and Evaluating takes 0.03169822692871094 seconds.
Until Preparation: 0.0005104541778564453.
Until Calculation: 0.0007097721099853516.
Until linalg solve: 0.040738821029663086.
Regression solved in 0.1596 seconds
Training and Evaluating takes 0.01564931869506836 seconds.
Until Preparation: 0.0005345344543457031.
Until Calculation: 0.0007557868957519531.
Until linalg solve: 0.04127693176269531.
Regression solved in 0.1606 seconds
Training and Evaluating takes 0.024895191192626953 seconds.
Until Preparation: 0.0005037784576416016.
Until Calculation: 0.0007007122039794922.
Until linalg solve: 0.0408174991607666.
Regression solved in 0.1641 seconds
Training and Evaluating takes 0.016652345657348633 seconds.
Until Preparation: 0.0005533695220947266.
Until Calculation: 0.0007648468017578125.
Until linalg solve: 0.04131722450256348.
Regression solved in 0.1642 seconds
Training and Evaluating takes 0.03030252456665039 seconds.
Until Preparation: 0.0005121231079101562.
Until Calculation: 0.0007257461547851562.
Until linalg solve: 0.040807247161865234.
Regression solved in 0.1573 seconds
Training and Evaluating takes 0.015115499496459961 seconds.
Until Preparation: 0.0005505084991455078.
Until Calculation: 0.0007658004760742188.
Until linalg solve: 0.041258811950683594.
Regression solved in 0.1559 seconds
Training and Evaluating takes 0.03344988822937012 seconds.
Until Preparation: 0.0005133152008056641.
Until Calculation: 0.0007128715515136719.
Until linalg solve: 0.040799617767333984.
Regression solved in 0.1538 seconds
Training and Evaluating takes 0.016307592391967773 seconds.
Until Preparation: 0.00051116943359375.
Until Calculation: 0.0007090568542480469.
Until linalg solve: 0.04121279716491699.
Regression solved in 0.1532 seconds
Training and Evaluating takes 0.01240229606628418 seconds.
Until Preparation: 0.0005142688751220703.
Until Calculation: 0.0007162094116210938.
Until linalg solve: 0.04080677032470703.
Regression solved in 0.1525 seconds
Training and Evaluating takes 0.016358613967895508 seconds.
Until Preparation: 0.0005140304565429688.
Until Calculation: 0.0007114410400390625.
Until linalg solve: 0.04112601280212402.
Regression solved in 0.1529 seconds
Training and Evaluating takes 0.011561155319213867 seconds.
Until Preparation: 0.0004961490631103516.
Until Calculation: 0.0007054805755615234.
Until linalg solve: 0.04085111618041992.
Regression solved in 0.1526 seconds
Training and Evaluating takes 0.015930652618408203 seconds.
Until Preparation: 0.0004973411560058594.
Until Calculation: 0.0006895065307617188.
Until linalg solve: 0.04124045372009277.
Regression solved in 0.1534 seconds
Training and Evaluating takes 0.03156733512878418 seconds.
Until Preparation: 0.0005183219909667969.
Until Calculation: 0.0007178783416748047.
Until linalg solve: 0.040729522705078125.
Regression solved in 0.1528 seconds
Training and Evaluating takes 0.015329837799072266 seconds.
Until Preparation: 0.0005304813385009766.
Until Calculation: 0.0007259845733642578.
Until linalg solve: 0.04133009910583496.
Regression solved in 0.1530 seconds
Training and Evaluating takes 0.025304079055786133 seconds.
Until Preparation: 0.0005199909210205078.
Until Calculation: 0.000713348388671875.
Until linalg solve: 0.040679931640625.
Regression solved in 0.1672 seconds
Training and Evaluating takes 0.007902860641479492 seconds.
Until Preparation: 0.0005860328674316406.
Until Calculation: 0.0008065700531005859.
Until linalg solve: 0.041405677795410156.
Regression solved in 0.1566 seconds
Training and Evaluating takes 0.02129507064819336 seconds.
Until Preparation: 0.0005004405975341797.
Until Calculation: 0.0006949901580810547.
Until linalg solve: 0.04070591926574707.
Regression solved in 0.1609 seconds
Training and Evaluating takes 0.016865253448486328 seconds.
Until Preparation: 0.0005495548248291016.
Until Calculation: 0.0007584095001220703.
Until linalg solve: 0.04116511344909668.
Regression solved in 0.1626 seconds
Training and Evaluating takes 0.00738525390625 seconds.
Until Preparation: 0.0005719661712646484.
Until Calculation: 0.0008053779602050781.
Until linalg solve: 0.041017770767211914.
Regression solved in 0.1609 seconds
Training and Evaluating takes 0.01664280891418457 seconds.
    Permutation 100/100 done
  Permutation p-value: 0.0000  (null mean=0.1780 ± 0.0161)
  Saved: /juice6/u/jshe/nlp/LM_neural_synchrony/playground/control_plots/perm_alignment_binary_Misv0.2Misv0.3_L16_L16.png
  Partitioned by 'goal_structure': coordination=103, information_asymmetry=13, mixed_motive=114, persuasion=79, zero_sum=41  (skipped 100 unlabeled)

  Computing observed gap for 'goal_structure'...
Until Preparation: 0.0005223751068115234.
Until Calculation: 0.0007359981536865234.
Until linalg solve: 0.04068446159362793.
Regression solved in 0.1600 seconds
Training and Evaluating takes 0.016190052032470703 seconds.
Until Preparation: 0.0005707740783691406.
Until Calculation: 0.000762939453125.
Until linalg solve: 0.038950204849243164.
Regression solved in 0.1595 seconds
Training and Evaluating takes 0.012840986251831055 seconds.
Until Preparation: 0.0005004405975341797.
Until Calculation: 0.0007321834564208984.
Until linalg solve: 0.04043316841125488.
Regression solved in 0.1565 seconds
Training and Evaluating takes 0.014759302139282227 seconds.
Until Preparation: 0.0005025863647460938.
Until Calculation: 0.0006964206695556641.
Until linalg solve: 0.04015541076660156.
Regression solved in 0.1526 seconds
Training and Evaluating takes 0.01418161392211914 seconds.
Until Preparation: 0.0005106925964355469.
Until Calculation: 0.0006906986236572266.
Until linalg solve: 0.039212703704833984.
Regression solved in 0.1532 seconds
Training and Evaluating takes 0.013370990753173828 seconds.
  Observed gap: 0.4825
  Running 100 permutations...
Until Preparation: 0.0005092620849609375.
Until Calculation: 0.0007066726684570312.
Until linalg solve: 0.0403285026550293.
Regression solved in 0.1565 seconds
Training and Evaluating takes 0.014590024948120117 seconds.
Until Preparation: 0.0004925727844238281.
Until Calculation: 0.0006849765777587891.
Until linalg solve: 0.03896784782409668.
Regression solved in 0.1589 seconds
Training and Evaluating takes 0.012751340866088867 seconds.
Until Preparation: 0.0005042552947998047.
Until Calculation: 0.0006983280181884766.
Until linalg solve: 0.04067492485046387.
Regression solved in 0.1588 seconds
Training and Evaluating takes 0.0063207149505615234 seconds.
Until Preparation: 0.0005147457122802734.
Until Calculation: 0.0007238388061523438.
Until linalg solve: 0.040204524993896484.
Regression solved in 0.1596 seconds
Training and Evaluating takes 0.015095233917236328 seconds.
Until Preparation: 0.0005080699920654297.
Until Calculation: 0.0006802082061767578.
Until linalg solve: 0.03923988342285156.
Regression solved in 0.1575 seconds
Training and Evaluating takes 0.00461578369140625 seconds.
Until Preparation: 0.000522613525390625.
Until Calculation: 0.00072479248046875.
Until linalg solve: 0.040429115295410156.
Regression solved in 0.1594 seconds
Training and Evaluating takes 0.014384031295776367 seconds.
Until Preparation: 0.0005133152008056641.
Until Calculation: 0.0006945133209228516.
Until linalg solve: 0.03878450393676758.
Regression solved in 0.1601 seconds
Training and Evaluating takes 0.012959957122802734 seconds.
Until Preparation: 0.0005645751953125.
Until Calculation: 0.0007801055908203125.
Until linalg solve: 0.04072284698486328.
Regression solved in 0.1587 seconds
Training and Evaluating takes 0.015388250350952148 seconds.
Until Preparation: 0.0005164146423339844.
Until Calculation: 0.0007274150848388672.
Until linalg solve: 0.040213823318481445.
Regression solved in 0.1586 seconds
Training and Evaluating takes 0.014146089553833008 seconds.
Until Preparation: 0.0005650520324707031.
Until Calculation: 0.0007600784301757812.
Until linalg solve: 0.03930926322937012.
Regression solved in 0.1574 seconds
Training and Evaluating takes 0.012937545776367188 seconds.
Until Preparation: 0.0005199909210205078.
Until Calculation: 0.0007169246673583984.
Until linalg solve: 0.04056358337402344.
Regression solved in 0.1524 seconds
Training and Evaluating takes 0.0047626495361328125 seconds.
Until Preparation: 0.0005121231079101562.
Until Calculation: 0.0006861686706542969.
Until linalg solve: 0.038800954818725586.
Regression solved in 0.1573 seconds
Training and Evaluating takes 0.004396915435791016 seconds.
Until Preparation: 0.0005173683166503906.
Until Calculation: 0.0007181167602539062.
Until linalg solve: 0.04066205024719238.
Regression solved in 0.1585 seconds
Training and Evaluating takes 0.015717029571533203 seconds.
Until Preparation: 0.0005311965942382812.
Until Calculation: 0.0008175373077392578.
Until linalg solve: 0.04015660285949707.
Regression solved in 0.1598 seconds
Training and Evaluating takes 0.013989925384521484 seconds.
Until Preparation: 0.0005137920379638672.
Until Calculation: 0.0007274150848388672.
Until linalg solve: 0.039339303970336914.
Regression solved in 0.1510 seconds
Training and Evaluating takes 0.013426780700683594 seconds.
Until Preparation: 0.0005190372467041016.
Until Calculation: 0.0007266998291015625.
Until linalg solve: 0.04046964645385742.
Regression solved in 0.1521 seconds
Training and Evaluating takes 0.015228033065795898 seconds.
Until Preparation: 0.0004801750183105469.
Until Calculation: 0.0006518363952636719.
Until linalg solve: 0.03899049758911133.
Regression solved in 0.1521 seconds
Training and Evaluating takes 0.012481212615966797 seconds.
Until Preparation: 0.0005099773406982422.
Until Calculation: 0.0007042884826660156.
Until linalg solve: 0.04072380065917969.
Regression solved in 0.1530 seconds
Training and Evaluating takes 0.004999637603759766 seconds.
Until Preparation: 0.0005042552947998047.
Until Calculation: 0.0006837844848632812.
Until linalg solve: 0.04003548622131348.
Regression solved in 0.1519 seconds
Training and Evaluating takes 0.014667749404907227 seconds.
Until Preparation: 0.0004940032958984375.
Until Calculation: 0.0006701946258544922.
Until linalg solve: 0.0393679141998291.
Regression solved in 0.1622 seconds
Training and Evaluating takes 0.014534711837768555 seconds.
Until Preparation: 0.000507354736328125.
Until Calculation: 0.0007014274597167969.
Until linalg solve: 0.04056239128112793.
Regression solved in 0.1522 seconds
Training and Evaluating takes 0.015441417694091797 seconds.
Until Preparation: 0.0004832744598388672.
Until Calculation: 0.0006568431854248047.
Until linalg solve: 0.03905677795410156.
Regression solved in 0.1527 seconds
Training and Evaluating takes 0.013932466506958008 seconds.
Until Preparation: 0.0005002021789550781.
Until Calculation: 0.0007002353668212891.
Until linalg solve: 0.04069328308105469.
Regression solved in 0.1528 seconds
Training and Evaluating takes 0.016771793365478516 seconds.
Until Preparation: 0.0005009174346923828.
Until Calculation: 0.0006923675537109375.
Until linalg solve: 0.0399930477142334.
Regression solved in 0.1517 seconds
Training and Evaluating takes 0.00363922119140625 seconds.
Until Preparation: 0.0004937648773193359.
Until Calculation: 0.0006663799285888672.
Until linalg solve: 0.03937983512878418.
Regression solved in 0.1508 seconds
Training and Evaluating takes 0.013165473937988281 seconds.
Until Preparation: 0.0005102157592773438.
Until Calculation: 0.0007083415985107422.
Until linalg solve: 0.04054856300354004.
Regression solved in 0.1523 seconds
Training and Evaluating takes 0.017779111862182617 seconds.
Until Preparation: 0.0004868507385253906.
Until Calculation: 0.0006642341613769531.
Until linalg solve: 0.03895235061645508.
Regression solved in 0.1507 seconds
Training and Evaluating takes 0.0019183158874511719 seconds.
Until Preparation: 0.0004904270172119141.
Until Calculation: 0.0006999969482421875.
Until linalg solve: 0.04062080383300781.
Regression solved in 0.1524 seconds
Training and Evaluating takes 0.014914512634277344 seconds.
Until Preparation: 0.0005221366882324219.
Until Calculation: 0.0007052421569824219.
Until linalg solve: 0.040007591247558594.
Regression solved in 0.1514 seconds
Training and Evaluating takes 0.014229059219360352 seconds.
Until Preparation: 0.0004944801330566406.
Until Calculation: 0.0006706714630126953.
Until linalg solve: 0.03945589065551758.
Regression solved in 0.1511 seconds
Training and Evaluating takes 0.014107465744018555 seconds.
Until Preparation: 0.0005016326904296875.
Until Calculation: 0.0006945133209228516.
Until linalg solve: 0.04033350944519043.
Regression solved in 0.1521 seconds
Training and Evaluating takes 0.015474081039428711 seconds.
Until Preparation: 0.0004899501800537109.
Until Calculation: 0.0006606578826904297.
Until linalg solve: 0.03899812698364258.
Regression solved in 0.1510 seconds
Training and Evaluating takes 0.012722253799438477 seconds.
Until Preparation: 0.0005166530609130859.
Until Calculation: 0.0007145404815673828.
Until linalg solve: 0.040667057037353516.
Regression solved in 0.1524 seconds
Training and Evaluating takes 0.016698360443115234 seconds.
Until Preparation: 0.0005140304565429688.
Until Calculation: 0.0007035732269287109.
Until linalg solve: 0.04010200500488281.
Regression solved in 0.1526 seconds
Training and Evaluating takes 0.003910541534423828 seconds.
Until Preparation: 0.0004863739013671875.
Until Calculation: 0.0006597042083740234.
Until linalg solve: 0.03936338424682617.
Regression solved in 0.1509 seconds
Training and Evaluating takes 0.013389825820922852 seconds.
Until Preparation: 0.0005021095275878906.
Until Calculation: 0.000698089599609375.
Until linalg solve: 0.0403900146484375.
Regression solved in 0.1523 seconds
Training and Evaluating takes 0.006238698959350586 seconds.
Until Preparation: 0.0005104541778564453.
Until Calculation: 0.0006914138793945312.
Until linalg solve: 0.039014339447021484.
Regression solved in 0.1507 seconds
Training and Evaluating takes 0.013528108596801758 seconds.
Until Preparation: 0.0004935264587402344.
Until Calculation: 0.0006990432739257812.
Until linalg solve: 0.04063916206359863.
Regression solved in 0.1524 seconds
Training and Evaluating takes 0.008122682571411133 seconds.
Until Preparation: 0.0005106925964355469.
Until Calculation: 0.0006899833679199219.
Until linalg solve: 0.04010152816772461.
Regression solved in 0.1517 seconds
Training and Evaluating takes 0.014759302139282227 seconds.
Until Preparation: 0.0004951953887939453.
Until Calculation: 0.0006694793701171875.
Until linalg solve: 0.039510250091552734.
Regression solved in 0.1512 seconds
Training and Evaluating takes 0.016045570373535156 seconds.
Until Preparation: 0.000507354736328125.
Until Calculation: 0.0007007122039794922.
Until linalg solve: 0.040334224700927734.
Regression solved in 0.1520 seconds
Training and Evaluating takes 0.006014823913574219 seconds.
Until Preparation: 0.0004830360412597656.
Until Calculation: 0.0006697177886962891.
Until linalg solve: 0.03890728950500488.
Regression solved in 0.1508 seconds
Training and Evaluating takes 0.013584136962890625 seconds.
Until Preparation: 0.0005118846893310547.
Until Calculation: 0.0007123947143554688.
Until linalg solve: 0.040718793869018555.
Regression solved in 0.1523 seconds
Training and Evaluating takes 0.005675315856933594 seconds.
Until Preparation: 0.0005040168762207031.
Until Calculation: 0.0006809234619140625.
Until linalg solve: 0.04006147384643555.
Regression solved in 0.1512 seconds
Training and Evaluating takes 0.01441645622253418 seconds.
Until Preparation: 0.0005166530609130859.
Until Calculation: 0.000698089599609375.
Until linalg solve: 0.03940582275390625.
Regression solved in 0.1510 seconds
Training and Evaluating takes 0.014420747756958008 seconds.
Until Preparation: 0.0005176067352294922.
Until Calculation: 0.0007116794586181641.
Until linalg solve: 0.04020953178405762.
Regression solved in 0.1518 seconds
Training and Evaluating takes 0.016030073165893555 seconds.
Until Preparation: 0.0004932880401611328.
Until Calculation: 0.0006730556488037109.
Until linalg solve: 0.03879427909851074.
Regression solved in 0.1504 seconds
Training and Evaluating takes 0.013401269912719727 seconds.
Until Preparation: 0.0005128383636474609.
Until Calculation: 0.0007076263427734375.
Until linalg solve: 0.04061150550842285.
Regression solved in 0.1519 seconds
Training and Evaluating takes 0.009209632873535156 seconds.
Until Preparation: 0.0005097389221191406.
Until Calculation: 0.0006902217864990234.
Until linalg solve: 0.04007220268249512.
Regression solved in 0.1518 seconds
Training and Evaluating takes 0.004448413848876953 seconds.
Until Preparation: 0.0004885196685791016.
Until Calculation: 0.0006744861602783203.
Until linalg solve: 0.039381980895996094.
Regression solved in 0.1511 seconds
Training and Evaluating takes 0.010411739349365234 seconds.
Until Preparation: 0.0005154609680175781.
Until Calculation: 0.0007078647613525391.
Until linalg solve: 0.040368080139160156.
Regression solved in 0.1521 seconds
Training and Evaluating takes 0.004388332366943359 seconds.
Until Preparation: 0.0005061626434326172.
Until Calculation: 0.000682830810546875.
Until linalg solve: 0.03877067565917969.
Regression solved in 0.1504 seconds
Training and Evaluating takes 0.007564544677734375 seconds.
Until Preparation: 0.0004963874816894531.
Until Calculation: 0.0006954669952392578.
Until linalg solve: 0.0405728816986084.
Regression solved in 0.1614 seconds
Training and Evaluating takes 0.014210700988769531 seconds.
Until Preparation: 0.0004990100860595703.
Until Calculation: 0.0006792545318603516.
Until linalg solve: 0.040081024169921875.
Regression solved in 0.1520 seconds
Training and Evaluating takes 0.003993511199951172 seconds.
Until Preparation: 0.00048732757568359375.
Until Calculation: 0.0006737709045410156.
Until linalg solve: 0.03925776481628418.
Regression solved in 0.1510 seconds
Training and Evaluating takes 0.013626813888549805 seconds.
Until Preparation: 0.0005021095275878906.
Until Calculation: 0.0006954669952392578.
Until linalg solve: 0.04052925109863281.
Regression solved in 0.1519 seconds
Training and Evaluating takes 0.004920244216918945 seconds.
Until Preparation: 0.0004813671112060547.
Until Calculation: 0.0006551742553710938.
Until linalg solve: 0.03889727592468262.
Regression solved in 0.1504 seconds
Training and Evaluating takes 0.01322627067565918 seconds.
Until Preparation: 0.00049591064453125.
Until Calculation: 0.0007011890411376953.
Until linalg solve: 0.040528059005737305.
Regression solved in 0.1522 seconds
Training and Evaluating takes 0.01503753662109375 seconds.
Until Preparation: 0.0005066394805908203.
Until Calculation: 0.0006892681121826172.
Until linalg solve: 0.04005122184753418.
Regression solved in 0.1524 seconds
Training and Evaluating takes 0.0040891170501708984 seconds.
Until Preparation: 0.0005948543548583984.
Until Calculation: 0.0007970333099365234.
Until linalg solve: 0.039353370666503906.
Regression solved in 0.1622 seconds
Training and Evaluating takes 0.013183116912841797 seconds.
Until Preparation: 0.0005071163177490234.
Until Calculation: 0.0007276535034179688.
Until linalg solve: 0.04033327102661133.
Regression solved in 0.1521 seconds
Training and Evaluating takes 0.0160982608795166 seconds.
Until Preparation: 0.0005342960357666016.
Until Calculation: 0.0007190704345703125.
Until linalg solve: 0.038770198822021484.
Regression solved in 0.1574 seconds
Training and Evaluating takes 0.013812780380249023 seconds.
Until Preparation: 0.0005254745483398438.
Until Calculation: 0.0007216930389404297.
Until linalg solve: 0.04090619087219238.
Regression solved in 0.1593 seconds
Training and Evaluating takes 0.016855716705322266 seconds.
Until Preparation: 0.0005543231964111328.
Until Calculation: 0.0007464885711669922.
Until linalg solve: 0.04020404815673828.
Regression solved in 0.1604 seconds
Training and Evaluating takes 0.0141754150390625 seconds.
Until Preparation: 0.0005340576171875.
Until Calculation: 0.0007679462432861328.
Until linalg solve: 0.03934478759765625.
Regression solved in 0.1578 seconds
Training and Evaluating takes 0.013625144958496094 seconds.
Until Preparation: 0.00052642822265625.
Until Calculation: 0.000728607177734375.
Until linalg solve: 0.040589332580566406.
Regression solved in 0.1602 seconds
Training and Evaluating takes 0.01490926742553711 seconds.
Until Preparation: 0.0005393028259277344.
Until Calculation: 0.0007350444793701172.
Until linalg solve: 0.03879261016845703.
Regression solved in 0.1624 seconds
Training and Evaluating takes 0.012860536575317383 seconds.
Until Preparation: 0.0005035400390625.
Until Calculation: 0.000701904296875.
Until linalg solve: 0.0406339168548584.
Regression solved in 0.1563 seconds
Training and Evaluating takes 0.0057561397552490234 seconds.
Until Preparation: 0.0005028247833251953.
Until Calculation: 0.0006833076477050781.
Until linalg solve: 0.0400233268737793.
Regression solved in 0.1515 seconds
Training and Evaluating takes 0.015307426452636719 seconds.
Until Preparation: 0.0004963874816894531.
Until Calculation: 0.0006756782531738281.
Until linalg solve: 0.03948044776916504.
Regression solved in 0.1513 seconds
Training and Evaluating takes 0.012979745864868164 seconds.
Until Preparation: 0.0005116462707519531.
Until Calculation: 0.0007042884826660156.
Until linalg solve: 0.04068279266357422.
Regression solved in 0.1521 seconds
Training and Evaluating takes 0.0049381256103515625 seconds.
Until Preparation: 0.0004870891571044922.
Until Calculation: 0.0006649494171142578.
Until linalg solve: 0.03889918327331543.
Regression solved in 0.1506 seconds
Training and Evaluating takes 0.012528181076049805 seconds.
Until Preparation: 0.0005142688751220703.
Until Calculation: 0.0007119178771972656.
Until linalg solve: 0.04057121276855469.
Regression solved in 0.1529 seconds
Training and Evaluating takes 0.015100717544555664 seconds.
Until Preparation: 0.0005092620849609375.
Until Calculation: 0.0006930828094482422.
Until linalg solve: 0.03994035720825195.
Regression solved in 0.1515 seconds
Training and Evaluating takes 0.004381656646728516 seconds.
Until Preparation: 0.0004935264587402344.
Until Calculation: 0.0006673336029052734.
Until linalg solve: 0.03946685791015625.
Regression solved in 0.1513 seconds
Training and Evaluating takes 0.012998819351196289 seconds.
Until Preparation: 0.0005166530609130859.
Until Calculation: 0.0007128715515136719.
Until linalg solve: 0.040532588958740234.
Regression solved in 0.1527 seconds
Training and Evaluating takes 0.015322446823120117 seconds.
Until Preparation: 0.0005340576171875.
Until Calculation: 0.0007193088531494141.
Until linalg solve: 0.039015769958496094.
Regression solved in 0.1508 seconds
Training and Evaluating takes 0.012436151504516602 seconds.
Until Preparation: 0.000518798828125.
Until Calculation: 0.0007169246673583984.
Until linalg solve: 0.04073476791381836.
Regression solved in 0.1525 seconds
Training and Evaluating takes 0.016552209854125977 seconds.
Until Preparation: 0.0005173683166503906.
Until Calculation: 0.0007014274597167969.
Until linalg solve: 0.0399317741394043.
Regression solved in 0.1522 seconds
Training and Evaluating takes 0.014493942260742188 seconds.
Until Preparation: 0.0005135536193847656.
Until Calculation: 0.0006923675537109375.
Until linalg solve: 0.03920316696166992.
Regression solved in 0.1511 seconds
Training and Evaluating takes 0.014374256134033203 seconds.
Until Preparation: 0.0005147457122802734.
Until Calculation: 0.0007119178771972656.
Until linalg solve: 0.040496110916137695.
Regression solved in 0.1529 seconds
Training and Evaluating takes 0.014961004257202148 seconds.
Until Preparation: 0.000514984130859375.
Until Calculation: 0.0006973743438720703.
Until linalg solve: 0.03880143165588379.
Regression solved in 0.1524 seconds
Training and Evaluating takes 0.012865781784057617 seconds.
Until Preparation: 0.0005083084106445312.
Until Calculation: 0.0007050037384033203.
Until linalg solve: 0.04068732261657715.
Regression solved in 0.1579 seconds
Training and Evaluating takes 0.007188558578491211 seconds.
Until Preparation: 0.0005359649658203125.
Until Calculation: 0.0007450580596923828.
Until linalg solve: 0.04014420509338379.
Regression solved in 0.1518 seconds
Training and Evaluating takes 0.01408839225769043 seconds.
Until Preparation: 0.0004918575286865234.
Until Calculation: 0.0006732940673828125.
Until linalg solve: 0.03913140296936035.
Regression solved in 0.1505 seconds
Training and Evaluating takes 0.013496160507202148 seconds.
Until Preparation: 0.0005404949188232422.
Until Calculation: 0.0007510185241699219.
Until linalg solve: 0.040383100509643555.
Regression solved in 0.1520 seconds
Training and Evaluating takes 0.014999628067016602 seconds.
Until Preparation: 0.0004837512969970703.
Until Calculation: 0.0006618499755859375.
Until linalg solve: 0.03877758979797363.
Regression solved in 0.1503 seconds
Training and Evaluating takes 0.010590076446533203 seconds.
Until Preparation: 0.0005102157592773438.
Until Calculation: 0.0007233619689941406.
Until linalg solve: 0.04051709175109863.
Regression solved in 0.1524 seconds
Training and Evaluating takes 0.015376091003417969 seconds.
Until Preparation: 0.0005154609680175781.
Until Calculation: 0.0007038116455078125.
Until linalg solve: 0.04007744789123535.
Regression solved in 0.1523 seconds
Training and Evaluating takes 0.014481067657470703 seconds.
Until Preparation: 0.0005095005035400391.
Until Calculation: 0.0007052421569824219.
Until linalg solve: 0.03950190544128418.
Regression solved in 0.1516 seconds
Training and Evaluating takes 0.013846158981323242 seconds.
Until Preparation: 0.0005216598510742188.
Until Calculation: 0.0007243156433105469.
Until linalg solve: 0.04047584533691406.
Regression solved in 0.1525 seconds
Training and Evaluating takes 0.006796121597290039 seconds.
Until Preparation: 0.0005004405975341797.
Until Calculation: 0.0006935596466064453.
Until linalg solve: 0.03882002830505371.
Regression solved in 0.1566 seconds
Training and Evaluating takes 0.0025806427001953125 seconds.
Until Preparation: 0.0005228519439697266.
Until Calculation: 0.0007407665252685547.
Until linalg solve: 0.04043173789978027.
Regression solved in 0.1596 seconds
Training and Evaluating takes 0.015675067901611328 seconds.
Until Preparation: 0.0005164146423339844.
Until Calculation: 0.0007278919219970703.
Until linalg solve: 0.04009222984313965.
Regression solved in 0.1585 seconds
Training and Evaluating takes 0.01546621322631836 seconds.
Until Preparation: 0.0004947185516357422.
Until Calculation: 0.0007243156433105469.
Until linalg solve: 0.03935599327087402.
Regression solved in 0.1530 seconds
Training and Evaluating takes 0.0035631656646728516 seconds.
Until Preparation: 0.0004930496215820312.
Until Calculation: 0.0006897449493408203.
Until linalg solve: 0.04042649269104004.
Regression solved in 0.1523 seconds
Training and Evaluating takes 0.015251874923706055 seconds.
Until Preparation: 0.0004985332489013672.
Until Calculation: 0.00067138671875.
Until linalg solve: 0.03871655464172363.
Regression solved in 0.1504 seconds
Training and Evaluating takes 0.012485742568969727 seconds.
Until Preparation: 0.0005114078521728516.
Until Calculation: 0.0007050037384033203.
Until linalg solve: 0.04065108299255371.
Regression solved in 0.1522 seconds
Training and Evaluating takes 0.018905162811279297 seconds.
Until Preparation: 0.0005156993865966797.
Until Calculation: 0.0006949901580810547.
Until linalg solve: 0.04005074501037598.
Regression solved in 0.1520 seconds
Training and Evaluating takes 0.009696483612060547 seconds.
Until Preparation: 0.0004968643188476562.
Until Calculation: 0.0006744861602783203.
Until linalg solve: 0.03918647766113281.
Regression solved in 0.1509 seconds
Training and Evaluating takes 0.014462471008300781 seconds.
    Permutation 20/100 done
Until Preparation: 0.0005190372467041016.
Until Calculation: 0.0007145404815673828.
Until linalg solve: 0.04040932655334473.
Regression solved in 0.1520 seconds
Training and Evaluating takes 0.014944314956665039 seconds.
Until Preparation: 0.0005159378051757812.
Until Calculation: 0.0006952285766601562.
Until linalg solve: 0.03895211219787598.
Regression solved in 0.1508 seconds
Training and Evaluating takes 0.012421131134033203 seconds.
Until Preparation: 0.0005154609680175781.
Until Calculation: 0.0007269382476806641.
Until linalg solve: 0.04082846641540527.
Regression solved in 0.1527 seconds
Training and Evaluating takes 0.013666391372680664 seconds.
Until Preparation: 0.0005102157592773438.
Until Calculation: 0.0007059574127197266.
Until linalg solve: 0.04003119468688965.
Regression solved in 0.1517 seconds
Training and Evaluating takes 0.003817319869995117 seconds.
Until Preparation: 0.0004811286926269531.
Until Calculation: 0.0006544589996337891.
Until linalg solve: 0.03944253921508789.
Regression solved in 0.1512 seconds
Training and Evaluating takes 0.013593912124633789 seconds.
Until Preparation: 0.0005221366882324219.
Until Calculation: 0.0007207393646240234.
Until linalg solve: 0.040502071380615234.
Regression solved in 0.1521 seconds
Training and Evaluating takes 0.008395671844482422 seconds.
Until Preparation: 0.0004987716674804688.
Until Calculation: 0.0006761550903320312.
Until linalg solve: 0.03876686096191406.
Regression solved in 0.1508 seconds
Training and Evaluating takes 0.001965045928955078 seconds.
Until Preparation: 0.0005025863647460938.
Until Calculation: 0.0006959438323974609.
Until linalg solve: 0.04046797752380371.
Regression solved in 0.1522 seconds
Training and Evaluating takes 0.014776945114135742 seconds.
Until Preparation: 0.0004913806915283203.
Until Calculation: 0.0006835460662841797.
Until linalg solve: 0.04013562202453613.
Regression solved in 0.1515 seconds
Training and Evaluating takes 0.015450000762939453 seconds.
Until Preparation: 0.0005083084106445312.
Until Calculation: 0.0006849765777587891.
Until linalg solve: 0.03954148292541504.
Regression solved in 0.1513 seconds
Training and Evaluating takes 0.014168739318847656 seconds.
Until Preparation: 0.0005307197570800781.
Until Calculation: 0.0007305145263671875.
Until linalg solve: 0.04055643081665039.
Regression solved in 0.1524 seconds
Training and Evaluating takes 0.015146970748901367 seconds.
Until Preparation: 0.0005035400390625.
Until Calculation: 0.0006818771362304688.
Until linalg solve: 0.03884005546569824.
Regression solved in 0.1508 seconds
Training and Evaluating takes 0.013046741485595703 seconds.
Until Preparation: 0.0005075931549072266.
Until Calculation: 0.0007030963897705078.
Until linalg solve: 0.04040646553039551.
Regression solved in 0.1522 seconds
Training and Evaluating takes 0.015817642211914062 seconds.
Until Preparation: 0.0005183219909667969.
Until Calculation: 0.0007381439208984375.
Until linalg solve: 0.04004049301147461.
Regression solved in 0.1516 seconds
Training and Evaluating takes 0.013873577117919922 seconds.
Until Preparation: 0.0005199909210205078.
Until Calculation: 0.000698089599609375.
Until linalg solve: 0.03922009468078613.
Regression solved in 0.1512 seconds
Training and Evaluating takes 0.013227462768554688 seconds.
Until Preparation: 0.003888368606567383.
Until Calculation: 0.004102230072021484.
Until linalg solve: 0.043734073638916016.
Regression solved in 0.1552 seconds
Training and Evaluating takes 0.01524496078491211 seconds.
Until Preparation: 0.0004858970642089844.
Until Calculation: 0.0006616115570068359.
Until linalg solve: 0.03901195526123047.
Regression solved in 0.1502 seconds
Training and Evaluating takes 0.011692523956298828 seconds.
Until Preparation: 0.0005166530609130859.
Until Calculation: 0.0007090568542480469.
Until linalg solve: 0.040702104568481445.
Regression solved in 0.1520 seconds
Training and Evaluating takes 0.0054013729095458984 seconds.
Until Preparation: 0.0005013942718505859.
Until Calculation: 0.0006844997406005859.
Until linalg solve: 0.03991389274597168.
Regression solved in 0.1509 seconds
Training and Evaluating takes 0.013376712799072266 seconds.
Until Preparation: 0.0004818439483642578.
Until Calculation: 0.0006551742553710938.
Until linalg solve: 0.03915119171142578.
Regression solved in 0.1507 seconds
Training and Evaluating takes 0.0027458667755126953 seconds.
Until Preparation: 0.0004978179931640625.
Until Calculation: 0.0007016658782958984.
Until linalg solve: 0.04022097587585449.
Regression solved in 0.1521 seconds
Training and Evaluating takes 0.004725217819213867 seconds.
Until Preparation: 0.0004811286926269531.
Until Calculation: 0.0006573200225830078.
Until linalg solve: 0.03878593444824219.
Regression solved in 0.1501 seconds
Training and Evaluating takes 0.0061414241790771484 seconds.
Until Preparation: 0.0004980564117431641.
Until Calculation: 0.0007123947143554688.
Until linalg solve: 0.040656328201293945.
Regression solved in 0.1525 seconds
Training and Evaluating takes 0.007946252822875977 seconds.
Until Preparation: 0.0005097389221191406.
Until Calculation: 0.0007030963897705078.
Until linalg solve: 0.040117740631103516.
Regression solved in 0.1515 seconds
Training and Evaluating takes 0.0037994384765625 seconds.
Until Preparation: 0.000484466552734375.
Until Calculation: 0.0006577968597412109.
Until linalg solve: 0.03939533233642578.
Regression solved in 0.1524 seconds
Training and Evaluating takes 0.013547658920288086 seconds.
Until Preparation: 0.000522613525390625.
Until Calculation: 0.0007131099700927734.
Until linalg solve: 0.040437936782836914.
Regression solved in 0.1523 seconds
Training and Evaluating takes 0.01630854606628418 seconds.
Until Preparation: 0.0004775524139404297.
Until Calculation: 0.0006504058837890625.
Until linalg solve: 0.038979530334472656.
Regression solved in 0.1504 seconds
Training and Evaluating takes 0.012192010879516602 seconds.
Until Preparation: 0.0005156993865966797.
Until Calculation: 0.0007109642028808594.
Until linalg solve: 0.04058432579040527.
Regression solved in 0.1520 seconds
Training and Evaluating takes 0.007055521011352539 seconds.
Until Preparation: 0.0004994869232177734.
Until Calculation: 0.0006763935089111328.
Until linalg solve: 0.04001784324645996.
Regression solved in 0.1517 seconds
Training and Evaluating takes 0.01491689682006836 seconds.
Until Preparation: 0.0004794597625732422.
Until Calculation: 0.00066375732421875.
Until linalg solve: 0.03932785987854004.
Regression solved in 0.1511 seconds
Training and Evaluating takes 0.008102893829345703 seconds.
Until Preparation: 0.0004961490631103516.
Until Calculation: 0.0006933212280273438.
Until linalg solve: 0.040497541427612305.
Regression solved in 0.1524 seconds
Training and Evaluating takes 0.015117883682250977 seconds.
Until Preparation: 0.0004839897155761719.
Until Calculation: 0.0006606578826904297.
Until linalg solve: 0.03891730308532715.
Regression solved in 0.1507 seconds
Training and Evaluating takes 0.0027170181274414062 seconds.
Until Preparation: 0.0004990100860595703.
Until Calculation: 0.0006916522979736328.
Until linalg solve: 0.040679931640625.
Regression solved in 0.1524 seconds
Training and Evaluating takes 0.016294002532958984 seconds.
Until Preparation: 0.0005247592926025391.
Until Calculation: 0.0007183551788330078.
Until linalg solve: 0.040047645568847656.
Regression solved in 0.1517 seconds
Training and Evaluating takes 0.014063596725463867 seconds.
Until Preparation: 0.0005276203155517578.
Until Calculation: 0.0007085800170898438.
Until linalg solve: 0.03925299644470215.
Regression solved in 0.1512 seconds
Training and Evaluating takes 0.002724170684814453 seconds.
Until Preparation: 0.0005123615264892578.
Until Calculation: 0.0007092952728271484.
Until linalg solve: 0.04037666320800781.
Regression solved in 0.1521 seconds
Training and Evaluating takes 0.014886140823364258 seconds.
Until Preparation: 0.0005147457122802734.
Until Calculation: 0.0006985664367675781.
Until linalg solve: 0.0388641357421875.
Regression solved in 0.1502 seconds
Training and Evaluating takes 0.0031702518463134766 seconds.
Until Preparation: 0.0004980564117431641.
Until Calculation: 0.0006921291351318359.
Until linalg solve: 0.040456295013427734.
Regression solved in 0.1534 seconds
Training and Evaluating takes 0.006352424621582031 seconds.
Until Preparation: 0.0004892349243164062.
Until Calculation: 0.0006625652313232422.
Until linalg solve: 0.040058135986328125.
Regression solved in 0.1518 seconds
Training and Evaluating takes 0.018253564834594727 seconds.
Until Preparation: 0.0005121231079101562.
Until Calculation: 0.0006892681121826172.
Until linalg solve: 0.039568185806274414.
Regression solved in 0.1525 seconds
Training and Evaluating takes 0.009567975997924805 seconds.
Until Preparation: 0.0005178451538085938.
Until Calculation: 0.0007188320159912109.
Until linalg solve: 0.04056143760681152.
Regression solved in 0.1520 seconds
Training and Evaluating takes 0.011216878890991211 seconds.
Until Preparation: 0.0004792213439941406.
Until Calculation: 0.0006496906280517578.
Until linalg solve: 0.03884530067443848.
Regression solved in 0.1507 seconds
Training and Evaluating takes 0.012911081314086914 seconds.
Until Preparation: 0.0004906654357910156.
Until Calculation: 0.0006833076477050781.
Until linalg solve: 0.033373117446899414.
Regression solved in 0.1451 seconds
Training and Evaluating takes 0.016313552856445312 seconds.
Until Preparation: 0.0005011558532714844.
Until Calculation: 0.0006911754608154297.
Until linalg solve: 0.03315258026123047.
Regression solved in 0.1446 seconds
Training and Evaluating takes 0.0038368701934814453 seconds.
Until Preparation: 0.0005092620849609375.
Until Calculation: 0.0006871223449707031.
Until linalg solve: 0.032387495040893555.
Regression solved in 0.1442 seconds
Training and Evaluating takes 0.017184019088745117 seconds.
Until Preparation: 0.0005350112915039062.
Until Calculation: 0.0007357597351074219.
Until linalg solve: 0.03338766098022461.
Regression solved in 0.1450 seconds
Training and Evaluating takes 0.014910459518432617 seconds.
Until Preparation: 0.0004813671112060547.
Until Calculation: 0.0006566047668457031.
Until linalg solve: 0.03216218948364258.
Regression solved in 0.1436 seconds
Training and Evaluating takes 0.011481046676635742 seconds.
Until Preparation: 0.0005297660827636719.
Until Calculation: 0.000728607177734375.
Until linalg solve: 0.03355717658996582.
Regression solved in 0.1450 seconds
Training and Evaluating takes 0.02188587188720703 seconds.
Until Preparation: 0.0005137920379638672.
Until Calculation: 0.0006952285766601562.
Until linalg solve: 0.03300642967224121.
Regression solved in 0.1485 seconds
Training and Evaluating takes 0.003706693649291992 seconds.
Until Preparation: 0.0004973411560058594.
Until Calculation: 0.0006732940673828125.
Until linalg solve: 0.032387733459472656.
Regression solved in 0.1446 seconds
Training and Evaluating takes 0.012744426727294922 seconds.
Until Preparation: 0.0005238056182861328.
Until Calculation: 0.0007233619689941406.
Until linalg solve: 0.038648366928100586.
Regression solved in 0.1508 seconds
Training and Evaluating takes 0.01615452766418457 seconds.
Until Preparation: 0.0005099773406982422.
Until Calculation: 0.0006871223449707031.
Until linalg solve: 0.03896498680114746.
Regression solved in 0.1569 seconds
Training and Evaluating takes 0.012315988540649414 seconds.
Until Preparation: 0.0005373954772949219.
Until Calculation: 0.0007374286651611328.
Until linalg solve: 0.0407865047454834.
Regression solved in 0.1567 seconds
Training and Evaluating takes 0.01642894744873047 seconds.
Until Preparation: 0.0005192756652832031.
Until Calculation: 0.0007016658782958984.
Until linalg solve: 0.040075063705444336.
Regression solved in 0.1707 seconds
Training and Evaluating takes 0.01406407356262207 seconds.
Until Preparation: 0.00048732757568359375.
Until Calculation: 0.0007102489471435547.
Until linalg solve: 0.03938627243041992.
Regression solved in 0.1555 seconds
Training and Evaluating takes 0.005296230316162109 seconds.
Until Preparation: 0.0005347728729248047.
Until Calculation: 0.0007390975952148438.
Until linalg solve: 0.04047274589538574.
Regression solved in 0.1576 seconds
Training and Evaluating takes 0.016492605209350586 seconds.
Until Preparation: 0.0009315013885498047.
Until Calculation: 0.0011320114135742188.
Until linalg solve: 0.039255380630493164.
Regression solved in 0.1578 seconds
Training and Evaluating takes 0.013359785079956055 seconds.
Until Preparation: 0.0004994869232177734.
Until Calculation: 0.00074005126953125.
Until linalg solve: 0.0403597354888916.
Regression solved in 0.1525 seconds
Training and Evaluating takes 0.004723310470581055 seconds.
Until Preparation: 0.0004951953887939453.
Until Calculation: 0.000675201416015625.
Until linalg solve: 0.04009389877319336.
Regression solved in 0.1521 seconds
Training and Evaluating takes 0.00834202766418457 seconds.
Until Preparation: 0.00048422813415527344.
Until Calculation: 0.0006628036499023438.
Until linalg solve: 0.03920912742614746.
Regression solved in 0.1515 seconds
Training and Evaluating takes 0.0063974857330322266 seconds.
Until Preparation: 0.0004937648773193359.
Until Calculation: 0.0006909370422363281.
Until linalg solve: 0.04043912887573242.
Regression solved in 0.1533 seconds
Training and Evaluating takes 0.0062329769134521484 seconds.
Until Preparation: 0.0004868507385253906.
Until Calculation: 0.0006625652313232422.
Until linalg solve: 0.038806915283203125.
Regression solved in 0.1515 seconds
Training and Evaluating takes 0.01320958137512207 seconds.
Until Preparation: 0.0004949569702148438.
Until Calculation: 0.0006935596466064453.
Until linalg solve: 0.040422677993774414.
Regression solved in 0.1527 seconds
Training and Evaluating takes 0.008032798767089844 seconds.
Until Preparation: 0.0005064010620117188.
Until Calculation: 0.0006871223449707031.
Until linalg solve: 0.039960384368896484.
Regression solved in 0.1522 seconds
Training and Evaluating takes 0.013197898864746094 seconds.
Until Preparation: 0.0005137920379638672.
Until Calculation: 0.0006916522979736328.
Until linalg solve: 0.03930926322937012.
Regression solved in 0.1517 seconds
Training and Evaluating takes 0.002991199493408203 seconds.
Until Preparation: 0.0005161762237548828.
Until Calculation: 0.0007164478302001953.
Until linalg solve: 0.0404200553894043.
Regression solved in 0.1528 seconds
Training and Evaluating takes 0.009331703186035156 seconds.
Until Preparation: 0.0004832744598388672.
Until Calculation: 0.0006549358367919922.
Until linalg solve: 0.03892159461975098.
Regression solved in 0.1510 seconds
Training and Evaluating takes 0.01259613037109375 seconds.
Until Preparation: 0.0004987716674804688.
Until Calculation: 0.0006945133209228516.
Until linalg solve: 0.040486812591552734.
Regression solved in 0.1525 seconds
Training and Evaluating takes 0.0047605037689208984 seconds.
Until Preparation: 0.0005040168762207031.
Until Calculation: 0.0006833076477050781.
Until linalg solve: 0.03995656967163086.
Regression solved in 0.1520 seconds
Training and Evaluating takes 0.012436628341674805 seconds.
Until Preparation: 0.0004811286926269531.
Until Calculation: 0.0006687641143798828.
Until linalg solve: 0.03942084312438965.
Regression solved in 0.1529 seconds
Training and Evaluating takes 0.005848884582519531 seconds.
Until Preparation: 0.0005156993865966797.
Until Calculation: 0.0007147789001464844.
Until linalg solve: 0.040349483489990234.
Regression solved in 0.1528 seconds
Training and Evaluating takes 0.016187191009521484 seconds.
Until Preparation: 0.0004858970642089844.
Until Calculation: 0.0006649494171142578.
Until linalg solve: 0.03896522521972656.
Regression solved in 0.1514 seconds
Training and Evaluating takes 0.012091875076293945 seconds.
Until Preparation: 0.0005097389221191406.
Until Calculation: 0.0007047653198242188.
Until linalg solve: 0.0406644344329834.
Regression solved in 0.1524 seconds
Training and Evaluating takes 0.015533685684204102 seconds.
Until Preparation: 0.00048542022705078125.
Until Calculation: 0.0006775856018066406.
Until linalg solve: 0.0401301383972168.
Regression solved in 0.1604 seconds
Training and Evaluating takes 0.010301351547241211 seconds.
Until Preparation: 0.0004837512969970703.
Until Calculation: 0.0006694793701171875.
Until linalg solve: 0.03922319412231445.
Regression solved in 0.1517 seconds
Training and Evaluating takes 0.003827810287475586 seconds.
Until Preparation: 0.0005567073822021484.
Until Calculation: 0.0007610321044921875.
Until linalg solve: 0.04040241241455078.
Regression solved in 0.1595 seconds
Training and Evaluating takes 0.014360189437866211 seconds.
Until Preparation: 0.0004787445068359375.
Until Calculation: 0.0006628036499023438.
Until linalg solve: 0.0387415885925293.
Regression solved in 0.1516 seconds
Training and Evaluating takes 0.002738475799560547 seconds.
Until Preparation: 0.0005121231079101562.
Until Calculation: 0.0007069110870361328.
Until linalg solve: 0.040735483169555664.
Regression solved in 0.1521 seconds
Training and Evaluating takes 0.015142202377319336 seconds.
Until Preparation: 0.0004971027374267578.
Until Calculation: 0.0007219314575195312.
Until linalg solve: 0.04004383087158203.
Regression solved in 0.1516 seconds
Training and Evaluating takes 0.014146566390991211 seconds.
Until Preparation: 0.000530242919921875.
Until Calculation: 0.0007121562957763672.
Until linalg solve: 0.03953099250793457.
Regression solved in 0.1512 seconds
Training and Evaluating takes 0.002798318862915039 seconds.
Until Preparation: 0.0005178451538085938.
Until Calculation: 0.0007121562957763672.
Until linalg solve: 0.04040980339050293.
Regression solved in 0.1520 seconds
Training and Evaluating takes 0.015885114669799805 seconds.
Until Preparation: 0.0005016326904296875.
Until Calculation: 0.00067901611328125.
Until linalg solve: 0.038872718811035156.
Regression solved in 0.1503 seconds
Training and Evaluating takes 0.0018842220306396484 seconds.
Until Preparation: 0.0005168914794921875.
Until Calculation: 0.0007178783416748047.
Until linalg solve: 0.04070878028869629.
Regression solved in 0.1527 seconds
Training and Evaluating takes 0.015466690063476562 seconds.
Until Preparation: 0.0005168914794921875.
Until Calculation: 0.0006971359252929688.
Until linalg solve: 0.040166616439819336.
Regression solved in 0.1521 seconds
Training and Evaluating takes 0.014679431915283203 seconds.
Until Preparation: 0.0005137920379638672.
Until Calculation: 0.0006933212280273438.
Until linalg solve: 0.03951740264892578.
Regression solved in 0.1520 seconds
Training and Evaluating takes 0.014455080032348633 seconds.
Until Preparation: 0.0005195140838623047.
Until Calculation: 0.0007197856903076172.
Until linalg solve: 0.040345191955566406.
Regression solved in 0.1524 seconds
Training and Evaluating takes 0.01454019546508789 seconds.
Until Preparation: 0.0005207061767578125.
Until Calculation: 0.0007021427154541016.
Until linalg solve: 0.03903627395629883.
Regression solved in 0.1527 seconds
Training and Evaluating takes 0.010669708251953125 seconds.
Until Preparation: 0.0005109310150146484.
Until Calculation: 0.0007033348083496094.
Until linalg solve: 0.04057741165161133.
Regression solved in 0.1521 seconds
Training and Evaluating takes 0.013030529022216797 seconds.
Until Preparation: 0.000507354736328125.
Until Calculation: 0.0006864070892333984.
Until linalg solve: 0.039964914321899414.
Regression solved in 0.1517 seconds
Training and Evaluating takes 0.014995336532592773 seconds.
Until Preparation: 0.0005183219909667969.
Until Calculation: 0.0006966590881347656.
Until linalg solve: 0.03936886787414551.
Regression solved in 0.1512 seconds
Training and Evaluating takes 0.013252019882202148 seconds.
Until Preparation: 0.0005192756652832031.
Until Calculation: 0.0007154941558837891.
Until linalg solve: 0.04030632972717285.
Regression solved in 0.1523 seconds
Training and Evaluating takes 0.014682531356811523 seconds.
Until Preparation: 0.0005137920379638672.
Until Calculation: 0.0006961822509765625.
Until linalg solve: 0.038921356201171875.
Regression solved in 0.1509 seconds
Training and Evaluating takes 0.012233734130859375 seconds.
Until Preparation: 0.0005202293395996094.
Until Calculation: 0.0007185935974121094.
Until linalg solve: 0.04066038131713867.
Regression solved in 0.1528 seconds
Training and Evaluating takes 0.015275716781616211 seconds.
Until Preparation: 0.0005049705505371094.
Until Calculation: 0.0006995201110839844.
Until linalg solve: 0.040003061294555664.
Regression solved in 0.1522 seconds
Training and Evaluating takes 0.013745784759521484 seconds.
Until Preparation: 0.0005125999450683594.
Until Calculation: 0.0006933212280273438.
Until linalg solve: 0.03914499282836914.
Regression solved in 0.1511 seconds
Training and Evaluating takes 0.013347625732421875 seconds.
Until Preparation: 0.0005152225494384766.
Until Calculation: 0.0007097721099853516.
Until linalg solve: 0.04037356376647949.
Regression solved in 0.1523 seconds
Training and Evaluating takes 0.01570868492126465 seconds.
Until Preparation: 0.0005152225494384766.
Until Calculation: 0.0006966590881347656.
Until linalg solve: 0.03866171836853027.
Regression solved in 0.1507 seconds
Training and Evaluating takes 0.012486457824707031 seconds.
Until Preparation: 0.0005171298980712891.
Until Calculation: 0.0007255077362060547.
Until linalg solve: 0.04068255424499512.
Regression solved in 0.1625 seconds
Training and Evaluating takes 0.01564335823059082 seconds.
Until Preparation: 0.0005185604095458984.
Until Calculation: 0.0006988048553466797.
Until linalg solve: 0.04008030891418457.
Regression solved in 0.1521 seconds
Training and Evaluating takes 0.014638662338256836 seconds.
Until Preparation: 0.0005140304565429688.
Until Calculation: 0.0006978511810302734.
Until linalg solve: 0.039528608322143555.
Regression solved in 0.1515 seconds
Training and Evaluating takes 0.012932062149047852 seconds.
    Permutation 40/100 done
Until Preparation: 0.0005180835723876953.
Until Calculation: 0.0007140636444091797.
Until linalg solve: 0.04044675827026367.
Regression solved in 0.1534 seconds
Training and Evaluating takes 0.015367507934570312 seconds.
Until Preparation: 0.0004904270172119141.
Until Calculation: 0.0006856918334960938.
Until linalg solve: 0.038935184478759766.
Regression solved in 0.1540 seconds
Training and Evaluating takes 0.012233972549438477 seconds.
Until Preparation: 0.0005156993865966797.
Until Calculation: 0.0007126331329345703.
Until linalg solve: 0.04073166847229004.
Regression solved in 0.1573 seconds
Training and Evaluating takes 0.015725374221801758 seconds.
Until Preparation: 0.0005128383636474609.
Until Calculation: 0.0006940364837646484.
Until linalg solve: 0.04014182090759277.
Regression solved in 0.1539 seconds
Training and Evaluating takes 0.017835617065429688 seconds.
Until Preparation: 0.0005002021789550781.
Until Calculation: 0.0006737709045410156.
Until linalg solve: 0.03922772407531738.
Regression solved in 0.1516 seconds
Training and Evaluating takes 0.004717350006103516 seconds.
Until Preparation: 0.0004973411560058594.
Until Calculation: 0.0006914138793945312.
Until linalg solve: 0.0402979850769043.
Regression solved in 0.1534 seconds
Training and Evaluating takes 0.008275508880615234 seconds.
Until Preparation: 0.0004811286926269531.
Until Calculation: 0.0006551742553710938.
Until linalg solve: 0.03892397880554199.
Regression solved in 0.1506 seconds
Training and Evaluating takes 0.013003349304199219 seconds.
Until Preparation: 0.0005152225494384766.
Until Calculation: 0.0007150173187255859.
Until linalg solve: 0.04068708419799805.
Regression solved in 0.1524 seconds
Training and Evaluating takes 0.015716075897216797 seconds.
Until Preparation: 0.0005164146423339844.
Until Calculation: 0.0007071495056152344.
Until linalg solve: 0.04025125503540039.
Regression solved in 0.1519 seconds
Training and Evaluating takes 0.0041713714599609375 seconds.
Until Preparation: 0.0004904270172119141.
Until Calculation: 0.0006611347198486328.
Until linalg solve: 0.03936338424682617.
Regression solved in 0.1591 seconds
Training and Evaluating takes 0.012959957122802734 seconds.
Until Preparation: 0.0005662441253662109.
Until Calculation: 0.0007755756378173828.
Until linalg solve: 0.04037046432495117.
Regression solved in 0.1601 seconds
Training and Evaluating takes 0.015938282012939453 seconds.
Until Preparation: 0.00048470497131347656.
Until Calculation: 0.0006582736968994141.
Until linalg solve: 0.03878426551818848.
Regression solved in 0.1583 seconds
Training and Evaluating takes 0.0022001266479492188 seconds.
Until Preparation: 0.0005338191986083984.
Until Calculation: 0.0007388591766357422.
Until linalg solve: 0.04067802429199219.
Regression solved in 0.1606 seconds
Training and Evaluating takes 0.015580892562866211 seconds.
Until Preparation: 0.0005056858062744141.
Until Calculation: 0.0006866455078125.
Until linalg solve: 0.04009222984313965.
Regression solved in 0.1554 seconds
Training and Evaluating takes 0.018323659896850586 seconds.
Until Preparation: 0.0005125999450683594.
Until Calculation: 0.0006923675537109375.
Until linalg solve: 0.03957200050354004.
Regression solved in 0.1515 seconds
Training and Evaluating takes 0.013025045394897461 seconds.
Until Preparation: 0.0004971027374267578.
Until Calculation: 0.0006902217864990234.
Until linalg solve: 0.040372371673583984.
Regression solved in 0.1531 seconds
Training and Evaluating takes 0.014476537704467773 seconds.
Until Preparation: 0.0005309581756591797.
Until Calculation: 0.0007097721099853516.
Until linalg solve: 0.03881025314331055.
Regression solved in 0.1519 seconds
Training and Evaluating takes 0.012310266494750977 seconds.
Until Preparation: 0.0005140304565429688.
Until Calculation: 0.0007185935974121094.
Until linalg solve: 0.040575265884399414.
Regression solved in 0.1539 seconds
Training and Evaluating takes 0.015453815460205078 seconds.
Until Preparation: 0.0005977153778076172.
Until Calculation: 0.000804901123046875.
Until linalg solve: 0.04011702537536621.
Regression solved in 0.1586 seconds
Training and Evaluating takes 0.015113353729248047 seconds.
Until Preparation: 0.0005228519439697266.
Until Calculation: 0.0007035732269287109.
Until linalg solve: 0.03954911231994629.
Regression solved in 0.1527 seconds
Training and Evaluating takes 0.014768600463867188 seconds.
Until Preparation: 0.0005168914794921875.
Until Calculation: 0.0007147789001464844.
Until linalg solve: 0.04049968719482422.
Regression solved in 0.1578 seconds
Training and Evaluating takes 0.01619100570678711 seconds.
Until Preparation: 0.0005066394805908203.
Until Calculation: 0.0006883144378662109.
Until linalg solve: 0.03894925117492676.
Regression solved in 0.1510 seconds
Training and Evaluating takes 0.013195991516113281 seconds.
Until Preparation: 0.0005133152008056641.
Until Calculation: 0.0007102489471435547.
Until linalg solve: 0.04062652587890625.
Regression solved in 0.1527 seconds
Training and Evaluating takes 0.016369104385375977 seconds.
Until Preparation: 0.0005049705505371094.
Until Calculation: 0.0006864070892333984.
Until linalg solve: 0.04006648063659668.
Regression solved in 0.1594 seconds
Training and Evaluating takes 0.014380455017089844 seconds.
Until Preparation: 0.0005230903625488281.
Until Calculation: 0.0007040500640869141.
Until linalg solve: 0.03923654556274414.
Regression solved in 0.1570 seconds
Training and Evaluating takes 0.014502763748168945 seconds.
Until Preparation: 0.0005261898040771484.
Until Calculation: 0.0007240772247314453.
Until linalg solve: 0.04032135009765625.
Regression solved in 0.1596 seconds
Training and Evaluating takes 0.01526498794555664 seconds.
Until Preparation: 0.0005223751068115234.
Until Calculation: 0.0007164478302001953.
Until linalg solve: 0.038983821868896484.
Regression solved in 0.1590 seconds
Training and Evaluating takes 0.006471157073974609 seconds.
Until Preparation: 0.0005238056182861328.
Until Calculation: 0.0007226467132568359.
Until linalg solve: 0.04077410697937012.
Regression solved in 0.1610 seconds
Training and Evaluating takes 0.022234678268432617 seconds.
Until Preparation: 0.0004999637603759766.
Until Calculation: 0.0006983280181884766.
Until linalg solve: 0.040191650390625.
Regression solved in 0.1575 seconds
Training and Evaluating takes 0.0049130916595458984 seconds.
Until Preparation: 0.0004940032958984375.
Until Calculation: 0.0006868839263916016.
Until linalg solve: 0.03941988945007324.
Regression solved in 0.1598 seconds
Training and Evaluating takes 0.012984514236450195 seconds.
Until Preparation: 0.0005173683166503906.
Until Calculation: 0.0007176399230957031.
Until linalg solve: 0.0404205322265625.
Regression solved in 0.1603 seconds
Training and Evaluating takes 0.015753984451293945 seconds.
Until Preparation: 0.0005466938018798828.
Until Calculation: 0.0007338523864746094.
Until linalg solve: 0.03904438018798828.
Regression solved in 0.1597 seconds
Training and Evaluating takes 0.012589216232299805 seconds.
Until Preparation: 0.0005104541778564453.
Until Calculation: 0.0007214546203613281.
Until linalg solve: 0.0406804084777832.
Regression solved in 0.1633 seconds
Training and Evaluating takes 0.006148815155029297 seconds.
Until Preparation: 0.0005352497100830078.
Until Calculation: 0.0008094310760498047.
Until linalg solve: 0.04005265235900879.
Regression solved in 0.1598 seconds
Training and Evaluating takes 0.006381988525390625 seconds.
Until Preparation: 0.00048065185546875.
Until Calculation: 0.0006546974182128906.
Until linalg solve: 0.03927206993103027.
Regression solved in 0.1606 seconds
Training and Evaluating takes 0.003072977066040039 seconds.
Until Preparation: 0.0005195140838623047.
Until Calculation: 0.0007176399230957031.
Until linalg solve: 0.0404508113861084.
Regression solved in 0.1545 seconds
Training and Evaluating takes 0.009655952453613281 seconds.
Until Preparation: 0.0004971027374267578.
Until Calculation: 0.00067138671875.
Until linalg solve: 0.038782358169555664.
Regression solved in 0.1502 seconds
Training and Evaluating takes 0.001971721649169922 seconds.
Until Preparation: 0.0005252361297607422.
Until Calculation: 0.0007255077362060547.
Until linalg solve: 0.04062986373901367.
Regression solved in 0.1521 seconds
Training and Evaluating takes 0.009557485580444336 seconds.
Until Preparation: 0.000518798828125.
Until Calculation: 0.0006937980651855469.
Until linalg solve: 0.040082693099975586.
Regression solved in 0.1519 seconds
Training and Evaluating takes 0.003856182098388672 seconds.
Until Preparation: 0.0004963874816894531.
Until Calculation: 0.0006682872772216797.
Until linalg solve: 0.03946995735168457.
Regression solved in 0.1516 seconds
Training and Evaluating takes 0.003052949905395508 seconds.
Until Preparation: 0.0004930496215820312.
Until Calculation: 0.0007004737854003906.
Until linalg solve: 0.04033827781677246.
Regression solved in 0.1548 seconds
Training and Evaluating takes 0.021356582641601562 seconds.
Until Preparation: 0.0004951953887939453.
Until Calculation: 0.0006685256958007812.
Until linalg solve: 0.038909196853637695.
Regression solved in 0.1562 seconds
Training and Evaluating takes 0.002460956573486328 seconds.
Until Preparation: 0.0005099773406982422.
Until Calculation: 0.0007069110870361328.
Until linalg solve: 0.04065108299255371.
Regression solved in 0.1628 seconds
Training and Evaluating takes 0.016476154327392578 seconds.
Until Preparation: 0.0005450248718261719.
Until Calculation: 0.0007305145263671875.
Until linalg solve: 0.04017210006713867.
Regression solved in 0.1613 seconds
Training and Evaluating takes 0.015450000762939453 seconds.
Until Preparation: 0.0004918575286865234.
Until Calculation: 0.0006692409515380859.
Until linalg solve: 0.03926730155944824.
Regression solved in 0.1596 seconds
Training and Evaluating takes 0.014269113540649414 seconds.
Until Preparation: 0.000522613525390625.
Until Calculation: 0.0007185935974121094.
Until linalg solve: 0.04050469398498535.
Regression solved in 0.1522 seconds
Training and Evaluating takes 0.015727996826171875 seconds.
Until Preparation: 0.0004909038543701172.
Until Calculation: 0.0006878376007080078.
Until linalg solve: 0.03880620002746582.
Regression solved in 0.1504 seconds
Training and Evaluating takes 0.012875556945800781 seconds.
Until Preparation: 0.0005114078521728516.
Until Calculation: 0.0007073879241943359.
Until linalg solve: 0.040364980697631836.
Regression solved in 0.1541 seconds
Training and Evaluating takes 0.017148733139038086 seconds.
Until Preparation: 0.0005092620849609375.
Until Calculation: 0.0006914138793945312.
Until linalg solve: 0.039958953857421875.
Regression solved in 0.1518 seconds
Training and Evaluating takes 0.01394963264465332 seconds.
Until Preparation: 0.0005123615264892578.
Until Calculation: 0.0006930828094482422.
Until linalg solve: 0.039229631423950195.
Regression solved in 0.1510 seconds
Training and Evaluating takes 0.013466596603393555 seconds.
Until Preparation: 0.0005235671997070312.
Until Calculation: 0.0007164478302001953.
Until linalg solve: 0.0404360294342041.
Regression solved in 0.1522 seconds
Training and Evaluating takes 0.014789819717407227 seconds.
Until Preparation: 0.0005257129669189453.
Until Calculation: 0.0007059574127197266.
Until linalg solve: 0.039008140563964844.
Regression solved in 0.1526 seconds
Training and Evaluating takes 0.012494802474975586 seconds.
Until Preparation: 0.0005171298980712891.
Until Calculation: 0.0007157325744628906.
Until linalg solve: 0.04065847396850586.
Regression solved in 0.1529 seconds
Training and Evaluating takes 0.016188621520996094 seconds.
Until Preparation: 0.0005171298980712891.
Until Calculation: 0.0006971359252929688.
Until linalg solve: 0.04007434844970703.
Regression solved in 0.1519 seconds
Training and Evaluating takes 0.013860464096069336 seconds.
Until Preparation: 0.0005130767822265625.
Until Calculation: 0.0006909370422363281.
Until linalg solve: 0.039243221282958984.
Regression solved in 0.1512 seconds
Training and Evaluating takes 0.013290882110595703 seconds.
Until Preparation: 0.0005228519439697266.
Until Calculation: 0.0007221698760986328.
Until linalg solve: 0.04060220718383789.
Regression solved in 0.1528 seconds
Training and Evaluating takes 0.015190839767456055 seconds.
Until Preparation: 0.00048828125.
Until Calculation: 0.0006628036499023438.
Until linalg solve: 0.038773298263549805.
Regression solved in 0.1510 seconds
Training and Evaluating takes 0.0036640167236328125 seconds.
Until Preparation: 0.0004909038543701172.
Until Calculation: 0.0006871223449707031.
Until linalg solve: 0.04049563407897949.
Regression solved in 0.1619 seconds
Training and Evaluating takes 0.014492511749267578 seconds.
Until Preparation: 0.0005326271057128906.
Until Calculation: 0.0007154941558837891.
Until linalg solve: 0.04015994071960449.
Regression solved in 0.1522 seconds
Training and Evaluating takes 0.01456594467163086 seconds.
Until Preparation: 0.0005090236663818359.
Until Calculation: 0.0006883144378662109.
Until linalg solve: 0.03940463066101074.
Regression solved in 0.1515 seconds
Training and Evaluating takes 0.012911796569824219 seconds.
Until Preparation: 0.0005259513854980469.
Until Calculation: 0.0007214546203613281.
Until linalg solve: 0.04051375389099121.
Regression solved in 0.1524 seconds
Training and Evaluating takes 0.015559911727905273 seconds.
Until Preparation: 0.0005166530609130859.
Until Calculation: 0.0006999969482421875.
Until linalg solve: 0.03896641731262207.
Regression solved in 0.1599 seconds
Training and Evaluating takes 0.014873027801513672 seconds.
Until Preparation: 0.0005621910095214844.
Until Calculation: 0.0007879734039306641.
Until linalg solve: 0.04063844680786133.
Regression solved in 0.1537 seconds
Training and Evaluating takes 0.016101598739624023 seconds.
Until Preparation: 0.0005059242248535156.
Until Calculation: 0.0006985664367675781.
Until linalg solve: 0.039911746978759766.
Regression solved in 0.1522 seconds
Training and Evaluating takes 0.014433860778808594 seconds.
Until Preparation: 0.0005102157592773438.
Until Calculation: 0.0007050037384033203.
Until linalg solve: 0.03953671455383301.
Regression solved in 0.1526 seconds
Training and Evaluating takes 0.013901472091674805 seconds.
Until Preparation: 0.0005104541778564453.
Until Calculation: 0.0007045269012451172.
Until linalg solve: 0.04058384895324707.
Regression solved in 0.1521 seconds
Training and Evaluating takes 0.015926361083984375 seconds.
Until Preparation: 0.0004990100860595703.
Until Calculation: 0.0006797313690185547.
Until linalg solve: 0.0387423038482666.
Regression solved in 0.1508 seconds
Training and Evaluating takes 0.012473344802856445 seconds.
Until Preparation: 0.0005064010620117188.
Until Calculation: 0.0007038116455078125.
Until linalg solve: 0.04047894477844238.
Regression solved in 0.1529 seconds
Training and Evaluating takes 0.016150712966918945 seconds.
Until Preparation: 0.0005085468292236328.
Until Calculation: 0.0006864070892333984.
Until linalg solve: 0.04002881050109863.
Regression solved in 0.1523 seconds
Training and Evaluating takes 0.004462242126464844 seconds.
Until Preparation: 0.0004963874816894531.
Until Calculation: 0.0006701946258544922.
Until linalg solve: 0.03940773010253906.
Regression solved in 0.1511 seconds
Training and Evaluating takes 0.014199495315551758 seconds.
Until Preparation: 0.000530242919921875.
Until Calculation: 0.0007245540618896484.
Until linalg solve: 0.040528297424316406.
Regression solved in 0.1520 seconds
Training and Evaluating takes 0.015002250671386719 seconds.
Until Preparation: 0.0005185604095458984.
Until Calculation: 0.0006968975067138672.
Until linalg solve: 0.03886103630065918.
Regression solved in 0.1503 seconds
Training and Evaluating takes 0.012917518615722656 seconds.
Until Preparation: 0.0005044937133789062.
Until Calculation: 0.0006973743438720703.
Until linalg solve: 0.04040360450744629.
Regression solved in 0.1520 seconds
Training and Evaluating takes 0.015939950942993164 seconds.
Until Preparation: 0.0004889965057373047.
Until Calculation: 0.0006806850433349609.
Until linalg solve: 0.04001307487487793.
Regression solved in 0.1515 seconds
Training and Evaluating takes 0.014351129531860352 seconds.
Until Preparation: 0.0004787445068359375.
Until Calculation: 0.0006499290466308594.
Until linalg solve: 0.039171457290649414.
Regression solved in 0.1504 seconds
Training and Evaluating takes 0.00431513786315918 seconds.
Until Preparation: 0.0005035400390625.
Until Calculation: 0.0006999969482421875.
Until linalg solve: 0.04043459892272949.
Regression solved in 0.1517 seconds
Training and Evaluating takes 0.014616966247558594 seconds.
Until Preparation: 0.0005021095275878906.
Until Calculation: 0.0006802082061767578.
Until linalg solve: 0.03886842727661133.
Regression solved in 0.1503 seconds
Training and Evaluating takes 0.00550532341003418 seconds.
Until Preparation: 0.0004894733428955078.
Until Calculation: 0.0006811618804931641.
Until linalg solve: 0.04056286811828613.
Regression solved in 0.1523 seconds
Training and Evaluating takes 0.015217065811157227 seconds.
Until Preparation: 0.0005102157592773438.
Until Calculation: 0.0007059574127197266.
Until linalg solve: 0.040186405181884766.
Regression solved in 0.1518 seconds
Training and Evaluating takes 0.013944625854492188 seconds.
Until Preparation: 0.0005080699920654297.
Until Calculation: 0.0006923675537109375.
Until linalg solve: 0.03922414779663086.
Regression solved in 0.1507 seconds
Training and Evaluating takes 0.012751102447509766 seconds.
Until Preparation: 0.0005202293395996094.
Until Calculation: 0.0007181167602539062.
Until linalg solve: 0.040282249450683594.
Regression solved in 0.1524 seconds
Training and Evaluating takes 0.015602350234985352 seconds.
Until Preparation: 0.0005180835723876953.
Until Calculation: 0.0007040500640869141.
Until linalg solve: 0.038756370544433594.
Regression solved in 0.1508 seconds
Training and Evaluating takes 0.013329744338989258 seconds.
Until Preparation: 0.0005137920379638672.
Until Calculation: 0.0007092952728271484.
Until linalg solve: 0.040668487548828125.
Regression solved in 0.1524 seconds
Training and Evaluating takes 0.01558232307434082 seconds.
Until Preparation: 0.0005137920379638672.
Until Calculation: 0.0007097721099853516.
Until linalg solve: 0.04012727737426758.
Regression solved in 0.1513 seconds
Training and Evaluating takes 0.014417886734008789 seconds.
Until Preparation: 0.0005135536193847656.
Until Calculation: 0.0006885528564453125.
Until linalg solve: 0.03949928283691406.
Regression solved in 0.1509 seconds
Training and Evaluating takes 0.014540433883666992 seconds.
Until Preparation: 0.0005090236663818359.
Until Calculation: 0.0007195472717285156.
Until linalg solve: 0.040225982666015625.
Regression solved in 0.1520 seconds
Training and Evaluating takes 0.015869140625 seconds.
Until Preparation: 0.0004973411560058594.
Until Calculation: 0.0006754398345947266.
Until linalg solve: 0.038861751556396484.
Regression solved in 0.1525 seconds
Training and Evaluating takes 0.012654781341552734 seconds.
Until Preparation: 0.0005130767822265625.
Until Calculation: 0.0007102489471435547.
Until linalg solve: 0.04078030586242676.
Regression solved in 0.1524 seconds
Training and Evaluating takes 0.01575303077697754 seconds.
Until Preparation: 0.0005102157592773438.
Until Calculation: 0.0007085800170898438.
Until linalg solve: 0.04020118713378906.
Regression solved in 0.1517 seconds
Training and Evaluating takes 0.014113187789916992 seconds.
Until Preparation: 0.0005102157592773438.
Until Calculation: 0.0006911754608154297.
Until linalg solve: 0.039246559143066406.
Regression solved in 0.1512 seconds
Training and Evaluating takes 0.013291597366333008 seconds.
Until Preparation: 0.0005238056182861328.
Until Calculation: 0.0007238388061523438.
Until linalg solve: 0.040247440338134766.
Regression solved in 0.1524 seconds
Training and Evaluating takes 0.014452695846557617 seconds.
Until Preparation: 0.0005018711090087891.
Until Calculation: 0.0006823539733886719.
Until linalg solve: 0.03876900672912598.
Regression solved in 0.1503 seconds
Training and Evaluating takes 0.012892723083496094 seconds.
Until Preparation: 0.0005102157592773438.
Until Calculation: 0.0007061958312988281.
Until linalg solve: 0.04069876670837402.
Regression solved in 0.1522 seconds
Training and Evaluating takes 0.015833377838134766 seconds.
Until Preparation: 0.00051116943359375.
Until Calculation: 0.0007052421569824219.
Until linalg solve: 0.04015755653381348.
Regression solved in 0.1521 seconds
Training and Evaluating takes 0.017818689346313477 seconds.
Until Preparation: 0.0005173683166503906.
Until Calculation: 0.0007023811340332031.
Until linalg solve: 0.03957939147949219.
Regression solved in 0.1514 seconds
Training and Evaluating takes 0.014111995697021484 seconds.
Until Preparation: 0.0005216598510742188.
Until Calculation: 0.0007197856903076172.
Until linalg solve: 0.04048514366149902.
Regression solved in 0.1522 seconds
Training and Evaluating takes 0.015803098678588867 seconds.
Until Preparation: 0.0005071163177490234.
Until Calculation: 0.0006899833679199219.
Until linalg solve: 0.038738250732421875.
Regression solved in 0.1504 seconds
Training and Evaluating takes 0.013770818710327148 seconds.
Until Preparation: 0.0005137920379638672.
Until Calculation: 0.0007092952728271484.
Until linalg solve: 0.04065823554992676.
Regression solved in 0.1524 seconds
Training and Evaluating takes 0.015584945678710938 seconds.
Until Preparation: 0.000507354736328125.
Until Calculation: 0.00069427490234375.
Until linalg solve: 0.039956092834472656.
Regression solved in 0.1519 seconds
Training and Evaluating takes 0.013784170150756836 seconds.
Until Preparation: 0.0005025863647460938.
Until Calculation: 0.0006802082061767578.
Until linalg solve: 0.0392460823059082.
Regression solved in 0.1507 seconds
Training and Evaluating takes 0.0029315948486328125 seconds.
    Permutation 60/100 done
Until Preparation: 0.0005114078521728516.
Until Calculation: 0.0007102489471435547.
Until linalg solve: 0.04060626029968262.
Regression solved in 0.1524 seconds
Training and Evaluating takes 0.01561737060546875 seconds.
Until Preparation: 0.0005080699920654297.
Until Calculation: 0.0006878376007080078.
Until linalg solve: 0.03893852233886719.
Regression solved in 0.1567 seconds
Training and Evaluating takes 0.01348733901977539 seconds.
Until Preparation: 0.0005087852478027344.
Until Calculation: 0.0007071495056152344.
Until linalg solve: 0.04056572914123535.
Regression solved in 0.1529 seconds
Training and Evaluating takes 0.015124320983886719 seconds.
Until Preparation: 0.0005097389221191406.
Until Calculation: 0.0006945133209228516.
Until linalg solve: 0.03987622261047363.
Regression solved in 0.1514 seconds
Training and Evaluating takes 0.014212369918823242 seconds.
Until Preparation: 0.0005078315734863281.
Until Calculation: 0.0006887912750244141.
Until linalg solve: 0.03938102722167969.
Regression solved in 0.1510 seconds
Training and Evaluating takes 0.013440608978271484 seconds.
Until Preparation: 0.0005221366882324219.
Until Calculation: 0.0007166862487792969.
Until linalg solve: 0.04058432579040527.
Regression solved in 0.1527 seconds
Training and Evaluating takes 0.0152740478515625 seconds.
Until Preparation: 0.0005078315734863281.
Until Calculation: 0.0006883144378662109.
Until linalg solve: 0.038713932037353516.
Regression solved in 0.1502 seconds
Training and Evaluating takes 0.012004852294921875 seconds.
Until Preparation: 0.0005121231079101562.
Until Calculation: 0.0007042884826660156.
Until linalg solve: 0.04047536849975586.
Regression solved in 0.1559 seconds
Training and Evaluating takes 0.01608753204345703 seconds.
Until Preparation: 0.0005114078521728516.
Until Calculation: 0.0006928443908691406.
Until linalg solve: 0.04009270668029785.
Regression solved in 0.1519 seconds
Training and Evaluating takes 0.014827728271484375 seconds.
Until Preparation: 0.0005190372467041016.
Until Calculation: 0.0007016658782958984.
Until linalg solve: 0.0391840934753418.
Regression solved in 0.1575 seconds
Training and Evaluating takes 0.012973546981811523 seconds.
Until Preparation: 0.0005352497100830078.
Until Calculation: 0.0007486343383789062.
Until linalg solve: 0.04046487808227539.
Regression solved in 0.1600 seconds
Training and Evaluating takes 0.016097068786621094 seconds.
Until Preparation: 0.0005109310150146484.
Until Calculation: 0.000690460205078125.
Until linalg solve: 0.03879213333129883.
Regression solved in 0.1576 seconds
Training and Evaluating takes 0.013732433319091797 seconds.
Until Preparation: 0.0005197525024414062.
Until Calculation: 0.0007185935974121094.
Until linalg solve: 0.04068446159362793.
Regression solved in 0.1625 seconds
Training and Evaluating takes 0.01561594009399414 seconds.
Until Preparation: 0.0005161762237548828.
Until Calculation: 0.0007035732269287109.
Until linalg solve: 0.04003739356994629.
Regression solved in 0.1600 seconds
Training and Evaluating takes 0.014799833297729492 seconds.
Until Preparation: 0.0005185604095458984.
Until Calculation: 0.000705718994140625.
Until linalg solve: 0.03927779197692871.
Regression solved in 0.1571 seconds
Training and Evaluating takes 0.013290643692016602 seconds.
Until Preparation: 0.0005280971527099609.
Until Calculation: 0.0007317066192626953.
Until linalg solve: 0.04024052619934082.
Regression solved in 0.1600 seconds
Training and Evaluating takes 0.015013933181762695 seconds.
Until Preparation: 0.0005514621734619141.
Until Calculation: 0.0007467269897460938.
Until linalg solve: 0.03904223442077637.
Regression solved in 0.1575 seconds
Training and Evaluating takes 0.013748884201049805 seconds.
Until Preparation: 0.0005567073822021484.
Until Calculation: 0.0007579326629638672.
Until linalg solve: 0.04080915451049805.
Regression solved in 0.1603 seconds
Training and Evaluating takes 0.01588749885559082 seconds.
Until Preparation: 0.0005478858947753906.
Until Calculation: 0.0007383823394775391.
Until linalg solve: 0.0401606559753418.
Regression solved in 0.1594 seconds
Training and Evaluating takes 0.014368295669555664 seconds.
Until Preparation: 0.0005125999450683594.
Until Calculation: 0.000690460205078125.
Until linalg solve: 0.039216041564941406.
Regression solved in 0.1512 seconds
Training and Evaluating takes 0.013207674026489258 seconds.
Until Preparation: 0.0005228519439697266.
Until Calculation: 0.0007264614105224609.
Until linalg solve: 0.04037332534790039.
Regression solved in 0.1586 seconds
Training and Evaluating takes 0.015404701232910156 seconds.
Until Preparation: 0.0005409717559814453.
Until Calculation: 0.0007386207580566406.
Until linalg solve: 0.038869619369506836.
Regression solved in 0.1586 seconds
Training and Evaluating takes 0.012768983840942383 seconds.
Until Preparation: 0.0005095005035400391.
Until Calculation: 0.0007064342498779297.
Until linalg solve: 0.04053306579589844.
Regression solved in 0.1522 seconds
Training and Evaluating takes 0.015928268432617188 seconds.
Until Preparation: 0.0005254745483398438.
Until Calculation: 0.0007143020629882812.
Until linalg solve: 0.040015220642089844.
Regression solved in 0.1594 seconds
Training and Evaluating takes 0.015259027481079102 seconds.
Until Preparation: 0.0005168914794921875.
Until Calculation: 0.000698089599609375.
Until linalg solve: 0.039235591888427734.
Regression solved in 0.1593 seconds
Training and Evaluating takes 0.013078451156616211 seconds.
Until Preparation: 0.0005314350128173828.
Until Calculation: 0.0007302761077880859.
Until linalg solve: 0.04055356979370117.
Regression solved in 0.1600 seconds
Training and Evaluating takes 0.01493072509765625 seconds.
Until Preparation: 0.0005245208740234375.
Until Calculation: 0.0007147789001464844.
Until linalg solve: 0.03890800476074219.
Regression solved in 0.1607 seconds
Training and Evaluating takes 0.012662887573242188 seconds.
Until Preparation: 0.0004994869232177734.
Until Calculation: 0.0006930828094482422.
Until linalg solve: 0.04075121879577637.
Regression solved in 0.1540 seconds
Training and Evaluating takes 0.017705678939819336 seconds.
Until Preparation: 0.0005054473876953125.
Until Calculation: 0.0007376670837402344.
Until linalg solve: 0.039971351623535156.
Regression solved in 0.1511 seconds
Training and Evaluating takes 0.014371156692504883 seconds.
Until Preparation: 0.000518798828125.
Until Calculation: 0.0006992816925048828.
Until linalg solve: 0.039224863052368164.
Regression solved in 0.1516 seconds
Training and Evaluating takes 0.013841390609741211 seconds.
Until Preparation: 0.0005156993865966797.
Until Calculation: 0.0007088184356689453.
Until linalg solve: 0.0405278205871582.
Regression solved in 0.1543 seconds
Training and Evaluating takes 0.014709711074829102 seconds.
Until Preparation: 0.0004885196685791016.
Until Calculation: 0.0006771087646484375.
Until linalg solve: 0.03887677192687988.
Regression solved in 0.1505 seconds
Training and Evaluating takes 0.012703895568847656 seconds.
Until Preparation: 0.0005130767822265625.
Until Calculation: 0.0007107257843017578.
Until linalg solve: 0.04067111015319824.
Regression solved in 0.1529 seconds
Training and Evaluating takes 0.015182971954345703 seconds.
Until Preparation: 0.0005109310150146484.
Until Calculation: 0.0007226467132568359.
Until linalg solve: 0.03995561599731445.
Regression solved in 0.1534 seconds
Training and Evaluating takes 0.015267372131347656 seconds.
Until Preparation: 0.0004940032958984375.
Until Calculation: 0.0006666183471679688.
Until linalg solve: 0.039449214935302734.
Regression solved in 0.1517 seconds
Training and Evaluating takes 0.014569282531738281 seconds.
Until Preparation: 0.0005154609680175781.
Until Calculation: 0.0007178783416748047.
Until linalg solve: 0.04048585891723633.
Regression solved in 0.1522 seconds
Training and Evaluating takes 0.01578998565673828 seconds.
Until Preparation: 0.000492095947265625.
Until Calculation: 0.0006806850433349609.
Until linalg solve: 0.038985490798950195.
Regression solved in 0.1506 seconds
Training and Evaluating takes 0.013556957244873047 seconds.
Until Preparation: 0.0005052089691162109.
Until Calculation: 0.0006964206695556641.
Until linalg solve: 0.04056668281555176.
Regression solved in 0.1525 seconds
Training and Evaluating takes 0.015617132186889648 seconds.
Until Preparation: 0.0005092620849609375.
Until Calculation: 0.0006921291351318359.
Until linalg solve: 0.04012775421142578.
Regression solved in 0.1517 seconds
Training and Evaluating takes 0.01009511947631836 seconds.
Until Preparation: 0.0005104541778564453.
Until Calculation: 0.0006878376007080078.
Until linalg solve: 0.039330244064331055.
Regression solved in 0.1513 seconds
Training and Evaluating takes 0.014107704162597656 seconds.
Until Preparation: 0.0005147457122802734.
Until Calculation: 0.0007102489471435547.
Until linalg solve: 0.04051709175109863.
Regression solved in 0.1523 seconds
Training and Evaluating takes 0.015509366989135742 seconds.
Until Preparation: 0.000713348388671875.
Until Calculation: 0.0008928775787353516.
Until linalg solve: 0.03906559944152832.
Regression solved in 0.1512 seconds
Training and Evaluating takes 0.012954473495483398 seconds.
Until Preparation: 0.0005083084106445312.
Until Calculation: 0.0007081031799316406.
Until linalg solve: 0.0403745174407959.
Regression solved in 0.1527 seconds
Training and Evaluating takes 0.016271591186523438 seconds.
Until Preparation: 0.0005097389221191406.
Until Calculation: 0.0006887912750244141.
Until linalg solve: 0.04004311561584473.
Regression solved in 0.1525 seconds
Training and Evaluating takes 0.014194726943969727 seconds.
Until Preparation: 0.0005080699920654297.
Until Calculation: 0.0006949901580810547.
Until linalg solve: 0.03949141502380371.
Regression solved in 0.1548 seconds
Training and Evaluating takes 0.014984846115112305 seconds.
Until Preparation: 0.0005679130554199219.
Until Calculation: 0.0007834434509277344.
Until linalg solve: 0.040579795837402344.
Regression solved in 0.1525 seconds
Training and Evaluating takes 0.00465083122253418 seconds.
Until Preparation: 0.0004811286926269531.
Until Calculation: 0.0006601810455322266.
Until linalg solve: 0.03869938850402832.
Regression solved in 0.1503 seconds
Training and Evaluating takes 0.012389183044433594 seconds.
Until Preparation: 0.0005092620849609375.
Until Calculation: 0.0007035732269287109.
Until linalg solve: 0.04053235054016113.
Regression solved in 0.1528 seconds
Training and Evaluating takes 0.016167640686035156 seconds.
Until Preparation: 0.0005164146423339844.
Until Calculation: 0.0007038116455078125.
Until linalg solve: 0.04003715515136719.
Regression solved in 0.1514 seconds
Training and Evaluating takes 0.015302658081054688 seconds.
Until Preparation: 0.0005145072937011719.
Until Calculation: 0.0006930828094482422.
Until linalg solve: 0.039396047592163086.
Regression solved in 0.1507 seconds
Training and Evaluating takes 0.014768838882446289 seconds.
Until Preparation: 0.0005152225494384766.
Until Calculation: 0.0007109642028808594.
Until linalg solve: 0.04034090042114258.
Regression solved in 0.1549 seconds
Training and Evaluating takes 0.01506185531616211 seconds.
Until Preparation: 0.00048422813415527344.
Until Calculation: 0.0006594657897949219.
Until linalg solve: 0.038770198822021484.
Regression solved in 0.1507 seconds
Training and Evaluating takes 0.0039098262786865234 seconds.
Until Preparation: 0.0004966259002685547.
Until Calculation: 0.0006914138793945312.
Until linalg solve: 0.040711164474487305.
Regression solved in 0.1523 seconds
Training and Evaluating takes 0.021294116973876953 seconds.
Until Preparation: 0.0005056858062744141.
Until Calculation: 0.0006875991821289062.
Until linalg solve: 0.0402066707611084.
Regression solved in 0.1545 seconds
Training and Evaluating takes 0.015194177627563477 seconds.
Until Preparation: 0.00048542022705078125.
Until Calculation: 0.0006754398345947266.
Until linalg solve: 0.03952193260192871.
Regression solved in 0.1515 seconds
Training and Evaluating takes 0.013376712799072266 seconds.
Until Preparation: 0.0005095005035400391.
Until Calculation: 0.0007207393646240234.
Until linalg solve: 0.04032564163208008.
Regression solved in 0.1527 seconds
Training and Evaluating takes 0.01425027847290039 seconds.
Until Preparation: 0.0005106925964355469.
Until Calculation: 0.0007007122039794922.
Until linalg solve: 0.03870391845703125.
Regression solved in 0.1507 seconds
Training and Evaluating takes 0.012480735778808594 seconds.
Until Preparation: 0.0005066394805908203.
Until Calculation: 0.0007011890411376953.
Until linalg solve: 0.04058718681335449.
Regression solved in 0.1566 seconds
Training and Evaluating takes 0.015453577041625977 seconds.
Until Preparation: 0.00051116943359375.
Until Calculation: 0.0007243156433105469.
Until linalg solve: 0.04015779495239258.
Regression solved in 0.1603 seconds
Training and Evaluating takes 0.01445770263671875 seconds.
Until Preparation: 0.0005600452423095703.
Until Calculation: 0.0008068084716796875.
Until linalg solve: 0.03961968421936035.
Regression solved in 0.1583 seconds
Training and Evaluating takes 0.014407634735107422 seconds.
Until Preparation: 0.0007431507110595703.
Until Calculation: 0.0009591579437255859.
Until linalg solve: 0.04056549072265625.
Regression solved in 0.1571 seconds
Training and Evaluating takes 0.01407623291015625 seconds.
Until Preparation: 0.0004961490631103516.
Until Calculation: 0.0006732940673828125.
Until linalg solve: 0.038722991943359375.
Regression solved in 0.1505 seconds
Training and Evaluating takes 0.004748106002807617 seconds.
Until Preparation: 0.0004928112030029297.
Until Calculation: 0.0007116794586181641.
Until linalg solve: 0.04082465171813965.
Regression solved in 0.1527 seconds
Training and Evaluating takes 0.01421499252319336 seconds.
Until Preparation: 0.0004961490631103516.
Until Calculation: 0.0006701946258544922.
Until linalg solve: 0.039980173110961914.
Regression solved in 0.1533 seconds
Training and Evaluating takes 0.004956245422363281 seconds.
Until Preparation: 0.000492095947265625.
Until Calculation: 0.00066375732421875.
Until linalg solve: 0.03972792625427246.
Regression solved in 0.1518 seconds
Training and Evaluating takes 0.0028460025787353516 seconds.
Until Preparation: 0.0004980564117431641.
Until Calculation: 0.0007100105285644531.
Until linalg solve: 0.040598154067993164.
Regression solved in 0.1526 seconds
Training and Evaluating takes 0.015119552612304688 seconds.
Until Preparation: 0.0004894733428955078.
Until Calculation: 0.0006618499755859375.
Until linalg solve: 0.03890824317932129.
Regression solved in 0.1504 seconds
Training and Evaluating takes 0.002760171890258789 seconds.
Until Preparation: 0.0005130767822265625.
Until Calculation: 0.0007205009460449219.
Until linalg solve: 0.040706634521484375.
Regression solved in 0.1530 seconds
Training and Evaluating takes 0.014923810958862305 seconds.
Until Preparation: 0.0005123615264892578.
Until Calculation: 0.0007081031799316406.
Until linalg solve: 0.04016256332397461.
Regression solved in 0.1533 seconds
Training and Evaluating takes 0.013733386993408203 seconds.
Until Preparation: 0.0005052089691162109.
Until Calculation: 0.0006978511810302734.
Until linalg solve: 0.03921627998352051.
Regression solved in 0.1511 seconds
Training and Evaluating takes 0.013309955596923828 seconds.
Until Preparation: 0.0005135536193847656.
Until Calculation: 0.0007097721099853516.
Until linalg solve: 0.040328025817871094.
Regression solved in 0.1523 seconds
Training and Evaluating takes 0.01564478874206543 seconds.
Until Preparation: 0.0005080699920654297.
Until Calculation: 0.0007038116455078125.
Until linalg solve: 0.03926825523376465.
Regression solved in 0.1527 seconds
Training and Evaluating takes 0.012527227401733398 seconds.
Until Preparation: 0.003831624984741211.
Until Calculation: 0.004027128219604492.
Until linalg solve: 0.04411053657531738.
Regression solved in 0.1565 seconds
Training and Evaluating takes 0.015620708465576172 seconds.
Until Preparation: 0.0004899501800537109.
Until Calculation: 0.0006644725799560547.
Until linalg solve: 0.04029512405395508.
Regression solved in 0.1527 seconds
Training and Evaluating takes 0.003904581069946289 seconds.
Until Preparation: 0.0004889965057373047.
Until Calculation: 0.0006995201110839844.
Until linalg solve: 0.039211273193359375.
Regression solved in 0.1520 seconds
Training and Evaluating takes 0.014380455017089844 seconds.
Until Preparation: 0.0005152225494384766.
Until Calculation: 0.0007295608520507812.
Until linalg solve: 0.040810346603393555.
Regression solved in 0.1535 seconds
Training and Evaluating takes 0.015550613403320312 seconds.
Until Preparation: 0.0005106925964355469.
Until Calculation: 0.0006892681121826172.
Until linalg solve: 0.038884639739990234.
Regression solved in 0.1512 seconds
Training and Evaluating takes 0.013017654418945312 seconds.
Until Preparation: 0.0005080699920654297.
Until Calculation: 0.0007050037384033203.
Until linalg solve: 0.04059028625488281.
Regression solved in 0.1527 seconds
Training and Evaluating takes 0.015305519104003906 seconds.
Until Preparation: 0.0005028247833251953.
Until Calculation: 0.0006995201110839844.
Until linalg solve: 0.04004693031311035.
Regression solved in 0.1526 seconds
Training and Evaluating takes 0.014132499694824219 seconds.
Until Preparation: 0.0005071163177490234.
Until Calculation: 0.0006854534149169922.
Until linalg solve: 0.03913688659667969.
Regression solved in 0.1509 seconds
Training and Evaluating takes 0.013542890548706055 seconds.
Until Preparation: 0.0005190372467041016.
Until Calculation: 0.0007164478302001953.
Until linalg solve: 0.04053759574890137.
Regression solved in 0.1528 seconds
Training and Evaluating takes 0.015166044235229492 seconds.
Until Preparation: 0.0004904270172119141.
Until Calculation: 0.0006804466247558594.
Until linalg solve: 0.03889751434326172.
Regression solved in 0.1512 seconds
Training and Evaluating takes 0.012011289596557617 seconds.
Until Preparation: 0.0005102157592773438.
Until Calculation: 0.0007185935974121094.
Until linalg solve: 0.04047822952270508.
Regression solved in 0.1533 seconds
Training and Evaluating takes 0.01561594009399414 seconds.
Until Preparation: 0.0005042552947998047.
Until Calculation: 0.0006935596466064453.
Until linalg solve: 0.04007363319396973.
Regression solved in 0.1519 seconds
Training and Evaluating takes 0.01381373405456543 seconds.
Until Preparation: 0.0005104541778564453.
Until Calculation: 0.0007038116455078125.
Until linalg solve: 0.03964424133300781.
Regression solved in 0.1531 seconds
Training and Evaluating takes 0.014261722564697266 seconds.
Until Preparation: 0.00051116943359375.
Until Calculation: 0.0007047653198242188.
Until linalg solve: 0.040354251861572266.
Regression solved in 0.1532 seconds
Training and Evaluating takes 0.01473855972290039 seconds.
Until Preparation: 0.0004992485046386719.
Until Calculation: 0.0006806850433349609.
Until linalg solve: 0.03900599479675293.
Regression solved in 0.1521 seconds
Training and Evaluating takes 0.012306451797485352 seconds.
Until Preparation: 0.0005106925964355469.
Until Calculation: 0.0007069110870361328.
Until linalg solve: 0.04081869125366211.
Regression solved in 0.1531 seconds
Training and Evaluating takes 0.015913724899291992 seconds.
Until Preparation: 0.000507354736328125.
Until Calculation: 0.0006899833679199219.
Until linalg solve: 0.04003477096557617.
Regression solved in 0.1530 seconds
Training and Evaluating takes 0.013721704483032227 seconds.
Until Preparation: 0.0005078315734863281.
Until Calculation: 0.0006864070892333984.
Until linalg solve: 0.03921341896057129.
Regression solved in 0.1510 seconds
Training and Evaluating takes 0.013387680053710938 seconds.
Until Preparation: 0.0005130767822265625.
Until Calculation: 0.0007064342498779297.
Until linalg solve: 0.040248870849609375.
Regression solved in 0.1531 seconds
Training and Evaluating takes 0.015776634216308594 seconds.
Until Preparation: 0.0004856586456298828.
Until Calculation: 0.0006792545318603516.
Until linalg solve: 0.03898429870605469.
Regression solved in 0.1504 seconds
Training and Evaluating takes 0.012810468673706055 seconds.
Until Preparation: 0.0005109310150146484.
Until Calculation: 0.0007040500640869141.
Until linalg solve: 0.040624141693115234.
Regression solved in 0.1527 seconds
Training and Evaluating takes 0.005005359649658203 seconds.
Until Preparation: 0.0005028247833251953.
Until Calculation: 0.0007050037384033203.
Until linalg solve: 0.04030275344848633.
Regression solved in 0.1527 seconds
Training and Evaluating takes 0.014278411865234375 seconds.
Until Preparation: 0.0005171298980712891.
Until Calculation: 0.0006978511810302734.
Until linalg solve: 0.039597272872924805.
Regression solved in 0.1517 seconds
Training and Evaluating takes 0.016727447509765625 seconds.
Until Preparation: 0.0005161762237548828.
Until Calculation: 0.0007126331329345703.
Until linalg solve: 0.04055070877075195.
Regression solved in 0.1531 seconds
Training and Evaluating takes 0.015850067138671875 seconds.
Until Preparation: 0.000484466552734375.
Until Calculation: 0.0006761550903320312.
Until linalg solve: 0.038790225982666016.
Regression solved in 0.1520 seconds
Training and Evaluating takes 0.012225627899169922 seconds.
Until Preparation: 0.0005056858062744141.
Until Calculation: 0.0007026195526123047.
Until linalg solve: 0.040430307388305664.
Regression solved in 0.1533 seconds
Training and Evaluating takes 0.015628337860107422 seconds.
Until Preparation: 0.0005142688751220703.
Until Calculation: 0.0006935596466064453.
Until linalg solve: 0.040085792541503906.
Regression solved in 0.1527 seconds
Training and Evaluating takes 0.014978647232055664 seconds.
Until Preparation: 0.0005028247833251953.
Until Calculation: 0.0006818771362304688.
Until linalg solve: 0.039617300033569336.
Regression solved in 0.1515 seconds
Training and Evaluating takes 0.012920618057250977 seconds.
    Permutation 80/100 done
Until Preparation: 0.0005137920379638672.
Until Calculation: 0.0007109642028808594.
Until linalg solve: 0.040497541427612305.
Regression solved in 0.1526 seconds
Training and Evaluating takes 0.01639533042907715 seconds.
Until Preparation: 0.00048279762268066406.
Until Calculation: 0.0006597042083740234.
Until linalg solve: 0.03888344764709473.
Regression solved in 0.1519 seconds
Training and Evaluating takes 0.0019736289978027344 seconds.
Until Preparation: 0.0005114078521728516.
Until Calculation: 0.0007164478302001953.
Until linalg solve: 0.040525197982788086.
Regression solved in 0.1523 seconds
Training and Evaluating takes 0.015008211135864258 seconds.
Until Preparation: 0.0005116462707519531.
Until Calculation: 0.0006902217864990234.
Until linalg solve: 0.04008126258850098.
Regression solved in 0.1517 seconds
Training and Evaluating takes 0.01502847671508789 seconds.
Until Preparation: 0.0005044937133789062.
Until Calculation: 0.0006859302520751953.
Until linalg solve: 0.039222002029418945.
Regression solved in 0.1508 seconds
Training and Evaluating takes 0.013615608215332031 seconds.
Until Preparation: 0.0005068778991699219.
Until Calculation: 0.0007040500640869141.
Until linalg solve: 0.04047250747680664.
Regression solved in 0.1519 seconds
Training and Evaluating takes 0.014989376068115234 seconds.
Until Preparation: 0.0004851818084716797.
Until Calculation: 0.0006740093231201172.
Until linalg solve: 0.03869366645812988.
Regression solved in 0.1529 seconds
Training and Evaluating takes 0.013292312622070312 seconds.
Until Preparation: 0.0005071163177490234.
Until Calculation: 0.000701904296875.
Until linalg solve: 0.04090714454650879.
Regression solved in 0.1522 seconds
Training and Evaluating takes 0.01584005355834961 seconds.
Until Preparation: 0.0005128383636474609.
Until Calculation: 0.0006923675537109375.
Until linalg solve: 0.04004096984863281.
Regression solved in 0.1515 seconds
Training and Evaluating takes 0.014258146286010742 seconds.
Until Preparation: 0.0005106925964355469.
Until Calculation: 0.0006997585296630859.
Until linalg solve: 0.039501190185546875.
Regression solved in 0.1520 seconds
Training and Evaluating takes 0.011616945266723633 seconds.
Until Preparation: 0.0005137920379638672.
Until Calculation: 0.0007088184356689453.
Until linalg solve: 0.04042458534240723.
Regression solved in 0.1525 seconds
Training and Evaluating takes 0.01549530029296875 seconds.
Until Preparation: 0.0004889965057373047.
Until Calculation: 0.0006608963012695312.
Until linalg solve: 0.03886008262634277.
Regression solved in 0.1500 seconds
Training and Evaluating takes 0.01205587387084961 seconds.
Until Preparation: 0.0005052089691162109.
Until Calculation: 0.0007026195526123047.
Until linalg solve: 0.04079484939575195.
Regression solved in 0.1522 seconds
Training and Evaluating takes 0.015964984893798828 seconds.
Until Preparation: 0.0005087852478027344.
Until Calculation: 0.0007581710815429688.
Until linalg solve: 0.04002022743225098.
Regression solved in 0.1512 seconds
Training and Evaluating takes 0.014481067657470703 seconds.
Until Preparation: 0.0005061626434326172.
Until Calculation: 0.0006880760192871094.
Until linalg solve: 0.03927326202392578.
Regression solved in 0.1506 seconds
Training and Evaluating takes 0.012754678726196289 seconds.
Until Preparation: 0.0005099773406982422.
Until Calculation: 0.0007045269012451172.
Until linalg solve: 0.040258169174194336.
Regression solved in 0.1518 seconds
Training and Evaluating takes 0.013540506362915039 seconds.
Until Preparation: 0.0004901885986328125.
Until Calculation: 0.0006625652313232422.
Until linalg solve: 0.03896331787109375.
Regression solved in 0.1506 seconds
Training and Evaluating takes 0.0019073486328125 seconds.
Until Preparation: 0.0005056858062744141.
Until Calculation: 0.0007026195526123047.
Until linalg solve: 0.04049324989318848.
Regression solved in 0.1518 seconds
Training and Evaluating takes 0.01605367660522461 seconds.
Until Preparation: 0.0004856586456298828.
Until Calculation: 0.0006616115570068359.
Until linalg solve: 0.04004979133605957.
Regression solved in 0.1525 seconds
Training and Evaluating takes 0.006907939910888672 seconds.
Until Preparation: 0.0005145072937011719.
Until Calculation: 0.0006899833679199219.
Until linalg solve: 0.03956437110900879.
Regression solved in 0.1509 seconds
Training and Evaluating takes 0.013398170471191406 seconds.
Until Preparation: 0.0005075931549072266.
Until Calculation: 0.0007052421569824219.
Until linalg solve: 0.04041242599487305.
Regression solved in 0.1515 seconds
Training and Evaluating takes 0.004497528076171875 seconds.
Until Preparation: 0.0004973411560058594.
Until Calculation: 0.0006721019744873047.
Until linalg solve: 0.03897547721862793.
Regression solved in 0.1503 seconds
Training and Evaluating takes 0.011188268661499023 seconds.
Until Preparation: 0.0005047321319580078.
Until Calculation: 0.0006961822509765625.
Until linalg solve: 0.040590524673461914.
Regression solved in 0.1530 seconds
Training and Evaluating takes 0.01330423355102539 seconds.
Until Preparation: 0.0004961490631103516.
Until Calculation: 0.0006725788116455078.
Until linalg solve: 0.03992629051208496.
Regression solved in 0.1513 seconds
Training and Evaluating takes 0.014366388320922852 seconds.
Until Preparation: 0.000492095947265625.
Until Calculation: 0.0006644725799560547.
Until linalg solve: 0.03911232948303223.
Regression solved in 0.1499 seconds
Training and Evaluating takes 0.014394998550415039 seconds.
Until Preparation: 0.0005118846893310547.
Until Calculation: 0.0007050037384033203.
Until linalg solve: 0.04034113883972168.
Regression solved in 0.1512 seconds
Training and Evaluating takes 0.01569986343383789 seconds.
Until Preparation: 0.0004982948303222656.
Until Calculation: 0.0006740093231201172.
Until linalg solve: 0.03878951072692871.
Regression solved in 0.1500 seconds
Training and Evaluating takes 0.013931035995483398 seconds.
Until Preparation: 0.0004894733428955078.
Until Calculation: 0.0006849765777587891.
Until linalg solve: 0.04051923751831055.
Regression solved in 0.1517 seconds
Training and Evaluating takes 0.007044553756713867 seconds.
Until Preparation: 0.0005002021789550781.
Until Calculation: 0.0006773471832275391.
Until linalg solve: 0.03987550735473633.
Regression solved in 0.1509 seconds
Training and Evaluating takes 0.014390945434570312 seconds.
Until Preparation: 0.0005109310150146484.
Until Calculation: 0.0006895065307617188.
Until linalg solve: 0.03950381278991699.
Regression solved in 0.1508 seconds
Training and Evaluating takes 0.014710187911987305 seconds.
Until Preparation: 0.0005171298980712891.
Until Calculation: 0.0007162094116210938.
Until linalg solve: 0.04040050506591797.
Regression solved in 0.1514 seconds
Training and Evaluating takes 0.014528036117553711 seconds.
Until Preparation: 0.0004937648773193359.
Until Calculation: 0.0006709098815917969.
Until linalg solve: 0.03895902633666992.
Regression solved in 0.1500 seconds
Training and Evaluating takes 0.0019278526306152344 seconds.
Until Preparation: 0.0004899501800537109.
Until Calculation: 0.0006804466247558594.
Until linalg solve: 0.040541648864746094.
Regression solved in 0.1520 seconds
Training and Evaluating takes 0.015636682510375977 seconds.
Until Preparation: 0.0005164146423339844.
Until Calculation: 0.0007119178771972656.
Until linalg solve: 0.04016518592834473.
Regression solved in 0.1513 seconds
Training and Evaluating takes 0.015464067459106445 seconds.
Until Preparation: 0.0005083084106445312.
Until Calculation: 0.0006878376007080078.
Until linalg solve: 0.03922700881958008.
Regression solved in 0.1508 seconds
Training and Evaluating takes 0.013567686080932617 seconds.
Until Preparation: 0.0005156993865966797.
Until Calculation: 0.0007126331329345703.
Until linalg solve: 0.040448665618896484.
Regression solved in 0.1514 seconds
Training and Evaluating takes 0.014496803283691406 seconds.
Until Preparation: 0.0004928112030029297.
Until Calculation: 0.0006663799285888672.
Until linalg solve: 0.03873419761657715.
Regression solved in 0.1499 seconds
Training and Evaluating takes 0.0019428730010986328 seconds.
Until Preparation: 0.0004975795745849609.
Until Calculation: 0.0007030963897705078.
Until linalg solve: 0.0403592586517334.
Regression solved in 0.1516 seconds
Training and Evaluating takes 0.015819549560546875 seconds.
Until Preparation: 0.0005006790161132812.
Until Calculation: 0.0006945133209228516.
Until linalg solve: 0.04004788398742676.
Regression solved in 0.1512 seconds
Training and Evaluating takes 0.014808893203735352 seconds.
Until Preparation: 0.00047707557678222656.
Until Calculation: 0.0006630420684814453.
Until linalg solve: 0.039402008056640625.
Regression solved in 0.1519 seconds
Training and Evaluating takes 0.013631343841552734 seconds.
Until Preparation: 0.0005147457122802734.
Until Calculation: 0.0007126331329345703.
Until linalg solve: 0.04028677940368652.
Regression solved in 0.1514 seconds
Training and Evaluating takes 0.014503240585327148 seconds.
Until Preparation: 0.0004985332489013672.
Until Calculation: 0.00067901611328125.
Until linalg solve: 0.03886723518371582.
Regression solved in 0.1509 seconds
Training and Evaluating takes 0.013164997100830078 seconds.
Until Preparation: 0.000507354736328125.
Until Calculation: 0.0006976127624511719.
Until linalg solve: 0.040556907653808594.
Regression solved in 0.1532 seconds
Training and Evaluating takes 0.014664649963378906 seconds.
Until Preparation: 0.0005006790161132812.
Until Calculation: 0.0006778240203857422.
Until linalg solve: 0.04013776779174805.
Regression solved in 0.1518 seconds
Training and Evaluating takes 0.0038673877716064453 seconds.
Until Preparation: 0.00049591064453125.
Until Calculation: 0.0006697177886962891.
Until linalg solve: 0.039551734924316406.
Regression solved in 0.1511 seconds
Training and Evaluating takes 0.01329946517944336 seconds.
Until Preparation: 0.0005164146423339844.
Until Calculation: 0.0007107257843017578.
Until linalg solve: 0.04022669792175293.
Regression solved in 0.1518 seconds
Training and Evaluating takes 0.015101909637451172 seconds.
Until Preparation: 0.00048542022705078125.
Until Calculation: 0.0006711483001708984.
Until linalg solve: 0.03888106346130371.
Regression solved in 0.1506 seconds
Training and Evaluating takes 0.01359415054321289 seconds.
Until Preparation: 0.0005116462707519531.
Until Calculation: 0.0007283687591552734.
Until linalg solve: 0.040796756744384766.
Regression solved in 0.1518 seconds
Training and Evaluating takes 0.015645742416381836 seconds.
Until Preparation: 0.0005130767822265625.
Until Calculation: 0.0006916522979736328.
Until linalg solve: 0.04006314277648926.
Regression solved in 0.1516 seconds
Training and Evaluating takes 0.015104532241821289 seconds.
Until Preparation: 0.0004975795745849609.
Until Calculation: 0.0006759166717529297.
Until linalg solve: 0.03940320014953613.
Regression solved in 0.1513 seconds
Training and Evaluating takes 0.014638900756835938 seconds.
Until Preparation: 0.000514984130859375.
Until Calculation: 0.0007791519165039062.
Until linalg solve: 0.04057884216308594.
Regression solved in 0.1527 seconds
Training and Evaluating takes 0.015266656875610352 seconds.
Until Preparation: 0.0005049705505371094.
Until Calculation: 0.0006814002990722656.
Until linalg solve: 0.03893589973449707.
Regression solved in 0.1515 seconds
Training and Evaluating takes 0.012716531753540039 seconds.
Until Preparation: 0.0005095005035400391.
Until Calculation: 0.000701904296875.
Until linalg solve: 0.04063773155212402.
Regression solved in 0.1525 seconds
Training and Evaluating takes 0.015573740005493164 seconds.
Until Preparation: 0.0005087852478027344.
Until Calculation: 0.0006866455078125.
Until linalg solve: 0.03998112678527832.
Regression solved in 0.1529 seconds
Training and Evaluating takes 0.013757705688476562 seconds.
Until Preparation: 0.0004971027374267578.
Until Calculation: 0.0006759166717529297.
Until linalg solve: 0.0392301082611084.
Regression solved in 0.1509 seconds
Training and Evaluating takes 0.012996196746826172 seconds.
Until Preparation: 0.0005092620849609375.
Until Calculation: 0.0007045269012451172.
Until linalg solve: 0.04034066200256348.
Regression solved in 0.1524 seconds
Training and Evaluating takes 0.014291048049926758 seconds.
Until Preparation: 0.000484466552734375.
Until Calculation: 0.0006718635559082031.
Until linalg solve: 0.03901076316833496.
Regression solved in 0.1505 seconds
Training and Evaluating takes 0.013695955276489258 seconds.
Until Preparation: 0.0005204677581787109.
Until Calculation: 0.0007190704345703125.
Until linalg solve: 0.040612220764160156.
Regression solved in 0.1519 seconds
Training and Evaluating takes 0.01603865623474121 seconds.
Until Preparation: 0.0005123615264892578.
Until Calculation: 0.0007054805755615234.
Until linalg solve: 0.04017782211303711.
Regression solved in 0.1510 seconds
Training and Evaluating takes 0.01469731330871582 seconds.
Until Preparation: 0.0005068778991699219.
Until Calculation: 0.0006854534149169922.
Until linalg solve: 0.03940749168395996.
Regression solved in 0.1506 seconds
Training and Evaluating takes 0.01390385627746582 seconds.
Until Preparation: 0.0005135536193847656.
Until Calculation: 0.0007069110870361328.
Until linalg solve: 0.04038643836975098.
Regression solved in 0.1513 seconds
Training and Evaluating takes 0.014436721801757812 seconds.
Until Preparation: 0.0005025863647460938.
Until Calculation: 0.0006816387176513672.
Until linalg solve: 0.03874015808105469.
Regression solved in 0.1502 seconds
Training and Evaluating takes 0.013051986694335938 seconds.
Until Preparation: 0.0004904270172119141.
Until Calculation: 0.0006806850433349609.
Until linalg solve: 0.04086112976074219.
Regression solved in 0.1520 seconds
Training and Evaluating takes 0.016643047332763672 seconds.
Until Preparation: 0.0005116462707519531.
Until Calculation: 0.0006928443908691406.
Until linalg solve: 0.040083885192871094.
Regression solved in 0.1513 seconds
Training and Evaluating takes 0.014491081237792969 seconds.
Until Preparation: 0.0005156993865966797.
Until Calculation: 0.0007278919219970703.
Until linalg solve: 0.03941798210144043.
Regression solved in 0.1502 seconds
Training and Evaluating takes 0.01323843002319336 seconds.
Until Preparation: 0.0005116462707519531.
Until Calculation: 0.0007061958312988281.
Until linalg solve: 0.04028964042663574.
Regression solved in 0.1515 seconds
Training and Evaluating takes 0.014453649520874023 seconds.
Until Preparation: 0.0005054473876953125.
Until Calculation: 0.0006849765777587891.
Until linalg solve: 0.03884577751159668.
Regression solved in 0.1499 seconds
Training and Evaluating takes 0.0120849609375 seconds.
Until Preparation: 0.0005099773406982422.
Until Calculation: 0.0007112026214599609.
Until linalg solve: 0.04051494598388672.
Regression solved in 0.1516 seconds
Training and Evaluating takes 0.015472888946533203 seconds.
Until Preparation: 0.0004918575286865234.
Until Calculation: 0.000667572021484375.
Until linalg solve: 0.04015922546386719.
Regression solved in 0.1508 seconds
Training and Evaluating takes 0.003958702087402344 seconds.
Until Preparation: 0.0005214214324951172.
Until Calculation: 0.0007004737854003906.
Until linalg solve: 0.039444923400878906.
Regression solved in 0.1501 seconds
Training and Evaluating takes 0.013299703598022461 seconds.
Until Preparation: 0.0005166530609130859.
Until Calculation: 0.0007126331329345703.
Until linalg solve: 0.0402834415435791.
Regression solved in 0.1518 seconds
Training and Evaluating takes 0.015087127685546875 seconds.
Until Preparation: 0.0005016326904296875.
Until Calculation: 0.0006792545318603516.
Until linalg solve: 0.03895115852355957.
Regression solved in 0.1515 seconds
Training and Evaluating takes 0.012753009796142578 seconds.
Until Preparation: 0.0005137920379638672.
Until Calculation: 0.0007064342498779297.
Until linalg solve: 0.040734052658081055.
Regression solved in 0.1520 seconds
Training and Evaluating takes 0.015129566192626953 seconds.
Until Preparation: 0.000518798828125.
Until Calculation: 0.0006990432739257812.
Until linalg solve: 0.04010653495788574.
Regression solved in 0.1519 seconds
Training and Evaluating takes 0.01581716537475586 seconds.
Until Preparation: 0.0004937648773193359.
Until Calculation: 0.0006811618804931641.
Until linalg solve: 0.03923988342285156.
Regression solved in 0.1510 seconds
Training and Evaluating takes 0.01462554931640625 seconds.
Until Preparation: 0.0004932880401611328.
Until Calculation: 0.0006859302520751953.
Until linalg solve: 0.040265798568725586.
Regression solved in 0.1527 seconds
Training and Evaluating takes 0.014635086059570312 seconds.
Until Preparation: 0.0004940032958984375.
Until Calculation: 0.0006680488586425781.
Until linalg solve: 0.03903460502624512.
Regression solved in 0.1501 seconds
Training and Evaluating takes 0.01396799087524414 seconds.
Until Preparation: 0.0005161762237548828.
Until Calculation: 0.0007185935974121094.
Until linalg solve: 0.04069185256958008.
Regression solved in 0.1519 seconds
Training and Evaluating takes 0.015154838562011719 seconds.
Until Preparation: 0.0005121231079101562.
Until Calculation: 0.0006911754608154297.
Until linalg solve: 0.0400700569152832.
Regression solved in 0.1515 seconds
Training and Evaluating takes 0.01267862319946289 seconds.
Until Preparation: 0.0005009174346923828.
Until Calculation: 0.0006775856018066406.
Until linalg solve: 0.03947949409484863.
Regression solved in 0.1508 seconds
Training and Evaluating takes 0.0028274059295654297 seconds.
Until Preparation: 0.0005011558532714844.
Until Calculation: 0.0006978511810302734.
Until linalg solve: 0.04050636291503906.
Regression solved in 0.1526 seconds
Training and Evaluating takes 0.014899015426635742 seconds.
Until Preparation: 0.00048828125.
Until Calculation: 0.0006601810455322266.
Until linalg solve: 0.038980722427368164.
Regression solved in 0.1569 seconds
Training and Evaluating takes 0.0033028125762939453 seconds.
Until Preparation: 0.00051116943359375.
Until Calculation: 0.0007169246673583984.
Until linalg solve: 0.040985822677612305.
Regression solved in 0.1521 seconds
Training and Evaluating takes 0.014953374862670898 seconds.
Until Preparation: 0.0005078315734863281.
Until Calculation: 0.0006868839263916016.
Until linalg solve: 0.04002737998962402.
Regression solved in 0.1520 seconds
Training and Evaluating takes 0.014704704284667969 seconds.
Until Preparation: 0.0004916191101074219.
Until Calculation: 0.0006642341613769531.
Until linalg solve: 0.03920602798461914.
Regression solved in 0.1514 seconds
Training and Evaluating takes 0.002866506576538086 seconds.
Until Preparation: 0.0005090236663818359.
Until Calculation: 0.0007007122039794922.
Until linalg solve: 0.04038596153259277.
Regression solved in 0.1516 seconds
Training and Evaluating takes 0.015347957611083984 seconds.
Until Preparation: 0.0004856586456298828.
Until Calculation: 0.0006749629974365234.
Until linalg solve: 0.03913545608520508.
Regression solved in 0.1507 seconds
Training and Evaluating takes 0.012550115585327148 seconds.
Until Preparation: 0.0005049705505371094.
Until Calculation: 0.0006983280181884766.
Until linalg solve: 0.04079699516296387.
Regression solved in 0.1530 seconds
Training and Evaluating takes 0.015050411224365234 seconds.
Until Preparation: 0.0005016326904296875.
Until Calculation: 0.0006785392761230469.
Until linalg solve: 0.04006767272949219.
Regression solved in 0.1517 seconds
Training and Evaluating takes 0.004079103469848633 seconds.
Until Preparation: 0.0005037784576416016.
Until Calculation: 0.0006794929504394531.
Until linalg solve: 0.03921866416931152.
Regression solved in 0.1514 seconds
Training and Evaluating takes 0.014025688171386719 seconds.
Until Preparation: 0.0005087852478027344.
Until Calculation: 0.0007035732269287109.
Until linalg solve: 0.040526390075683594.
Regression solved in 0.1524 seconds
Training and Evaluating takes 0.011023283004760742 seconds.
Until Preparation: 0.00048065185546875.
Until Calculation: 0.0006546974182128906.
Until linalg solve: 0.03892397880554199.
Regression solved in 0.1507 seconds
Training and Evaluating takes 0.011938810348510742 seconds.
Until Preparation: 0.0005137920379638672.
Until Calculation: 0.0007088184356689453.
Until linalg solve: 0.04055476188659668.
Regression solved in 0.1532 seconds
Training and Evaluating takes 0.008844137191772461 seconds.
Until Preparation: 0.0005202293395996094.
Until Calculation: 0.0006995201110839844.
Until linalg solve: 0.04011034965515137.
Regression solved in 0.1543 seconds
Training and Evaluating takes 0.014371633529663086 seconds.
Until Preparation: 0.0005090236663818359.
Until Calculation: 0.0006885528564453125.
Until linalg solve: 0.03920245170593262.
Regression solved in 0.1514 seconds
Training and Evaluating takes 0.0130615234375 seconds.
Until Preparation: 0.0005104541778564453.
Until Calculation: 0.000705718994140625.
Until linalg solve: 0.04027891159057617.
Regression solved in 0.1520 seconds
Training and Evaluating takes 0.014894723892211914 seconds.
Until Preparation: 0.0005002021789550781.
Until Calculation: 0.0006735324859619141.
Until linalg solve: 0.03908276557922363.
Regression solved in 0.1515 seconds
Training and Evaluating takes 0.0034875869750976562 seconds.
Until Preparation: 0.0005061626434326172.
Until Calculation: 0.0006988048553466797.
Until linalg solve: 0.04070258140563965.
Regression solved in 0.1535 seconds
Training and Evaluating takes 0.016673803329467773 seconds.
Until Preparation: 0.0005049705505371094.
Until Calculation: 0.0006844997406005859.
Until linalg solve: 0.039975643157958984.
Regression solved in 0.1516 seconds
Training and Evaluating takes 0.014128923416137695 seconds.
Until Preparation: 0.0005035400390625.
Until Calculation: 0.0007066726684570312.
Until linalg solve: 0.03965115547180176.
Regression solved in 0.1515 seconds
Training and Evaluating takes 0.013216018676757812 seconds.
    Permutation 100/100 done
  Permutation p-value: 0.0000  (null mean=0.2333 ± 0.0182)
  Saved: /juice6/u/jshe/nlp/LM_neural_synchrony/playground/control_plots/perm_goal_structure_Misv0.2Misv0.3_L16_L16.png
  Partitioned by 'value_compatibility': compatible=141, conflicting=94, neutral=115  (skipped 100 unlabeled)

  Computing observed gap for 'value_compatibility'...
Until Preparation: 0.0005083084106445312.
Until Calculation: 0.0007030963897705078.
Until linalg solve: 0.04129648208618164.
Regression solved in 0.1539 seconds
Training and Evaluating takes 0.031171083450317383 seconds.
Until Preparation: 0.0005154609680175781.
Until Calculation: 0.0007154941558837891.
Until linalg solve: 0.040291547775268555.
Regression solved in 0.1518 seconds
Training and Evaluating takes 0.014000177383422852 seconds.
Until Preparation: 0.0005147457122802734.
Until Calculation: 0.0007145404815673828.
Until linalg solve: 0.04071331024169922.
Regression solved in 0.1525 seconds
Training and Evaluating takes 0.015566825866699219 seconds.
  Observed gap: 0.2890
  Running 100 permutations...
Until Preparation: 0.0005228519439697266.
Until Calculation: 0.0007190704345703125.
Until linalg solve: 0.04108762741088867.
Regression solved in 0.1529 seconds
Training and Evaluating takes 0.01745319366455078 seconds.
Until Preparation: 0.0005102157592773438.
Until Calculation: 0.000701904296875.
Until linalg solve: 0.04031538963317871.
Regression solved in 0.1529 seconds
Training and Evaluating takes 0.014922380447387695 seconds.
Until Preparation: 0.0005135536193847656.
Until Calculation: 0.0007097721099853516.
Until linalg solve: 0.04070234298706055.
Regression solved in 0.1524 seconds
Training and Evaluating takes 0.016617298126220703 seconds.
Until Preparation: 0.0005271434783935547.
Until Calculation: 0.0007224082946777344.
Until linalg solve: 0.040979862213134766.
Regression solved in 0.1531 seconds
Training and Evaluating takes 0.016257047653198242 seconds.
Until Preparation: 0.0005192756652832031.
Until Calculation: 0.000728607177734375.
Until linalg solve: 0.04039907455444336.
Regression solved in 0.1529 seconds
Training and Evaluating takes 0.014918804168701172 seconds.
Until Preparation: 0.0005152225494384766.
Until Calculation: 0.0007100105285644531.
Until linalg solve: 0.040653228759765625.
Regression solved in 0.1525 seconds
Training and Evaluating takes 0.015546321868896484 seconds.
Until Preparation: 0.0005075931549072266.
Until Calculation: 0.0007061958312988281.
Until linalg solve: 0.04108476638793945.
Regression solved in 0.1529 seconds
Training and Evaluating takes 0.016385316848754883 seconds.
Until Preparation: 0.0005142688751220703.
Until Calculation: 0.0007078647613525391.
Until linalg solve: 0.040564775466918945.
Regression solved in 0.1526 seconds
Training and Evaluating takes 0.01519155502319336 seconds.
Until Preparation: 0.0005159378051757812.
Until Calculation: 0.0007152557373046875.
Until linalg solve: 0.04082512855529785.
Regression solved in 0.1526 seconds
Training and Evaluating takes 0.01544332504272461 seconds.
Until Preparation: 0.0005106925964355469.
Until Calculation: 0.0007061958312988281.
Until linalg solve: 0.04096865653991699.
Regression solved in 0.1530 seconds
Training and Evaluating takes 0.016309738159179688 seconds.
Until Preparation: 0.0005171298980712891.
Until Calculation: 0.0007152557373046875.
Until linalg solve: 0.0403141975402832.
Regression solved in 0.1521 seconds
Training and Evaluating takes 0.01474761962890625 seconds.
Until Preparation: 0.0005180835723876953.
Until Calculation: 0.0007147789001464844.
Until linalg solve: 0.04088234901428223.
Regression solved in 0.1529 seconds
Training and Evaluating takes 0.01620030403137207 seconds.
Until Preparation: 0.000530242919921875.
Until Calculation: 0.0007250308990478516.
Until linalg solve: 0.041112661361694336.
Regression solved in 0.1537 seconds
Training and Evaluating takes 0.016642332077026367 seconds.
Until Preparation: 0.0005075931549072266.
Until Calculation: 0.0007047653198242188.
Until linalg solve: 0.04038071632385254.
Regression solved in 0.1529 seconds
Training and Evaluating takes 0.01598978042602539 seconds.
Until Preparation: 0.0005102157592773438.
Until Calculation: 0.0007102489471435547.
Until linalg solve: 0.04053783416748047.
Regression solved in 0.1527 seconds
Training and Evaluating takes 0.015315055847167969 seconds.
Until Preparation: 0.0005152225494384766.
Until Calculation: 0.0007116794586181641.
Until linalg solve: 0.04085993766784668.
Regression solved in 0.1523 seconds
Training and Evaluating takes 0.01598381996154785 seconds.
Until Preparation: 0.0005106925964355469.
Until Calculation: 0.0007069110870361328.
Until linalg solve: 0.04030919075012207.
Regression solved in 0.1516 seconds
Training and Evaluating takes 0.015275239944458008 seconds.
Until Preparation: 0.0005083084106445312.
Until Calculation: 0.0007050037384033203.
Until linalg solve: 0.04074215888977051.
Regression solved in 0.1537 seconds
Training and Evaluating takes 0.015395402908325195 seconds.
Until Preparation: 0.0005128383636474609.
Until Calculation: 0.0007138252258300781.
Until linalg solve: 0.04099392890930176.
Regression solved in 0.1532 seconds
Training and Evaluating takes 0.016119956970214844 seconds.
Until Preparation: 0.0005128383636474609.
Until Calculation: 0.0007088184356689453.
Until linalg solve: 0.04030013084411621.
Regression solved in 0.1517 seconds
Training and Evaluating takes 0.015118122100830078 seconds.
Until Preparation: 0.0005059242248535156.
Until Calculation: 0.0007026195526123047.
Until linalg solve: 0.04066872596740723.
Regression solved in 0.1531 seconds
Training and Evaluating takes 0.01613450050354004 seconds.
Until Preparation: 0.000507354736328125.
Until Calculation: 0.0007021427154541016.
Until linalg solve: 0.0411229133605957.
Regression solved in 0.1543 seconds
Training and Evaluating takes 0.017141342163085938 seconds.
Until Preparation: 0.0004918575286865234.
Until Calculation: 0.0006856918334960938.
Until linalg solve: 0.04024815559387207.
Regression solved in 0.1533 seconds
Training and Evaluating takes 0.016248703002929688 seconds.
Until Preparation: 0.0005071163177490234.
Until Calculation: 0.0007035732269287109.
Until linalg solve: 0.040757179260253906.
Regression solved in 0.1528 seconds
Training and Evaluating takes 0.015275955200195312 seconds.
Until Preparation: 0.0005192756652832031.
Until Calculation: 0.0007157325744628906.
Until linalg solve: 0.04129219055175781.
Regression solved in 0.1535 seconds
Training and Evaluating takes 0.006105899810791016 seconds.
Until Preparation: 0.0005295276641845703.
Until Calculation: 0.0007266998291015625.
Until linalg solve: 0.04036378860473633.
Regression solved in 0.1534 seconds
Training and Evaluating takes 0.01439213752746582 seconds.
Until Preparation: 0.0005109310150146484.
Until Calculation: 0.0007076263427734375.
Until linalg solve: 0.04060554504394531.
Regression solved in 0.1523 seconds
Training and Evaluating takes 0.01568603515625 seconds.
Until Preparation: 0.0005154609680175781.
Until Calculation: 0.0007107257843017578.
Until linalg solve: 0.04088425636291504.
Regression solved in 0.1533 seconds
Training and Evaluating takes 0.015939712524414062 seconds.
Until Preparation: 0.0005068778991699219.
Until Calculation: 0.0007038116455078125.
Until linalg solve: 0.040360450744628906.
Regression solved in 0.1543 seconds
Training and Evaluating takes 0.015621185302734375 seconds.
Until Preparation: 0.0005118846893310547.
Until Calculation: 0.0007061958312988281.
Until linalg solve: 0.040854454040527344.
Regression solved in 0.1529 seconds
Training and Evaluating takes 0.016248226165771484 seconds.
Until Preparation: 0.0005209445953369141.
Until Calculation: 0.0007164478302001953.
Until linalg solve: 0.04094672203063965.
Regression solved in 0.1531 seconds
Training and Evaluating takes 0.01623082160949707 seconds.
Until Preparation: 0.0005128383636474609.
Until Calculation: 0.00070953369140625.
Until linalg solve: 0.04044651985168457.
Regression solved in 0.1524 seconds
Training and Evaluating takes 0.014482498168945312 seconds.
Until Preparation: 0.0005125999450683594.
Until Calculation: 0.0007102489471435547.
Until linalg solve: 0.04068136215209961.
Regression solved in 0.1528 seconds
Training and Evaluating takes 0.015119075775146484 seconds.
Until Preparation: 0.0005266666412353516.
Until Calculation: 0.0007231235504150391.
Until linalg solve: 0.04105377197265625.
Regression solved in 0.1529 seconds
Training and Evaluating takes 0.017792940139770508 seconds.
Until Preparation: 0.0005114078521728516.
Until Calculation: 0.0007090568542480469.
Until linalg solve: 0.040303707122802734.
Regression solved in 0.1519 seconds
Training and Evaluating takes 0.014894723892211914 seconds.
Until Preparation: 0.0005166530609130859.
Until Calculation: 0.0007135868072509766.
Until linalg solve: 0.04067707061767578.
Regression solved in 0.1528 seconds
Training and Evaluating takes 0.01519012451171875 seconds.
Until Preparation: 0.0005254745483398438.
Until Calculation: 0.0007240772247314453.
Until linalg solve: 0.04105877876281738.
Regression solved in 0.1531 seconds
Training and Evaluating takes 0.017206668853759766 seconds.
Until Preparation: 0.0005071163177490234.
Until Calculation: 0.000705718994140625.
Until linalg solve: 0.04043388366699219.
Regression solved in 0.1525 seconds
Training and Evaluating takes 0.015357017517089844 seconds.
Until Preparation: 0.0005121231079101562.
Until Calculation: 0.0007045269012451172.
Until linalg solve: 0.04054141044616699.
Regression solved in 0.1521 seconds
Training and Evaluating takes 0.014911651611328125 seconds.
Until Preparation: 0.0005099773406982422.
Until Calculation: 0.0007035732269287109.
Until linalg solve: 0.0409696102142334.
Regression solved in 0.1528 seconds
Training and Evaluating takes 0.0163114070892334 seconds.
Until Preparation: 0.0005102157592773438.
Until Calculation: 0.0007092952728271484.
Until linalg solve: 0.04064464569091797.
Regression solved in 0.1527 seconds
Training and Evaluating takes 0.014218807220458984 seconds.
Until Preparation: 0.0005130767822265625.
Until Calculation: 0.0007073879241943359.
Until linalg solve: 0.040925025939941406.
Regression solved in 0.1524 seconds
Training and Evaluating takes 0.015640735626220703 seconds.
Until Preparation: 0.0005095005035400391.
Until Calculation: 0.0007054805755615234.
Until linalg solve: 0.04104781150817871.
Regression solved in 0.1529 seconds
Training and Evaluating takes 0.017475605010986328 seconds.
Until Preparation: 0.0005087852478027344.
Until Calculation: 0.0007038116455078125.
Until linalg solve: 0.04040932655334473.
Regression solved in 0.1528 seconds
Training and Evaluating takes 0.01612114906311035 seconds.
Until Preparation: 0.0005106925964355469.
Until Calculation: 0.0007092952728271484.
Until linalg solve: 0.04060006141662598.
Regression solved in 0.1525 seconds
Training and Evaluating takes 0.01650857925415039 seconds.
Until Preparation: 0.0005159378051757812.
Until Calculation: 0.0007102489471435547.
Until linalg solve: 0.041020870208740234.
Regression solved in 0.1523 seconds
Training and Evaluating takes 0.011214733123779297 seconds.
Until Preparation: 0.0004932880401611328.
Until Calculation: 0.0006868839263916016.
Until linalg solve: 0.04030275344848633.
Regression solved in 0.1521 seconds
Training and Evaluating takes 0.0045359134674072266 seconds.
Until Preparation: 0.0004918575286865234.
Until Calculation: 0.0006847381591796875.
Until linalg solve: 0.040685176849365234.
Regression solved in 0.1522 seconds
Training and Evaluating takes 0.015385866165161133 seconds.
Until Preparation: 0.0005164146423339844.
Until Calculation: 0.0007207393646240234.
Until linalg solve: 0.04118537902832031.
Regression solved in 0.1537 seconds
Training and Evaluating takes 0.03168082237243652 seconds.
Until Preparation: 0.0005092620849609375.
Until Calculation: 0.00070953369140625.
Until linalg solve: 0.04034256935119629.
Regression solved in 0.1525 seconds
Training and Evaluating takes 0.015349149703979492 seconds.
Until Preparation: 0.0005142688751220703.
Until Calculation: 0.000713348388671875.
Until linalg solve: 0.04061603546142578.
Regression solved in 0.1525 seconds
Training and Evaluating takes 0.016500473022460938 seconds.
Until Preparation: 0.0005171298980712891.
Until Calculation: 0.0007140636444091797.
Until linalg solve: 0.0410153865814209.
Regression solved in 0.1540 seconds
Training and Evaluating takes 0.016205549240112305 seconds.
Until Preparation: 0.0005240440368652344.
Until Calculation: 0.0007257461547851562.
Until linalg solve: 0.04043459892272949.
Regression solved in 0.1525 seconds
Training and Evaluating takes 0.015320062637329102 seconds.
Until Preparation: 0.0005125999450683594.
Until Calculation: 0.0007121562957763672.
Until linalg solve: 0.04062247276306152.
Regression solved in 0.1530 seconds
Training and Evaluating takes 0.014976263046264648 seconds.
Until Preparation: 0.0005221366882324219.
Until Calculation: 0.0007166862487792969.
Until linalg solve: 0.04101848602294922.
Regression solved in 0.1534 seconds
Training and Evaluating takes 0.016895771026611328 seconds.
Until Preparation: 0.0005152225494384766.
Until Calculation: 0.0007112026214599609.
Until linalg solve: 0.04045224189758301.
Regression solved in 0.1527 seconds
Training and Evaluating takes 0.015133857727050781 seconds.
Until Preparation: 0.0007135868072509766.
Until Calculation: 0.0009098052978515625.
Until linalg solve: 0.040818214416503906.
Regression solved in 0.1532 seconds
Training and Evaluating takes 0.015813350677490234 seconds.
Until Preparation: 0.0005278587341308594.
Until Calculation: 0.0007214546203613281.
Until linalg solve: 0.041029930114746094.
Regression solved in 0.1534 seconds
Training and Evaluating takes 0.0159609317779541 seconds.
Until Preparation: 0.0005044937133789062.
Until Calculation: 0.0006992816925048828.
Until linalg solve: 0.04041862487792969.
Regression solved in 0.1529 seconds
Training and Evaluating takes 0.016031503677368164 seconds.
Until Preparation: 0.0005140304565429688.
Until Calculation: 0.0007090568542480469.
Until linalg solve: 0.04055619239807129.
Regression solved in 0.1531 seconds
Training and Evaluating takes 0.01557779312133789 seconds.
    Permutation 20/100 done
Until Preparation: 0.0005164146423339844.
Until Calculation: 0.0007104873657226562.
Until linalg solve: 0.04118204116821289.
Regression solved in 0.1547 seconds
Training and Evaluating takes 0.017699003219604492 seconds.
Until Preparation: 0.0005080699920654297.
Until Calculation: 0.0007026195526123047.
Until linalg solve: 0.040313005447387695.
Regression solved in 0.1539 seconds
Training and Evaluating takes 0.015026092529296875 seconds.
Until Preparation: 0.00051116943359375.
Until Calculation: 0.0007081031799316406.
Until linalg solve: 0.04049873352050781.
Regression solved in 0.1539 seconds
Training and Evaluating takes 0.01608443260192871 seconds.
Until Preparation: 0.0005147457122802734.
Until Calculation: 0.0007145404815673828.
Until linalg solve: 0.04107069969177246.
Regression solved in 0.1551 seconds
Training and Evaluating takes 0.016169309616088867 seconds.
Until Preparation: 0.0005104541778564453.
Until Calculation: 0.0007066726684570312.
Until linalg solve: 0.04041600227355957.
Regression solved in 0.1524 seconds
Training and Evaluating takes 0.014428138732910156 seconds.
Until Preparation: 0.000507354736328125.
Until Calculation: 0.0007061958312988281.
Until linalg solve: 0.04063129425048828.
Regression solved in 0.1531 seconds
Training and Evaluating takes 0.016094446182250977 seconds.
Until Preparation: 0.0005171298980712891.
Until Calculation: 0.0007188320159912109.
Until linalg solve: 0.04108762741088867.
Regression solved in 0.1528 seconds
Training and Evaluating takes 0.01667189598083496 seconds.
Until Preparation: 0.0005102157592773438.
Until Calculation: 0.0007097721099853516.
Until linalg solve: 0.04042172431945801.
Regression solved in 0.1523 seconds
Training and Evaluating takes 0.014598369598388672 seconds.
Until Preparation: 0.0005106925964355469.
Until Calculation: 0.0007076263427734375.
Until linalg solve: 0.04061698913574219.
Regression solved in 0.1539 seconds
Training and Evaluating takes 0.015187263488769531 seconds.
Until Preparation: 0.0005130767822265625.
Until Calculation: 0.0007102489471435547.
Until linalg solve: 0.04112672805786133.
Regression solved in 0.1597 seconds
Training and Evaluating takes 0.021138668060302734 seconds.
Until Preparation: 0.000553131103515625.
Until Calculation: 0.0007841587066650391.
Until linalg solve: 0.040384769439697266.
Regression solved in 0.1532 seconds
Training and Evaluating takes 0.014363765716552734 seconds.
Until Preparation: 0.0005218982696533203.
Until Calculation: 0.0007202625274658203.
Until linalg solve: 0.04065442085266113.
Regression solved in 0.1522 seconds
Training and Evaluating takes 0.014809846878051758 seconds.
Until Preparation: 0.0005154609680175781.
Until Calculation: 0.0007102489471435547.
Until linalg solve: 0.04108285903930664.
Regression solved in 0.1549 seconds
Training and Evaluating takes 0.016405820846557617 seconds.
Until Preparation: 0.0005218982696533203.
Until Calculation: 0.0007181167602539062.
Until linalg solve: 0.04037976264953613.
Regression solved in 0.1527 seconds
Training and Evaluating takes 0.014104604721069336 seconds.
Until Preparation: 0.0005230903625488281.
Until Calculation: 0.0007185935974121094.
Until linalg solve: 0.040644168853759766.
Regression solved in 0.1530 seconds
Training and Evaluating takes 0.007139921188354492 seconds.
Until Preparation: 0.000530242919921875.
Until Calculation: 0.0007343292236328125.
Until linalg solve: 0.04111814498901367.
Regression solved in 0.1531 seconds
Training and Evaluating takes 0.016135454177856445 seconds.
Until Preparation: 0.0005142688751220703.
Until Calculation: 0.0007107257843017578.
Until linalg solve: 0.04056954383850098.
Regression solved in 0.1531 seconds
Training and Evaluating takes 0.015727996826171875 seconds.
Until Preparation: 0.0005128383636474609.
Until Calculation: 0.0007069110870361328.
Until linalg solve: 0.040647268295288086.
Regression solved in 0.1533 seconds
Training and Evaluating takes 0.015769481658935547 seconds.
Until Preparation: 0.000518798828125.
Until Calculation: 0.0007145404815673828.
Until linalg solve: 0.0411067008972168.
Regression solved in 0.1541 seconds
Training and Evaluating takes 0.01717233657836914 seconds.
Until Preparation: 0.0005168914794921875.
Until Calculation: 0.0007145404815673828.
Until linalg solve: 0.04037904739379883.
Regression solved in 0.1516 seconds
Training and Evaluating takes 0.014220237731933594 seconds.
Until Preparation: 0.0005176067352294922.
Until Calculation: 0.0007181167602539062.
Until linalg solve: 0.04050636291503906.
Regression solved in 0.1523 seconds
Training and Evaluating takes 0.014701604843139648 seconds.
Until Preparation: 0.0005199909210205078.
Until Calculation: 0.0007164478302001953.
Until linalg solve: 0.04097318649291992.
Regression solved in 0.1534 seconds
Training and Evaluating takes 0.016892194747924805 seconds.
Until Preparation: 0.0005142688751220703.
Until Calculation: 0.0007088184356689453.
Until linalg solve: 0.04028487205505371.
Regression solved in 0.1520 seconds
Training and Evaluating takes 0.014698982238769531 seconds.
Until Preparation: 0.0005099773406982422.
Until Calculation: 0.0007071495056152344.
Until linalg solve: 0.04061174392700195.
Regression solved in 0.1537 seconds
Training and Evaluating takes 0.015383243560791016 seconds.
Until Preparation: 0.0005304813385009766.
Until Calculation: 0.0007262229919433594.
Until linalg solve: 0.041121482849121094.
Regression solved in 0.1534 seconds
Training and Evaluating takes 0.018112659454345703 seconds.
Until Preparation: 0.0005064010620117188.
Until Calculation: 0.0007007122039794922.
Until linalg solve: 0.040323734283447266.
Regression solved in 0.1522 seconds
Training and Evaluating takes 0.015644550323486328 seconds.
Until Preparation: 0.0005071163177490234.
Until Calculation: 0.0007009506225585938.
Until linalg solve: 0.04070019721984863.
Regression solved in 0.1538 seconds
Training and Evaluating takes 0.0162050724029541 seconds.
Until Preparation: 0.0005123615264892578.
Until Calculation: 0.0007066726684570312.
Until linalg solve: 0.04107475280761719.
Regression solved in 0.1542 seconds
Training and Evaluating takes 0.01616072654724121 seconds.
Until Preparation: 0.0005064010620117188.
Until Calculation: 0.0007014274597167969.
Until linalg solve: 0.04034876823425293.
Regression solved in 0.1522 seconds
Training and Evaluating takes 0.014736652374267578 seconds.
Until Preparation: 0.000514984130859375.
Until Calculation: 0.0007097721099853516.
Until linalg solve: 0.04084444046020508.
Regression solved in 0.1535 seconds
Training and Evaluating takes 0.01569533348083496 seconds.
Until Preparation: 0.0005235671997070312.
Until Calculation: 0.0007240772247314453.
Until linalg solve: 0.04123425483703613.
Regression solved in 0.1534 seconds
Training and Evaluating takes 0.01600813865661621 seconds.
Until Preparation: 0.0005130767822265625.
Until Calculation: 0.0007145404815673828.
Until linalg solve: 0.04030871391296387.
Regression solved in 0.1523 seconds
Training and Evaluating takes 0.014659881591796875 seconds.
Until Preparation: 0.0005099773406982422.
Until Calculation: 0.0007066726684570312.
Until linalg solve: 0.04063773155212402.
Regression solved in 0.1530 seconds
Training and Evaluating takes 0.014998435974121094 seconds.
Until Preparation: 0.0005192756652832031.
Until Calculation: 0.0007178783416748047.
Until linalg solve: 0.04122424125671387.
Regression solved in 0.1533 seconds
Training and Evaluating takes 0.017928361892700195 seconds.
Until Preparation: 0.00051116943359375.
Until Calculation: 0.0007092952728271484.
Until linalg solve: 0.04048633575439453.
Regression solved in 0.1525 seconds
Training and Evaluating takes 0.00420379638671875 seconds.
Until Preparation: 0.0004897117614746094.
Until Calculation: 0.0006930828094482422.
Until linalg solve: 0.040497541427612305.
Regression solved in 0.1531 seconds
Training and Evaluating takes 0.016019821166992188 seconds.
Until Preparation: 0.0005140304565429688.
Until Calculation: 0.0007088184356689453.
Until linalg solve: 0.041168212890625.
Regression solved in 0.1531 seconds
Training and Evaluating takes 0.0161895751953125 seconds.
Until Preparation: 0.0005106925964355469.
Until Calculation: 0.0007104873657226562.
Until linalg solve: 0.04044532775878906.
Regression solved in 0.1546 seconds
Training and Evaluating takes 0.014208316802978516 seconds.
Until Preparation: 0.0004944801330566406.
Until Calculation: 0.0006933212280273438.
Until linalg solve: 0.04060554504394531.
Regression solved in 0.1562 seconds
Training and Evaluating takes 0.005969524383544922 seconds.
Until Preparation: 0.0005862712860107422.
Until Calculation: 0.0008111000061035156.
Until linalg solve: 0.04127335548400879.
Regression solved in 0.1522 seconds
Training and Evaluating takes 0.03619027137756348 seconds.
Until Preparation: 0.0005199909210205078.
Until Calculation: 0.0007219314575195312.
Until linalg solve: 0.04046487808227539.
Regression solved in 0.1529 seconds
Training and Evaluating takes 0.015950679779052734 seconds.
Until Preparation: 0.0005238056182861328.
Until Calculation: 0.0007205009460449219.
Until linalg solve: 0.040627479553222656.
Regression solved in 0.1516 seconds
Training and Evaluating takes 0.019374370574951172 seconds.
Until Preparation: 0.0005309581756591797.
Until Calculation: 0.0007259845733642578.
Until linalg solve: 0.04100155830383301.
Regression solved in 0.1522 seconds
Training and Evaluating takes 0.016558408737182617 seconds.
Until Preparation: 0.0005359649658203125.
Until Calculation: 0.0007333755493164062.
Until linalg solve: 0.04025578498840332.
Regression solved in 0.1516 seconds
Training and Evaluating takes 0.014246940612792969 seconds.
Until Preparation: 0.0005285739898681641.
Until Calculation: 0.0007288455963134766.
Until linalg solve: 0.04072260856628418.
Regression solved in 0.1519 seconds
Training and Evaluating takes 0.015372753143310547 seconds.
Until Preparation: 0.0005283355712890625.
Until Calculation: 0.0007224082946777344.
Until linalg solve: 0.04093623161315918.
Regression solved in 0.1519 seconds
Training and Evaluating takes 0.0163724422454834 seconds.
Until Preparation: 0.0005266666412353516.
Until Calculation: 0.0007257461547851562.
Until linalg solve: 0.040256500244140625.
Regression solved in 0.1515 seconds
Training and Evaluating takes 0.014319896697998047 seconds.
Until Preparation: 0.00054168701171875.
Until Calculation: 0.0007379055023193359.
Until linalg solve: 0.04118490219116211.
Regression solved in 0.1527 seconds
Training and Evaluating takes 0.01641106605529785 seconds.
Until Preparation: 0.0005092620849609375.
Until Calculation: 0.0007064342498779297.
Until linalg solve: 0.040947675704956055.
Regression solved in 0.1519 seconds
Training and Evaluating takes 0.017306804656982422 seconds.
Until Preparation: 0.0005130767822265625.
Until Calculation: 0.0007104873657226562.
Until linalg solve: 0.0403292179107666.
Regression solved in 0.1521 seconds
Training and Evaluating takes 0.015848636627197266 seconds.
Until Preparation: 0.0005106925964355469.
Until Calculation: 0.0007264614105224609.
Until linalg solve: 0.04070472717285156.
Regression solved in 0.1520 seconds
Training and Evaluating takes 0.016374588012695312 seconds.
Until Preparation: 0.0005116462707519531.
Until Calculation: 0.0007829666137695312.
Until linalg solve: 0.0411531925201416.
Regression solved in 0.1526 seconds
Training and Evaluating takes 0.015594959259033203 seconds.
Until Preparation: 0.0005095005035400391.
Until Calculation: 0.0007104873657226562.
Until linalg solve: 0.040621280670166016.
Regression solved in 0.1542 seconds
Training and Evaluating takes 0.015730857849121094 seconds.
Until Preparation: 0.0005118846893310547.
Until Calculation: 0.0007047653198242188.
Until linalg solve: 0.04068946838378906.
Regression solved in 0.1522 seconds
Training and Evaluating takes 0.016906023025512695 seconds.
Until Preparation: 0.0005142688751220703.
Until Calculation: 0.0007083415985107422.
Until linalg solve: 0.04103565216064453.
Regression solved in 0.1531 seconds
Training and Evaluating takes 0.01728987693786621 seconds.
Until Preparation: 0.0005061626434326172.
Until Calculation: 0.0007026195526123047.
Until linalg solve: 0.0404515266418457.
Regression solved in 0.1522 seconds
Training and Evaluating takes 0.015594720840454102 seconds.
Until Preparation: 0.0005080699920654297.
Until Calculation: 0.0007042884826660156.
Until linalg solve: 0.04077267646789551.
Regression solved in 0.1525 seconds
Training and Evaluating takes 0.015505552291870117 seconds.
Until Preparation: 0.0005130767822265625.
Until Calculation: 0.0007114410400390625.
Until linalg solve: 0.04118204116821289.
Regression solved in 0.1522 seconds
Training and Evaluating takes 0.0161740779876709 seconds.
Until Preparation: 0.0005080699920654297.
Until Calculation: 0.0007102489471435547.
Until linalg solve: 0.04021573066711426.
Regression solved in 0.1526 seconds
Training and Evaluating takes 0.015171289443969727 seconds.
Until Preparation: 0.0005056858062744141.
Until Calculation: 0.0007033348083496094.
Until linalg solve: 0.040842294692993164.
Regression solved in 0.1538 seconds
Training and Evaluating takes 0.005007266998291016 seconds.
    Permutation 40/100 done
Until Preparation: 0.0005161762237548828.
Until Calculation: 0.0007171630859375.
Until linalg solve: 0.04089045524597168.
Regression solved in 0.1532 seconds
Training and Evaluating takes 0.016012907028198242 seconds.
Until Preparation: 0.0004999637603759766.
Until Calculation: 0.0006995201110839844.
Until linalg solve: 0.040375471115112305.
Regression solved in 0.1518 seconds
Training and Evaluating takes 0.014995574951171875 seconds.
Until Preparation: 0.0005128383636474609.
Until Calculation: 0.0007119178771972656.
Until linalg solve: 0.04072904586791992.
Regression solved in 0.1525 seconds
Training and Evaluating takes 0.015569210052490234 seconds.
Until Preparation: 0.0005297660827636719.
Until Calculation: 0.00075531005859375.
Until linalg solve: 0.04101276397705078.
Regression solved in 0.1531 seconds
Training and Evaluating takes 0.01626276969909668 seconds.
Until Preparation: 0.0038604736328125.
Until Calculation: 0.0040645599365234375.
Until linalg solve: 0.043550729751586914.
Regression solved in 0.1553 seconds
Training and Evaluating takes 0.014459848403930664 seconds.
Until Preparation: 0.0005142688751220703.
Until Calculation: 0.0007135868072509766.
Until linalg solve: 0.04074215888977051.
Regression solved in 0.1521 seconds
Training and Evaluating takes 0.015981197357177734 seconds.
Until Preparation: 0.0005249977111816406.
Until Calculation: 0.0007174015045166016.
Until linalg solve: 0.040879249572753906.
Regression solved in 0.1527 seconds
Training and Evaluating takes 0.015359640121459961 seconds.
Until Preparation: 0.0005066394805908203.
Until Calculation: 0.0007026195526123047.
Until linalg solve: 0.04046177864074707.
Regression solved in 0.1519 seconds
Training and Evaluating takes 0.01601123809814453 seconds.
Until Preparation: 0.0005214214324951172.
Until Calculation: 0.0007150173187255859.
Until linalg solve: 0.04063749313354492.
Regression solved in 0.1532 seconds
Training and Evaluating takes 0.016872882843017578 seconds.
Until Preparation: 0.0005137920379638672.
Until Calculation: 0.00070953369140625.
Until linalg solve: 0.04116654396057129.
Regression solved in 0.1533 seconds
Training and Evaluating takes 0.01702880859375 seconds.
Until Preparation: 0.0005102157592773438.
Until Calculation: 0.0007059574127197266.
Until linalg solve: 0.040246009826660156.
Regression solved in 0.1520 seconds
Training and Evaluating takes 0.01580214500427246 seconds.
Until Preparation: 0.0005214214324951172.
Until Calculation: 0.0007176399230957031.
Until linalg solve: 0.04061412811279297.
Regression solved in 0.1528 seconds
Training and Evaluating takes 0.01616668701171875 seconds.
Until Preparation: 0.0005238056182861328.
Until Calculation: 0.0007207393646240234.
Until linalg solve: 0.041068077087402344.
Regression solved in 0.1543 seconds
Training and Evaluating takes 0.01699233055114746 seconds.
Until Preparation: 0.0005102157592773438.
Until Calculation: 0.0007116794586181641.
Until linalg solve: 0.04032421112060547.
Regression solved in 0.1525 seconds
Training and Evaluating takes 0.015318155288696289 seconds.
Until Preparation: 0.0007162094116210938.
Until Calculation: 0.0009121894836425781.
Until linalg solve: 0.040830135345458984.
Regression solved in 0.1531 seconds
Training and Evaluating takes 0.014973640441894531 seconds.
Until Preparation: 0.0005154609680175781.
Until Calculation: 0.0007112026214599609.
Until linalg solve: 0.04096078872680664.
Regression solved in 0.1530 seconds
Training and Evaluating takes 0.01635146141052246 seconds.
Until Preparation: 0.0005102157592773438.
Until Calculation: 0.0007040500640869141.
Until linalg solve: 0.04037213325500488.
Regression solved in 0.1521 seconds
Training and Evaluating takes 0.007569313049316406 seconds.
Until Preparation: 0.0004982948303222656.
Until Calculation: 0.0006954669952392578.
Until linalg solve: 0.04055476188659668.
Regression solved in 0.1521 seconds
Training and Evaluating takes 0.01648998260498047 seconds.
Until Preparation: 0.0005142688751220703.
Until Calculation: 0.0007143020629882812.
Until linalg solve: 0.04097795486450195.
Regression solved in 0.1533 seconds
Training and Evaluating takes 0.016993284225463867 seconds.
Until Preparation: 0.0005106925964355469.
Until Calculation: 0.0007040500640869141.
Until linalg solve: 0.04056239128112793.
Regression solved in 0.1524 seconds
Training and Evaluating takes 0.015504598617553711 seconds.
Until Preparation: 0.0005106925964355469.
Until Calculation: 0.0007050037384033203.
Until linalg solve: 0.04076194763183594.
Regression solved in 0.1531 seconds
Training and Evaluating takes 0.014904499053955078 seconds.
Until Preparation: 0.0005140304565429688.
Until Calculation: 0.0007085800170898438.
Until linalg solve: 0.04107475280761719.
Regression solved in 0.1531 seconds
Training and Evaluating takes 0.016245126724243164 seconds.
Until Preparation: 0.0005087852478027344.
Until Calculation: 0.0007054805755615234.
Until linalg solve: 0.040375709533691406.
Regression solved in 0.1528 seconds
Training and Evaluating takes 0.014044523239135742 seconds.
Until Preparation: 0.0005095005035400391.
Until Calculation: 0.00070953369140625.
Until linalg solve: 0.04094529151916504.
Regression solved in 0.1528 seconds
Training and Evaluating takes 0.016434431076049805 seconds.
Until Preparation: 0.0005288124084472656.
Until Calculation: 0.0007224082946777344.
Until linalg solve: 0.0338902473449707.
Regression solved in 0.1462 seconds
Training and Evaluating takes 0.016139745712280273 seconds.
Until Preparation: 0.000522613525390625.
Until Calculation: 0.0007178783416748047.
Until linalg solve: 0.03343772888183594.
Regression solved in 0.1463 seconds
Training and Evaluating takes 0.014618635177612305 seconds.
Until Preparation: 0.0005097389221191406.
Until Calculation: 0.0007083415985107422.
Until linalg solve: 0.033414363861083984.
Regression solved in 0.1470 seconds
Training and Evaluating takes 0.014982223510742188 seconds.
Until Preparation: 0.0005154609680175781.
Until Calculation: 0.0007135868072509766.
Until linalg solve: 0.03386211395263672.
Regression solved in 0.1450 seconds
Training and Evaluating takes 0.01629924774169922 seconds.
Until Preparation: 0.0005083084106445312.
Until Calculation: 0.0007064342498779297.
Until linalg solve: 0.03339123725891113.
Regression solved in 0.1458 seconds
Training and Evaluating takes 0.01605391502380371 seconds.
Until Preparation: 0.0005047321319580078.
Until Calculation: 0.000698089599609375.
Until linalg solve: 0.033852577209472656.
Regression solved in 0.1451 seconds
Training and Evaluating takes 0.014995098114013672 seconds.
Until Preparation: 0.0005192756652832031.
Until Calculation: 0.0007140636444091797.
Until linalg solve: 0.03386211395263672.
Regression solved in 0.1459 seconds
Training and Evaluating takes 0.016430377960205078 seconds.
Until Preparation: 0.0005128383636474609.
Until Calculation: 0.0007109642028808594.
Until linalg solve: 0.03332090377807617.
Regression solved in 0.1448 seconds
Training and Evaluating takes 0.014111757278442383 seconds.
Until Preparation: 0.0005118846893310547.
Until Calculation: 0.0007083415985107422.
Until linalg solve: 0.040647029876708984.
Regression solved in 0.1516 seconds
Training and Evaluating takes 0.013396739959716797 seconds.
Until Preparation: 0.0005123615264892578.
Until Calculation: 0.0007107257843017578.
Until linalg solve: 0.04100227355957031.
Regression solved in 0.1535 seconds
Training and Evaluating takes 0.016756772994995117 seconds.
Until Preparation: 0.000522613525390625.
Until Calculation: 0.0007238388061523438.
Until linalg solve: 0.04054379463195801.
Regression solved in 0.1514 seconds
Training and Evaluating takes 0.015413999557495117 seconds.
Until Preparation: 0.0005066394805908203.
Until Calculation: 0.0007042884826660156.
Until linalg solve: 0.04077601432800293.
Regression solved in 0.1517 seconds
Training and Evaluating takes 0.015475988388061523 seconds.
Until Preparation: 0.0005357265472412109.
Until Calculation: 0.0007326602935791016.
Until linalg solve: 0.041168928146362305.
Regression solved in 0.1535 seconds
Training and Evaluating takes 0.016754865646362305 seconds.
Until Preparation: 0.0005233287811279297.
Until Calculation: 0.0007264614105224609.
Until linalg solve: 0.040396690368652344.
Regression solved in 0.1515 seconds
Training and Evaluating takes 0.0041561126708984375 seconds.
Until Preparation: 0.0004956722259521484.
Until Calculation: 0.0006940364837646484.
Until linalg solve: 0.04065752029418945.
Regression solved in 0.1516 seconds
Training and Evaluating takes 0.016052961349487305 seconds.
Until Preparation: 0.0005218982696533203.
Until Calculation: 0.0007166862487792969.
Until linalg solve: 0.041025638580322266.
Regression solved in 0.1523 seconds
Training and Evaluating takes 0.016050338745117188 seconds.
Until Preparation: 0.0005168914794921875.
Until Calculation: 0.0007147789001464844.
Until linalg solve: 0.04023408889770508.
Regression solved in 0.1513 seconds
Training and Evaluating takes 0.015563726425170898 seconds.
Until Preparation: 0.0005104541778564453.
Until Calculation: 0.0007083415985107422.
Until linalg solve: 0.04065275192260742.
Regression solved in 0.1518 seconds
Training and Evaluating takes 0.015205144882202148 seconds.
Until Preparation: 0.0005228519439697266.
Until Calculation: 0.0007216930389404297.
Until linalg solve: 0.04107069969177246.
Regression solved in 0.1513 seconds
Training and Evaluating takes 0.018131017684936523 seconds.
Until Preparation: 0.0005137920379638672.
Until Calculation: 0.0007143020629882812.
Until linalg solve: 0.04018282890319824.
Regression solved in 0.1500 seconds
Training and Evaluating takes 0.015717506408691406 seconds.
Until Preparation: 0.0005116462707519531.
Until Calculation: 0.0007090568542480469.
Until linalg solve: 0.04072427749633789.
Regression solved in 0.1500 seconds
Training and Evaluating takes 0.015086650848388672 seconds.
Until Preparation: 0.0005197525024414062.
Until Calculation: 0.0007181167602539062.
Until linalg solve: 0.040978431701660156.
Regression solved in 0.1505 seconds
Training and Evaluating takes 0.015923023223876953 seconds.
Until Preparation: 0.0005068778991699219.
Until Calculation: 0.0007052421569824219.
Until linalg solve: 0.040497779846191406.
Regression solved in 0.1496 seconds
Training and Evaluating takes 0.015275716781616211 seconds.
Until Preparation: 0.0005040168762207031.
Until Calculation: 0.0007054805755615234.
Until linalg solve: 0.04066348075866699.
Regression solved in 0.1495 seconds
Training and Evaluating takes 0.015515804290771484 seconds.
Until Preparation: 0.0005106925964355469.
Until Calculation: 0.0007059574127197266.
Until linalg solve: 0.04089212417602539.
Regression solved in 0.1500 seconds
Training and Evaluating takes 0.016327857971191406 seconds.
Until Preparation: 0.0005059242248535156.
Until Calculation: 0.000705718994140625.
Until linalg solve: 0.04029345512390137.
Regression solved in 0.1493 seconds
Training and Evaluating takes 0.015558481216430664 seconds.
Until Preparation: 0.0005083084106445312.
Until Calculation: 0.0007166862487792969.
Until linalg solve: 0.040772438049316406.
Regression solved in 0.1505 seconds
Training and Evaluating takes 0.00509333610534668 seconds.
Until Preparation: 0.00051116943359375.
Until Calculation: 0.0007190704345703125.
Until linalg solve: 0.04087352752685547.
Regression solved in 0.1500 seconds
Training and Evaluating takes 0.016257524490356445 seconds.
Until Preparation: 0.0005104541778564453.
Until Calculation: 0.0007090568542480469.
Until linalg solve: 0.040457963943481445.
Regression solved in 0.1497 seconds
Training and Evaluating takes 0.016209840774536133 seconds.
Until Preparation: 0.0005068778991699219.
Until Calculation: 0.0007038116455078125.
Until linalg solve: 0.040573835372924805.
Regression solved in 0.1494 seconds
Training and Evaluating takes 0.016643285751342773 seconds.
Until Preparation: 0.0005118846893310547.
Until Calculation: 0.0007081031799316406.
Until linalg solve: 0.041144609451293945.
Regression solved in 0.1501 seconds
Training and Evaluating takes 0.03733348846435547 seconds.
Until Preparation: 0.0005080699920654297.
Until Calculation: 0.0007104873657226562.
Until linalg solve: 0.04020214080810547.
Regression solved in 0.1490 seconds
Training and Evaluating takes 0.015840530395507812 seconds.
Until Preparation: 0.000507354736328125.
Until Calculation: 0.0007047653198242188.
Until linalg solve: 0.040666818618774414.
Regression solved in 0.1495 seconds
Training and Evaluating takes 0.015546321868896484 seconds.
Until Preparation: 0.0005140304565429688.
Until Calculation: 0.000713348388671875.
Until linalg solve: 0.04095911979675293.
Regression solved in 0.1499 seconds
Training and Evaluating takes 0.019333600997924805 seconds.
Until Preparation: 0.0005130767822265625.
Until Calculation: 0.00070953369140625.
Until linalg solve: 0.040430307388305664.
Regression solved in 0.1494 seconds
Training and Evaluating takes 0.015505313873291016 seconds.
Until Preparation: 0.0005145072937011719.
Until Calculation: 0.0007116794586181641.
Until linalg solve: 0.04071927070617676.
Regression solved in 0.1503 seconds
Training and Evaluating takes 0.016755104064941406 seconds.
    Permutation 60/100 done
Until Preparation: 0.0005154609680175781.
Until Calculation: 0.0007126331329345703.
Until linalg solve: 0.041098833084106445.
Regression solved in 0.1506 seconds
Training and Evaluating takes 0.017714977264404297 seconds.
Until Preparation: 0.0005092620849609375.
Until Calculation: 0.0007045269012451172.
Until linalg solve: 0.04034876823425293.
Regression solved in 0.1494 seconds
Training and Evaluating takes 0.017438888549804688 seconds.
Until Preparation: 0.0005102157592773438.
Until Calculation: 0.00070953369140625.
Until linalg solve: 0.04066109657287598.
Regression solved in 0.1506 seconds
Training and Evaluating takes 0.015377521514892578 seconds.
Until Preparation: 0.0005125999450683594.
Until Calculation: 0.0007107257843017578.
Until linalg solve: 0.041452646255493164.
Regression solved in 0.1523 seconds
Training and Evaluating takes 0.009179830551147461 seconds.
Until Preparation: 0.0005030632019042969.
Until Calculation: 0.0007188320159912109.
Until linalg solve: 0.04032421112060547.
Regression solved in 0.1530 seconds
Training and Evaluating takes 0.015366315841674805 seconds.
Until Preparation: 0.0005431175231933594.
Until Calculation: 0.0007460117340087891.
Until linalg solve: 0.040805816650390625.
Regression solved in 0.1508 seconds
Training and Evaluating takes 0.01620173454284668 seconds.
Until Preparation: 0.0005145072937011719.
Until Calculation: 0.0007140636444091797.
Until linalg solve: 0.04107213020324707.
Regression solved in 0.1510 seconds
Training and Evaluating takes 0.01629781723022461 seconds.
Until Preparation: 0.0005121231079101562.
Until Calculation: 0.0007071495056152344.
Until linalg solve: 0.04044675827026367.
Regression solved in 0.1507 seconds
Training and Evaluating takes 0.016172170639038086 seconds.
Until Preparation: 0.0005195140838623047.
Until Calculation: 0.0007200241088867188.
Until linalg solve: 0.04060196876525879.
Regression solved in 0.1508 seconds
Training and Evaluating takes 0.01613926887512207 seconds.
Until Preparation: 0.0005109310150146484.
Until Calculation: 0.0007047653198242188.
Until linalg solve: 0.040909528732299805.
Regression solved in 0.1516 seconds
Training and Evaluating takes 0.016536474227905273 seconds.
Until Preparation: 0.0005080699920654297.
Until Calculation: 0.000705718994140625.
Until linalg solve: 0.040206193923950195.
Regression solved in 0.1500 seconds
Training and Evaluating takes 0.015068531036376953 seconds.
Until Preparation: 0.0005059242248535156.
Until Calculation: 0.0006999969482421875.
Until linalg solve: 0.040715694427490234.
Regression solved in 0.1511 seconds
Training and Evaluating takes 0.015002250671386719 seconds.
Until Preparation: 0.0007145404815673828.
Until Calculation: 0.0009131431579589844.
Until linalg solve: 0.04147911071777344.
Regression solved in 0.1518 seconds
Training and Evaluating takes 0.015437126159667969 seconds.
Until Preparation: 0.0005044937133789062.
Until Calculation: 0.0007021427154541016.
Until linalg solve: 0.04045414924621582.
Regression solved in 0.1500 seconds
Training and Evaluating takes 0.014900922775268555 seconds.
Until Preparation: 0.0005130767822265625.
Until Calculation: 0.0007085800170898438.
Until linalg solve: 0.040518760681152344.
Regression solved in 0.1497 seconds
Training and Evaluating takes 0.015269756317138672 seconds.
Until Preparation: 0.0005090236663818359.
Until Calculation: 0.0007047653198242188.
Until linalg solve: 0.040976524353027344.
Regression solved in 0.1507 seconds
Training and Evaluating takes 0.016620874404907227 seconds.
Until Preparation: 0.0005066394805908203.
Until Calculation: 0.0007030963897705078.
Until linalg solve: 0.04063892364501953.
Regression solved in 0.1511 seconds
Training and Evaluating takes 0.014762163162231445 seconds.
Until Preparation: 0.0005085468292236328.
Until Calculation: 0.0007066726684570312.
Until linalg solve: 0.04057121276855469.
Regression solved in 0.1511 seconds
Training and Evaluating takes 0.01587057113647461 seconds.
Until Preparation: 0.000507354736328125.
Until Calculation: 0.0007076263427734375.
Until linalg solve: 0.04091215133666992.
Regression solved in 0.1508 seconds
Training and Evaluating takes 0.01540827751159668 seconds.
Until Preparation: 0.0005123615264892578.
Until Calculation: 0.0007121562957763672.
Until linalg solve: 0.04034423828125.
Regression solved in 0.1502 seconds
Training and Evaluating takes 0.014691829681396484 seconds.
Until Preparation: 0.0005087852478027344.
Until Calculation: 0.0007059574127197266.
Until linalg solve: 0.04079580307006836.
Regression solved in 0.1514 seconds
Training and Evaluating takes 0.01565694808959961 seconds.
Until Preparation: 0.0005185604095458984.
Until Calculation: 0.0007157325744628906.
Until linalg solve: 0.04118752479553223.
Regression solved in 0.1509 seconds
Training and Evaluating takes 0.01735663414001465 seconds.
Until Preparation: 0.0007112026214599609.
Until Calculation: 0.0009069442749023438.
Until linalg solve: 0.040497541427612305.
Regression solved in 0.1497 seconds
Training and Evaluating takes 0.014128923416137695 seconds.
Until Preparation: 0.0005009174346923828.
Until Calculation: 0.0006995201110839844.
Until linalg solve: 0.04118490219116211.
Regression solved in 0.1521 seconds
Training and Evaluating takes 0.01579904556274414 seconds.
Until Preparation: 0.0005109310150146484.
Until Calculation: 0.0007054805755615234.
Until linalg solve: 0.040955305099487305.
Regression solved in 0.1508 seconds
Training and Evaluating takes 0.01547861099243164 seconds.
Until Preparation: 0.0004911422729492188.
Until Calculation: 0.0006842613220214844.
Until linalg solve: 0.040590524673461914.
Regression solved in 0.1503 seconds
Training and Evaluating takes 0.015051126480102539 seconds.
Until Preparation: 0.0005164146423339844.
Until Calculation: 0.0007126331329345703.
Until linalg solve: 0.04084134101867676.
Regression solved in 0.1505 seconds
Training and Evaluating takes 0.01554560661315918 seconds.
Until Preparation: 0.0005147457122802734.
Until Calculation: 0.0007121562957763672.
Until linalg solve: 0.041014671325683594.
Regression solved in 0.1502 seconds
Training and Evaluating takes 0.01707911491394043 seconds.
Until Preparation: 0.0005071163177490234.
Until Calculation: 0.0007078647613525391.
Until linalg solve: 0.04032182693481445.
Regression solved in 0.1500 seconds
Training and Evaluating takes 0.014862537384033203 seconds.
Until Preparation: 0.0005092620849609375.
Until Calculation: 0.000705718994140625.
Until linalg solve: 0.04079389572143555.
Regression solved in 0.1510 seconds
Training and Evaluating takes 0.01608586311340332 seconds.
Until Preparation: 0.0005159378051757812.
Until Calculation: 0.0007121562957763672.
Until linalg solve: 0.04115176200866699.
Regression solved in 0.1513 seconds
Training and Evaluating takes 0.01605677604675293 seconds.
Until Preparation: 0.0005092620849609375.
Until Calculation: 0.0007069110870361328.
Until linalg solve: 0.040236473083496094.
Regression solved in 0.1498 seconds
Training and Evaluating takes 0.01604461669921875 seconds.
Until Preparation: 0.0004923343658447266.
Until Calculation: 0.0006885528564453125.
Until linalg solve: 0.040627241134643555.
Regression solved in 0.1504 seconds
Training and Evaluating takes 0.015109539031982422 seconds.
Until Preparation: 0.0005125999450683594.
Until Calculation: 0.0007104873657226562.
Until linalg solve: 0.041200876235961914.
Regression solved in 0.1525 seconds
Training and Evaluating takes 0.015518426895141602 seconds.
Until Preparation: 0.0005321502685546875.
Until Calculation: 0.0007817745208740234.
Until linalg solve: 0.04040384292602539.
Regression solved in 0.1500 seconds
Training and Evaluating takes 0.006671428680419922 seconds.
Until Preparation: 0.0005116462707519531.
Until Calculation: 0.0007228851318359375.
Until linalg solve: 0.04075813293457031.
Regression solved in 0.1502 seconds
Training and Evaluating takes 0.01588606834411621 seconds.
Until Preparation: 0.0005102157592773438.
Until Calculation: 0.0007214546203613281.
Until linalg solve: 0.04106569290161133.
Regression solved in 0.1509 seconds
Training and Evaluating takes 0.016466379165649414 seconds.
Until Preparation: 0.0005130767822265625.
Until Calculation: 0.0007255077362060547.
Until linalg solve: 0.04054450988769531.
Regression solved in 0.1511 seconds
Training and Evaluating takes 0.015558242797851562 seconds.
Until Preparation: 0.0005030632019042969.
Until Calculation: 0.0006959438323974609.
Until linalg solve: 0.04055047035217285.
Regression solved in 0.1507 seconds
Training and Evaluating takes 0.015273571014404297 seconds.
Until Preparation: 0.0005204677581787109.
Until Calculation: 0.0007150173187255859.
Until linalg solve: 0.041219472885131836.
Regression solved in 0.1508 seconds
Training and Evaluating takes 0.015486001968383789 seconds.
Until Preparation: 0.0005021095275878906.
Until Calculation: 0.0007069110870361328.
Until linalg solve: 0.04026651382446289.
Regression solved in 0.1496 seconds
Training and Evaluating takes 0.014166831970214844 seconds.
Until Preparation: 0.0005164146423339844.
Until Calculation: 0.0007205009460449219.
Until linalg solve: 0.040737152099609375.
Regression solved in 0.1501 seconds
Training and Evaluating takes 0.01703333854675293 seconds.
Until Preparation: 0.0005118846893310547.
Until Calculation: 0.0007183551788330078.
Until linalg solve: 0.04113173484802246.
Regression solved in 0.1506 seconds
Training and Evaluating takes 0.0167238712310791 seconds.
Until Preparation: 0.0004894733428955078.
Until Calculation: 0.0007088184356689453.
Until linalg solve: 0.04023551940917969.
Regression solved in 0.1498 seconds
Training and Evaluating takes 0.014409542083740234 seconds.
Until Preparation: 0.0005121231079101562.
Until Calculation: 0.0007207393646240234.
Until linalg solve: 0.04090428352355957.
Regression solved in 0.1501 seconds
Training and Evaluating takes 0.015028953552246094 seconds.
Until Preparation: 0.0005147457122802734.
Until Calculation: 0.0007119178771972656.
Until linalg solve: 0.041239023208618164.
Regression solved in 0.1507 seconds
Training and Evaluating takes 0.031740665435791016 seconds.
Until Preparation: 0.0005130767822265625.
Until Calculation: 0.0007104873657226562.
Until linalg solve: 0.040386199951171875.
Regression solved in 0.1507 seconds
Training and Evaluating takes 0.015138864517211914 seconds.
Until Preparation: 0.0005044937133789062.
Until Calculation: 0.0007109642028808594.
Until linalg solve: 0.0405726432800293.
Regression solved in 0.1517 seconds
Training and Evaluating takes 0.015240192413330078 seconds.
Until Preparation: 0.0005049705505371094.
Until Calculation: 0.0006999969482421875.
Until linalg solve: 0.04100370407104492.
Regression solved in 0.1500 seconds
Training and Evaluating takes 0.016324758529663086 seconds.
Until Preparation: 0.0005152225494384766.
Until Calculation: 0.0007274150848388672.
Until linalg solve: 0.04034686088562012.
Regression solved in 0.1499 seconds
Training and Evaluating takes 0.014943838119506836 seconds.
Until Preparation: 0.0005085468292236328.
Until Calculation: 0.0007047653198242188.
Until linalg solve: 0.04067254066467285.
Regression solved in 0.1507 seconds
Training and Evaluating takes 0.01636672019958496 seconds.
Until Preparation: 0.0005142688751220703.
Until Calculation: 0.0007228851318359375.
Until linalg solve: 0.041077613830566406.
Regression solved in 0.1524 seconds
Training and Evaluating takes 0.016911983489990234 seconds.
Until Preparation: 0.0005083084106445312.
Until Calculation: 0.0007174015045166016.
Until linalg solve: 0.040366172790527344.
Regression solved in 0.1502 seconds
Training and Evaluating takes 0.014706134796142578 seconds.
Until Preparation: 0.0005204677581787109.
Until Calculation: 0.0007176399230957031.
Until linalg solve: 0.04059481620788574.
Regression solved in 0.1524 seconds
Training and Evaluating takes 0.0185546875 seconds.
Until Preparation: 0.0005116462707519531.
Until Calculation: 0.0007226467132568359.
Until linalg solve: 0.04102969169616699.
Regression solved in 0.1515 seconds
Training and Evaluating takes 0.01706099510192871 seconds.
Until Preparation: 0.0005075931549072266.
Until Calculation: 0.0007083415985107422.
Until linalg solve: 0.040224313735961914.
Regression solved in 0.1507 seconds
Training and Evaluating takes 0.015180587768554688 seconds.
Until Preparation: 0.0005054473876953125.
Until Calculation: 0.0007004737854003906.
Until linalg solve: 0.040789127349853516.
Regression solved in 0.1506 seconds
Training and Evaluating takes 0.015497207641601562 seconds.
Until Preparation: 0.0005083084106445312.
Until Calculation: 0.0007116794586181641.
Until linalg solve: 0.0410463809967041.
Regression solved in 0.1513 seconds
Training and Evaluating takes 0.016965866088867188 seconds.
Until Preparation: 0.0005102157592773438.
Until Calculation: 0.0007069110870361328.
Until linalg solve: 0.04045224189758301.
Regression solved in 0.1515 seconds
Training and Evaluating takes 0.014428377151489258 seconds.
Until Preparation: 0.0005087852478027344.
Until Calculation: 0.0007090568542480469.
Until linalg solve: 0.04065990447998047.
Regression solved in 0.1514 seconds
Training and Evaluating takes 0.015603065490722656 seconds.
    Permutation 80/100 done
Until Preparation: 0.0005114078521728516.
Until Calculation: 0.0007066726684570312.
Until linalg solve: 0.041106462478637695.
Regression solved in 0.1507 seconds
Training and Evaluating takes 0.016444921493530273 seconds.
Until Preparation: 0.0005118846893310547.
Until Calculation: 0.0008096694946289062.
Until linalg solve: 0.040497541427612305.
Regression solved in 0.1507 seconds
Training and Evaluating takes 0.015486478805541992 seconds.
Until Preparation: 0.0005118846893310547.
Until Calculation: 0.0007104873657226562.
Until linalg solve: 0.04051065444946289.
Regression solved in 0.1512 seconds
Training and Evaluating takes 0.014816045761108398 seconds.
Until Preparation: 0.0005152225494384766.
Until Calculation: 0.0007112026214599609.
Until linalg solve: 0.040975332260131836.
Regression solved in 0.1507 seconds
Training and Evaluating takes 0.01756572723388672 seconds.
Until Preparation: 0.0005068778991699219.
Until Calculation: 0.0007050037384033203.
Until linalg solve: 0.04032707214355469.
Regression solved in 0.1500 seconds
Training and Evaluating takes 0.015918731689453125 seconds.
Until Preparation: 0.0005171298980712891.
Until Calculation: 0.0007159709930419922.
Until linalg solve: 0.040848731994628906.
Regression solved in 0.1507 seconds
Training and Evaluating takes 0.01533651351928711 seconds.
Until Preparation: 0.0005254745483398438.
Until Calculation: 0.0007214546203613281.
Until linalg solve: 0.04106330871582031.
Regression solved in 0.1503 seconds
Training and Evaluating takes 0.016016244888305664 seconds.
Until Preparation: 0.0004944801330566406.
Until Calculation: 0.0006897449493408203.
Until linalg solve: 0.04038381576538086.
Regression solved in 0.1505 seconds
Training and Evaluating takes 0.014919042587280273 seconds.
Until Preparation: 0.0005128383636474609.
Until Calculation: 0.0007135868072509766.
Until linalg solve: 0.04050040245056152.
Regression solved in 0.1507 seconds
Training and Evaluating takes 0.015307426452636719 seconds.
Until Preparation: 0.0005156993865966797.
Until Calculation: 0.0007119178771972656.
Until linalg solve: 0.04108905792236328.
Regression solved in 0.1509 seconds
Training and Evaluating takes 0.017414569854736328 seconds.
Until Preparation: 0.0005078315734863281.
Until Calculation: 0.000701904296875.
Until linalg solve: 0.04055643081665039.
Regression solved in 0.1504 seconds
Training and Evaluating takes 0.015402555465698242 seconds.
Until Preparation: 0.0007271766662597656.
Until Calculation: 0.0009288787841796875.
Until linalg solve: 0.040807247161865234.
Regression solved in 0.1506 seconds
Training and Evaluating takes 0.01470804214477539 seconds.
Until Preparation: 0.0005190372467041016.
Until Calculation: 0.0007147789001464844.
Until linalg solve: 0.0413670539855957.
Regression solved in 0.1508 seconds
Training and Evaluating takes 0.017641544342041016 seconds.
Until Preparation: 0.0005078315734863281.
Until Calculation: 0.0007188320159912109.
Until linalg solve: 0.04029083251953125.
Regression solved in 0.1501 seconds
Training and Evaluating takes 0.014930248260498047 seconds.
Until Preparation: 0.0005118846893310547.
Until Calculation: 0.0007069110870361328.
Until linalg solve: 0.0406641960144043.
Regression solved in 0.1503 seconds
Training and Evaluating takes 0.016745328903198242 seconds.
Until Preparation: 0.0005137920379638672.
Until Calculation: 0.0009198188781738281.
Until linalg solve: 0.0414271354675293.
Regression solved in 0.1509 seconds
Training and Evaluating takes 0.01746511459350586 seconds.
Until Preparation: 0.0005083084106445312.
Until Calculation: 0.0007066726684570312.
Until linalg solve: 0.04036450386047363.
Regression solved in 0.1510 seconds
Training and Evaluating takes 0.015811920166015625 seconds.
Until Preparation: 0.0005092620849609375.
Until Calculation: 0.0007066726684570312.
Until linalg solve: 0.04072713851928711.
Regression solved in 0.1511 seconds
Training and Evaluating takes 0.01488804817199707 seconds.
Until Preparation: 0.0005142688751220703.
Until Calculation: 0.0007069110870361328.
Until linalg solve: 0.04094839096069336.
Regression solved in 0.1511 seconds
Training and Evaluating takes 0.016242027282714844 seconds.
Until Preparation: 0.0005095005035400391.
Until Calculation: 0.0007069110870361328.
Until linalg solve: 0.04035687446594238.
Regression solved in 0.1511 seconds
Training and Evaluating takes 0.01575636863708496 seconds.
Until Preparation: 0.0005145072937011719.
Until Calculation: 0.0007154941558837891.
Until linalg solve: 0.040639400482177734.
Regression solved in 0.1511 seconds
Training and Evaluating takes 0.016742706298828125 seconds.
Until Preparation: 0.0005059242248535156.
Until Calculation: 0.0007042884826660156.
Until linalg solve: 0.04103732109069824.
Regression solved in 0.1524 seconds
Training and Evaluating takes 0.01985955238342285 seconds.
Until Preparation: 0.0005133152008056641.
Until Calculation: 0.0007128715515136719.
Until linalg solve: 0.04037785530090332.
Regression solved in 0.1501 seconds
Training and Evaluating takes 0.014645814895629883 seconds.
Until Preparation: 0.0005011558532714844.
Until Calculation: 0.0006966590881347656.
Until linalg solve: 0.04064655303955078.
Regression solved in 0.1505 seconds
Training and Evaluating takes 0.016459226608276367 seconds.
Until Preparation: 0.0005102157592773438.
Until Calculation: 0.000705718994140625.
Until linalg solve: 0.041230201721191406.
Regression solved in 0.1516 seconds
Training and Evaluating takes 0.016673803329467773 seconds.
Until Preparation: 0.0005142688751220703.
Until Calculation: 0.0007112026214599609.
Until linalg solve: 0.040216922760009766.
Regression solved in 0.1510 seconds
Training and Evaluating takes 0.014729976654052734 seconds.
Until Preparation: 0.0005028247833251953.
Until Calculation: 0.0006983280181884766.
Until linalg solve: 0.04071521759033203.
Regression solved in 0.1511 seconds
Training and Evaluating takes 0.014968156814575195 seconds.
Until Preparation: 0.0005128383636474609.
Until Calculation: 0.0007104873657226562.
Until linalg solve: 0.04131197929382324.
Regression solved in 0.1517 seconds
Training and Evaluating takes 0.01765751838684082 seconds.
Until Preparation: 0.0005183219909667969.
Until Calculation: 0.0007159709930419922.
Until linalg solve: 0.040215253829956055.
Regression solved in 0.1510 seconds
Training and Evaluating takes 0.01578354835510254 seconds.
Until Preparation: 0.0005002021789550781.
Until Calculation: 0.0006976127624511719.
Until linalg solve: 0.040593624114990234.
Regression solved in 0.1508 seconds
Training and Evaluating takes 0.015381336212158203 seconds.
Until Preparation: 0.0005125999450683594.
Until Calculation: 0.0007123947143554688.
Until linalg solve: 0.04106712341308594.
Regression solved in 0.1510 seconds
Training and Evaluating takes 0.017339706420898438 seconds.
Until Preparation: 0.000518798828125.
Until Calculation: 0.0007157325744628906.
Until linalg solve: 0.04041099548339844.
Regression solved in 0.1507 seconds
Training and Evaluating takes 0.005194664001464844 seconds.
Until Preparation: 0.0005118846893310547.
Until Calculation: 0.0007081031799316406.
Until linalg solve: 0.04082345962524414.
Regression solved in 0.1509 seconds
Training and Evaluating takes 0.016147613525390625 seconds.
Until Preparation: 0.0005109310150146484.
Until Calculation: 0.000705718994140625.
Until linalg solve: 0.04097294807434082.
Regression solved in 0.1524 seconds
Training and Evaluating takes 0.01584172248840332 seconds.
Until Preparation: 0.0005352497100830078.
Until Calculation: 0.0007367134094238281.
Until linalg solve: 0.04036760330200195.
Regression solved in 0.1503 seconds
Training and Evaluating takes 0.014512777328491211 seconds.
Until Preparation: 0.0005092620849609375.
Until Calculation: 0.0007038116455078125.
Until linalg solve: 0.04066801071166992.
Regression solved in 0.1508 seconds
Training and Evaluating takes 0.015268802642822266 seconds.
Until Preparation: 0.0005125999450683594.
Until Calculation: 0.0007121562957763672.
Until linalg solve: 0.04094409942626953.
Regression solved in 0.1512 seconds
Training and Evaluating takes 0.017090559005737305 seconds.
Until Preparation: 0.0005080699920654297.
Until Calculation: 0.0007045269012451172.
Until linalg solve: 0.04051041603088379.
Regression solved in 0.1509 seconds
Training and Evaluating takes 0.01494288444519043 seconds.
Until Preparation: 0.0005195140838623047.
Until Calculation: 0.0007863044738769531.
Until linalg solve: 0.04074358940124512.
Regression solved in 0.1511 seconds
Training and Evaluating takes 0.014954090118408203 seconds.
Until Preparation: 0.0005121231079101562.
Until Calculation: 0.0007126331329345703.
Until linalg solve: 0.04104471206665039.
Regression solved in 0.1517 seconds
Training and Evaluating takes 0.012674808502197266 seconds.
Until Preparation: 0.0005033016204833984.
Until Calculation: 0.0007047653198242188.
Until linalg solve: 0.040281057357788086.
Regression solved in 0.1503 seconds
Training and Evaluating takes 0.01614665985107422 seconds.
Until Preparation: 0.0005133152008056641.
Until Calculation: 0.0007090568542480469.
Until linalg solve: 0.04057765007019043.
Regression solved in 0.1513 seconds
Training and Evaluating takes 0.016780614852905273 seconds.
Until Preparation: 0.000507354736328125.
Until Calculation: 0.0007059574127197266.
Until linalg solve: 0.04111051559448242.
Regression solved in 0.1520 seconds
Training and Evaluating takes 0.0055348873138427734 seconds.
Until Preparation: 0.0004913806915283203.
Until Calculation: 0.0006878376007080078.
Until linalg solve: 0.04034018516540527.
Regression solved in 0.1504 seconds
Training and Evaluating takes 0.015857696533203125 seconds.
Until Preparation: 0.0005099773406982422.
Until Calculation: 0.0007097721099853516.
Until linalg solve: 0.04086637496948242.
Regression solved in 0.1526 seconds
Training and Evaluating takes 0.018533945083618164 seconds.
Until Preparation: 0.0005190372467041016.
Until Calculation: 0.0007178783416748047.
Until linalg solve: 0.04105329513549805.
Regression solved in 0.1514 seconds
Training and Evaluating takes 0.0159151554107666 seconds.
Until Preparation: 0.0005109310150146484.
Until Calculation: 0.0007083415985107422.
Until linalg solve: 0.04029679298400879.
Regression solved in 0.1508 seconds
Training and Evaluating takes 0.017936229705810547 seconds.
Until Preparation: 0.0005180835723876953.
Until Calculation: 0.0007128715515136719.
Until linalg solve: 0.04084515571594238.
Regression solved in 0.1513 seconds
Training and Evaluating takes 0.015623092651367188 seconds.
Until Preparation: 0.00051116943359375.
Until Calculation: 0.0007083415985107422.
Until linalg solve: 0.04091691970825195.
Regression solved in 0.1511 seconds
Training and Evaluating takes 0.017147064208984375 seconds.
Until Preparation: 0.0005085468292236328.
Until Calculation: 0.0007071495056152344.
Until linalg solve: 0.04037904739379883.
Regression solved in 0.1505 seconds
Training and Evaluating takes 0.014286518096923828 seconds.
Until Preparation: 0.0005099773406982422.
Until Calculation: 0.0007114410400390625.
Until linalg solve: 0.040691375732421875.
Regression solved in 0.1510 seconds
Training and Evaluating takes 0.01600790023803711 seconds.
Until Preparation: 0.0005159378051757812.
Until Calculation: 0.0007169246673583984.
Until linalg solve: 0.04108715057373047.
Regression solved in 0.1532 seconds
Training and Evaluating takes 0.017142534255981445 seconds.
Until Preparation: 0.0005123615264892578.
Until Calculation: 0.0007092952728271484.
Until linalg solve: 0.040352821350097656.
Regression solved in 0.1507 seconds
Training and Evaluating takes 0.015136241912841797 seconds.
Until Preparation: 0.0005078315734863281.
Until Calculation: 0.0007069110870361328.
Until linalg solve: 0.04059600830078125.
Regression solved in 0.1508 seconds
Training and Evaluating takes 0.015284061431884766 seconds.
Until Preparation: 0.0005152225494384766.
Until Calculation: 0.0007140636444091797.
Until linalg solve: 0.04091310501098633.
Regression solved in 0.1517 seconds
Training and Evaluating takes 0.015521526336669922 seconds.
Until Preparation: 0.0005085468292236328.
Until Calculation: 0.0007059574127197266.
Until linalg solve: 0.04027056694030762.
Regression solved in 0.1511 seconds
Training and Evaluating takes 0.01580190658569336 seconds.
Until Preparation: 0.0005197525024414062.
Until Calculation: 0.0007295608520507812.
Until linalg solve: 0.04087519645690918.
Regression solved in 0.1518 seconds
Training and Evaluating takes 0.015372276306152344 seconds.
Until Preparation: 0.0005125999450683594.
Until Calculation: 0.0007088184356689453.
Until linalg solve: 0.04105091094970703.
Regression solved in 0.1514 seconds
Training and Evaluating takes 0.01589369773864746 seconds.
Until Preparation: 0.0005059242248535156.
Until Calculation: 0.0007045269012451172.
Until linalg solve: 0.040224552154541016.
Regression solved in 0.1510 seconds
Training and Evaluating takes 0.014859437942504883 seconds.
Until Preparation: 0.0005152225494384766.
Until Calculation: 0.0007119178771972656.
Until linalg solve: 0.04070878028869629.
Regression solved in 0.1512 seconds
Training and Evaluating takes 0.016871213912963867 seconds.
    Permutation 100/100 done
  Permutation p-value: 0.0000  (null mean=0.1916 ± 0.0142)
  Saved: /juice6/u/jshe/nlp/LM_neural_synchrony/playground/control_plots/perm_value_compatibility_Misv0.2Misv0.3_L16_L16.png
  Saved: /juice6/u/jshe/nlp/LM_neural_synchrony/playground/control_plots/r2_controls_Misv0.2Misv0.3_L16_L16.png

============================================================
SUMMARY: Misv0.2Misv0.3
============================================================
  Real R² (best layer):     0.6054
  Shuffled R² (best layer): 0.0000 ± 0.0000
  Layer-0 R²:               0.2686
  Improvement over L0:      +0.3368
  Perm test [alignment_binary]: observed_gap=0.4897, null=0.1780±0.0161, p=0.0000
  Perm test [goal_structure]: observed_gap=0.4825, null=0.2333±0.0182, p=0.0000
  Perm test [value_compatibility]: observed_gap=0.2890, null=0.1916±0.0142, p=0.0000

Saved: /juice6/u/jshe/nlp/LM_neural_synchrony/control_analysis_Misv0.2Misv0.3_L16_L16.json
Best layer pair for Misv0.2Misv0.2: A=16, B=16, R²=-999.0000

############################################################
Model: Mistral-7B-Instruct-v0.2_None_0_Mistral-7B-Instruct-v0.2_None_0 (Misv0.2Misv0.2)
Layer pair: A=16, B=16
############################################################
Loading features for Mistral-7B-Instruct-v0.2_None_0_Mistral-7B-Instruct-v0.2_None_0...
Loaded 450 episodes

============================================================
Control A: Shuffle-Paired Baseline
============================================================
  Shuffle control: 2811 turns, dim=4096
Until Preparation: 0.0012061595916748047.
Until Calculation: 0.0014679431915283203.
Until linalg solve: 0.05002093315124512.
Regression solved in 0.1612 seconds
Training and Evaluating takes 0.0512242317199707 seconds.
Until Preparation: 0.0005393028259277344.
Until Calculation: 0.0007183551788330078.
Until linalg solve: 0.049481868743896484.
Regression solved in 0.1593 seconds
Training and Evaluating takes 0.05557847023010254 seconds.
Until Preparation: 0.0005471706390380859.
Until Calculation: 0.0007245540618896484.
Until linalg solve: 0.04929065704345703.
Regression solved in 0.1585 seconds
Training and Evaluating takes 0.0905303955078125 seconds.
  Real R² (mean over 3 seeds): 0.5768
Until Preparation: 0.0005383491516113281.
Until Calculation: 0.0007212162017822266.
Until linalg solve: 0.049294233322143555.
Regression solved in 0.1590 seconds
Training and Evaluating takes 0.10333490371704102 seconds.
Until Preparation: 0.0005507469177246094.
Until Calculation: 0.0007312297821044922.
Until linalg solve: 0.04921579360961914.
Regression solved in 0.1591 seconds
Training and Evaluating takes 0.09391236305236816 seconds.
Until Preparation: 0.0005686283111572266.
Until Calculation: 0.0007483959197998047.
Until linalg solve: 0.04943203926086426.
Regression solved in 0.1591 seconds
Training and Evaluating takes 0.09679746627807617 seconds.
Until Preparation: 0.0005362033843994141.
Until Calculation: 0.0007116794586181641.
Until linalg solve: 0.04967093467712402.
Regression solved in 0.1592 seconds
Training and Evaluating takes 0.047406911849975586 seconds.
Until Preparation: 0.0005278587341308594.
Until Calculation: 0.0007028579711914062.
Until linalg solve: 0.04937100410461426.
Regression solved in 0.1586 seconds
Training and Evaluating takes 0.02310037612915039 seconds.
Until Preparation: 0.0005393028259277344.
Until Calculation: 0.0007212162017822266.
Until linalg solve: 0.04928278923034668.
Regression solved in 0.1608 seconds
Training and Evaluating takes 0.05698108673095703 seconds.
Until Preparation: 0.000553131103515625.
Until Calculation: 0.0007328987121582031.
Until linalg solve: 0.04924821853637695.
Regression solved in 0.1590 seconds
Training and Evaluating takes 0.11213016510009766 seconds.
Until Preparation: 0.0005440711975097656.
Until Calculation: 0.000720977783203125.
Until linalg solve: 0.04927802085876465.
Regression solved in 0.1585 seconds
Training and Evaluating takes 0.023892641067504883 seconds.
Until Preparation: 0.0005524158477783203.
Until Calculation: 0.0007290840148925781.
Until linalg solve: 0.04942798614501953.
Regression solved in 0.1591 seconds
Training and Evaluating takes 0.038933753967285156 seconds.
Until Preparation: 0.0005426406860351562.
Until Calculation: 0.0007221698760986328.
Until linalg solve: 0.04939699172973633.
Regression solved in 0.1590 seconds
Training and Evaluating takes 0.1001138687133789 seconds.
Until Preparation: 0.0005533695220947266.
Until Calculation: 0.0007314682006835938.
Until linalg solve: 0.0493161678314209.
Regression solved in 0.1599 seconds
Training and Evaluating takes 0.08701539039611816 seconds.
Until Preparation: 0.0005524158477783203.
Until Calculation: 0.0007307529449462891.
Until linalg solve: 0.04932808876037598.
Regression solved in 0.1587 seconds
Training and Evaluating takes 0.09257888793945312 seconds.
Until Preparation: 0.00054168701171875.
Until Calculation: 0.0007190704345703125.
Until linalg solve: 0.049338340759277344.
Regression solved in 0.1586 seconds
Training and Evaluating takes 0.10475683212280273 seconds.
Until Preparation: 0.0005464553833007812.
Until Calculation: 0.00072479248046875.
Until linalg solve: 0.04926705360412598.
Regression solved in 0.1602 seconds
Training and Evaluating takes 0.09521079063415527 seconds.
Until Preparation: 0.0005414485931396484.
Until Calculation: 0.0007193088531494141.
Until linalg solve: 0.049411773681640625.
Regression solved in 0.1594 seconds
Training and Evaluating takes 0.09176850318908691 seconds.
Until Preparation: 0.0005376338958740234.
Until Calculation: 0.0007178783416748047.
Until linalg solve: 0.04941415786743164.
Regression solved in 0.1595 seconds
Training and Evaluating takes 0.09575176239013672 seconds.
Until Preparation: 0.0005381107330322266.
Until Calculation: 0.0007185935974121094.
Until linalg solve: 0.04927325248718262.
Regression solved in 0.1596 seconds
Training and Evaluating takes 0.09750723838806152 seconds.
Until Preparation: 0.0005352497100830078.
Until Calculation: 0.0007109642028808594.
Until linalg solve: 0.0492708683013916.
Regression solved in 0.1598 seconds
Training and Evaluating takes 0.09557294845581055 seconds.
Until Preparation: 0.0005435943603515625.
Until Calculation: 0.000720977783203125.
Until linalg solve: 0.049271583557128906.
Regression solved in 0.1601 seconds
Training and Evaluating takes 0.10236454010009766 seconds.
Until Preparation: 0.0005369186401367188.
Until Calculation: 0.0007185935974121094.
Until linalg solve: 0.049265384674072266.
Regression solved in 0.1603 seconds
Training and Evaluating takes 0.0918421745300293 seconds.
Until Preparation: 0.0005445480346679688.
Until Calculation: 0.0007207393646240234.
Until linalg solve: 0.04930377006530762.
Regression solved in 0.1598 seconds
Training and Evaluating takes 0.0954904556274414 seconds.
Until Preparation: 0.0005412101745605469.
Until Calculation: 0.0007314682006835938.
Until linalg solve: 0.04930877685546875.
Regression solved in 0.1600 seconds
Training and Evaluating takes 0.0929558277130127 seconds.
Until Preparation: 0.0005843639373779297.
Until Calculation: 0.0007841587066650391.
Until linalg solve: 0.04936981201171875.
Regression solved in 0.1589 seconds
Training and Evaluating takes 0.09309744834899902 seconds.
Until Preparation: 0.0005486011505126953.
Until Calculation: 0.0007297992706298828.
Until linalg solve: 0.04928088188171387.
Regression solved in 0.1594 seconds
Training and Evaluating takes 0.09683012962341309 seconds.
Until Preparation: 0.0005517005920410156.
Until Calculation: 0.0007305145263671875.
Until linalg solve: 0.049245595932006836.
Regression solved in 0.1592 seconds
Training and Evaluating takes 0.045282840728759766 seconds.
Until Preparation: 0.0007634162902832031.
Until Calculation: 0.0011489391326904297.
Until linalg solve: 0.04945659637451172.
Regression solved in 0.1599 seconds
Training and Evaluating takes 0.09469270706176758 seconds.
Until Preparation: 0.0005512237548828125.
Until Calculation: 0.0007288455963134766.
Until linalg solve: 0.04929184913635254.
Regression solved in 0.1594 seconds
Training and Evaluating takes 0.08977532386779785 seconds.
Until Preparation: 0.0005459785461425781.
Until Calculation: 0.0007245540618896484.
Until linalg solve: 0.049445152282714844.
Regression solved in 0.1593 seconds
Training and Evaluating takes 0.10440492630004883 seconds.
Until Preparation: 0.0005366802215576172.
Until Calculation: 0.0007162094116210938.
Until linalg solve: 0.04931759834289551.
Regression solved in 0.1591 seconds
Training and Evaluating takes 0.09206247329711914 seconds.
Until Preparation: 0.00054168701171875.
Until Calculation: 0.0007216930389404297.
Until linalg solve: 0.04921603202819824.
Regression solved in 0.1592 seconds
Training and Evaluating takes 0.09114623069763184 seconds.
  Shuffled R² (mean ± std over 10 shuffles): 0.0000 ± 0.0000

============================================================
Control D: Layer-0 Baseline
============================================================
Until Preparation: 0.000576019287109375.
Until Calculation: 0.0007517337799072266.
Until linalg solve: 0.049323320388793945.
Regression solved in 0.1598 seconds
Training and Evaluating takes 0.1008002758026123 seconds.
Until Preparation: 0.0005548000335693359.
Until Calculation: 0.0007326602935791016.
Until linalg solve: 0.04927778244018555.
Regression solved in 0.1595 seconds
Training and Evaluating takes 0.09875750541687012 seconds.
Until Preparation: 0.0005724430084228516.
Until Calculation: 0.0007789134979248047.
Until linalg solve: 0.049365997314453125.
Regression solved in 0.1596 seconds
Training and Evaluating takes 0.09679436683654785 seconds.
  Best-layer R² (L16→L16): 0.5768
Until Preparation: 0.0005483627319335938.
Until Calculation: 0.0007264614105224609.
Until linalg solve: 0.04928421974182129.
Regression solved in 0.1600 seconds
Training and Evaluating takes 0.10962247848510742 seconds.
Until Preparation: 0.0005495548248291016.
Until Calculation: 0.0007238388061523438.
Until linalg solve: 0.04924321174621582.
Regression solved in 0.1594 seconds
Training and Evaluating takes 0.09372472763061523 seconds.
Until Preparation: 0.0005354881286621094.
Until Calculation: 0.0007147789001464844.
Until linalg solve: 0.04938673973083496.
Regression solved in 0.1601 seconds
Training and Evaluating takes 0.09496641159057617 seconds.
  Layer-0 R² (L0→L0): 0.3667

============================================================
Control E: Permutation Tests on Transfer Gap
============================================================
  Binary alignment split: high(>=0.5)=151, low(<=-0.5)=118

  Computing observed gap for 'alignment_binary'...
Until Preparation: 0.0005288124084472656.
Until Calculation: 0.0009052753448486328.
Until linalg solve: 0.04272866249084473.
Regression solved in 0.1530 seconds
Training and Evaluating takes 0.03299117088317871 seconds.
Until Preparation: 0.0005164146423339844.
Until Calculation: 0.0007171630859375.
Until linalg solve: 0.041487932205200195.
Regression solved in 0.1518 seconds
Training and Evaluating takes 0.03167581558227539 seconds.
  Observed gap: 0.5169
  Running 100 permutations...
Until Preparation: 0.0005245208740234375.
Until Calculation: 0.0007541179656982422.
Until linalg solve: 0.04239249229431152.
Regression solved in 0.1528 seconds
Training and Evaluating takes 0.0322420597076416 seconds.
Until Preparation: 0.0005223751068115234.
Until Calculation: 0.0007176399230957031.
Until linalg solve: 0.04166913032531738.
Regression solved in 0.1535 seconds
Training and Evaluating takes 0.034990787506103516 seconds.
Until Preparation: 0.0005218982696533203.
Until Calculation: 0.0007450580596923828.
Until linalg solve: 0.042223453521728516.
Regression solved in 0.1521 seconds
Training and Evaluating takes 0.03290534019470215 seconds.
Until Preparation: 0.0005202293395996094.
Until Calculation: 0.0007171630859375.
Until linalg solve: 0.041521549224853516.
Regression solved in 0.1520 seconds
Training and Evaluating takes 0.03152632713317871 seconds.
Until Preparation: 0.0005178451538085938.
Until Calculation: 0.0007407665252685547.
Until linalg solve: 0.04236602783203125.
Regression solved in 0.1530 seconds
Training and Evaluating takes 0.03290915489196777 seconds.
Until Preparation: 0.0005156993865966797.
Until Calculation: 0.0007123947143554688.
Until linalg solve: 0.04149436950683594.
Regression solved in 0.1520 seconds
Training and Evaluating takes 0.032546043395996094 seconds.
Until Preparation: 0.000522613525390625.
Until Calculation: 0.0007519721984863281.
Until linalg solve: 0.04240250587463379.
Regression solved in 0.1535 seconds
Training and Evaluating takes 0.03553652763366699 seconds.
Until Preparation: 0.0005040168762207031.
Until Calculation: 0.0007035732269287109.
Until linalg solve: 0.04129743576049805.
Regression solved in 0.1520 seconds
Training and Evaluating takes 0.0065534114837646484 seconds.
Until Preparation: 0.0005152225494384766.
Until Calculation: 0.0007274150848388672.
Until linalg solve: 0.04238438606262207.
Regression solved in 0.1525 seconds
Training and Evaluating takes 0.03240561485290527 seconds.
Until Preparation: 0.0005106925964355469.
Until Calculation: 0.0007090568542480469.
Until linalg solve: 0.0414736270904541.
Regression solved in 0.1519 seconds
Training and Evaluating takes 0.03184103965759277 seconds.
Until Preparation: 0.0005252361297607422.
Until Calculation: 0.0007021427154541016.
Until linalg solve: 0.04236197471618652.
Regression solved in 0.1530 seconds
Training and Evaluating takes 0.03189396858215332 seconds.
Until Preparation: 0.0005168914794921875.
Until Calculation: 0.0007143020629882812.
Until linalg solve: 0.04159665107727051.
Regression solved in 0.1528 seconds
Training and Evaluating takes 0.03073263168334961 seconds.
Until Preparation: 0.0005116462707519531.
Until Calculation: 0.0007245540618896484.
Until linalg solve: 0.042237281799316406.
Regression solved in 0.1528 seconds
Training and Evaluating takes 0.03206586837768555 seconds.
Until Preparation: 0.0005092620849609375.
Until Calculation: 0.0007064342498779297.
Until linalg solve: 0.041464805603027344.
Regression solved in 0.1519 seconds
Training and Evaluating takes 0.03758692741394043 seconds.
Until Preparation: 0.0005331039428710938.
Until Calculation: 0.0007491111755371094.
Until linalg solve: 0.042339324951171875.
Regression solved in 0.1530 seconds
Training and Evaluating takes 0.03796863555908203 seconds.
Until Preparation: 0.000507354736328125.
Until Calculation: 0.00070953369140625.
Until linalg solve: 0.0414731502532959.
Regression solved in 0.1524 seconds
Training and Evaluating takes 0.05330848693847656 seconds.
Until Preparation: 0.0005147457122802734.
Until Calculation: 0.0007238388061523438.
Until linalg solve: 0.042322635650634766.
Regression solved in 0.1528 seconds
Training and Evaluating takes 0.038071632385253906 seconds.
Until Preparation: 0.0005116462707519531.
Until Calculation: 0.0007102489471435547.
Until linalg solve: 0.041640281677246094.
Regression solved in 0.1522 seconds
Training and Evaluating takes 0.0322871208190918 seconds.
Until Preparation: 0.0005233287811279297.
Until Calculation: 0.0007407665252685547.
Until linalg solve: 0.04234433174133301.
Regression solved in 0.1524 seconds
Training and Evaluating takes 0.03293967247009277 seconds.
Until Preparation: 0.0005171298980712891.
Until Calculation: 0.0007159709930419922.
Until linalg solve: 0.04140663146972656.
Regression solved in 0.1521 seconds
Training and Evaluating takes 0.03440213203430176 seconds.
Until Preparation: 0.0005185604095458984.
Until Calculation: 0.0007390975952148438.
Until linalg solve: 0.0422205924987793.
Regression solved in 0.1533 seconds
Training and Evaluating takes 0.03670144081115723 seconds.
Until Preparation: 0.00052642822265625.
Until Calculation: 0.0007221698760986328.
Until linalg solve: 0.04147505760192871.
Regression solved in 0.1522 seconds
Training and Evaluating takes 0.03130698204040527 seconds.
Until Preparation: 0.0006120204925537109.
Until Calculation: 0.0008852481842041016.
Until linalg solve: 0.04234623908996582.
Regression solved in 0.1532 seconds
Training and Evaluating takes 0.035860300064086914 seconds.
Until Preparation: 0.0005195140838623047.
Until Calculation: 0.0007448196411132812.
Until linalg solve: 0.04143929481506348.
Regression solved in 0.1518 seconds
Training and Evaluating takes 0.032082557678222656 seconds.
Until Preparation: 0.0005280971527099609.
Until Calculation: 0.0007429122924804688.
Until linalg solve: 0.042250871658325195.
Regression solved in 0.1520 seconds
Training and Evaluating takes 0.03502464294433594 seconds.
Until Preparation: 0.0005154609680175781.
Until Calculation: 0.0007190704345703125.
Until linalg solve: 0.041477203369140625.
Regression solved in 0.1519 seconds
Training and Evaluating takes 0.03164553642272949 seconds.
Until Preparation: 0.0005326271057128906.
Until Calculation: 0.0007617473602294922.
Until linalg solve: 0.04236459732055664.
Regression solved in 0.1533 seconds
Training and Evaluating takes 0.03279852867126465 seconds.
Until Preparation: 0.0005164146423339844.
Until Calculation: 0.0007565021514892578.
Until linalg solve: 0.0413203239440918.
Regression solved in 0.1514 seconds
Training and Evaluating takes 0.036089181900024414 seconds.
Until Preparation: 0.00052642822265625.
Until Calculation: 0.0007441043853759766.
Until linalg solve: 0.042143821716308594.
Regression solved in 0.1525 seconds
Training and Evaluating takes 0.033443450927734375 seconds.
Until Preparation: 0.0005228519439697266.
Until Calculation: 0.0007474422454833984.
Until linalg solve: 0.04155111312866211.
Regression solved in 0.1531 seconds
Training and Evaluating takes 0.032415151596069336 seconds.
Until Preparation: 0.0005254745483398438.
Until Calculation: 0.0007419586181640625.
Until linalg solve: 0.04237556457519531.
Regression solved in 0.1530 seconds
Training and Evaluating takes 0.034989118576049805 seconds.
Until Preparation: 0.0005254745483398438.
Until Calculation: 0.0007216930389404297.
Until linalg solve: 0.04150199890136719.
Regression solved in 0.1519 seconds
Training and Evaluating takes 0.03360700607299805 seconds.
Until Preparation: 0.0005164146423339844.
Until Calculation: 0.0007004737854003906.
Until linalg solve: 0.042194366455078125.
Regression solved in 0.1523 seconds
Training and Evaluating takes 0.03269076347351074 seconds.
Until Preparation: 0.0005171298980712891.
Until Calculation: 0.0007131099700927734.
Until linalg solve: 0.04164862632751465.
Regression solved in 0.1519 seconds
Training and Evaluating takes 0.0306241512298584 seconds.
Until Preparation: 0.0005211830139160156.
Until Calculation: 0.0007312297821044922.
Until linalg solve: 0.0422210693359375.
Regression solved in 0.1526 seconds
Training and Evaluating takes 0.032378435134887695 seconds.
Until Preparation: 0.0005135536193847656.
Until Calculation: 0.0007114410400390625.
Until linalg solve: 0.04157829284667969.
Regression solved in 0.1515 seconds
Training and Evaluating takes 0.031018733978271484 seconds.
Until Preparation: 0.0005235671997070312.
Until Calculation: 0.0007050037384033203.
Until linalg solve: 0.04237031936645508.
Regression solved in 0.1532 seconds
Training and Evaluating takes 0.036826133728027344 seconds.
Until Preparation: 0.0005168914794921875.
Until Calculation: 0.0007183551788330078.
Until linalg solve: 0.04145622253417969.
Regression solved in 0.1523 seconds
Training and Evaluating takes 0.0321812629699707 seconds.
Until Preparation: 0.0005123615264892578.
Until Calculation: 0.0006885528564453125.
Until linalg solve: 0.04233431816101074.
Regression solved in 0.1533 seconds
Training and Evaluating takes 0.03368020057678223 seconds.
Until Preparation: 0.0005102157592773438.
Until Calculation: 0.0007052421569824219.
Until linalg solve: 0.04158759117126465.
Regression solved in 0.1523 seconds
Training and Evaluating takes 0.034232378005981445 seconds.
    Permutation 20/100 done
Until Preparation: 0.0005028247833251953.
Until Calculation: 0.0007150173187255859.
Until linalg solve: 0.04235386848449707.
Regression solved in 0.1534 seconds
Training and Evaluating takes 0.007991313934326172 seconds.
Until Preparation: 0.0005125999450683594.
Until Calculation: 0.0007061958312988281.
Until linalg solve: 0.04151105880737305.
Regression solved in 0.1526 seconds
Training and Evaluating takes 0.03191828727722168 seconds.
Until Preparation: 0.0005147457122802734.
Until Calculation: 0.0007293224334716797.
Until linalg solve: 0.0422365665435791.
Regression solved in 0.1523 seconds
Training and Evaluating takes 0.036634206771850586 seconds.
Until Preparation: 0.0005145072937011719.
Until Calculation: 0.0007069110870361328.
Until linalg solve: 0.041440486907958984.
Regression solved in 0.1622 seconds
Training and Evaluating takes 0.03628087043762207 seconds.
Until Preparation: 0.0005109310150146484.
Until Calculation: 0.0006914138793945312.
Until linalg solve: 0.04232907295227051.
Regression solved in 0.1523 seconds
Training and Evaluating takes 0.03247475624084473 seconds.
Until Preparation: 0.0005314350128173828.
Until Calculation: 0.0007271766662597656.
Until linalg solve: 0.04150843620300293.
Regression solved in 0.1516 seconds
Training and Evaluating takes 0.02619457244873047 seconds.
Until Preparation: 0.0005142688751220703.
Until Calculation: 0.0006933212280273438.
Until linalg solve: 0.042497873306274414.
Regression solved in 0.1528 seconds
Training and Evaluating takes 0.03240513801574707 seconds.
Until Preparation: 0.0005159378051757812.
Until Calculation: 0.0007104873657226562.
Until linalg solve: 0.041490793228149414.
Regression solved in 0.1522 seconds
Training and Evaluating takes 0.031264543533325195 seconds.
Until Preparation: 0.0005214214324951172.
Until Calculation: 0.000736236572265625.
Until linalg solve: 0.042443037033081055.
Regression solved in 0.1528 seconds
Training and Evaluating takes 0.03520083427429199 seconds.
Until Preparation: 0.0005087852478027344.
Until Calculation: 0.0007066726684570312.
Until linalg solve: 0.04144430160522461.
Regression solved in 0.1521 seconds
Training and Evaluating takes 0.03238368034362793 seconds.
Until Preparation: 0.0005118846893310547.
Until Calculation: 0.0007224082946777344.
Until linalg solve: 0.042086124420166016.
Regression solved in 0.1531 seconds
Training and Evaluating takes 0.03488731384277344 seconds.
Until Preparation: 0.0005176067352294922.
Until Calculation: 0.0007154941558837891.
Until linalg solve: 0.04165005683898926.
Regression solved in 0.1523 seconds
Training and Evaluating takes 0.0323176383972168 seconds.
Until Preparation: 0.0004954338073730469.
Until Calculation: 0.0006906986236572266.
Until linalg solve: 0.042346954345703125.
Regression solved in 0.1533 seconds
Training and Evaluating takes 0.03213000297546387 seconds.
Until Preparation: 0.0005207061767578125.
Until Calculation: 0.0007185935974121094.
Until linalg solve: 0.04136371612548828.
Regression solved in 0.1520 seconds
Training and Evaluating takes 0.03648185729980469 seconds.
Until Preparation: 0.0005309581756591797.
Until Calculation: 0.0007421970367431641.
Until linalg solve: 0.04241490364074707.
Regression solved in 0.1534 seconds
Training and Evaluating takes 0.03655076026916504 seconds.
Until Preparation: 0.0005128383636474609.
Until Calculation: 0.0007059574127197266.
Until linalg solve: 0.04160499572753906.
Regression solved in 0.1538 seconds
Training and Evaluating takes 0.035756826400756836 seconds.
Until Preparation: 0.0005140304565429688.
Until Calculation: 0.0007026195526123047.
Until linalg solve: 0.0423130989074707.
Regression solved in 0.1535 seconds
Training and Evaluating takes 0.031548500061035156 seconds.
Until Preparation: 0.0005173683166503906.
Until Calculation: 0.0007128715515136719.
Until linalg solve: 0.04156160354614258.
Regression solved in 0.1523 seconds
Training and Evaluating takes 0.031238317489624023 seconds.
Until Preparation: 0.0005161762237548828.
Until Calculation: 0.0006957054138183594.
Until linalg solve: 0.04247617721557617.
Regression solved in 0.1532 seconds
Training and Evaluating takes 0.03176712989807129 seconds.
Until Preparation: 0.0005087852478027344.
Until Calculation: 0.0007050037384033203.
Until linalg solve: 0.04166293144226074.
Regression solved in 0.1524 seconds
Training and Evaluating takes 0.03114151954650879 seconds.
Until Preparation: 0.0005171298980712891.
Until Calculation: 0.0007326602935791016.
Until linalg solve: 0.04235720634460449.
Regression solved in 0.1536 seconds
Training and Evaluating takes 0.03335309028625488 seconds.
Until Preparation: 0.0005168914794921875.
Until Calculation: 0.0007112026214599609.
Until linalg solve: 0.0414736270904541.
Regression solved in 0.1522 seconds
Training and Evaluating takes 0.0352940559387207 seconds.
Until Preparation: 0.000522613525390625.
Until Calculation: 0.0007028579711914062.
Until linalg solve: 0.042299747467041016.
Regression solved in 0.1522 seconds
Training and Evaluating takes 0.03671073913574219 seconds.
Until Preparation: 0.0005183219909667969.
Until Calculation: 0.0007116794586181641.
Until linalg solve: 0.04148411750793457.
Regression solved in 0.1517 seconds
Training and Evaluating takes 0.03183722496032715 seconds.
Until Preparation: 0.0005242824554443359.
Until Calculation: 0.0007059574127197266.
Until linalg solve: 0.042236328125.
Regression solved in 0.1529 seconds
Training and Evaluating takes 0.033213138580322266 seconds.
Until Preparation: 0.0005130767822265625.
Until Calculation: 0.0007059574127197266.
Until linalg solve: 0.041471242904663086.
Regression solved in 0.1578 seconds
Training and Evaluating takes 0.035761117935180664 seconds.
Until Preparation: 0.0005745887756347656.
Until Calculation: 0.00080108642578125.
Until linalg solve: 0.04228377342224121.
Regression solved in 0.1531 seconds
Training and Evaluating takes 0.033872127532958984 seconds.
Until Preparation: 0.0005252361297607422.
Until Calculation: 0.000732421875.
Until linalg solve: 0.04148578643798828.
Regression solved in 0.1523 seconds
Training and Evaluating takes 0.0352473258972168 seconds.
Until Preparation: 0.0005180835723876953.
Until Calculation: 0.0007138252258300781.
Until linalg solve: 0.042369842529296875.
Regression solved in 0.1531 seconds
Training and Evaluating takes 0.03293156623840332 seconds.
Until Preparation: 0.0005028247833251953.
Until Calculation: 0.0006966590881347656.
Until linalg solve: 0.04140043258666992.
Regression solved in 0.1534 seconds
Training and Evaluating takes 0.030675172805786133 seconds.
Until Preparation: 0.0005178451538085938.
Until Calculation: 0.0006988048553466797.
Until linalg solve: 0.042325496673583984.
Regression solved in 0.1531 seconds
Training and Evaluating takes 0.03680562973022461 seconds.
Until Preparation: 0.0005135536193847656.
Until Calculation: 0.0007081031799316406.
Until linalg solve: 0.0414888858795166.
Regression solved in 0.1522 seconds
Training and Evaluating takes 0.03732037544250488 seconds.
Until Preparation: 0.0005075931549072266.
Until Calculation: 0.0007078647613525391.
Until linalg solve: 0.0424351692199707.
Regression solved in 0.1535 seconds
Training and Evaluating takes 0.03650045394897461 seconds.
Until Preparation: 0.0005142688751220703.
Until Calculation: 0.0007202625274658203.
Until linalg solve: 0.041486501693725586.
Regression solved in 0.1519 seconds
Training and Evaluating takes 0.030583620071411133 seconds.
Until Preparation: 0.0005259513854980469.
Until Calculation: 0.0007040500640869141.
Until linalg solve: 0.04214000701904297.
Regression solved in 0.1527 seconds
Training and Evaluating takes 0.03327775001525879 seconds.
Until Preparation: 0.0005147457122802734.
Until Calculation: 0.000720977783203125.
Until linalg solve: 0.04157137870788574.
Regression solved in 0.1520 seconds
Training and Evaluating takes 0.036519765853881836 seconds.
Until Preparation: 0.0005192756652832031.
Until Calculation: 0.0007190704345703125.
Until linalg solve: 0.04242706298828125.
Regression solved in 0.1528 seconds
Training and Evaluating takes 0.03224062919616699 seconds.
Until Preparation: 0.0005035400390625.
Until Calculation: 0.0007166862487792969.
Until linalg solve: 0.04170060157775879.
Regression solved in 0.1510 seconds
Training and Evaluating takes 0.03377699851989746 seconds.
Until Preparation: 0.0005278587341308594.
Until Calculation: 0.0007407665252685547.
Until linalg solve: 0.04227471351623535.
Regression solved in 0.1524 seconds
Training and Evaluating takes 0.033554792404174805 seconds.
Until Preparation: 0.0005135536193847656.
Until Calculation: 0.0007076263427734375.
Until linalg solve: 0.0414426326751709.
Regression solved in 0.1514 seconds
Training and Evaluating takes 0.035214900970458984 seconds.
    Permutation 40/100 done
Until Preparation: 0.0005223751068115234.
Until Calculation: 0.0007476806640625.
Until linalg solve: 0.042227983474731445.
Regression solved in 0.1525 seconds
Training and Evaluating takes 0.032436370849609375 seconds.
Until Preparation: 0.0005176067352294922.
Until Calculation: 0.0007150173187255859.
Until linalg solve: 0.04154396057128906.
Regression solved in 0.1522 seconds
Training and Evaluating takes 0.03437542915344238 seconds.
Until Preparation: 0.0005071163177490234.
Until Calculation: 0.0006878376007080078.
Until linalg solve: 0.0424802303314209.
Regression solved in 0.1527 seconds
Training and Evaluating takes 0.03536534309387207 seconds.
Until Preparation: 0.0005099773406982422.
Until Calculation: 0.0007171630859375.
Until linalg solve: 0.04146742820739746.
Regression solved in 0.1530 seconds
Training and Evaluating takes 0.037529706954956055 seconds.
Until Preparation: 0.0007245540618896484.
Until Calculation: 0.0009450912475585938.
Until linalg solve: 0.04253029823303223.
Regression solved in 0.1536 seconds
Training and Evaluating takes 0.03346896171569824 seconds.
Until Preparation: 0.0004985332489013672.
Until Calculation: 0.0007205009460449219.
Until linalg solve: 0.04147148132324219.
Regression solved in 0.1514 seconds
Training and Evaluating takes 0.031709909439086914 seconds.
Until Preparation: 0.0005249977111816406.
Until Calculation: 0.0007364749908447266.
Until linalg solve: 0.04224824905395508.
Regression solved in 0.1534 seconds
Training and Evaluating takes 0.033533573150634766 seconds.
Until Preparation: 0.0005095005035400391.
Until Calculation: 0.0007166862487792969.
Until linalg solve: 0.04154396057128906.
Regression solved in 0.1529 seconds
Training and Evaluating takes 0.033699989318847656 seconds.
Until Preparation: 0.0005245208740234375.
Until Calculation: 0.0007526874542236328.
Until linalg solve: 0.04234051704406738.
Regression solved in 0.1531 seconds
Training and Evaluating takes 0.032860517501831055 seconds.
Until Preparation: 0.0004932880401611328.
Until Calculation: 0.0007059574127197266.
Until linalg solve: 0.04140877723693848.
Regression solved in 0.1519 seconds
Training and Evaluating takes 0.03408169746398926 seconds.
Until Preparation: 0.000522613525390625.
Until Calculation: 0.0007307529449462891.
Until linalg solve: 0.042230844497680664.
Regression solved in 0.1534 seconds
Training and Evaluating takes 0.03548598289489746 seconds.
Until Preparation: 0.0005176067352294922.
Until Calculation: 0.0007088184356689453.
Until linalg solve: 0.04178428649902344.
Regression solved in 0.1528 seconds
Training and Evaluating takes 0.034793853759765625 seconds.
Until Preparation: 0.000514984130859375.
Until Calculation: 0.0007307529449462891.
Until linalg solve: 0.04218912124633789.
Regression solved in 0.1534 seconds
Training and Evaluating takes 0.019789695739746094 seconds.
Until Preparation: 0.0004940032958984375.
Until Calculation: 0.0007166862487792969.
Until linalg solve: 0.041472673416137695.
Regression solved in 0.1526 seconds
Training and Evaluating takes 0.033313751220703125 seconds.
Until Preparation: 0.0005238056182861328.
Until Calculation: 0.0007045269012451172.
Until linalg solve: 0.04235219955444336.
Regression solved in 0.1535 seconds
Training and Evaluating takes 0.03352069854736328 seconds.
Until Preparation: 0.0005142688751220703.
Until Calculation: 0.0007112026214599609.
Until linalg solve: 0.04134392738342285.
Regression solved in 0.1525 seconds
Training and Evaluating takes 0.03497505187988281 seconds.
Until Preparation: 0.0005271434783935547.
Until Calculation: 0.0007174015045166016.
Until linalg solve: 0.0423128604888916.
Regression solved in 0.1535 seconds
Training and Evaluating takes 0.032501935958862305 seconds.
Until Preparation: 0.0004973411560058594.
Until Calculation: 0.0006928443908691406.
Until linalg solve: 0.04147982597351074.
Regression solved in 0.1529 seconds
Training and Evaluating takes 0.032097578048706055 seconds.
Until Preparation: 0.000530242919921875.
Until Calculation: 0.0007445812225341797.
Until linalg solve: 0.042418718338012695.
Regression solved in 0.1528 seconds
Training and Evaluating takes 0.03324437141418457 seconds.
Until Preparation: 0.0005035400390625.
Until Calculation: 0.0007245540618896484.
Until linalg solve: 0.041298866271972656.
Regression solved in 0.1525 seconds
Training and Evaluating takes 0.03400230407714844 seconds.
Until Preparation: 0.000514984130859375.
Until Calculation: 0.0006918907165527344.
Until linalg solve: 0.04227042198181152.
Regression solved in 0.1533 seconds
Training and Evaluating takes 0.033672332763671875 seconds.
Until Preparation: 0.0005104541778564453.
Until Calculation: 0.0007059574127197266.
Until linalg solve: 0.04141998291015625.
Regression solved in 0.1528 seconds
Training and Evaluating takes 0.034737348556518555 seconds.
Until Preparation: 0.0005178451538085938.
Until Calculation: 0.0007350444793701172.
Until linalg solve: 0.04230928421020508.
Regression solved in 0.1532 seconds
Training and Evaluating takes 0.030026912689208984 seconds.
Until Preparation: 0.0005099773406982422.
Until Calculation: 0.0007333755493164062.
Until linalg solve: 0.041404008865356445.
Regression solved in 0.1527 seconds
Training and Evaluating takes 0.03175067901611328 seconds.
Until Preparation: 0.0005147457122802734.
Until Calculation: 0.000698089599609375.
Until linalg solve: 0.04264664649963379.
Regression solved in 0.1542 seconds
Training and Evaluating takes 0.026304960250854492 seconds.
Until Preparation: 0.0004918575286865234.
Until Calculation: 0.0006844997406005859.
Until linalg solve: 0.0413975715637207.
Regression solved in 0.1525 seconds
Training and Evaluating takes 0.030473947525024414 seconds.
Until Preparation: 0.0005171298980712891.
Until Calculation: 0.0007448196411132812.
Until linalg solve: 0.04264664649963379.
Regression solved in 0.1544 seconds
Training and Evaluating takes 0.03256416320800781 seconds.
Until Preparation: 0.0005114078521728516.
Until Calculation: 0.0007054805755615234.
Until linalg solve: 0.04138064384460449.
Regression solved in 0.1526 seconds
Training and Evaluating takes 0.03174734115600586 seconds.
Until Preparation: 0.0005133152008056641.
Until Calculation: 0.0007526874542236328.
Until linalg solve: 0.04209089279174805.
Regression solved in 0.1615 seconds
Training and Evaluating takes 0.03634452819824219 seconds.
Until Preparation: 0.0005047321319580078.
Until Calculation: 0.0006995201110839844.
Until linalg solve: 0.04171442985534668.
Regression solved in 0.1527 seconds
Training and Evaluating takes 0.0308530330657959 seconds.
Until Preparation: 0.0005137920379638672.
Until Calculation: 0.0007281303405761719.
Until linalg solve: 0.04245257377624512.
Regression solved in 0.1538 seconds
Training and Evaluating takes 0.029172182083129883 seconds.
Until Preparation: 0.0005238056182861328.
Until Calculation: 0.0007226467132568359.
Until linalg solve: 0.04152822494506836.
Regression solved in 0.1532 seconds
Training and Evaluating takes 0.03222036361694336 seconds.
Until Preparation: 0.0005123615264892578.
Until Calculation: 0.0007271766662597656.
Until linalg solve: 0.04233670234680176.
Regression solved in 0.1529 seconds
Training and Evaluating takes 0.013214111328125 seconds.
Until Preparation: 0.0004909038543701172.
Until Calculation: 0.0006811618804931641.
Until linalg solve: 0.0414423942565918.
Regression solved in 0.1530 seconds
Training and Evaluating takes 0.03092050552368164 seconds.
Until Preparation: 0.0005190372467041016.
Until Calculation: 0.0006952285766601562.
Until linalg solve: 0.04220390319824219.
Regression solved in 0.1529 seconds
Training and Evaluating takes 0.03194594383239746 seconds.
Until Preparation: 0.0004918575286865234.
Until Calculation: 0.0006840229034423828.
Until linalg solve: 0.041524648666381836.
Regression solved in 0.1526 seconds
Training and Evaluating takes 0.035341501235961914 seconds.
Until Preparation: 0.0007259845733642578.
Until Calculation: 0.0009124279022216797.
Until linalg solve: 0.04250073432922363.
Regression solved in 0.1532 seconds
Training and Evaluating takes 0.036692142486572266 seconds.
Until Preparation: 0.0005109310150146484.
Until Calculation: 0.0007059574127197266.
Until linalg solve: 0.04156827926635742.
Regression solved in 0.1528 seconds
Training and Evaluating takes 0.030660390853881836 seconds.
Until Preparation: 0.0005166530609130859.
Until Calculation: 0.0006966590881347656.
Until linalg solve: 0.04247450828552246.
Regression solved in 0.1542 seconds
Training and Evaluating takes 0.026978731155395508 seconds.
Until Preparation: 0.0005116462707519531.
Until Calculation: 0.0007061958312988281.
Until linalg solve: 0.0413975715637207.
Regression solved in 0.1521 seconds
Training and Evaluating takes 0.03436708450317383 seconds.
    Permutation 60/100 done
Until Preparation: 0.000514984130859375.
Until Calculation: 0.0006973743438720703.
Until linalg solve: 0.04222440719604492.
Regression solved in 0.1537 seconds
Training and Evaluating takes 0.037180185317993164 seconds.
Until Preparation: 0.0005066394805908203.
Until Calculation: 0.0007419586181640625.
Until linalg solve: 0.04137468338012695.
Regression solved in 0.1532 seconds
Training and Evaluating takes 0.03621983528137207 seconds.
Until Preparation: 0.0005130767822265625.
Until Calculation: 0.0007023811340332031.
Until linalg solve: 0.042304277420043945.
Regression solved in 0.1538 seconds
Training and Evaluating takes 0.035295963287353516 seconds.
Until Preparation: 0.0005118846893310547.
Until Calculation: 0.0007071495056152344.
Until linalg solve: 0.041268348693847656.
Regression solved in 0.1516 seconds
Training and Evaluating takes 0.008016824722290039 seconds.
Until Preparation: 0.0005054473876953125.
Until Calculation: 0.0006914138793945312.
Until linalg solve: 0.0422511100769043.
Regression solved in 0.1532 seconds
Training and Evaluating takes 0.032182931900024414 seconds.
Until Preparation: 0.0005083084106445312.
Until Calculation: 0.0007026195526123047.
Until linalg solve: 0.04145359992980957.
Regression solved in 0.1520 seconds
Training and Evaluating takes 0.03147101402282715 seconds.
Until Preparation: 0.000518798828125.
Until Calculation: 0.0007002353668212891.
Until linalg solve: 0.04235029220581055.
Regression solved in 0.1538 seconds
Training and Evaluating takes 0.031223535537719727 seconds.
Until Preparation: 0.0005087852478027344.
Until Calculation: 0.000701904296875.
Until linalg solve: 0.041358232498168945.
Regression solved in 0.1529 seconds
Training and Evaluating takes 0.009677410125732422 seconds.
Until Preparation: 0.0005192756652832031.
Until Calculation: 0.00070953369140625.
Until linalg solve: 0.042183637619018555.
Regression solved in 0.1534 seconds
Training and Evaluating takes 0.035492897033691406 seconds.
Until Preparation: 0.0005052089691162109.
Until Calculation: 0.0007002353668212891.
Until linalg solve: 0.04149031639099121.
Regression solved in 0.1531 seconds
Training and Evaluating takes 0.008333206176757812 seconds.
Until Preparation: 0.0005090236663818359.
Until Calculation: 0.0006916522979736328.
Until linalg solve: 0.042374610900878906.
Regression solved in 0.1546 seconds
Training and Evaluating takes 0.03234529495239258 seconds.
Until Preparation: 0.0005097389221191406.
Until Calculation: 0.0007145404815673828.
Until linalg solve: 0.041637420654296875.
Regression solved in 0.1578 seconds
Training and Evaluating takes 0.030563831329345703 seconds.
Until Preparation: 0.0005154609680175781.
Until Calculation: 0.0006930828094482422.
Until linalg solve: 0.04204392433166504.
Regression solved in 0.1540 seconds
Training and Evaluating takes 0.027971506118774414 seconds.
Until Preparation: 0.0005154609680175781.
Until Calculation: 0.0007121562957763672.
Until linalg solve: 0.04170703887939453.
Regression solved in 0.1534 seconds
Training and Evaluating takes 0.03715062141418457 seconds.
Until Preparation: 0.0005166530609130859.
Until Calculation: 0.0007026195526123047.
Until linalg solve: 0.042392730712890625.
Regression solved in 0.1530 seconds
Training and Evaluating takes 0.02032017707824707 seconds.
Until Preparation: 0.0004971027374267578.
Until Calculation: 0.0006909370422363281.
Until linalg solve: 0.04141950607299805.
Regression solved in 0.1511 seconds
Training and Evaluating takes 0.03281426429748535 seconds.
Until Preparation: 0.0005245208740234375.
Until Calculation: 0.0007176399230957031.
Until linalg solve: 0.04223060607910156.
Regression solved in 0.1526 seconds
Training and Evaluating takes 0.03235220909118652 seconds.
Until Preparation: 0.0005123615264892578.
Until Calculation: 0.0007183551788330078.
Until linalg solve: 0.041522979736328125.
Regression solved in 0.1522 seconds
Training and Evaluating takes 0.03078627586364746 seconds.
Until Preparation: 0.0005168914794921875.
Until Calculation: 0.0006968975067138672.
Until linalg solve: 0.04215288162231445.
Regression solved in 0.1528 seconds
Training and Evaluating takes 0.02069258689880371 seconds.
Until Preparation: 0.0005276203155517578.
Until Calculation: 0.0007243156433105469.
Until linalg solve: 0.0416107177734375.
Regression solved in 0.1523 seconds
Training and Evaluating takes 0.03530144691467285 seconds.
Until Preparation: 0.0005085468292236328.
Until Calculation: 0.0007343292236328125.
Until linalg solve: 0.04233527183532715.
Regression solved in 0.1532 seconds
Training and Evaluating takes 0.03386354446411133 seconds.
Until Preparation: 0.0004935264587402344.
Until Calculation: 0.0007154941558837891.
Until linalg solve: 0.04141426086425781.
Regression solved in 0.1521 seconds
Training and Evaluating takes 0.03396892547607422 seconds.
Until Preparation: 0.0005180835723876953.
Until Calculation: 0.0007004737854003906.
Until linalg solve: 0.0422968864440918.
Regression solved in 0.1539 seconds
Training and Evaluating takes 0.034189701080322266 seconds.
Until Preparation: 0.0005097389221191406.
Until Calculation: 0.0007030963897705078.
Until linalg solve: 0.041368722915649414.
Regression solved in 0.1522 seconds
Training and Evaluating takes 0.032256364822387695 seconds.
Until Preparation: 0.0005178451538085938.
Until Calculation: 0.0007319450378417969.
Until linalg solve: 0.04245901107788086.
Regression solved in 0.1539 seconds
Training and Evaluating takes 0.0339813232421875 seconds.
Until Preparation: 0.0005116462707519531.
Until Calculation: 0.0007107257843017578.
Until linalg solve: 0.04151511192321777.
Regression solved in 0.1524 seconds
Training and Evaluating takes 0.031085491180419922 seconds.
Until Preparation: 0.0005171298980712891.
Until Calculation: 0.0006928443908691406.
Until linalg solve: 0.0421605110168457.
Regression solved in 0.1531 seconds
Training and Evaluating takes 0.025168418884277344 seconds.
Until Preparation: 0.0005033016204833984.
Until Calculation: 0.0006971359252929688.
Until linalg solve: 0.04152250289916992.
Regression solved in 0.1517 seconds
Training and Evaluating takes 0.03135371208190918 seconds.
Until Preparation: 0.0005252361297607422.
Until Calculation: 0.0007073879241943359.
Until linalg solve: 0.0425257682800293.
Regression solved in 0.1538 seconds
Training and Evaluating takes 0.036295413970947266 seconds.
Until Preparation: 0.0005152225494384766.
Until Calculation: 0.0007119178771972656.
Until linalg solve: 0.04183149337768555.
Regression solved in 0.1522 seconds
Training and Evaluating takes 0.03142952919006348 seconds.
Until Preparation: 0.0005207061767578125.
Until Calculation: 0.0007007122039794922.
Until linalg solve: 0.042548179626464844.
Regression solved in 0.1541 seconds
Training and Evaluating takes 0.033788204193115234 seconds.
Until Preparation: 0.0004925727844238281.
Until Calculation: 0.0006985664367675781.
Until linalg solve: 0.04154157638549805.
Regression solved in 0.1527 seconds
Training and Evaluating takes 0.03513145446777344 seconds.
Until Preparation: 0.0005238056182861328.
Until Calculation: 0.0007066726684570312.
Until linalg solve: 0.042368412017822266.
Regression solved in 0.1581 seconds
Training and Evaluating takes 0.02884697914123535 seconds.
Until Preparation: 0.0005142688751220703.
Until Calculation: 0.0007097721099853516.
Until linalg solve: 0.041388511657714844.
Regression solved in 0.1526 seconds
Training and Evaluating takes 0.03190159797668457 seconds.
Until Preparation: 0.0005140304565429688.
Until Calculation: 0.0006897449493408203.
Until linalg solve: 0.04217863082885742.
Regression solved in 0.1525 seconds
Training and Evaluating takes 0.027493715286254883 seconds.
Until Preparation: 0.0004916191101074219.
Until Calculation: 0.0007014274597167969.
Until linalg solve: 0.04154801368713379.
Regression solved in 0.1530 seconds
Training and Evaluating takes 0.012174367904663086 seconds.
Until Preparation: 0.0005145072937011719.
Until Calculation: 0.0007257461547851562.
Until linalg solve: 0.04233884811401367.
Regression solved in 0.1540 seconds
Training and Evaluating takes 0.03697824478149414 seconds.
Until Preparation: 0.0005271434783935547.
Until Calculation: 0.0007200241088867188.
Until linalg solve: 0.041467905044555664.
Regression solved in 0.1526 seconds
Training and Evaluating takes 0.03081202507019043 seconds.
Until Preparation: 0.0005233287811279297.
Until Calculation: 0.0007059574127197266.
Until linalg solve: 0.04231405258178711.
Regression solved in 0.1531 seconds
Training and Evaluating takes 0.03687238693237305 seconds.
Until Preparation: 0.0004932880401611328.
Until Calculation: 0.0006852149963378906.
Until linalg solve: 0.0414886474609375.
Regression solved in 0.1518 seconds
Training and Evaluating takes 0.03112339973449707 seconds.
    Permutation 80/100 done
Until Preparation: 0.0005245208740234375.
Until Calculation: 0.0007338523864746094.
Until linalg solve: 0.042198896408081055.
Regression solved in 0.1536 seconds
Training and Evaluating takes 0.03231239318847656 seconds.
Until Preparation: 0.0005114078521728516.
Until Calculation: 0.000705718994140625.
Until linalg solve: 0.04176187515258789.
Regression solved in 0.1531 seconds
Training and Evaluating takes 0.03449583053588867 seconds.
Until Preparation: 0.0005199909210205078.
Until Calculation: 0.0007417201995849609.
Until linalg solve: 0.04268193244934082.
Regression solved in 0.1526 seconds
Training and Evaluating takes 0.03339815139770508 seconds.
Until Preparation: 0.0005154609680175781.
Until Calculation: 0.0007138252258300781.
Until linalg solve: 0.041341543197631836.
Regression solved in 0.1503 seconds
Training and Evaluating takes 0.03410601615905762 seconds.
Until Preparation: 0.0005133152008056641.
Until Calculation: 0.0006926059722900391.
Until linalg solve: 0.04227948188781738.
Regression solved in 0.1519 seconds
Training and Evaluating takes 0.03696727752685547 seconds.
Until Preparation: 0.0005161762237548828.
Until Calculation: 0.0007078647613525391.
Until linalg solve: 0.03418874740600586.
Regression solved in 0.1456 seconds
Training and Evaluating takes 0.0318453311920166 seconds.
Until Preparation: 0.0005135536193847656.
Until Calculation: 0.0006947517395019531.
Until linalg solve: 0.03494882583618164.
Regression solved in 0.1499 seconds
Training and Evaluating takes 0.034352779388427734 seconds.
Until Preparation: 0.0005142688751220703.
Until Calculation: 0.00070953369140625.
Until linalg solve: 0.03421139717102051.
Regression solved in 0.1437 seconds
Training and Evaluating takes 0.030744552612304688 seconds.
Until Preparation: 0.0005228519439697266.
Until Calculation: 0.0007030963897705078.
Until linalg solve: 0.03506946563720703.
Regression solved in 0.1460 seconds
Training and Evaluating takes 0.033051490783691406 seconds.
Until Preparation: 0.0005145072937011719.
Until Calculation: 0.0007088184356689453.
Until linalg solve: 0.03416919708251953.
Regression solved in 0.1438 seconds
Training and Evaluating takes 0.03467822074890137 seconds.
Until Preparation: 0.000522613525390625.
Until Calculation: 0.0007030963897705078.
Until linalg solve: 0.03488636016845703.
Regression solved in 0.1453 seconds
Training and Evaluating takes 0.022718191146850586 seconds.
Until Preparation: 0.0004966259002685547.
Until Calculation: 0.0006916522979736328.
Until linalg solve: 0.03415203094482422.
Regression solved in 0.1443 seconds
Training and Evaluating takes 0.030684947967529297 seconds.
Until Preparation: 0.0005137920379638672.
Until Calculation: 0.0006918907165527344.
Until linalg solve: 0.04210019111633301.
Regression solved in 0.1532 seconds
Training and Evaluating takes 0.036768436431884766 seconds.
Until Preparation: 0.0005133152008056641.
Until Calculation: 0.0007092952728271484.
Until linalg solve: 0.04151344299316406.
Regression solved in 0.1522 seconds
Training and Evaluating takes 0.031238794326782227 seconds.
Until Preparation: 0.0005176067352294922.
Until Calculation: 0.0007250308990478516.
Until linalg solve: 0.042177677154541016.
Regression solved in 0.1550 seconds
Training and Evaluating takes 0.034360408782958984 seconds.
Until Preparation: 0.0005366802215576172.
Until Calculation: 0.0007627010345458984.
Until linalg solve: 0.04160165786743164.
Regression solved in 0.1521 seconds
Training and Evaluating takes 0.031124353408813477 seconds.
Until Preparation: 0.0005199909210205078.
Until Calculation: 0.0007016658782958984.
Until linalg solve: 0.04229259490966797.
Regression solved in 0.1534 seconds
Training and Evaluating takes 0.03563284873962402 seconds.
Until Preparation: 0.0005261898040771484.
Until Calculation: 0.0007255077362060547.
Until linalg solve: 0.04148077964782715.
Regression solved in 0.1520 seconds
Training and Evaluating takes 0.034490346908569336 seconds.
Until Preparation: 0.0005230903625488281.
Until Calculation: 0.0007786750793457031.
Until linalg solve: 0.04241776466369629.
Regression solved in 0.1541 seconds
Training and Evaluating takes 0.023039579391479492 seconds.
Until Preparation: 0.0005247592926025391.
Until Calculation: 0.0007231235504150391.
Until linalg solve: 0.04128885269165039.
Regression solved in 0.1534 seconds
Training and Evaluating takes 0.032082557678222656 seconds.
Until Preparation: 0.0005092620849609375.
Until Calculation: 0.0006911754608154297.
Until linalg solve: 0.04253077507019043.
Regression solved in 0.1541 seconds
Training and Evaluating takes 0.03392839431762695 seconds.
Until Preparation: 0.0005602836608886719.
Until Calculation: 0.0007607936859130859.
Until linalg solve: 0.04140162467956543.
Regression solved in 0.1506 seconds
Training and Evaluating takes 0.03159165382385254 seconds.
Until Preparation: 0.004719972610473633.
Until Calculation: 0.0049359798431396484.
Until linalg solve: 0.04665684700012207.
Regression solved in 0.1555 seconds
Training and Evaluating takes 0.03258824348449707 seconds.
Until Preparation: 0.0004956722259521484.
Until Calculation: 0.0006992816925048828.
Until linalg solve: 0.041329145431518555.
Regression solved in 0.1507 seconds
Training and Evaluating takes 0.03112626075744629 seconds.
Until Preparation: 0.0005404949188232422.
Until Calculation: 0.0007245540618896484.
Until linalg solve: 0.04259657859802246.
Regression solved in 0.1524 seconds
Training and Evaluating takes 0.033577680587768555 seconds.
Until Preparation: 0.0005197525024414062.
Until Calculation: 0.0007188320159912109.
Until linalg solve: 0.04132843017578125.
Regression solved in 0.1496 seconds
Training and Evaluating takes 0.03169655799865723 seconds.
Until Preparation: 0.0005261898040771484.
Until Calculation: 0.0007135868072509766.
Until linalg solve: 0.04255056381225586.
Regression solved in 0.1529 seconds
Training and Evaluating takes 0.0380549430847168 seconds.
Until Preparation: 0.0005190372467041016.
Until Calculation: 0.0007147789001464844.
Until linalg solve: 0.04156994819641113.
Regression solved in 0.1517 seconds
Training and Evaluating takes 0.03179287910461426 seconds.
Until Preparation: 0.0005233287811279297.
Until Calculation: 0.0007417201995849609.
Until linalg solve: 0.04231977462768555.
Regression solved in 0.1523 seconds
Training and Evaluating takes 0.03970217704772949 seconds.
Until Preparation: 0.0005280971527099609.
Until Calculation: 0.0007269382476806641.
Until linalg solve: 0.04160809516906738.
Regression solved in 0.1518 seconds
Training and Evaluating takes 0.03172564506530762 seconds.
Until Preparation: 0.0005235671997070312.
Until Calculation: 0.0007007122039794922.
Until linalg solve: 0.04221820831298828.
Regression solved in 0.1529 seconds
Training and Evaluating takes 0.0368351936340332 seconds.
Until Preparation: 0.0005176067352294922.
Until Calculation: 0.0007131099700927734.
Until linalg solve: 0.04160594940185547.
Regression solved in 0.1522 seconds
Training and Evaluating takes 0.03438448905944824 seconds.
Until Preparation: 0.0005342960357666016.
Until Calculation: 0.0007143020629882812.
Until linalg solve: 0.04236769676208496.
Regression solved in 0.1562 seconds
Training and Evaluating takes 0.03578352928161621 seconds.
Until Preparation: 0.0005199909210205078.
Until Calculation: 0.0007162094116210938.
Until linalg solve: 0.04170536994934082.
Regression solved in 0.1516 seconds
Training and Evaluating takes 0.02989792823791504 seconds.
Until Preparation: 0.0005247592926025391.
Until Calculation: 0.00074005126953125.
Until linalg solve: 0.042360544204711914.
Regression solved in 0.1519 seconds
Training and Evaluating takes 0.030289649963378906 seconds.
Until Preparation: 0.0005197525024414062.
Until Calculation: 0.0007178783416748047.
Until linalg solve: 0.0413055419921875.
Regression solved in 0.1546 seconds
Training and Evaluating takes 0.0344843864440918 seconds.
Until Preparation: 0.0005903244018554688.
Until Calculation: 0.0008063316345214844.
Until linalg solve: 0.04253053665161133.
Regression solved in 0.1533 seconds
Training and Evaluating takes 0.03768301010131836 seconds.
Until Preparation: 0.0005166530609130859.
Until Calculation: 0.0007414817810058594.
Until linalg solve: 0.041412353515625.
Regression solved in 0.1525 seconds
Training and Evaluating takes 0.031175851821899414 seconds.
Until Preparation: 0.0005311965942382812.
Until Calculation: 0.0007109642028808594.
Until linalg solve: 0.04207873344421387.
Regression solved in 0.1546 seconds
Training and Evaluating takes 0.032315969467163086 seconds.
Until Preparation: 0.0005135536193847656.
Until Calculation: 0.00070953369140625.
Until linalg solve: 0.041562557220458984.
Regression solved in 0.1520 seconds
Training and Evaluating takes 0.0325162410736084 seconds.
    Permutation 100/100 done
  Permutation p-value: 0.0000  (null mean=0.2202 ± 0.0165)
  Saved: /juice6/u/jshe/nlp/LM_neural_synchrony/playground/control_plots/perm_alignment_binary_Misv0.2Misv0.2_L16_L16.png
  Partitioned by 'goal_structure': coordination=103, information_asymmetry=13, mixed_motive=114, persuasion=79, zero_sum=41  (skipped 100 unlabeled)

  Computing observed gap for 'goal_structure'...
Until Preparation: 0.0005335807800292969.
Until Calculation: 0.0007312297821044922.
Until linalg solve: 0.04137682914733887.
Regression solved in 0.1533 seconds
Training and Evaluating takes 0.0339353084564209 seconds.
Until Preparation: 0.0005011558532714844.
Until Calculation: 0.0007190704345703125.
Until linalg solve: 0.039107561111450195.
Regression solved in 0.1498 seconds
Training and Evaluating takes 0.011670827865600586 seconds.
Until Preparation: 0.0005133152008056641.
Until Calculation: 0.0007100105285644531.
Until linalg solve: 0.04105639457702637.
Regression solved in 0.1519 seconds
Training and Evaluating takes 0.01630544662475586 seconds.
Until Preparation: 0.0005090236663818359.
Until Calculation: 0.0007052421569824219.
Until linalg solve: 0.04072213172912598.
Regression solved in 0.1518 seconds
Training and Evaluating takes 0.015246391296386719 seconds.
Until Preparation: 0.0005061626434326172.
Until Calculation: 0.0007131099700927734.
Until linalg solve: 0.03967547416687012.
Regression solved in 0.1504 seconds
Training and Evaluating takes 0.014809131622314453 seconds.
  Observed gap: 0.5134
  Running 100 permutations...
Until Preparation: 0.0005178451538085938.
Until Calculation: 0.0007114410400390625.
Until linalg solve: 0.04104924201965332.
Regression solved in 0.1520 seconds
Training and Evaluating takes 0.01635575294494629 seconds.
Until Preparation: 0.0004818439483642578.
Until Calculation: 0.0006682872772216797.
Until linalg solve: 0.03894519805908203.
Regression solved in 0.1499 seconds
Training and Evaluating takes 0.012671947479248047 seconds.
Until Preparation: 0.0005142688751220703.
Until Calculation: 0.0007114410400390625.
Until linalg solve: 0.041294097900390625.
Regression solved in 0.1522 seconds
Training and Evaluating takes 0.0322108268737793 seconds.
Until Preparation: 0.0004980564117431641.
Until Calculation: 0.0006997585296630859.
Until linalg solve: 0.04062175750732422.
Regression solved in 0.1576 seconds
Training and Evaluating takes 0.017006874084472656 seconds.
Until Preparation: 0.0005083084106445312.
Until Calculation: 0.0007183551788330078.
Until linalg solve: 0.039481401443481445.
Regression solved in 0.1498 seconds
Training and Evaluating takes 0.013734817504882812 seconds.
Until Preparation: 0.0005164146423339844.
Until Calculation: 0.0007143020629882812.
Until linalg solve: 0.0409393310546875.
Regression solved in 0.1614 seconds
Training and Evaluating takes 0.015820026397705078 seconds.
Until Preparation: 0.0005197525024414062.
Until Calculation: 0.0007040500640869141.
Until linalg solve: 0.03880119323730469.
Regression solved in 0.1554 seconds
Training and Evaluating takes 0.013916015625 seconds.
Until Preparation: 0.0005290508270263672.
Until Calculation: 0.0007262229919433594.
Until linalg solve: 0.041699886322021484.
Regression solved in 0.1567 seconds
Training and Evaluating takes 0.03081679344177246 seconds.
Until Preparation: 0.0005106925964355469.
Until Calculation: 0.0007197856903076172.
Until linalg solve: 0.04055953025817871.
Regression solved in 0.1525 seconds
Training and Evaluating takes 0.016446590423583984 seconds.
Until Preparation: 0.0005152225494384766.
Until Calculation: 0.0006933212280273438.
Until linalg solve: 0.039505720138549805.
Regression solved in 0.1511 seconds
Training and Evaluating takes 0.013444185256958008 seconds.
Until Preparation: 0.0005121231079101562.
Until Calculation: 0.0007088184356689453.
Until linalg solve: 0.04109692573547363.
Regression solved in 0.1597 seconds
Training and Evaluating takes 0.0166473388671875 seconds.
Until Preparation: 0.0005130767822265625.
Until Calculation: 0.0006926059722900391.
Until linalg solve: 0.039128780364990234.
Regression solved in 0.1510 seconds
Training and Evaluating takes 0.013202905654907227 seconds.
Until Preparation: 0.0005104541778564453.
Until Calculation: 0.0007066726684570312.
Until linalg solve: 0.04145646095275879.
Regression solved in 0.1535 seconds
Training and Evaluating takes 0.031024694442749023 seconds.
Until Preparation: 0.0005121231079101562.
Until Calculation: 0.0007128715515136719.
Until linalg solve: 0.04047870635986328.
Regression solved in 0.1520 seconds
Training and Evaluating takes 0.014868974685668945 seconds.
Until Preparation: 0.0005133152008056641.
Until Calculation: 0.0007345676422119141.
Until linalg solve: 0.03954672813415527.
Regression solved in 0.1515 seconds
Training and Evaluating takes 0.014036178588867188 seconds.
Until Preparation: 0.00051116943359375.
Until Calculation: 0.0007066726684570312.
Until linalg solve: 0.040971994400024414.
Regression solved in 0.1530 seconds
Training and Evaluating takes 0.016346216201782227 seconds.
Until Preparation: 0.0005040168762207031.
Until Calculation: 0.0006816387176513672.
Until linalg solve: 0.03888368606567383.
Regression solved in 0.1505 seconds
Training and Evaluating takes 0.012734174728393555 seconds.
Until Preparation: 0.0005183219909667969.
Until Calculation: 0.0007174015045166016.
Until linalg solve: 0.04120683670043945.
Regression solved in 0.1530 seconds
Training and Evaluating takes 0.035249948501586914 seconds.
Until Preparation: 0.0005137920379638672.
Until Calculation: 0.0007059574127197266.
Until linalg solve: 0.040572404861450195.
Regression solved in 0.1518 seconds
Training and Evaluating takes 0.015218019485473633 seconds.
Until Preparation: 0.0005211830139160156.
Until Calculation: 0.0007002353668212891.
Until linalg solve: 0.03949260711669922.
Regression solved in 0.1517 seconds
Training and Evaluating takes 0.019304990768432617 seconds.
Until Preparation: 0.0005328655242919922.
Until Calculation: 0.0007288455963134766.
Until linalg solve: 0.0411686897277832.
Regression solved in 0.1541 seconds
Training and Evaluating takes 0.03728365898132324 seconds.
Until Preparation: 0.0005140304565429688.
Until Calculation: 0.0007083415985107422.
Until linalg solve: 0.03891444206237793.
Regression solved in 0.1501 seconds
Training and Evaluating takes 0.012148141860961914 seconds.
Until Preparation: 0.0005099773406982422.
Until Calculation: 0.0007066726684570312.
Until linalg solve: 0.0411374568939209.
Regression solved in 0.1520 seconds
Training and Evaluating takes 0.033470869064331055 seconds.
Until Preparation: 0.0005104541778564453.
Until Calculation: 0.0007090568542480469.
Until linalg solve: 0.040407419204711914.
Regression solved in 0.1510 seconds
Training and Evaluating takes 0.014893770217895508 seconds.
Until Preparation: 0.0005116462707519531.
Until Calculation: 0.0007205009460449219.
Until linalg solve: 0.0395352840423584.
Regression solved in 0.1509 seconds
Training and Evaluating takes 0.013620615005493164 seconds.
Until Preparation: 0.0005183219909667969.
Until Calculation: 0.0007169246673583984.
Until linalg solve: 0.04110360145568848.
Regression solved in 0.1532 seconds
Training and Evaluating takes 0.016112804412841797 seconds.
Until Preparation: 0.0004944801330566406.
Until Calculation: 0.00067138671875.
Until linalg solve: 0.039031028747558594.
Regression solved in 0.1491 seconds
Training and Evaluating takes 0.012200117111206055 seconds.
Until Preparation: 0.0005071163177490234.
Until Calculation: 0.0007030963897705078.
Until linalg solve: 0.04120063781738281.
Regression solved in 0.1519 seconds
Training and Evaluating takes 0.008597612380981445 seconds.
Until Preparation: 0.0004894733428955078.
Until Calculation: 0.0006990432739257812.
Until linalg solve: 0.040511369705200195.
Regression solved in 0.1526 seconds
Training and Evaluating takes 0.015726089477539062 seconds.
Until Preparation: 0.0005092620849609375.
Until Calculation: 0.0006875991821289062.
Until linalg solve: 0.0395965576171875.
Regression solved in 0.1502 seconds
Training and Evaluating takes 0.013335704803466797 seconds.
Until Preparation: 0.0005125999450683594.
Until Calculation: 0.0007116794586181641.
Until linalg solve: 0.04141497611999512.
Regression solved in 0.1530 seconds
Training and Evaluating takes 0.016054868698120117 seconds.
Until Preparation: 0.0005087852478027344.
Until Calculation: 0.0006856918334960938.
Until linalg solve: 0.038907527923583984.
Regression solved in 0.1502 seconds
Training and Evaluating takes 0.013072013854980469 seconds.
Until Preparation: 0.0005254745483398438.
Until Calculation: 0.0007202625274658203.
Until linalg solve: 0.04146575927734375.
Regression solved in 0.1518 seconds
Training and Evaluating takes 0.030581951141357422 seconds.
Until Preparation: 0.0005068778991699219.
Until Calculation: 0.0006985664367675781.
Until linalg solve: 0.040747642517089844.
Regression solved in 0.1514 seconds
Training and Evaluating takes 0.016640901565551758 seconds.
Until Preparation: 0.0005180835723876953.
Until Calculation: 0.0007345676422119141.
Until linalg solve: 0.03963923454284668.
Regression solved in 0.1505 seconds
Training and Evaluating takes 0.013968706130981445 seconds.
Until Preparation: 0.0005102157592773438.
Until Calculation: 0.0007061958312988281.
Until linalg solve: 0.04112720489501953.
Regression solved in 0.1521 seconds
Training and Evaluating takes 0.016083955764770508 seconds.
Until Preparation: 0.000675201416015625.
Until Calculation: 0.0008513927459716797.
Until linalg solve: 0.03917860984802246.
Regression solved in 0.1504 seconds
Training and Evaluating takes 0.013873815536499023 seconds.
Until Preparation: 0.0005190372467041016.
Until Calculation: 0.0007140636444091797.
Until linalg solve: 0.0411982536315918.
Regression solved in 0.1521 seconds
Training and Evaluating takes 0.007324695587158203 seconds.
Until Preparation: 0.0005056858062744141.
Until Calculation: 0.0006971359252929688.
Until linalg solve: 0.04058504104614258.
Regression solved in 0.1517 seconds
Training and Evaluating takes 0.015082359313964844 seconds.
Until Preparation: 0.0005090236663818359.
Until Calculation: 0.0007174015045166016.
Until linalg solve: 0.03968453407287598.
Regression solved in 0.1507 seconds
Training and Evaluating takes 0.013737201690673828 seconds.
Until Preparation: 0.0005154609680175781.
Until Calculation: 0.0007100105285644531.
Until linalg solve: 0.041095733642578125.
Regression solved in 0.1600 seconds
Training and Evaluating takes 0.016328096389770508 seconds.
Until Preparation: 0.0005030632019042969.
Until Calculation: 0.00067901611328125.
Until linalg solve: 0.03875279426574707.
Regression solved in 0.1500 seconds
Training and Evaluating takes 0.002174854278564453 seconds.
Until Preparation: 0.0005128383636474609.
Until Calculation: 0.0007102489471435547.
Until linalg solve: 0.04137921333312988.
Regression solved in 0.1529 seconds
Training and Evaluating takes 0.03153514862060547 seconds.
Until Preparation: 0.0005154609680175781.
Until Calculation: 0.0007071495056152344.
Until linalg solve: 0.04056715965270996.
Regression solved in 0.1520 seconds
Training and Evaluating takes 0.014923334121704102 seconds.
Until Preparation: 0.0005135536193847656.
Until Calculation: 0.000720977783203125.
Until linalg solve: 0.039544105529785156.
Regression solved in 0.1510 seconds
Training and Evaluating takes 0.013576507568359375 seconds.
Until Preparation: 0.0005125999450683594.
Until Calculation: 0.0007061958312988281.
Until linalg solve: 0.04101705551147461.
Regression solved in 0.1524 seconds
Training and Evaluating takes 0.015862464904785156 seconds.
Until Preparation: 0.0005066394805908203.
Until Calculation: 0.0007143020629882812.
Until linalg solve: 0.03891396522521973.
Regression solved in 0.1504 seconds
Training and Evaluating takes 0.015854358673095703 seconds.
Until Preparation: 0.0005123615264892578.
Until Calculation: 0.0007085800170898438.
Until linalg solve: 0.04125213623046875.
Regression solved in 0.1515 seconds
Training and Evaluating takes 0.034926414489746094 seconds.
Until Preparation: 0.0005028247833251953.
Until Calculation: 0.0007145404815673828.
Until linalg solve: 0.04052329063415527.
Regression solved in 0.1506 seconds
Training and Evaluating takes 0.014705419540405273 seconds.
Until Preparation: 0.0005173683166503906.
Until Calculation: 0.0007271766662597656.
Until linalg solve: 0.039545536041259766.
Regression solved in 0.1504 seconds
Training and Evaluating takes 0.01411581039428711 seconds.
Until Preparation: 0.0005128383636474609.
Until Calculation: 0.0007376670837402344.
Until linalg solve: 0.04103899002075195.
Regression solved in 0.1520 seconds
Training and Evaluating takes 0.016190767288208008 seconds.
Until Preparation: 0.0005042552947998047.
Until Calculation: 0.000682830810546875.
Until linalg solve: 0.038939476013183594.
Regression solved in 0.1487 seconds
Training and Evaluating takes 0.01362466812133789 seconds.
Until Preparation: 0.0005095005035400391.
Until Calculation: 0.0007083415985107422.
Until linalg solve: 0.04138493537902832.
Regression solved in 0.1514 seconds
Training and Evaluating takes 0.03189229965209961 seconds.
Until Preparation: 0.0005106925964355469.
Until Calculation: 0.0007083415985107422.
Until linalg solve: 0.04068326950073242.
Regression solved in 0.1547 seconds
Training and Evaluating takes 0.016251087188720703 seconds.
Until Preparation: 0.0005664825439453125.
Until Calculation: 0.0007789134979248047.
Until linalg solve: 0.039806365966796875.
Regression solved in 0.1488 seconds
Training and Evaluating takes 0.013793706893920898 seconds.
Until Preparation: 0.0005078315734863281.
Until Calculation: 0.0007042884826660156.
Until linalg solve: 0.041085004806518555.
Regression solved in 0.1515 seconds
Training and Evaluating takes 0.017833232879638672 seconds.
Until Preparation: 0.0005016326904296875.
Until Calculation: 0.0006821155548095703.
Until linalg solve: 0.0388033390045166.
Regression solved in 0.1490 seconds
Training and Evaluating takes 0.012125015258789062 seconds.
Until Preparation: 0.00052642822265625.
Until Calculation: 0.0007216930389404297.
Until linalg solve: 0.041710615158081055.
Regression solved in 0.1516 seconds
Training and Evaluating takes 0.03571152687072754 seconds.
Until Preparation: 0.0005142688751220703.
Until Calculation: 0.0007092952728271484.
Until linalg solve: 0.04057955741882324.
Regression solved in 0.1502 seconds
Training and Evaluating takes 0.014703512191772461 seconds.
Until Preparation: 0.0004956722259521484.
Until Calculation: 0.0007131099700927734.
Until linalg solve: 0.03946709632873535.
Regression solved in 0.1492 seconds
Training and Evaluating takes 0.0031251907348632812 seconds.
Until Preparation: 0.0005154609680175781.
Until Calculation: 0.0007109642028808594.
Until linalg solve: 0.04137539863586426.
Regression solved in 0.1508 seconds
Training and Evaluating takes 0.0175783634185791 seconds.
Until Preparation: 0.0005068778991699219.
Until Calculation: 0.0007174015045166016.
Until linalg solve: 0.038895606994628906.
Regression solved in 0.1479 seconds
Training and Evaluating takes 0.01256251335144043 seconds.
Until Preparation: 0.0005276203155517578.
Until Calculation: 0.000720977783203125.
Until linalg solve: 0.0412750244140625.
Regression solved in 0.1508 seconds
Training and Evaluating takes 0.030719995498657227 seconds.
Until Preparation: 0.0004918575286865234.
Until Calculation: 0.0006988048553466797.
Until linalg solve: 0.040465354919433594.
Regression solved in 0.1504 seconds
Training and Evaluating takes 0.01587533950805664 seconds.
Until Preparation: 0.0005121231079101562.
Until Calculation: 0.0007016658782958984.
Until linalg solve: 0.039519548416137695.
Regression solved in 0.1492 seconds
Training and Evaluating takes 0.014215230941772461 seconds.
Until Preparation: 0.0005171298980712891.
Until Calculation: 0.0007147789001464844.
Until linalg solve: 0.0410008430480957.
Regression solved in 0.1501 seconds
Training and Evaluating takes 0.016227245330810547 seconds.
Until Preparation: 0.0005097389221191406.
Until Calculation: 0.000690460205078125.
Until linalg solve: 0.03899192810058594.
Regression solved in 0.1513 seconds
Training and Evaluating takes 0.013879060745239258 seconds.
Until Preparation: 0.0005159378051757812.
Until Calculation: 0.0007131099700927734.
Until linalg solve: 0.041399478912353516.
Regression solved in 0.1515 seconds
Training and Evaluating takes 0.03498411178588867 seconds.
Until Preparation: 0.00052642822265625.
Until Calculation: 0.0007221698760986328.
Until linalg solve: 0.04062175750732422.
Regression solved in 0.1509 seconds
Training and Evaluating takes 0.016131162643432617 seconds.
Until Preparation: 0.0006957054138183594.
Until Calculation: 0.0009038448333740234.
Until linalg solve: 0.0395808219909668.
Regression solved in 0.1496 seconds
Training and Evaluating takes 0.015004158020019531 seconds.
Until Preparation: 0.0005130767822265625.
Until Calculation: 0.0007061958312988281.
Until linalg solve: 0.04100346565246582.
Regression solved in 0.1536 seconds
Training and Evaluating takes 0.017684221267700195 seconds.
Until Preparation: 0.0004968643188476562.
Until Calculation: 0.0007066726684570312.
Until linalg solve: 0.03889060020446777.
Regression solved in 0.1496 seconds
Training and Evaluating takes 0.012792110443115234 seconds.
Until Preparation: 0.0005128383636474609.
Until Calculation: 0.0007088184356689453.
Until linalg solve: 0.041527509689331055.
Regression solved in 0.1540 seconds
Training and Evaluating takes 0.030391216278076172 seconds.
Until Preparation: 0.0005030632019042969.
Until Calculation: 0.000698089599609375.
Until linalg solve: 0.04046487808227539.
Regression solved in 0.1498 seconds
Training and Evaluating takes 0.015401363372802734 seconds.
Until Preparation: 0.0005080699920654297.
Until Calculation: 0.0006885528564453125.
Until linalg solve: 0.03949141502380371.
Regression solved in 0.1500 seconds
Training and Evaluating takes 0.01353001594543457 seconds.
Until Preparation: 0.0005273818969726562.
Until Calculation: 0.0007841587066650391.
Until linalg solve: 0.04095315933227539.
Regression solved in 0.1514 seconds
Training and Evaluating takes 0.017676830291748047 seconds.
Until Preparation: 0.0004954338073730469.
Until Calculation: 0.0006844997406005859.
Until linalg solve: 0.03895211219787598.
Regression solved in 0.1488 seconds
Training and Evaluating takes 0.013440370559692383 seconds.
Until Preparation: 0.0005097389221191406.
Until Calculation: 0.0007054805755615234.
Until linalg solve: 0.041234731674194336.
Regression solved in 0.1516 seconds
Training and Evaluating takes 0.03284740447998047 seconds.
Until Preparation: 0.0004925727844238281.
Until Calculation: 0.0007109642028808594.
Until linalg solve: 0.04050779342651367.
Regression solved in 0.1508 seconds
Training and Evaluating takes 0.004606962203979492 seconds.
Until Preparation: 0.0005080699920654297.
Until Calculation: 0.0006945133209228516.
Until linalg solve: 0.03952527046203613.
Regression solved in 0.1497 seconds
Training and Evaluating takes 0.014856815338134766 seconds.
Until Preparation: 0.0005028247833251953.
Until Calculation: 0.0006957054138183594.
Until linalg solve: 0.04115653038024902.
Regression solved in 0.1535 seconds
Training and Evaluating takes 0.03183102607727051 seconds.
Until Preparation: 0.00048613548278808594.
Until Calculation: 0.0006768703460693359.
Until linalg solve: 0.039014577865600586.
Regression solved in 0.1504 seconds
Training and Evaluating takes 0.012938261032104492 seconds.
Until Preparation: 0.0005216598510742188.
Until Calculation: 0.0007152557373046875.
Until linalg solve: 0.04152870178222656.
Regression solved in 0.1520 seconds
Training and Evaluating takes 0.033483266830444336 seconds.
Until Preparation: 0.0005078315734863281.
Until Calculation: 0.0007183551788330078.
Until linalg solve: 0.040543317794799805.
Regression solved in 0.1515 seconds
Training and Evaluating takes 0.014720916748046875 seconds.
Until Preparation: 0.0004992485046386719.
Until Calculation: 0.0006711483001708984.
Until linalg solve: 0.03968191146850586.
Regression solved in 0.1502 seconds
Training and Evaluating takes 0.013983488082885742 seconds.
Until Preparation: 0.0005288124084472656.
Until Calculation: 0.0007421970367431641.
Until linalg solve: 0.04125523567199707.
Regression solved in 0.1520 seconds
Training and Evaluating takes 0.016263246536254883 seconds.
Until Preparation: 0.0005133152008056641.
Until Calculation: 0.0007107257843017578.
Until linalg solve: 0.03883028030395508.
Regression solved in 0.1499 seconds
Training and Evaluating takes 0.01238703727722168 seconds.
Until Preparation: 0.0005230903625488281.
Until Calculation: 0.0007312297821044922.
Until linalg solve: 0.04124760627746582.
Regression solved in 0.1523 seconds
Training and Evaluating takes 0.03099656105041504 seconds.
Until Preparation: 0.0005128383636474609.
Until Calculation: 0.0007090568542480469.
Until linalg solve: 0.0405426025390625.
Regression solved in 0.1517 seconds
Training and Evaluating takes 0.015270233154296875 seconds.
Until Preparation: 0.0005228519439697266.
Until Calculation: 0.0007536411285400391.
Until linalg solve: 0.03955721855163574.
Regression solved in 0.1499 seconds
Training and Evaluating takes 0.01369786262512207 seconds.
Until Preparation: 0.0005118846893310547.
Until Calculation: 0.0007219314575195312.
Until linalg solve: 0.041431427001953125.
Regression solved in 0.1523 seconds
Training and Evaluating takes 0.03426337242126465 seconds.
Until Preparation: 0.0005106925964355469.
Until Calculation: 0.0007407665252685547.
Until linalg solve: 0.03894186019897461.
Regression solved in 0.1508 seconds
Training and Evaluating takes 0.012469768524169922 seconds.
Until Preparation: 0.0005159378051757812.
Until Calculation: 0.0007102489471435547.
Until linalg solve: 0.04105854034423828.
Regression solved in 0.1525 seconds
Training and Evaluating takes 0.03603982925415039 seconds.
Until Preparation: 0.0005133152008056641.
Until Calculation: 0.0007069110870361328.
Until linalg solve: 0.04046201705932617.
Regression solved in 0.1520 seconds
Training and Evaluating takes 0.014986038208007812 seconds.
Until Preparation: 0.0007138252258300781.
Until Calculation: 0.0009214878082275391.
Until linalg solve: 0.04007863998413086.
Regression solved in 0.1505 seconds
Training and Evaluating takes 0.01407313346862793 seconds.
Until Preparation: 0.0005211830139160156.
Until Calculation: 0.0007216930389404297.
Until linalg solve: 0.04110836982727051.
Regression solved in 0.1521 seconds
Training and Evaluating takes 0.016007184982299805 seconds.
Until Preparation: 0.0005080699920654297.
Until Calculation: 0.0007314682006835938.
Until linalg solve: 0.0390317440032959.
Regression solved in 0.1511 seconds
Training and Evaluating takes 0.012158632278442383 seconds.
Until Preparation: 0.0005168914794921875.
Until Calculation: 0.0007281303405761719.
Until linalg solve: 0.041487693786621094.
Regression solved in 0.1524 seconds
Training and Evaluating takes 0.0330357551574707 seconds.
Until Preparation: 0.0005178451538085938.
Until Calculation: 0.0007121562957763672.
Until linalg solve: 0.04068708419799805.
Regression solved in 0.1524 seconds
Training and Evaluating takes 0.016609668731689453 seconds.
Until Preparation: 0.0005259513854980469.
Until Calculation: 0.0007255077362060547.
Until linalg solve: 0.03959155082702637.
Regression solved in 0.1505 seconds
Training and Evaluating takes 0.014921188354492188 seconds.
    Permutation 20/100 done
Until Preparation: 0.0005278587341308594.
Until Calculation: 0.0007233619689941406.
Until linalg solve: 0.0410614013671875.
Regression solved in 0.1532 seconds
Training and Evaluating takes 0.016117572784423828 seconds.
Until Preparation: 0.0005145072937011719.
Until Calculation: 0.0007410049438476562.
Until linalg solve: 0.039134979248046875.
Regression solved in 0.1507 seconds
Training and Evaluating takes 0.013591289520263672 seconds.
Until Preparation: 0.0005211830139160156.
Until Calculation: 0.00074005126953125.
Until linalg solve: 0.041315555572509766.
Regression solved in 0.1529 seconds
Training and Evaluating takes 0.030927658081054688 seconds.
Until Preparation: 0.0005207061767578125.
Until Calculation: 0.0007169246673583984.
Until linalg solve: 0.04062032699584961.
Regression solved in 0.1510 seconds
Training and Evaluating takes 0.01580810546875 seconds.
Until Preparation: 0.0005102157592773438.
Until Calculation: 0.0007359981536865234.
Until linalg solve: 0.03953862190246582.
Regression solved in 0.1515 seconds
Training and Evaluating takes 0.010051250457763672 seconds.
Until Preparation: 0.0005214214324951172.
Until Calculation: 0.0007369518280029297.
Until linalg solve: 0.04113173484802246.
Regression solved in 0.1525 seconds
Training and Evaluating takes 0.017652273178100586 seconds.
Until Preparation: 0.0005147457122802734.
Until Calculation: 0.000720977783203125.
Until linalg solve: 0.038909912109375.
Regression solved in 0.1514 seconds
Training and Evaluating takes 0.012920618057250977 seconds.
Until Preparation: 0.0005095005035400391.
Until Calculation: 0.0007042884826660156.
Until linalg solve: 0.04108071327209473.
Regression solved in 0.1522 seconds
Training and Evaluating takes 0.03318619728088379 seconds.
Until Preparation: 0.0005090236663818359.
Until Calculation: 0.0007078647613525391.
Until linalg solve: 0.04073023796081543.
Regression solved in 0.1521 seconds
Training and Evaluating takes 0.01492166519165039 seconds.
Until Preparation: 0.0005090236663818359.
Until Calculation: 0.0006866455078125.
Until linalg solve: 0.039502859115600586.
Regression solved in 0.1506 seconds
Training and Evaluating takes 0.01377725601196289 seconds.
Until Preparation: 0.0005211830139160156.
Until Calculation: 0.0007290840148925781.
Until linalg solve: 0.041526079177856445.
Regression solved in 0.1548 seconds
Training and Evaluating takes 0.016269922256469727 seconds.
Until Preparation: 0.0005025863647460938.
Until Calculation: 0.0006811618804931641.
Until linalg solve: 0.03887629508972168.
Regression solved in 0.1505 seconds
Training and Evaluating takes 0.012720346450805664 seconds.
Until Preparation: 0.0005176067352294922.
Until Calculation: 0.0007140636444091797.
Until linalg solve: 0.04114556312561035.
Regression solved in 0.1524 seconds
Training and Evaluating takes 0.03193020820617676 seconds.
Until Preparation: 0.0005137920379638672.
Until Calculation: 0.0007073879241943359.
Until linalg solve: 0.04061174392700195.
Regression solved in 0.1520 seconds
Training and Evaluating takes 0.014980316162109375 seconds.
Until Preparation: 0.0005168914794921875.
Until Calculation: 0.0006947517395019531.
Until linalg solve: 0.03952145576477051.
Regression solved in 0.1510 seconds
Training and Evaluating takes 0.013522863388061523 seconds.
Until Preparation: 0.0005159378051757812.
Until Calculation: 0.0007100105285644531.
Until linalg solve: 0.04087424278259277.
Regression solved in 0.1523 seconds
Training and Evaluating takes 0.015704870223999023 seconds.
Until Preparation: 0.0005042552947998047.
Until Calculation: 0.0007050037384033203.
Until linalg solve: 0.03890872001647949.
Regression solved in 0.1498 seconds
Training and Evaluating takes 0.013511180877685547 seconds.
Until Preparation: 0.0005102157592773438.
Until Calculation: 0.0007243156433105469.
Until linalg solve: 0.04125833511352539.
Regression solved in 0.1527 seconds
Training and Evaluating takes 0.031780242919921875 seconds.
Until Preparation: 0.0005087852478027344.
Until Calculation: 0.0007035732269287109.
Until linalg solve: 0.040561676025390625.
Regression solved in 0.1519 seconds
Training and Evaluating takes 0.015037298202514648 seconds.
Until Preparation: 0.0005059242248535156.
Until Calculation: 0.0007205009460449219.
Until linalg solve: 0.0394744873046875.
Regression solved in 0.1505 seconds
Training and Evaluating takes 0.013994216918945312 seconds.
Until Preparation: 0.0005152225494384766.
Until Calculation: 0.0007085800170898438.
Until linalg solve: 0.04087090492248535.
Regression solved in 0.1526 seconds
Training and Evaluating takes 0.015485286712646484 seconds.
Until Preparation: 0.0005040168762207031.
Until Calculation: 0.0007123947143554688.
Until linalg solve: 0.03895926475524902.
Regression solved in 0.1511 seconds
Training and Evaluating takes 0.012188911437988281 seconds.
Until Preparation: 0.0005133152008056641.
Until Calculation: 0.0007114410400390625.
Until linalg solve: 0.041445016860961914.
Regression solved in 0.1538 seconds
Training and Evaluating takes 0.03469443321228027 seconds.
Until Preparation: 0.0005078315734863281.
Until Calculation: 0.0007090568542480469.
Until linalg solve: 0.04056954383850098.
Regression solved in 0.1518 seconds
Training and Evaluating takes 0.01622772216796875 seconds.
Until Preparation: 0.0005099773406982422.
Until Calculation: 0.0006906986236572266.
Until linalg solve: 0.03946328163146973.
Regression solved in 0.1502 seconds
Training and Evaluating takes 0.014384984970092773 seconds.
Until Preparation: 0.0005095005035400391.
Until Calculation: 0.0007028579711914062.
Until linalg solve: 0.04114174842834473.
Regression solved in 0.1526 seconds
Training and Evaluating takes 0.017758846282958984 seconds.
Until Preparation: 0.0004801750183105469.
Until Calculation: 0.0006558895111083984.
Until linalg solve: 0.038828372955322266.
Regression solved in 0.1503 seconds
Training and Evaluating takes 0.004411220550537109 seconds.
Until Preparation: 0.0005056858062744141.
Until Calculation: 0.0007052421569824219.
Until linalg solve: 0.04113411903381348.
Regression solved in 0.1525 seconds
Training and Evaluating takes 0.030973196029663086 seconds.
Until Preparation: 0.0005130767822265625.
Until Calculation: 0.0007195472717285156.
Until linalg solve: 0.04047799110412598.
Regression solved in 0.1517 seconds
Training and Evaluating takes 0.015262842178344727 seconds.
Until Preparation: 0.0005099773406982422.
Until Calculation: 0.0006847381591796875.
Until linalg solve: 0.039511919021606445.
Regression solved in 0.1498 seconds
Training and Evaluating takes 0.013715505599975586 seconds.
Until Preparation: 0.0005204677581787109.
Until Calculation: 0.0007183551788330078.
Until linalg solve: 0.04124164581298828.
Regression solved in 0.1529 seconds
Training and Evaluating takes 0.01639389991760254 seconds.
Until Preparation: 0.0005013942718505859.
Until Calculation: 0.0006809234619140625.
Until linalg solve: 0.03891134262084961.
Regression solved in 0.1502 seconds
Training and Evaluating takes 0.012036323547363281 seconds.
Until Preparation: 0.0007171630859375.
Until Calculation: 0.0009088516235351562.
Until linalg solve: 0.0414881706237793.
Regression solved in 0.1525 seconds
Training and Evaluating takes 0.006413936614990234 seconds.
Until Preparation: 0.0004935264587402344.
Until Calculation: 0.0007126331329345703.
Until linalg solve: 0.040454864501953125.
Regression solved in 0.1518 seconds
Training and Evaluating takes 0.015507936477661133 seconds.
Until Preparation: 0.000514984130859375.
Until Calculation: 0.0006918907165527344.
Until linalg solve: 0.03953242301940918.
Regression solved in 0.1503 seconds
Training and Evaluating takes 0.013210773468017578 seconds.
Until Preparation: 0.0006933212280273438.
Until Calculation: 0.000885009765625.
Until linalg solve: 0.04125857353210449.
Regression solved in 0.1535 seconds
Training and Evaluating takes 0.017863988876342773 seconds.
Until Preparation: 0.0005047321319580078.
Until Calculation: 0.0006797313690185547.
Until linalg solve: 0.03876233100891113.
Regression solved in 0.1504 seconds
Training and Evaluating takes 0.01387929916381836 seconds.
Until Preparation: 0.00048661231994628906.
Until Calculation: 0.0006890296936035156.
Until linalg solve: 0.04119563102722168.
Regression solved in 0.1536 seconds
Training and Evaluating takes 0.007183074951171875 seconds.
Until Preparation: 0.0005164146423339844.
Until Calculation: 0.0007121562957763672.
Until linalg solve: 0.04068589210510254.
Regression solved in 0.1521 seconds
Training and Evaluating takes 0.01483774185180664 seconds.
Until Preparation: 0.0004968643188476562.
Until Calculation: 0.0007183551788330078.
Until linalg solve: 0.039504051208496094.
Regression solved in 0.1510 seconds
Training and Evaluating takes 0.013811588287353516 seconds.
Until Preparation: 0.0005125999450683594.
Until Calculation: 0.0007064342498779297.
Until linalg solve: 0.04122447967529297.
Regression solved in 0.1520 seconds
Training and Evaluating takes 0.016327619552612305 seconds.
Until Preparation: 0.0005021095275878906.
Until Calculation: 0.0006794929504394531.
Until linalg solve: 0.03879690170288086.
Regression solved in 0.1500 seconds
Training and Evaluating takes 0.01229095458984375 seconds.
Until Preparation: 0.0005128383636474609.
Until Calculation: 0.0007174015045166016.
Until linalg solve: 0.0410764217376709.
Regression solved in 0.1524 seconds
Training and Evaluating takes 0.03178548812866211 seconds.
Until Preparation: 0.0005085468292236328.
Until Calculation: 0.0007023811340332031.
Until linalg solve: 0.04053044319152832.
Regression solved in 0.1519 seconds
Training and Evaluating takes 0.02421879768371582 seconds.
Until Preparation: 0.0005085468292236328.
Until Calculation: 0.0006847381591796875.
Until linalg solve: 0.03946065902709961.
Regression solved in 0.1506 seconds
Training and Evaluating takes 0.014883995056152344 seconds.
Until Preparation: 0.0005104541778564453.
Until Calculation: 0.0007026195526123047.
Until linalg solve: 0.04102277755737305.
Regression solved in 0.1536 seconds
Training and Evaluating takes 0.0167086124420166 seconds.
Until Preparation: 0.0004999637603759766.
Until Calculation: 0.0007028579711914062.
Until linalg solve: 0.03907155990600586.
Regression solved in 0.1507 seconds
Training and Evaluating takes 0.012617349624633789 seconds.
Until Preparation: 0.0005130767822265625.
Until Calculation: 0.0007054805755615234.
Until linalg solve: 0.04127216339111328.
Regression solved in 0.1521 seconds
Training and Evaluating takes 0.030199766159057617 seconds.
Until Preparation: 0.0005078315734863281.
Until Calculation: 0.0007081031799316406.
Until linalg solve: 0.04057192802429199.
Regression solved in 0.1524 seconds
Training and Evaluating takes 0.01565408706665039 seconds.
Until Preparation: 0.0005087852478027344.
Until Calculation: 0.0006880760192871094.
Until linalg solve: 0.03951859474182129.
Regression solved in 0.1509 seconds
Training and Evaluating takes 0.01364278793334961 seconds.
Until Preparation: 0.0005128383636474609.
Until Calculation: 0.0007059574127197266.
Until linalg solve: 0.04101133346557617.
Regression solved in 0.1518 seconds
Training and Evaluating takes 0.015428543090820312 seconds.
Until Preparation: 0.0005145072937011719.
Until Calculation: 0.0006902217864990234.
Until linalg solve: 0.038875579833984375.
Regression solved in 0.1493 seconds
Training and Evaluating takes 0.012936115264892578 seconds.
Until Preparation: 0.0005168914794921875.
Until Calculation: 0.0007233619689941406.
Until linalg solve: 0.0414125919342041.
Regression solved in 0.1502 seconds
Training and Evaluating takes 0.03229928016662598 seconds.
Until Preparation: 0.0005137920379638672.
Until Calculation: 0.0007092952728271484.
Until linalg solve: 0.04057765007019043.
Regression solved in 0.1488 seconds
Training and Evaluating takes 0.015190362930297852 seconds.
Until Preparation: 0.0007011890411376953.
Until Calculation: 0.0008776187896728516.
Until linalg solve: 0.03984856605529785.
Regression solved in 0.1480 seconds
Training and Evaluating takes 0.004364728927612305 seconds.
Until Preparation: 0.0005128383636474609.
Until Calculation: 0.0007107257843017578.
Until linalg solve: 0.04119729995727539.
Regression solved in 0.1504 seconds
Training and Evaluating takes 0.015918731689453125 seconds.
Until Preparation: 0.00048232078552246094.
Until Calculation: 0.0006577968597412109.
Until linalg solve: 0.03907155990600586.
Regression solved in 0.1476 seconds
Training and Evaluating takes 0.012918233871459961 seconds.
Until Preparation: 0.0005106925964355469.
Until Calculation: 0.0007090568542480469.
Until linalg solve: 0.04149913787841797.
Regression solved in 0.1507 seconds
Training and Evaluating takes 0.030773639678955078 seconds.
Until Preparation: 0.0004944801330566406.
Until Calculation: 0.0006978511810302734.
Until linalg solve: 0.040493011474609375.
Regression solved in 0.1491 seconds
Training and Evaluating takes 0.015158891677856445 seconds.
Until Preparation: 0.0005807876586914062.
Until Calculation: 0.0007848739624023438.
Until linalg solve: 0.03950619697570801.
Regression solved in 0.1485 seconds
Training and Evaluating takes 0.01475071907043457 seconds.
Until Preparation: 0.000522613525390625.
Until Calculation: 0.0007312297821044922.
Until linalg solve: 0.04116702079772949.
Regression solved in 0.1500 seconds
Training and Evaluating takes 0.016307353973388672 seconds.
Until Preparation: 0.0005009174346923828.
Until Calculation: 0.0006785392761230469.
Until linalg solve: 0.03896307945251465.
Regression solved in 0.1469 seconds
Training and Evaluating takes 0.01336359977722168 seconds.
Until Preparation: 0.0005099773406982422.
Until Calculation: 0.0007083415985107422.
Until linalg solve: 0.04133868217468262.
Regression solved in 0.1500 seconds
Training and Evaluating takes 0.006448030471801758 seconds.
Until Preparation: 0.0005011558532714844.
Until Calculation: 0.0006959438323974609.
Until linalg solve: 0.04043078422546387.
Regression solved in 0.1495 seconds
Training and Evaluating takes 0.016019821166992188 seconds.
Until Preparation: 0.0005097389221191406.
Until Calculation: 0.0006844997406005859.
Until linalg solve: 0.039394378662109375.
Regression solved in 0.1481 seconds
Training and Evaluating takes 0.013261795043945312 seconds.
Until Preparation: 0.0005300045013427734.
Until Calculation: 0.0007231235504150391.
Until linalg solve: 0.04104733467102051.
Regression solved in 0.1498 seconds
Training and Evaluating takes 0.016483068466186523 seconds.
Until Preparation: 0.0005011558532714844.
Until Calculation: 0.0006794929504394531.
Until linalg solve: 0.03881382942199707.
Regression solved in 0.1476 seconds
Training and Evaluating takes 0.012699365615844727 seconds.
Until Preparation: 0.0005164146423339844.
Until Calculation: 0.0007083415985107422.
Until linalg solve: 0.04114127159118652.
Regression solved in 0.1494 seconds
Training and Evaluating takes 0.032761573791503906 seconds.
Until Preparation: 0.0005090236663818359.
Until Calculation: 0.0007050037384033203.
Until linalg solve: 0.04058480262756348.
Regression solved in 0.1489 seconds
Training and Evaluating takes 0.015238285064697266 seconds.
Until Preparation: 0.0005090236663818359.
Until Calculation: 0.0006866455078125.
Until linalg solve: 0.03944754600524902.
Regression solved in 0.1480 seconds
Training and Evaluating takes 0.013491153717041016 seconds.
Until Preparation: 0.0004944801330566406.
Until Calculation: 0.0006957054138183594.
Until linalg solve: 0.04102802276611328.
Regression solved in 0.1500 seconds
Training and Evaluating takes 0.010841131210327148 seconds.
Until Preparation: 0.0005147457122802734.
Until Calculation: 0.0006964206695556641.
Until linalg solve: 0.038912296295166016.
Regression solved in 0.1480 seconds
Training and Evaluating takes 0.015209436416625977 seconds.
Until Preparation: 0.000514984130859375.
Until Calculation: 0.0007128715515136719.
Until linalg solve: 0.04117417335510254.
Regression solved in 0.1506 seconds
Training and Evaluating takes 0.030681610107421875 seconds.
Until Preparation: 0.000514984130859375.
Until Calculation: 0.0007054805755615234.
Until linalg solve: 0.04050397872924805.
Regression solved in 0.1501 seconds
Training and Evaluating takes 0.014924287796020508 seconds.
Until Preparation: 0.0005128383636474609.
Until Calculation: 0.0006909370422363281.
Until linalg solve: 0.039702415466308594.
Regression solved in 0.1487 seconds
Training and Evaluating takes 0.014795541763305664 seconds.
Until Preparation: 0.0005228519439697266.
Until Calculation: 0.0007193088531494141.
Until linalg solve: 0.040990352630615234.
Regression solved in 0.1494 seconds
Training and Evaluating takes 0.016892671585083008 seconds.
Until Preparation: 0.0004968643188476562.
Until Calculation: 0.0006749629974365234.
Until linalg solve: 0.03892779350280762.
Regression solved in 0.1484 seconds
Training and Evaluating takes 0.012244939804077148 seconds.
Until Preparation: 0.0005121231079101562.
Until Calculation: 0.0007052421569824219.
Until linalg solve: 0.04143667221069336.
Regression solved in 0.1503 seconds
Training and Evaluating takes 0.03527951240539551 seconds.
Until Preparation: 0.0005130767822265625.
Until Calculation: 0.0007078647613525391.
Until linalg solve: 0.04034256935119629.
Regression solved in 0.1499 seconds
Training and Evaluating takes 0.022007226943969727 seconds.
Until Preparation: 0.0005066394805908203.
Until Calculation: 0.0007607936859130859.
Until linalg solve: 0.03956413269042969.
Regression solved in 0.1483 seconds
Training and Evaluating takes 0.013577461242675781 seconds.
Until Preparation: 0.0005116462707519531.
Until Calculation: 0.0007069110870361328.
Until linalg solve: 0.041116952896118164.
Regression solved in 0.1501 seconds
Training and Evaluating takes 0.016809701919555664 seconds.
Until Preparation: 0.0005524158477783203.
Until Calculation: 0.0007486343383789062.
Until linalg solve: 0.03896784782409668.
Regression solved in 0.1481 seconds
Training and Evaluating takes 0.012944459915161133 seconds.
Until Preparation: 0.0005061626434326172.
Until Calculation: 0.0007035732269287109.
Until linalg solve: 0.04121732711791992.
Regression solved in 0.1497 seconds
Training and Evaluating takes 0.006194114685058594 seconds.
Until Preparation: 0.0004930496215820312.
Until Calculation: 0.0006861686706542969.
Until linalg solve: 0.0405573844909668.
Regression solved in 0.1498 seconds
Training and Evaluating takes 0.006982088088989258 seconds.
Until Preparation: 0.0005118846893310547.
Until Calculation: 0.0007221698760986328.
Until linalg solve: 0.03953051567077637.
Regression solved in 0.1477 seconds
Training and Evaluating takes 0.013793230056762695 seconds.
Until Preparation: 0.0005161762237548828.
Until Calculation: 0.0007123947143554688.
Until linalg solve: 0.04123854637145996.
Regression solved in 0.1506 seconds
Training and Evaluating takes 0.01663994789123535 seconds.
Until Preparation: 0.0005037784576416016.
Until Calculation: 0.0006837844848632812.
Until linalg solve: 0.038790225982666016.
Regression solved in 0.1478 seconds
Training and Evaluating takes 0.012480974197387695 seconds.
Until Preparation: 0.0005145072937011719.
Until Calculation: 0.0007109642028808594.
Until linalg solve: 0.04102444648742676.
Regression solved in 0.1500 seconds
Training and Evaluating takes 0.026246309280395508 seconds.
Until Preparation: 0.0005130767822265625.
Until Calculation: 0.0007054805755615234.
Until linalg solve: 0.04064345359802246.
Regression solved in 0.1495 seconds
Training and Evaluating takes 0.015512228012084961 seconds.
Until Preparation: 0.0005183219909667969.
Until Calculation: 0.0006952285766601562.
Until linalg solve: 0.039380550384521484.
Regression solved in 0.1485 seconds
Training and Evaluating takes 0.014857292175292969 seconds.
Until Preparation: 0.0005257129669189453.
Until Calculation: 0.0007219314575195312.
Until linalg solve: 0.04102921485900879.
Regression solved in 0.1502 seconds
Training and Evaluating takes 0.015906095504760742 seconds.
Until Preparation: 0.0005068778991699219.
Until Calculation: 0.0007195472717285156.
Until linalg solve: 0.038976192474365234.
Regression solved in 0.1479 seconds
Training and Evaluating takes 0.012534618377685547 seconds.
Until Preparation: 0.0005204677581787109.
Until Calculation: 0.0007135868072509766.
Until linalg solve: 0.04143714904785156.
Regression solved in 0.1504 seconds
Training and Evaluating takes 0.036020517349243164 seconds.
Until Preparation: 0.0005097389221191406.
Until Calculation: 0.0007107257843017578.
Until linalg solve: 0.04044508934020996.
Regression solved in 0.1495 seconds
Training and Evaluating takes 0.016350746154785156 seconds.
Until Preparation: 0.0005145072937011719.
Until Calculation: 0.0006954669952392578.
Until linalg solve: 0.03965902328491211.
Regression solved in 0.1489 seconds
Training and Evaluating takes 0.017699003219604492 seconds.
Until Preparation: 0.0005140304565429688.
Until Calculation: 0.0007076263427734375.
Until linalg solve: 0.04111170768737793.
Regression solved in 0.1502 seconds
Training and Evaluating takes 0.014339447021484375 seconds.
Until Preparation: 0.0005028247833251953.
Until Calculation: 0.0006830692291259766.
Until linalg solve: 0.03904414176940918.
Regression solved in 0.1479 seconds
Training and Evaluating takes 0.012929439544677734 seconds.
Until Preparation: 0.0005171298980712891.
Until Calculation: 0.0007297992706298828.
Until linalg solve: 0.04133462905883789.
Regression solved in 0.1497 seconds
Training and Evaluating takes 0.03381824493408203 seconds.
Until Preparation: 0.0004935264587402344.
Until Calculation: 0.0006978511810302734.
Until linalg solve: 0.04057884216308594.
Regression solved in 0.1502 seconds
Training and Evaluating takes 0.0052490234375 seconds.
Until Preparation: 0.0004868507385253906.
Until Calculation: 0.0006725788116455078.
Until linalg solve: 0.03945326805114746.
Regression solved in 0.1487 seconds
Training and Evaluating takes 0.01398015022277832 seconds.
    Permutation 40/100 done
Until Preparation: 0.0005011558532714844.
Until Calculation: 0.0006937980651855469.
Until linalg solve: 0.04109048843383789.
Regression solved in 0.1504 seconds
Training and Evaluating takes 0.0061991214752197266 seconds.
Until Preparation: 0.0005116462707519531.
Until Calculation: 0.0006899833679199219.
Until linalg solve: 0.03890657424926758.
Regression solved in 0.1479 seconds
Training and Evaluating takes 0.013325214385986328 seconds.
Until Preparation: 0.000522613525390625.
Until Calculation: 0.0007226467132568359.
Until linalg solve: 0.04127931594848633.
Regression solved in 0.1498 seconds
Training and Evaluating takes 0.03157162666320801 seconds.
Until Preparation: 0.0005097389221191406.
Until Calculation: 0.0007071495056152344.
Until linalg solve: 0.04057717323303223.
Regression solved in 0.1495 seconds
Training and Evaluating takes 0.015483617782592773 seconds.
Until Preparation: 0.0005066394805908203.
Until Calculation: 0.0006835460662841797.
Until linalg solve: 0.03941965103149414.
Regression solved in 0.1487 seconds
Training and Evaluating takes 0.01378774642944336 seconds.
Until Preparation: 0.0005125999450683594.
Until Calculation: 0.0007216930389404297.
Until linalg solve: 0.041269540786743164.
Regression solved in 0.1512 seconds
Training and Evaluating takes 0.03216958045959473 seconds.
Until Preparation: 0.0012557506561279297.
Until Calculation: 0.0014307498931884766.
Until linalg solve: 0.039934635162353516.
Regression solved in 0.1488 seconds
Training and Evaluating takes 0.014040470123291016 seconds.
Until Preparation: 0.0005147457122802734.
Until Calculation: 0.0007135868072509766.
Until linalg solve: 0.04152059555053711.
Regression solved in 0.1507 seconds
Training and Evaluating takes 0.03467249870300293 seconds.
Until Preparation: 0.0005080699920654297.
Until Calculation: 0.0007050037384033203.
Until linalg solve: 0.04059648513793945.
Regression solved in 0.1499 seconds
Training and Evaluating takes 0.005103111267089844 seconds.
Until Preparation: 0.00051116943359375.
Until Calculation: 0.0007228851318359375.
Until linalg solve: 0.03963875770568848.
Regression solved in 0.1491 seconds
Training and Evaluating takes 0.013421297073364258 seconds.
Until Preparation: 0.0005140304565429688.
Until Calculation: 0.0007200241088867188.
Until linalg solve: 0.04100155830383301.
Regression solved in 0.1512 seconds
Training and Evaluating takes 0.01605510711669922 seconds.
Until Preparation: 0.0005130767822265625.
Until Calculation: 0.0006937980651855469.
Until linalg solve: 0.039215803146362305.
Regression solved in 0.1493 seconds
Training and Evaluating takes 0.013020992279052734 seconds.
Until Preparation: 0.0005171298980712891.
Until Calculation: 0.0007131099700927734.
Until linalg solve: 0.041295528411865234.
Regression solved in 0.1517 seconds
Training and Evaluating takes 0.030732154846191406 seconds.
Until Preparation: 0.0005269050598144531.
Until Calculation: 0.0007240772247314453.
Until linalg solve: 0.0406956672668457.
Regression solved in 0.1509 seconds
Training and Evaluating takes 0.015141725540161133 seconds.
Until Preparation: 0.0005159378051757812.
Until Calculation: 0.0007066726684570312.
Until linalg solve: 0.039510250091552734.
Regression solved in 0.1500 seconds
Training and Evaluating takes 0.013576030731201172 seconds.
Until Preparation: 0.0005137920379638672.
Until Calculation: 0.0007112026214599609.
Until linalg solve: 0.041129350662231445.
Regression solved in 0.1516 seconds
Training and Evaluating takes 0.017688751220703125 seconds.
Until Preparation: 0.0005085468292236328.
Until Calculation: 0.0006952285766601562.
Until linalg solve: 0.039102792739868164.
Regression solved in 0.1497 seconds
Training and Evaluating takes 0.013695240020751953 seconds.
Until Preparation: 0.0005121231079101562.
Until Calculation: 0.0007076263427734375.
Until linalg solve: 0.04127979278564453.
Regression solved in 0.1518 seconds
Training and Evaluating takes 0.03463172912597656 seconds.
Until Preparation: 0.0004990100860595703.
Until Calculation: 0.0006947517395019531.
Until linalg solve: 0.040556907653808594.
Regression solved in 0.1506 seconds
Training and Evaluating takes 0.004398822784423828 seconds.
Until Preparation: 0.0005178451538085938.
Until Calculation: 0.0007295608520507812.
Until linalg solve: 0.039528608322143555.
Regression solved in 0.1501 seconds
Training and Evaluating takes 0.01450347900390625 seconds.
Until Preparation: 0.0005102157592773438.
Until Calculation: 0.0007071495056152344.
Until linalg solve: 0.04105257987976074.
Regression solved in 0.1516 seconds
Training and Evaluating takes 0.017737388610839844 seconds.
Until Preparation: 0.0005068778991699219.
Until Calculation: 0.0006842613220214844.
Until linalg solve: 0.039116859436035156.
Regression solved in 0.1491 seconds
Training and Evaluating takes 0.012963056564331055 seconds.
Until Preparation: 0.0005164146423339844.
Until Calculation: 0.0007116794586181641.
Until linalg solve: 0.041237831115722656.
Regression solved in 0.1518 seconds
Training and Evaluating takes 0.03460359573364258 seconds.
Until Preparation: 0.0005159378051757812.
Until Calculation: 0.0007174015045166016.
Until linalg solve: 0.040799617767333984.
Regression solved in 0.1493 seconds
Training and Evaluating takes 0.014735698699951172 seconds.
Until Preparation: 0.0005288124084472656.
Until Calculation: 0.0007054805755615234.
Until linalg solve: 0.039493560791015625.
Regression solved in 0.1475 seconds
Training and Evaluating takes 0.015085697174072266 seconds.
Until Preparation: 0.0005159378051757812.
Until Calculation: 0.0007121562957763672.
Until linalg solve: 0.040978193283081055.
Regression solved in 0.1497 seconds
Training and Evaluating takes 0.01656174659729004 seconds.
Until Preparation: 0.0005064010620117188.
Until Calculation: 0.0006849765777587891.
Until linalg solve: 0.039101600646972656.
Regression solved in 0.1474 seconds
Training and Evaluating takes 0.012552022933959961 seconds.
Until Preparation: 0.0005102157592773438.
Until Calculation: 0.0007064342498779297.
Until linalg solve: 0.041498661041259766.
Regression solved in 0.1507 seconds
Training and Evaluating takes 0.03281354904174805 seconds.
Until Preparation: 0.0005114078521728516.
Until Calculation: 0.0007073879241943359.
Until linalg solve: 0.040584564208984375.
Regression solved in 0.1495 seconds
Training and Evaluating takes 0.015450239181518555 seconds.
Until Preparation: 0.0005033016204833984.
Until Calculation: 0.0007114410400390625.
Until linalg solve: 0.0396418571472168.
Regression solved in 0.1487 seconds
Training and Evaluating takes 0.013869524002075195 seconds.
Until Preparation: 0.0005130767822265625.
Until Calculation: 0.0007097721099853516.
Until linalg solve: 0.040924072265625.
Regression solved in 0.1510 seconds
Training and Evaluating takes 0.017202138900756836 seconds.
Until Preparation: 0.00048422813415527344.
Until Calculation: 0.0006711483001708984.
Until linalg solve: 0.038866281509399414.
Regression solved in 0.1484 seconds
Training and Evaluating takes 0.012897491455078125 seconds.
Until Preparation: 0.0005128383636474609.
Until Calculation: 0.0007081031799316406.
Until linalg solve: 0.04121565818786621.
Regression solved in 0.1506 seconds
Training and Evaluating takes 0.030615568161010742 seconds.
Until Preparation: 0.0004906654357910156.
Until Calculation: 0.0006935596466064453.
Until linalg solve: 0.040532827377319336.
Regression solved in 0.1493 seconds
Training and Evaluating takes 0.007964849472045898 seconds.
Until Preparation: 0.0005047321319580078.
Until Calculation: 0.0007145404815673828.
Until linalg solve: 0.03974008560180664.
Regression solved in 0.1492 seconds
Training and Evaluating takes 0.013423681259155273 seconds.
Until Preparation: 0.0005156993865966797.
Until Calculation: 0.0007126331329345703.
Until linalg solve: 0.04102492332458496.
Regression solved in 0.1508 seconds
Training and Evaluating takes 0.017574548721313477 seconds.
Until Preparation: 0.0004990100860595703.
Until Calculation: 0.0006749629974365234.
Until linalg solve: 0.03887438774108887.
Regression solved in 0.1482 seconds
Training and Evaluating takes 0.013061285018920898 seconds.
Until Preparation: 0.0005080699920654297.
Until Calculation: 0.0007035732269287109.
Until linalg solve: 0.041266679763793945.
Regression solved in 0.1507 seconds
Training and Evaluating takes 0.03363204002380371 seconds.
Until Preparation: 0.0005085468292236328.
Until Calculation: 0.0007007122039794922.
Until linalg solve: 0.04065966606140137.
Regression solved in 0.1504 seconds
Training and Evaluating takes 0.016663551330566406 seconds.
Until Preparation: 0.0005042552947998047.
Until Calculation: 0.0006799697875976562.
Until linalg solve: 0.03969717025756836.
Regression solved in 0.1497 seconds
Training and Evaluating takes 0.01479339599609375 seconds.
Until Preparation: 0.0005128383636474609.
Until Calculation: 0.0007054805755615234.
Until linalg solve: 0.0412752628326416.
Regression solved in 0.1518 seconds
Training and Evaluating takes 0.030534744262695312 seconds.
Until Preparation: 0.0004985332489013672.
Until Calculation: 0.0006756782531738281.
Until linalg solve: 0.03918170928955078.
Regression solved in 0.1495 seconds
Training and Evaluating takes 0.013755083084106445 seconds.
Until Preparation: 0.0005133152008056641.
Until Calculation: 0.00070953369140625.
Until linalg solve: 0.04101896286010742.
Regression solved in 0.1508 seconds
Training and Evaluating takes 0.017527341842651367 seconds.
Until Preparation: 0.0005114078521728516.
Until Calculation: 0.0007030963897705078.
Until linalg solve: 0.040567636489868164.
Regression solved in 0.1515 seconds
Training and Evaluating takes 0.014940500259399414 seconds.
Until Preparation: 0.0005598068237304688.
Until Calculation: 0.0007529258728027344.
Until linalg solve: 0.03951430320739746.
Regression solved in 0.1497 seconds
Training and Evaluating takes 0.013998985290527344 seconds.
Until Preparation: 0.0005116462707519531.
Until Calculation: 0.0007226467132568359.
Until linalg solve: 0.040959835052490234.
Regression solved in 0.1507 seconds
Training and Evaluating takes 0.015482425689697266 seconds.
Until Preparation: 0.0004966259002685547.
Until Calculation: 0.000682830810546875.
Until linalg solve: 0.03910422325134277.
Regression solved in 0.1500 seconds
Training and Evaluating takes 0.013290166854858398 seconds.
Until Preparation: 0.0005114078521728516.
Until Calculation: 0.0007078647613525391.
Until linalg solve: 0.041318655014038086.
Regression solved in 0.1518 seconds
Training and Evaluating takes 0.03563094139099121 seconds.
Until Preparation: 0.0005161762237548828.
Until Calculation: 0.000728607177734375.
Until linalg solve: 0.040601491928100586.
Regression solved in 0.1509 seconds
Training and Evaluating takes 0.015147924423217773 seconds.
Until Preparation: 0.0005054473876953125.
Until Calculation: 0.0006973743438720703.
Until linalg solve: 0.03946280479431152.
Regression solved in 0.1495 seconds
Training and Evaluating takes 0.015065193176269531 seconds.
Until Preparation: 0.0005164146423339844.
Until Calculation: 0.0007123947143554688.
Until linalg solve: 0.041021108627319336.
Regression solved in 0.1516 seconds
Training and Evaluating takes 0.017704248428344727 seconds.
Until Preparation: 0.0005037784576416016.
Until Calculation: 0.0006823539733886719.
Until linalg solve: 0.03882765769958496.
Regression solved in 0.1488 seconds
Training and Evaluating takes 0.013513326644897461 seconds.
Until Preparation: 0.0005142688751220703.
Until Calculation: 0.0007195472717285156.
Until linalg solve: 0.041172027587890625.
Regression solved in 0.1516 seconds
Training and Evaluating takes 0.03080129623413086 seconds.
Until Preparation: 0.0005116462707519531.
Until Calculation: 0.0007169246673583984.
Until linalg solve: 0.04058551788330078.
Regression solved in 0.1506 seconds
Training and Evaluating takes 0.015341520309448242 seconds.
Until Preparation: 0.0005161762237548828.
Until Calculation: 0.0007274150848388672.
Until linalg solve: 0.03976321220397949.
Regression solved in 0.1495 seconds
Training and Evaluating takes 0.016944408416748047 seconds.
Until Preparation: 0.0005040168762207031.
Until Calculation: 0.000720977783203125.
Until linalg solve: 0.040985822677612305.
Regression solved in 0.1520 seconds
Training and Evaluating takes 0.01924300193786621 seconds.
Until Preparation: 0.0004982948303222656.
Until Calculation: 0.0006885528564453125.
Until linalg solve: 0.03881669044494629.
Regression solved in 0.1499 seconds
Training and Evaluating takes 0.013490915298461914 seconds.
Until Preparation: 0.0005090236663818359.
Until Calculation: 0.0007040500640869141.
Until linalg solve: 0.04129457473754883.
Regression solved in 0.1523 seconds
Training and Evaluating takes 0.031149864196777344 seconds.
Until Preparation: 0.0005271434783935547.
Until Calculation: 0.0007236003875732422.
Until linalg solve: 0.04071402549743652.
Regression solved in 0.1504 seconds
Training and Evaluating takes 0.016587495803833008 seconds.
Until Preparation: 0.0005125999450683594.
Until Calculation: 0.0007436275482177734.
Until linalg solve: 0.039490461349487305.
Regression solved in 0.1505 seconds
Training and Evaluating takes 0.015025615692138672 seconds.
Until Preparation: 0.0005197525024414062.
Until Calculation: 0.0007159709930419922.
Until linalg solve: 0.041288137435913086.
Regression solved in 0.1530 seconds
Training and Evaluating takes 0.016103744506835938 seconds.
Until Preparation: 0.0004987716674804688.
Until Calculation: 0.0006749629974365234.
Until linalg solve: 0.03888678550720215.
Regression solved in 0.1502 seconds
Training and Evaluating takes 0.012087821960449219 seconds.
Until Preparation: 0.0004975795745849609.
Until Calculation: 0.0006921291351318359.
Until linalg solve: 0.04120016098022461.
Regression solved in 0.1521 seconds
Training and Evaluating takes 0.03373432159423828 seconds.
Until Preparation: 0.0005192756652832031.
Until Calculation: 0.0007183551788330078.
Until linalg solve: 0.04057192802429199.
Regression solved in 0.1520 seconds
Training and Evaluating takes 0.014905691146850586 seconds.
Until Preparation: 0.0005276203155517578.
Until Calculation: 0.0007433891296386719.
Until linalg solve: 0.03954935073852539.
Regression solved in 0.1504 seconds
Training and Evaluating takes 0.01412343978881836 seconds.
Until Preparation: 0.0005245208740234375.
Until Calculation: 0.0007402896881103516.
Until linalg solve: 0.041248321533203125.
Regression solved in 0.1537 seconds
Training and Evaluating takes 0.02275848388671875 seconds.
Until Preparation: 0.00047898292541503906.
Until Calculation: 0.0006582736968994141.
Until linalg solve: 0.038787126541137695.
Regression solved in 0.1498 seconds
Training and Evaluating takes 0.012850522994995117 seconds.
Until Preparation: 0.0005087852478027344.
Until Calculation: 0.0007021427154541016.
Until linalg solve: 0.041251182556152344.
Regression solved in 0.1527 seconds
Training and Evaluating takes 0.03566479682922363 seconds.
Until Preparation: 0.0004925727844238281.
Until Calculation: 0.0006897449493408203.
Until linalg solve: 0.04059600830078125.
Regression solved in 0.1519 seconds
Training and Evaluating takes 0.021698951721191406 seconds.
Until Preparation: 0.0005180835723876953.
Until Calculation: 0.0006973743438720703.
Until linalg solve: 0.039484500885009766.
Regression solved in 0.1507 seconds
Training and Evaluating takes 0.013799905776977539 seconds.
Until Preparation: 0.0005207061767578125.
Until Calculation: 0.0007214546203613281.
Until linalg solve: 0.041097402572631836.
Regression solved in 0.1529 seconds
Training and Evaluating takes 0.017426729202270508 seconds.
Until Preparation: 0.0005064010620117188.
Until Calculation: 0.0006868839263916016.
Until linalg solve: 0.038846492767333984.
Regression solved in 0.1502 seconds
Training and Evaluating takes 0.012113571166992188 seconds.
Until Preparation: 0.0005087852478027344.
Until Calculation: 0.0007038116455078125.
Until linalg solve: 0.04108452796936035.
Regression solved in 0.1520 seconds
Training and Evaluating takes 0.034383296966552734 seconds.
Until Preparation: 0.0005118846893310547.
Until Calculation: 0.0007066726684570312.
Until linalg solve: 0.0406494140625.
Regression solved in 0.1513 seconds
Training and Evaluating takes 0.01665186882019043 seconds.
Until Preparation: 0.0005156993865966797.
Until Calculation: 0.0006935596466064453.
Until linalg solve: 0.03960871696472168.
Regression solved in 0.1504 seconds
Training and Evaluating takes 0.011066675186157227 seconds.
Until Preparation: 0.0005202293395996094.
Until Calculation: 0.0007140636444091797.
Until linalg solve: 0.04116559028625488.
Regression solved in 0.1529 seconds
Training and Evaluating takes 0.017418384552001953 seconds.
Until Preparation: 0.0005025863647460938.
Until Calculation: 0.0006859302520751953.
Until linalg solve: 0.03876161575317383.
Regression solved in 0.1504 seconds
Training and Evaluating takes 0.012829780578613281 seconds.
Until Preparation: 0.0005123615264892578.
Until Calculation: 0.0007374286651611328.
Until linalg solve: 0.04129791259765625.
Regression solved in 0.1532 seconds
Training and Evaluating takes 0.031661272048950195 seconds.
Until Preparation: 0.0005104541778564453.
Until Calculation: 0.0007064342498779297.
Until linalg solve: 0.04051470756530762.
Regression solved in 0.1520 seconds
Training and Evaluating takes 0.014936447143554688 seconds.
Until Preparation: 0.0005080699920654297.
Until Calculation: 0.0007083415985107422.
Until linalg solve: 0.0393824577331543.
Regression solved in 0.1511 seconds
Training and Evaluating takes 0.013320207595825195 seconds.
Until Preparation: 0.0005154609680175781.
Until Calculation: 0.0007157325744628906.
Until linalg solve: 0.040894269943237305.
Regression solved in 0.1531 seconds
Training and Evaluating takes 0.016206979751586914 seconds.
Until Preparation: 0.0005035400390625.
Until Calculation: 0.0006866455078125.
Until linalg solve: 0.038823604583740234.
Regression solved in 0.1506 seconds
Training and Evaluating takes 0.013612747192382812 seconds.
Until Preparation: 0.0005152225494384766.
Until Calculation: 0.0007081031799316406.
Until linalg solve: 0.04117894172668457.
Regression solved in 0.1533 seconds
Training and Evaluating takes 0.036206960678100586 seconds.
Until Preparation: 0.0005130767822265625.
Until Calculation: 0.0007059574127197266.
Until linalg solve: 0.040570735931396484.
Regression solved in 0.1516 seconds
Training and Evaluating takes 0.015379667282104492 seconds.
Until Preparation: 0.0005152225494384766.
Until Calculation: 0.0006918907165527344.
Until linalg solve: 0.03941965103149414.
Regression solved in 0.1518 seconds
Training and Evaluating takes 0.013712882995605469 seconds.
Until Preparation: 0.0005047321319580078.
Until Calculation: 0.0007145404815673828.
Until linalg solve: 0.041066884994506836.
Regression solved in 0.1546 seconds
Training and Evaluating takes 0.016119956970214844 seconds.
Until Preparation: 0.0005085468292236328.
Until Calculation: 0.0006916522979736328.
Until linalg solve: 0.039052486419677734.
Regression solved in 0.1512 seconds
Training and Evaluating takes 0.01250767707824707 seconds.
Until Preparation: 0.0005166530609130859.
Until Calculation: 0.0007123947143554688.
Until linalg solve: 0.041359663009643555.
Regression solved in 0.1539 seconds
Training and Evaluating takes 0.03573012351989746 seconds.
Until Preparation: 0.0005176067352294922.
Until Calculation: 0.000713348388671875.
Until linalg solve: 0.040566205978393555.
Regression solved in 0.1528 seconds
Training and Evaluating takes 0.01513671875 seconds.
Until Preparation: 0.0005118846893310547.
Until Calculation: 0.0006895065307617188.
Until linalg solve: 0.03972649574279785.
Regression solved in 0.1542 seconds
Training and Evaluating takes 0.004355669021606445 seconds.
Until Preparation: 0.0005185604095458984.
Until Calculation: 0.0007140636444091797.
Until linalg solve: 0.04099869728088379.
Regression solved in 0.1541 seconds
Training and Evaluating takes 0.01717829704284668 seconds.
Until Preparation: 0.0004832744598388672.
Until Calculation: 0.0006804466247558594.
Until linalg solve: 0.038851022720336914.
Regression solved in 0.1512 seconds
Training and Evaluating takes 0.0020809173583984375 seconds.
Until Preparation: 0.0005090236663818359.
Until Calculation: 0.0007076263427734375.
Until linalg solve: 0.041166067123413086.
Regression solved in 0.1530 seconds
Training and Evaluating takes 0.03345775604248047 seconds.
Until Preparation: 0.00051116943359375.
Until Calculation: 0.0007205009460449219.
Until linalg solve: 0.04054450988769531.
Regression solved in 0.1536 seconds
Training and Evaluating takes 0.015383243560791016 seconds.
Until Preparation: 0.0005164146423339844.
Until Calculation: 0.0007283687591552734.
Until linalg solve: 0.03951454162597656.
Regression solved in 0.1515 seconds
Training and Evaluating takes 0.01393270492553711 seconds.
Until Preparation: 0.0005061626434326172.
Until Calculation: 0.0006999969482421875.
Until linalg solve: 0.041078805923461914.
Regression solved in 0.1542 seconds
Training and Evaluating takes 0.01901984214782715 seconds.
Until Preparation: 0.0005276203155517578.
Until Calculation: 0.0007169246673583984.
Until linalg solve: 0.03885364532470703.
Regression solved in 0.1515 seconds
Training and Evaluating takes 0.012784004211425781 seconds.
Until Preparation: 0.0005161762237548828.
Until Calculation: 0.0008924007415771484.
Until linalg solve: 0.04112362861633301.
Regression solved in 0.1530 seconds
Training and Evaluating takes 0.03041219711303711 seconds.
Until Preparation: 0.0005159378051757812.
Until Calculation: 0.0007274150848388672.
Until linalg solve: 0.04045438766479492.
Regression solved in 0.1528 seconds
Training and Evaluating takes 0.015059947967529297 seconds.
Until Preparation: 0.0005137920379638672.
Until Calculation: 0.0006926059722900391.
Until linalg solve: 0.039629220962524414.
Regression solved in 0.1516 seconds
Training and Evaluating takes 0.013909339904785156 seconds.
    Permutation 60/100 done
Until Preparation: 0.0005178451538085938.
Until Calculation: 0.0007109642028808594.
Until linalg solve: 0.04120302200317383.
Regression solved in 0.1538 seconds
Training and Evaluating takes 0.030386686325073242 seconds.
Until Preparation: 0.0004980564117431641.
Until Calculation: 0.0006887912750244141.
Until linalg solve: 0.03890585899353027.
Regression solved in 0.1506 seconds
Training and Evaluating takes 0.012696027755737305 seconds.
Until Preparation: 0.0005276203155517578.
Until Calculation: 0.0007205009460449219.
Until linalg solve: 0.041301727294921875.
Regression solved in 0.1534 seconds
Training and Evaluating takes 0.031002044677734375 seconds.
Until Preparation: 0.0005121231079101562.
Until Calculation: 0.0007879734039306641.
Until linalg solve: 0.04052448272705078.
Regression solved in 0.1524 seconds
Training and Evaluating takes 0.016305923461914062 seconds.
Until Preparation: 0.0005064010620117188.
Until Calculation: 0.0006852149963378906.
Until linalg solve: 0.03941798210144043.
Regression solved in 0.1509 seconds
Training and Evaluating takes 0.013590335845947266 seconds.
Until Preparation: 0.0005183219909667969.
Until Calculation: 0.0007140636444091797.
Until linalg solve: 0.04105210304260254.
Regression solved in 0.1539 seconds
Training and Evaluating takes 0.016413450241088867 seconds.
Until Preparation: 0.0005059242248535156.
Until Calculation: 0.0006852149963378906.
Until linalg solve: 0.038805484771728516.
Regression solved in 0.1512 seconds
Training and Evaluating takes 0.01299428939819336 seconds.
Until Preparation: 0.0005142688751220703.
Until Calculation: 0.0007119178771972656.
Until linalg solve: 0.04142189025878906.
Regression solved in 0.1535 seconds
Training and Evaluating takes 0.03490281105041504 seconds.
Until Preparation: 0.0005116462707519531.
Until Calculation: 0.0007047653198242188.
Until linalg solve: 0.04045724868774414.
Regression solved in 0.1524 seconds
Training and Evaluating takes 0.015580415725708008 seconds.
Until Preparation: 0.0005118846893310547.
Until Calculation: 0.0006887912750244141.
Until linalg solve: 0.03955340385437012.
Regression solved in 0.1506 seconds
Training and Evaluating takes 0.01500082015991211 seconds.
Until Preparation: 0.0005156993865966797.
Until Calculation: 0.0007102489471435547.
Until linalg solve: 0.041147470474243164.
Regression solved in 0.1537 seconds
Training and Evaluating takes 0.017501354217529297 seconds.
Until Preparation: 0.0005009174346923828.
Until Calculation: 0.0006794929504394531.
Until linalg solve: 0.03897356986999512.
Regression solved in 0.1507 seconds
Training and Evaluating takes 0.012537479400634766 seconds.
Until Preparation: 0.0005044937133789062.
Until Calculation: 0.0007240772247314453.
Until linalg solve: 0.04137730598449707.
Regression solved in 0.1534 seconds
Training and Evaluating takes 0.034317970275878906 seconds.
Until Preparation: 0.0005159378051757812.
Until Calculation: 0.0007131099700927734.
Until linalg solve: 0.040450096130371094.
Regression solved in 0.1514 seconds
Training and Evaluating takes 0.015527725219726562 seconds.
Until Preparation: 0.0005366802215576172.
Until Calculation: 0.0007200241088867188.
Until linalg solve: 0.03967785835266113.
Regression solved in 0.1482 seconds
Training and Evaluating takes 0.013264894485473633 seconds.
Until Preparation: 0.0005245208740234375.
Until Calculation: 0.0007157325744628906.
Until linalg solve: 0.04118466377258301.
Regression solved in 0.1501 seconds
Training and Evaluating takes 0.017117977142333984 seconds.
Until Preparation: 0.0005083084106445312.
Until Calculation: 0.0006866455078125.
Until linalg solve: 0.03896689414978027.
Regression solved in 0.1487 seconds
Training and Evaluating takes 0.012543916702270508 seconds.
Until Preparation: 0.0005145072937011719.
Until Calculation: 0.0007073879241943359.
Until linalg solve: 0.041281938552856445.
Regression solved in 0.1502 seconds
Training and Evaluating takes 0.031185388565063477 seconds.
Until Preparation: 0.0005204677581787109.
Until Calculation: 0.0007145404815673828.
Until linalg solve: 0.040617942810058594.
Regression solved in 0.1492 seconds
Training and Evaluating takes 0.014763355255126953 seconds.
Until Preparation: 0.0005147457122802734.
Until Calculation: 0.0006959438323974609.
Until linalg solve: 0.03946852684020996.
Regression solved in 0.1484 seconds
Training and Evaluating takes 0.011179685592651367 seconds.
Until Preparation: 0.0005092620849609375.
Until Calculation: 0.0007047653198242188.
Until linalg solve: 0.040963172912597656.
Regression solved in 0.1510 seconds
Training and Evaluating takes 0.016334056854248047 seconds.
Until Preparation: 0.0005042552947998047.
Until Calculation: 0.0006778240203857422.
Until linalg solve: 0.03931474685668945.
Regression solved in 0.1497 seconds
Training and Evaluating takes 0.013566970825195312 seconds.
Until Preparation: 0.0005092620849609375.
Until Calculation: 0.0007081031799316406.
Until linalg solve: 0.04136776924133301.
Regression solved in 0.1508 seconds
Training and Evaluating takes 0.03158259391784668 seconds.
Until Preparation: 0.0005145072937011719.
Until Calculation: 0.0007171630859375.
Until linalg solve: 0.04068875312805176.
Regression solved in 0.1520 seconds
Training and Evaluating takes 0.015047311782836914 seconds.
Until Preparation: 0.0005087852478027344.
Until Calculation: 0.0007181167602539062.
Until linalg solve: 0.039591312408447266.
Regression solved in 0.1506 seconds
Training and Evaluating takes 0.014890909194946289 seconds.
Until Preparation: 0.0005190372467041016.
Until Calculation: 0.0007147789001464844.
Until linalg solve: 0.041042327880859375.
Regression solved in 0.1508 seconds
Training and Evaluating takes 0.016465425491333008 seconds.
Until Preparation: 0.0005004405975341797.
Until Calculation: 0.0007045269012451172.
Until linalg solve: 0.038962602615356445.
Regression solved in 0.1517 seconds
Training and Evaluating takes 0.012636423110961914 seconds.
Until Preparation: 0.0005085468292236328.
Until Calculation: 0.0007064342498779297.
Until linalg solve: 0.041169166564941406.
Regression solved in 0.1512 seconds
Training and Evaluating takes 0.030251741409301758 seconds.
Until Preparation: 0.0005233287811279297.
Until Calculation: 0.0007195472717285156.
Until linalg solve: 0.040570735931396484.
Regression solved in 0.1513 seconds
Training and Evaluating takes 0.01565861701965332 seconds.
Until Preparation: 0.0005204677581787109.
Until Calculation: 0.0007314682006835938.
Until linalg solve: 0.03949093818664551.
Regression solved in 0.1491 seconds
Training and Evaluating takes 0.014328479766845703 seconds.
Until Preparation: 0.0005114078521728516.
Until Calculation: 0.0007064342498779297.
Until linalg solve: 0.04097557067871094.
Regression solved in 0.1522 seconds
Training and Evaluating takes 0.01710200309753418 seconds.
Until Preparation: 0.0005013942718505859.
Until Calculation: 0.0006799697875976562.
Until linalg solve: 0.03942513465881348.
Regression solved in 0.1506 seconds
Training and Evaluating takes 0.012868165969848633 seconds.
Until Preparation: 0.0005171298980712891.
Until Calculation: 0.0007162094116210938.
Until linalg solve: 0.0412755012512207.
Regression solved in 0.1511 seconds
Training and Evaluating takes 0.035223960876464844 seconds.
Until Preparation: 0.0005154609680175781.
Until Calculation: 0.0007121562957763672.
Until linalg solve: 0.04047203063964844.
Regression solved in 0.1501 seconds
Training and Evaluating takes 0.014810562133789062 seconds.
Until Preparation: 0.0005125999450683594.
Until Calculation: 0.0006880760192871094.
Until linalg solve: 0.03975367546081543.
Regression solved in 0.1500 seconds
Training and Evaluating takes 0.013568639755249023 seconds.
Until Preparation: 0.0005199909210205078.
Until Calculation: 0.0007166862487792969.
Until linalg solve: 0.04100370407104492.
Regression solved in 0.1507 seconds
Training and Evaluating takes 0.017531156539916992 seconds.
Until Preparation: 0.0005061626434326172.
Until Calculation: 0.0006842613220214844.
Until linalg solve: 0.03876519203186035.
Regression solved in 0.1482 seconds
Training and Evaluating takes 0.012017011642456055 seconds.
Until Preparation: 0.0005135536193847656.
Until Calculation: 0.0007090568542480469.
Until linalg solve: 0.041461944580078125.
Regression solved in 0.1513 seconds
Training and Evaluating takes 0.031116247177124023 seconds.
Until Preparation: 0.0005171298980712891.
Until Calculation: 0.0007119178771972656.
Until linalg solve: 0.04066038131713867.
Regression solved in 0.1499 seconds
Training and Evaluating takes 0.016053199768066406 seconds.
Until Preparation: 0.0005183219909667969.
Until Calculation: 0.0006966590881347656.
Until linalg solve: 0.03942680358886719.
Regression solved in 0.1494 seconds
Training and Evaluating takes 0.013953208923339844 seconds.
Until Preparation: 0.0005102157592773438.
Until Calculation: 0.0007052421569824219.
Until linalg solve: 0.04104018211364746.
Regression solved in 0.1511 seconds
Training and Evaluating takes 0.016138553619384766 seconds.
Until Preparation: 0.0004820823669433594.
Until Calculation: 0.0006563663482666016.
Until linalg solve: 0.03906893730163574.
Regression solved in 0.1491 seconds
Training and Evaluating takes 0.012393474578857422 seconds.
Until Preparation: 0.0005397796630859375.
Until Calculation: 0.0007371902465820312.
Until linalg solve: 0.041281700134277344.
Regression solved in 0.1516 seconds
Training and Evaluating takes 0.03471803665161133 seconds.
Until Preparation: 0.0004909038543701172.
Until Calculation: 0.0006937980651855469.
Until linalg solve: 0.040586233139038086.
Regression solved in 0.1503 seconds
Training and Evaluating takes 0.004862070083618164 seconds.
Until Preparation: 0.0004973411560058594.
Until Calculation: 0.0006711483001708984.
Until linalg solve: 0.039400339126586914.
Regression solved in 0.1493 seconds
Training and Evaluating takes 0.014940977096557617 seconds.
Until Preparation: 0.0005145072937011719.
Until Calculation: 0.0007092952728271484.
Until linalg solve: 0.04107666015625.
Regression solved in 0.1519 seconds
Training and Evaluating takes 0.01619577407836914 seconds.
Until Preparation: 0.0005016326904296875.
Until Calculation: 0.0006792545318603516.
Until linalg solve: 0.038684844970703125.
Regression solved in 0.1513 seconds
Training and Evaluating takes 0.013956308364868164 seconds.
Until Preparation: 0.0005576610565185547.
Until Calculation: 0.0008170604705810547.
Until linalg solve: 0.04133105278015137.
Regression solved in 0.1521 seconds
Training and Evaluating takes 0.006336212158203125 seconds.
Until Preparation: 0.0005140304565429688.
Until Calculation: 0.0007081031799316406.
Until linalg solve: 0.04053926467895508.
Regression solved in 0.1508 seconds
Training and Evaluating takes 0.004812717437744141 seconds.
Until Preparation: 0.0004961490631103516.
Until Calculation: 0.0006823539733886719.
Until linalg solve: 0.039507150650024414.
Regression solved in 0.1493 seconds
Training and Evaluating takes 0.013518571853637695 seconds.
Until Preparation: 0.0005190372467041016.
Until Calculation: 0.0007126331329345703.
Until linalg solve: 0.04097104072570801.
Regression solved in 0.1519 seconds
Training and Evaluating takes 0.01633429527282715 seconds.
Until Preparation: 0.0005042552947998047.
Until Calculation: 0.0006821155548095703.
Until linalg solve: 0.039048194885253906.
Regression solved in 0.1492 seconds
Training and Evaluating takes 0.012104034423828125 seconds.
Until Preparation: 0.0005183219909667969.
Until Calculation: 0.0007226467132568359.
Until linalg solve: 0.041227102279663086.
Regression solved in 0.1510 seconds
Training and Evaluating takes 0.032364606857299805 seconds.
Until Preparation: 0.0005123615264892578.
Until Calculation: 0.0007066726684570312.
Until linalg solve: 0.040619611740112305.
Regression solved in 0.1506 seconds
Training and Evaluating takes 0.015405654907226562 seconds.
Until Preparation: 0.0005223751068115234.
Until Calculation: 0.000701904296875.
Until linalg solve: 0.039548397064208984.
Regression solved in 0.1494 seconds
Training and Evaluating takes 0.013922691345214844 seconds.
Until Preparation: 0.0005221366882324219.
Until Calculation: 0.0007157325744628906.
Until linalg solve: 0.041361331939697266.
Regression solved in 0.1525 seconds
Training and Evaluating takes 0.03187894821166992 seconds.
Until Preparation: 0.0005085468292236328.
Until Calculation: 0.0006864070892333984.
Until linalg solve: 0.03890085220336914.
Regression solved in 0.1491 seconds
Training and Evaluating takes 0.013121604919433594 seconds.
Until Preparation: 0.0005216598510742188.
Until Calculation: 0.0007166862487792969.
Until linalg solve: 0.041097164154052734.
Regression solved in 0.1513 seconds
Training and Evaluating takes 0.03301572799682617 seconds.
Until Preparation: 0.0005085468292236328.
Until Calculation: 0.0007052421569824219.
Until linalg solve: 0.04062008857727051.
Regression solved in 0.1506 seconds
Training and Evaluating takes 0.015407800674438477 seconds.
Until Preparation: 0.0005056858062744141.
Until Calculation: 0.0007462501525878906.
Until linalg solve: 0.03966522216796875.
Regression solved in 0.1497 seconds
Training and Evaluating takes 0.013832807540893555 seconds.
Until Preparation: 0.0005178451538085938.
Until Calculation: 0.0007135868072509766.
Until linalg solve: 0.04093575477600098.
Regression solved in 0.1512 seconds
Training and Evaluating takes 0.016014575958251953 seconds.
Until Preparation: 0.0004899501800537109.
Until Calculation: 0.0006849765777587891.
Until linalg solve: 0.03876805305480957.
Regression solved in 0.1488 seconds
Training and Evaluating takes 0.012493371963500977 seconds.
Until Preparation: 0.0005135536193847656.
Until Calculation: 0.0007078647613525391.
Until linalg solve: 0.04133033752441406.
Regression solved in 0.1515 seconds
Training and Evaluating takes 0.035997629165649414 seconds.
Until Preparation: 0.000514984130859375.
Until Calculation: 0.0007102489471435547.
Until linalg solve: 0.04063248634338379.
Regression solved in 0.1508 seconds
Training and Evaluating takes 0.015266656875610352 seconds.
Until Preparation: 0.0005295276641845703.
Until Calculation: 0.0007083415985107422.
Until linalg solve: 0.03948831558227539.
Regression solved in 0.1498 seconds
Training and Evaluating takes 0.014786720275878906 seconds.
Until Preparation: 0.0005173683166503906.
Until Calculation: 0.0007121562957763672.
Until linalg solve: 0.04081106185913086.
Regression solved in 0.1528 seconds
Training and Evaluating takes 0.01619267463684082 seconds.
Until Preparation: 0.0005047321319580078.
Until Calculation: 0.0006835460662841797.
Until linalg solve: 0.03879714012145996.
Regression solved in 0.1489 seconds
Training and Evaluating takes 0.01233220100402832 seconds.
Until Preparation: 0.0005154609680175781.
Until Calculation: 0.0007090568542480469.
Until linalg solve: 0.041254281997680664.
Regression solved in 0.1524 seconds
Training and Evaluating takes 0.03421211242675781 seconds.
Until Preparation: 0.0005292892456054688.
Until Calculation: 0.0007355213165283203.
Until linalg solve: 0.04035687446594238.
Regression solved in 0.1501 seconds
Training and Evaluating takes 0.01582956314086914 seconds.
Until Preparation: 0.0005154609680175781.
Until Calculation: 0.0006952285766601562.
Until linalg solve: 0.03940153121948242.
Regression solved in 0.1497 seconds
Training and Evaluating takes 0.013837814331054688 seconds.
Until Preparation: 0.0006856918334960938.
Until Calculation: 0.0008814334869384766.
Until linalg solve: 0.04117107391357422.
Regression solved in 0.1527 seconds
Training and Evaluating takes 0.017673492431640625 seconds.
Until Preparation: 0.0004863739013671875.
Until Calculation: 0.0006804466247558594.
Until linalg solve: 0.03870201110839844.
Regression solved in 0.1490 seconds
Training and Evaluating takes 0.012263059616088867 seconds.
Until Preparation: 0.0004932880401611328.
Until Calculation: 0.0007181167602539062.
Until linalg solve: 0.04145550727844238.
Regression solved in 0.1518 seconds
Training and Evaluating takes 0.006310462951660156 seconds.
Until Preparation: 0.0004951953887939453.
Until Calculation: 0.0006880760192871094.
Until linalg solve: 0.04058480262756348.
Regression solved in 0.1508 seconds
Training and Evaluating takes 0.016615629196166992 seconds.
Until Preparation: 0.0005083084106445312.
Until Calculation: 0.0006883144378662109.
Until linalg solve: 0.03951406478881836.
Regression solved in 0.1496 seconds
Training and Evaluating takes 0.014852762222290039 seconds.
Until Preparation: 0.0005195140838623047.
Until Calculation: 0.0007102489471435547.
Until linalg solve: 0.041019439697265625.
Regression solved in 0.1521 seconds
Training and Evaluating takes 0.017258644104003906 seconds.
Until Preparation: 0.0004985332489013672.
Until Calculation: 0.0006754398345947266.
Until linalg solve: 0.0387723445892334.
Regression solved in 0.1495 seconds
Training and Evaluating takes 0.012595415115356445 seconds.
Until Preparation: 0.0005178451538085938.
Until Calculation: 0.0007150173187255859.
Until linalg solve: 0.04140496253967285.
Regression solved in 0.1521 seconds
Training and Evaluating takes 0.03134965896606445 seconds.
Until Preparation: 0.0005121231079101562.
Until Calculation: 0.0007064342498779297.
Until linalg solve: 0.04043889045715332.
Regression solved in 0.1512 seconds
Training and Evaluating takes 0.014751434326171875 seconds.
Until Preparation: 0.0005083084106445312.
Until Calculation: 0.0007166862487792969.
Until linalg solve: 0.039504051208496094.
Regression solved in 0.1503 seconds
Training and Evaluating takes 0.013328075408935547 seconds.
Until Preparation: 0.0005133152008056641.
Until Calculation: 0.0007052421569824219.
Until linalg solve: 0.04096698760986328.
Regression solved in 0.1519 seconds
Training and Evaluating takes 0.016373395919799805 seconds.
Until Preparation: 0.0005059242248535156.
Until Calculation: 0.0006840229034423828.
Until linalg solve: 0.038765668869018555.
Regression solved in 0.1500 seconds
Training and Evaluating takes 0.01316976547241211 seconds.
Until Preparation: 0.0007009506225585938.
Until Calculation: 0.0008943080902099609.
Until linalg solve: 0.041585445404052734.
Regression solved in 0.1526 seconds
Training and Evaluating takes 0.007691144943237305 seconds.
Until Preparation: 0.0004942417144775391.
Until Calculation: 0.0006880760192871094.
Until linalg solve: 0.04050469398498535.
Regression solved in 0.1565 seconds
Training and Evaluating takes 0.01487588882446289 seconds.
Until Preparation: 0.0005052089691162109.
Until Calculation: 0.0007104873657226562.
Until linalg solve: 0.039541006088256836.
Regression solved in 0.1506 seconds
Training and Evaluating takes 0.013923168182373047 seconds.
Until Preparation: 0.000518798828125.
Until Calculation: 0.0007119178771972656.
Until linalg solve: 0.041106462478637695.
Regression solved in 0.1537 seconds
Training and Evaluating takes 0.0176694393157959 seconds.
Until Preparation: 0.0004944801330566406.
Until Calculation: 0.0006678104400634766.
Until linalg solve: 0.03888702392578125.
Regression solved in 0.1508 seconds
Training and Evaluating takes 0.004363298416137695 seconds.
Until Preparation: 0.0005161762237548828.
Until Calculation: 0.0007150173187255859.
Until linalg solve: 0.04112887382507324.
Regression solved in 0.1529 seconds
Training and Evaluating takes 0.03449106216430664 seconds.
Until Preparation: 0.0005183219909667969.
Until Calculation: 0.0007150173187255859.
Until linalg solve: 0.040847063064575195.
Regression solved in 0.1520 seconds
Training and Evaluating takes 0.016022205352783203 seconds.
Until Preparation: 0.0005049705505371094.
Until Calculation: 0.0006852149963378906.
Until linalg solve: 0.03973245620727539.
Regression solved in 0.1513 seconds
Training and Evaluating takes 0.013709783554077148 seconds.
Until Preparation: 0.0005128383636474609.
Until Calculation: 0.0007090568542480469.
Until linalg solve: 0.04097580909729004.
Regression solved in 0.1525 seconds
Training and Evaluating takes 0.016734838485717773 seconds.
Until Preparation: 0.0005104541778564453.
Until Calculation: 0.0006873607635498047.
Until linalg solve: 0.03884291648864746.
Regression solved in 0.1503 seconds
Training and Evaluating takes 0.01399683952331543 seconds.
Until Preparation: 0.0005173683166503906.
Until Calculation: 0.000713348388671875.
Until linalg solve: 0.041268348693847656.
Regression solved in 0.1528 seconds
Training and Evaluating takes 0.03467273712158203 seconds.
Until Preparation: 0.0005159378051757812.
Until Calculation: 0.0007088184356689453.
Until linalg solve: 0.04057192802429199.
Regression solved in 0.1521 seconds
Training and Evaluating takes 0.0158841609954834 seconds.
Until Preparation: 0.0005178451538085938.
Until Calculation: 0.0006933212280273438.
Until linalg solve: 0.03953075408935547.
Regression solved in 0.1510 seconds
Training and Evaluating takes 0.014521121978759766 seconds.
Until Preparation: 0.0005135536193847656.
Until Calculation: 0.0007050037384033203.
Until linalg solve: 0.041055917739868164.
Regression solved in 0.1518 seconds
Training and Evaluating takes 0.015526771545410156 seconds.
Until Preparation: 0.0005116462707519531.
Until Calculation: 0.0006923675537109375.
Until linalg solve: 0.03888297080993652.
Regression solved in 0.1493 seconds
Training and Evaluating takes 0.013977527618408203 seconds.
Until Preparation: 0.0005190372467041016.
Until Calculation: 0.0007131099700927734.
Until linalg solve: 0.041220664978027344.
Regression solved in 0.1520 seconds
Training and Evaluating takes 0.030457496643066406 seconds.
Until Preparation: 0.0005242824554443359.
Until Calculation: 0.0007197856903076172.
Until linalg solve: 0.04059171676635742.
Regression solved in 0.1517 seconds
Training and Evaluating takes 0.01528310775756836 seconds.
Until Preparation: 0.0005123615264892578.
Until Calculation: 0.0007021427154541016.
Until linalg solve: 0.039470672607421875.
Regression solved in 0.1506 seconds
Training and Evaluating takes 0.01412510871887207 seconds.
    Permutation 80/100 done
Until Preparation: 0.0005044937133789062.
Until Calculation: 0.0007145404815673828.
Until linalg solve: 0.041208505630493164.
Regression solved in 0.1534 seconds
Training and Evaluating takes 0.016201019287109375 seconds.
Until Preparation: 0.0005087852478027344.
Until Calculation: 0.0006868839263916016.
Until linalg solve: 0.038901567459106445.
Regression solved in 0.1502 seconds
Training and Evaluating takes 0.01204824447631836 seconds.
Until Preparation: 0.0005156993865966797.
Until Calculation: 0.0007100105285644531.
Until linalg solve: 0.041304588317871094.
Regression solved in 0.1525 seconds
Training and Evaluating takes 0.030858993530273438 seconds.
Until Preparation: 0.0005085468292236328.
Until Calculation: 0.0007040500640869141.
Until linalg solve: 0.040546417236328125.
Regression solved in 0.1527 seconds
Training and Evaluating takes 0.016240358352661133 seconds.
Until Preparation: 0.0005123615264892578.
Until Calculation: 0.0007236003875732422.
Until linalg solve: 0.03959035873413086.
Regression solved in 0.1500 seconds
Training and Evaluating takes 0.014591455459594727 seconds.
Until Preparation: 0.0005190372467041016.
Until Calculation: 0.0007140636444091797.
Until linalg solve: 0.04130291938781738.
Regression solved in 0.1527 seconds
Training and Evaluating takes 0.01664900779724121 seconds.
Until Preparation: 0.0007147789001464844.
Until Calculation: 0.0008885860443115234.
Until linalg solve: 0.03915047645568848.
Regression solved in 0.1510 seconds
Training and Evaluating takes 0.01227116584777832 seconds.
Until Preparation: 0.0005164146423339844.
Until Calculation: 0.0007107257843017578.
Until linalg solve: 0.041435956954956055.
Regression solved in 0.1526 seconds
Training and Evaluating takes 0.03179502487182617 seconds.
Until Preparation: 0.0005116462707519531.
Until Calculation: 0.00070953369140625.
Until linalg solve: 0.04053926467895508.
Regression solved in 0.1517 seconds
Training and Evaluating takes 0.016278505325317383 seconds.
Until Preparation: 0.0005185604095458984.
Until Calculation: 0.0007269382476806641.
Until linalg solve: 0.03959321975708008.
Regression solved in 0.1516 seconds
Training and Evaluating takes 0.015004873275756836 seconds.
Until Preparation: 0.0005178451538085938.
Until Calculation: 0.0007283687591552734.
Until linalg solve: 0.04109597206115723.
Regression solved in 0.1533 seconds
Training and Evaluating takes 0.01613593101501465 seconds.
Until Preparation: 0.0004990100860595703.
Until Calculation: 0.0006756782531738281.
Until linalg solve: 0.03907060623168945.
Regression solved in 0.1506 seconds
Training and Evaluating takes 0.00209808349609375 seconds.
Until Preparation: 0.0005140304565429688.
Until Calculation: 0.0007126331329345703.
Until linalg solve: 0.041391849517822266.
Regression solved in 0.1528 seconds
Training and Evaluating takes 0.0306398868560791 seconds.
Until Preparation: 0.0005116462707519531.
Until Calculation: 0.0007030963897705078.
Until linalg solve: 0.04074454307556152.
Regression solved in 0.1520 seconds
Training and Evaluating takes 0.014995098114013672 seconds.
Until Preparation: 0.0007052421569824219.
Until Calculation: 0.0009586811065673828.
Until linalg solve: 0.03978562355041504.
Regression solved in 0.1509 seconds
Training and Evaluating takes 0.013599157333374023 seconds.
Until Preparation: 0.0005154609680175781.
Until Calculation: 0.00070953369140625.
Until linalg solve: 0.04120755195617676.
Regression solved in 0.1534 seconds
Training and Evaluating takes 0.015920639038085938 seconds.
Until Preparation: 0.0005054473876953125.
Until Calculation: 0.0006849765777587891.
Until linalg solve: 0.03879594802856445.
Regression solved in 0.1507 seconds
Training and Evaluating takes 0.012654781341552734 seconds.
Until Preparation: 0.0005164146423339844.
Until Calculation: 0.0007116794586181641.
Until linalg solve: 0.04120945930480957.
Regression solved in 0.1529 seconds
Training and Evaluating takes 0.030517578125 seconds.
Until Preparation: 0.0005068778991699219.
Until Calculation: 0.0007007122039794922.
Until linalg solve: 0.04078555107116699.
Regression solved in 0.1520 seconds
Training and Evaluating takes 0.015038490295410156 seconds.
Until Preparation: 0.0005125999450683594.
Until Calculation: 0.0006873607635498047.
Until linalg solve: 0.0394742488861084.
Regression solved in 0.1507 seconds
Training and Evaluating takes 0.01484060287475586 seconds.
Until Preparation: 0.0005130767822265625.
Until Calculation: 0.0007069110870361328.
Until linalg solve: 0.03384757041931152.
Regression solved in 0.1455 seconds
Training and Evaluating takes 0.01581716537475586 seconds.
Until Preparation: 0.0004994869232177734.
Until Calculation: 0.0006761550903320312.
Until linalg solve: 0.0322270393371582.
Regression solved in 0.1437 seconds
Training and Evaluating takes 0.013536453247070312 seconds.
Until Preparation: 0.0005197525024414062.
Until Calculation: 0.0007143020629882812.
Until linalg solve: 0.03411245346069336.
Regression solved in 0.1450 seconds
Training and Evaluating takes 0.03542494773864746 seconds.
Until Preparation: 0.0004944801330566406.
Until Calculation: 0.0006890296936035156.
Until linalg solve: 0.033487558364868164.
Regression solved in 0.1449 seconds
Training and Evaluating takes 0.01573014259338379 seconds.
Until Preparation: 0.0005083084106445312.
Until Calculation: 0.0006885528564453125.
Until linalg solve: 0.03277087211608887.
Regression solved in 0.1442 seconds
Training and Evaluating takes 0.013322830200195312 seconds.
Until Preparation: 0.000713348388671875.
Until Calculation: 0.0009050369262695312.
Until linalg solve: 0.03394818305969238.
Regression solved in 0.1454 seconds
Training and Evaluating takes 0.01579427719116211 seconds.
Until Preparation: 0.0005002021789550781.
Until Calculation: 0.0006783008575439453.
Until linalg solve: 0.032156944274902344.
Regression solved in 0.1439 seconds
Training and Evaluating takes 0.013299226760864258 seconds.
Until Preparation: 0.0005092620849609375.
Until Calculation: 0.0007007122039794922.
Until linalg solve: 0.04162955284118652.
Regression solved in 0.1531 seconds
Training and Evaluating takes 0.029384613037109375 seconds.
Until Preparation: 0.0005095005035400391.
Until Calculation: 0.0007083415985107422.
Until linalg solve: 0.04056096076965332.
Regression solved in 0.1513 seconds
Training and Evaluating takes 0.0156857967376709 seconds.
Until Preparation: 0.0007190704345703125.
Until Calculation: 0.0008969306945800781.
Until linalg solve: 0.03965187072753906.
Regression solved in 0.1513 seconds
Training and Evaluating takes 0.013203620910644531 seconds.
Until Preparation: 0.0005772113800048828.
Until Calculation: 0.0008096694946289062.
Until linalg solve: 0.041033267974853516.
Regression solved in 0.1524 seconds
Training and Evaluating takes 0.016718626022338867 seconds.
Until Preparation: 0.0005054473876953125.
Until Calculation: 0.0006918907165527344.
Until linalg solve: 0.03884124755859375.
Regression solved in 0.1493 seconds
Training and Evaluating takes 0.013023614883422852 seconds.
Until Preparation: 0.0005106925964355469.
Until Calculation: 0.0007059574127197266.
Until linalg solve: 0.04117226600646973.
Regression solved in 0.1528 seconds
Training and Evaluating takes 0.030663251876831055 seconds.
Until Preparation: 0.00052642822265625.
Until Calculation: 0.0009527206420898438.
Until linalg solve: 0.0406651496887207.
Regression solved in 0.1508 seconds
Training and Evaluating takes 0.019414901733398438 seconds.
Until Preparation: 0.003906726837158203.
Until Calculation: 0.00409698486328125.
Until linalg solve: 0.04303455352783203.
Regression solved in 0.1535 seconds
Training and Evaluating takes 0.014095544815063477 seconds.
Until Preparation: 0.0005156993865966797.
Until Calculation: 0.0007255077362060547.
Until linalg solve: 0.04098033905029297.
Regression solved in 0.1524 seconds
Training and Evaluating takes 0.015961170196533203 seconds.
Until Preparation: 0.0005109310150146484.
Until Calculation: 0.0007007122039794922.
Until linalg solve: 0.03909611701965332.
Regression solved in 0.1500 seconds
Training and Evaluating takes 0.01225900650024414 seconds.
Until Preparation: 0.000514984130859375.
Until Calculation: 0.0007214546203613281.
Until linalg solve: 0.041466474533081055.
Regression solved in 0.1527 seconds
Training and Evaluating takes 0.031804800033569336 seconds.
Until Preparation: 0.0005130767822265625.
Until Calculation: 0.0007185935974121094.
Until linalg solve: 0.04041099548339844.
Regression solved in 0.1515 seconds
Training and Evaluating takes 0.015456914901733398 seconds.
Until Preparation: 0.0005180835723876953.
Until Calculation: 0.0007131099700927734.
Until linalg solve: 0.03949570655822754.
Regression solved in 0.1500 seconds
Training and Evaluating takes 0.013573408126831055 seconds.
Until Preparation: 0.0005125999450683594.
Until Calculation: 0.0007069110870361328.
Until linalg solve: 0.041055917739868164.
Regression solved in 0.1514 seconds
Training and Evaluating takes 0.01691436767578125 seconds.
Until Preparation: 0.0005097389221191406.
Until Calculation: 0.0006995201110839844.
Until linalg solve: 0.03891754150390625.
Regression solved in 0.1502 seconds
Training and Evaluating takes 0.014040231704711914 seconds.
Until Preparation: 0.0005047321319580078.
Until Calculation: 0.0007183551788330078.
Until linalg solve: 0.04107546806335449.
Regression solved in 0.1517 seconds
Training and Evaluating takes 0.03171133995056152 seconds.
Until Preparation: 0.0005071163177490234.
Until Calculation: 0.0007054805755615234.
Until linalg solve: 0.040793418884277344.
Regression solved in 0.1509 seconds
Training and Evaluating takes 0.0160980224609375 seconds.
Until Preparation: 0.0005161762237548828.
Until Calculation: 0.0007374286651611328.
Until linalg solve: 0.039632320404052734.
Regression solved in 0.1501 seconds
Training and Evaluating takes 0.014425039291381836 seconds.
Until Preparation: 0.0005123615264892578.
Until Calculation: 0.0007190704345703125.
Until linalg solve: 0.041086673736572266.
Regression solved in 0.1511 seconds
Training and Evaluating takes 0.01724863052368164 seconds.
Until Preparation: 0.000492095947265625.
Until Calculation: 0.0006887912750244141.
Until linalg solve: 0.038915395736694336.
Regression solved in 0.1495 seconds
Training and Evaluating takes 0.012889385223388672 seconds.
Until Preparation: 0.0005114078521728516.
Until Calculation: 0.0007023811340332031.
Until linalg solve: 0.04121828079223633.
Regression solved in 0.1516 seconds
Training and Evaluating takes 0.031839609146118164 seconds.
Until Preparation: 0.0005092620849609375.
Until Calculation: 0.0007042884826660156.
Until linalg solve: 0.04053020477294922.
Regression solved in 0.1513 seconds
Training and Evaluating takes 0.015610218048095703 seconds.
Until Preparation: 0.0005128383636474609.
Until Calculation: 0.0006899833679199219.
Until linalg solve: 0.03942608833312988.
Regression solved in 0.1496 seconds
Training and Evaluating takes 0.013929605484008789 seconds.
Until Preparation: 0.0005118846893310547.
Until Calculation: 0.0007116794586181641.
Until linalg solve: 0.04101276397705078.
Regression solved in 0.1520 seconds
Training and Evaluating takes 0.017217397689819336 seconds.
Until Preparation: 0.0005154609680175781.
Until Calculation: 0.0007815361022949219.
Until linalg solve: 0.038941144943237305.
Regression solved in 0.1495 seconds
Training and Evaluating takes 0.013561725616455078 seconds.
Until Preparation: 0.0005121231079101562.
Until Calculation: 0.0007281303405761719.
Until linalg solve: 0.040993690490722656.
Regression solved in 0.1500 seconds
Training and Evaluating takes 0.03028106689453125 seconds.
Until Preparation: 0.0005071163177490234.
Until Calculation: 0.0007219314575195312.
Until linalg solve: 0.04064345359802246.
Regression solved in 0.1492 seconds
Training and Evaluating takes 0.014806032180786133 seconds.
Until Preparation: 0.0005171298980712891.
Until Calculation: 0.000705718994140625.
Until linalg solve: 0.03967761993408203.
Regression solved in 0.1485 seconds
Training and Evaluating takes 0.01417398452758789 seconds.
Until Preparation: 0.0005195140838623047.
Until Calculation: 0.0007147789001464844.
Until linalg solve: 0.04112100601196289.
Regression solved in 0.1501 seconds
Training and Evaluating takes 0.01604461669921875 seconds.
Until Preparation: 0.0004813671112060547.
Until Calculation: 0.0006670951843261719.
Until linalg solve: 0.039173126220703125.
Regression solved in 0.1477 seconds
Training and Evaluating takes 0.002159595489501953 seconds.
Until Preparation: 0.00052642822265625.
Until Calculation: 0.0007264614105224609.
Until linalg solve: 0.04131817817687988.
Regression solved in 0.1494 seconds
Training and Evaluating takes 0.0292813777923584 seconds.
Until Preparation: 0.0005071163177490234.
Until Calculation: 0.0007040500640869141.
Until linalg solve: 0.04056143760681152.
Regression solved in 0.1490 seconds
Training and Evaluating takes 0.015225410461425781 seconds.
Until Preparation: 0.0005059242248535156.
Until Calculation: 0.0007302761077880859.
Until linalg solve: 0.03950929641723633.
Regression solved in 0.1478 seconds
Training and Evaluating takes 0.014737367630004883 seconds.
Until Preparation: 0.0005109310150146484.
Until Calculation: 0.0007150173187255859.
Until linalg solve: 0.04113268852233887.
Regression solved in 0.1503 seconds
Training and Evaluating takes 0.016028642654418945 seconds.
Until Preparation: 0.00048422813415527344.
Until Calculation: 0.0006704330444335938.
Until linalg solve: 0.03874683380126953.
Regression solved in 0.1480 seconds
Training and Evaluating takes 0.012251138687133789 seconds.
Until Preparation: 0.0005002021789550781.
Until Calculation: 0.0007073879241943359.
Until linalg solve: 0.04132509231567383.
Regression solved in 0.1500 seconds
Training and Evaluating takes 0.0350642204284668 seconds.
Until Preparation: 0.0005090236663818359.
Until Calculation: 0.0007035732269287109.
Until linalg solve: 0.040572166442871094.
Regression solved in 0.1489 seconds
Training and Evaluating takes 0.016080141067504883 seconds.
Until Preparation: 0.0005035400390625.
Until Calculation: 0.0006945133209228516.
Until linalg solve: 0.039449453353881836.
Regression solved in 0.1482 seconds
Training and Evaluating takes 0.014240026473999023 seconds.
Until Preparation: 0.0005164146423339844.
Until Calculation: 0.0007104873657226562.
Until linalg solve: 0.041028499603271484.
Regression solved in 0.1498 seconds
Training and Evaluating takes 0.016673564910888672 seconds.
Until Preparation: 0.0005006790161132812.
Until Calculation: 0.0006783008575439453.
Until linalg solve: 0.03882169723510742.
Regression solved in 0.1474 seconds
Training and Evaluating takes 0.013791561126708984 seconds.
Until Preparation: 0.0005109310150146484.
Until Calculation: 0.000705718994140625.
Until linalg solve: 0.04110407829284668.
Regression solved in 0.1501 seconds
Training and Evaluating takes 0.03131747245788574 seconds.
Until Preparation: 0.0004937648773193359.
Until Calculation: 0.000701904296875.
Until linalg solve: 0.040415287017822266.
Regression solved in 0.1497 seconds
Training and Evaluating takes 0.004701375961303711 seconds.
Until Preparation: 0.0005133152008056641.
Until Calculation: 0.0006914138793945312.
Until linalg solve: 0.03958868980407715.
Regression solved in 0.1487 seconds
Training and Evaluating takes 0.01388239860534668 seconds.
Until Preparation: 0.0005145072937011719.
Until Calculation: 0.000713348388671875.
Until linalg solve: 0.041034698486328125.
Regression solved in 0.1501 seconds
Training and Evaluating takes 0.017134666442871094 seconds.
Until Preparation: 0.0005102157592773438.
Until Calculation: 0.00069427490234375.
Until linalg solve: 0.038889169692993164.
Regression solved in 0.1476 seconds
Training and Evaluating takes 0.012716293334960938 seconds.
Until Preparation: 0.0005106925964355469.
Until Calculation: 0.0007054805755615234.
Until linalg solve: 0.0411076545715332.
Regression solved in 0.1519 seconds
Training and Evaluating takes 0.03442239761352539 seconds.
Until Preparation: 0.0005133152008056641.
Until Calculation: 0.0007102489471435547.
Until linalg solve: 0.040583133697509766.
Regression solved in 0.1496 seconds
Training and Evaluating takes 0.01634526252746582 seconds.
Until Preparation: 0.0005130767822265625.
Until Calculation: 0.0006940364837646484.
Until linalg solve: 0.03954052925109863.
Regression solved in 0.1489 seconds
Training and Evaluating takes 0.013550996780395508 seconds.
Until Preparation: 0.000514984130859375.
Until Calculation: 0.0007090568542480469.
Until linalg solve: 0.040963172912597656.
Regression solved in 0.1502 seconds
Training and Evaluating takes 0.016113758087158203 seconds.
Until Preparation: 0.0004999637603759766.
Until Calculation: 0.0007154941558837891.
Until linalg solve: 0.039063453674316406.
Regression solved in 0.1487 seconds
Training and Evaluating takes 0.012621879577636719 seconds.
Until Preparation: 0.0005087852478027344.
Until Calculation: 0.0007054805755615234.
Until linalg solve: 0.04121518135070801.
Regression solved in 0.1507 seconds
Training and Evaluating takes 0.03567194938659668 seconds.
Until Preparation: 0.0005114078521728516.
Until Calculation: 0.0007100105285644531.
Until linalg solve: 0.04059123992919922.
Regression solved in 0.1500 seconds
Training and Evaluating takes 0.015020132064819336 seconds.
Until Preparation: 0.0005025863647460938.
Until Calculation: 0.0006814002990722656.
Until linalg solve: 0.03949403762817383.
Regression solved in 0.1489 seconds
Training and Evaluating takes 0.0032248497009277344 seconds.
Until Preparation: 0.0005180835723876953.
Until Calculation: 0.0007202625274658203.
Until linalg solve: 0.041107177734375.
Regression solved in 0.1505 seconds
Training and Evaluating takes 0.0348811149597168 seconds.
Until Preparation: 0.0005059242248535156.
Until Calculation: 0.0006856918334960938.
Until linalg solve: 0.03888416290283203.
Regression solved in 0.1480 seconds
Training and Evaluating takes 0.013292789459228516 seconds.
Until Preparation: 0.0005152225494384766.
Until Calculation: 0.0007128715515136719.
Until linalg solve: 0.04139351844787598.
Regression solved in 0.1504 seconds
Training and Evaluating takes 0.031080007553100586 seconds.
Until Preparation: 0.0005033016204833984.
Until Calculation: 0.0006995201110839844.
Until linalg solve: 0.04043841361999512.
Regression solved in 0.1496 seconds
Training and Evaluating takes 0.01633429527282715 seconds.
Until Preparation: 0.0005152225494384766.
Until Calculation: 0.0006933212280273438.
Until linalg solve: 0.03976130485534668.
Regression solved in 0.1483 seconds
Training and Evaluating takes 0.013273477554321289 seconds.
Until Preparation: 0.0005087852478027344.
Until Calculation: 0.0007250308990478516.
Until linalg solve: 0.04109477996826172.
Regression solved in 0.1502 seconds
Training and Evaluating takes 0.006089687347412109 seconds.
Until Preparation: 0.0004994869232177734.
Until Calculation: 0.0006773471832275391.
Until linalg solve: 0.039202213287353516.
Regression solved in 0.1483 seconds
Training and Evaluating takes 0.013952016830444336 seconds.
Until Preparation: 0.0005109310150146484.
Until Calculation: 0.0007116794586181641.
Until linalg solve: 0.041442155838012695.
Regression solved in 0.1500 seconds
Training and Evaluating takes 0.030353307723999023 seconds.
Until Preparation: 0.0005068778991699219.
Until Calculation: 0.0007760524749755859.
Until linalg solve: 0.04051971435546875.
Regression solved in 0.1496 seconds
Training and Evaluating takes 0.014360427856445312 seconds.
Until Preparation: 0.0005159378051757812.
Until Calculation: 0.0006957054138183594.
Until linalg solve: 0.03950929641723633.
Regression solved in 0.1487 seconds
Training and Evaluating takes 0.013872861862182617 seconds.
Until Preparation: 0.0005185604095458984.
Until Calculation: 0.0007169246673583984.
Until linalg solve: 0.04097557067871094.
Regression solved in 0.1503 seconds
Training and Evaluating takes 0.01573967933654785 seconds.
Until Preparation: 0.0005064010620117188.
Until Calculation: 0.0006957054138183594.
Until linalg solve: 0.03887009620666504.
Regression solved in 0.1473 seconds
Training and Evaluating takes 0.012910842895507812 seconds.
Until Preparation: 0.0005142688751220703.
Until Calculation: 0.0007123947143554688.
Until linalg solve: 0.04109978675842285.
Regression solved in 0.1506 seconds
Training and Evaluating takes 0.03183460235595703 seconds.
Until Preparation: 0.0005176067352294922.
Until Calculation: 0.0007162094116210938.
Until linalg solve: 0.04069972038269043.
Regression solved in 0.1496 seconds
Training and Evaluating takes 0.015416145324707031 seconds.
Until Preparation: 0.0005145072937011719.
Until Calculation: 0.0007262229919433594.
Until linalg solve: 0.03970503807067871.
Regression solved in 0.1485 seconds
Training and Evaluating takes 0.015045881271362305 seconds.
Until Preparation: 0.0005156993865966797.
Until Calculation: 0.0007121562957763672.
Until linalg solve: 0.04102730751037598.
Regression solved in 0.1507 seconds
Training and Evaluating takes 0.01659703254699707 seconds.
Until Preparation: 0.0004956722259521484.
Until Calculation: 0.0006716251373291016.
Until linalg solve: 0.0390927791595459.
Regression solved in 0.1543 seconds
Training and Evaluating takes 0.019091129302978516 seconds.
Until Preparation: 0.000514984130859375.
Until Calculation: 0.0007131099700927734.
Until linalg solve: 0.04126906394958496.
Regression solved in 0.1508 seconds
Training and Evaluating takes 0.031581878662109375 seconds.
Until Preparation: 0.0005116462707519531.
Until Calculation: 0.0007054805755615234.
Until linalg solve: 0.04059314727783203.
Regression solved in 0.1501 seconds
Training and Evaluating takes 0.015893220901489258 seconds.
Until Preparation: 0.0005240440368652344.
Until Calculation: 0.0007374286651611328.
Until linalg solve: 0.03978085517883301.
Regression solved in 0.1489 seconds
Training and Evaluating takes 0.01352834701538086 seconds.
    Permutation 100/100 done
  Permutation p-value: 0.0000  (null mean=0.2846 ± 0.0207)
  Saved: /juice6/u/jshe/nlp/LM_neural_synchrony/playground/control_plots/perm_goal_structure_Misv0.2Misv0.2_L16_L16.png
  Partitioned by 'value_compatibility': compatible=141, conflicting=94, neutral=115  (skipped 100 unlabeled)

  Computing observed gap for 'value_compatibility'...
Until Preparation: 0.0005197525024414062.
Until Calculation: 0.0007836818695068359.
Until linalg solve: 0.042031049728393555.
Regression solved in 0.1519 seconds
Training and Evaluating takes 0.037023305892944336 seconds.
Until Preparation: 0.000514984130859375.
Until Calculation: 0.0007159709930419922.
Until linalg solve: 0.04099583625793457.
Regression solved in 0.1512 seconds
Training and Evaluating takes 0.016991853713989258 seconds.
Until Preparation: 0.0004947185516357422.
Until Calculation: 0.0006899833679199219.
Until linalg solve: 0.04129672050476074.
Regression solved in 0.1507 seconds
Training and Evaluating takes 0.034137725830078125 seconds.
  Observed gap: 0.3362
  Running 100 permutations...
Until Preparation: 0.0005199909210205078.
Until Calculation: 0.000736236572265625.
Until linalg solve: 0.042113542556762695.
Regression solved in 0.1523 seconds
Training and Evaluating takes 0.03140139579772949 seconds.
Until Preparation: 0.0005056858062744141.
Until Calculation: 0.0007150173187255859.
Until linalg solve: 0.0409090518951416.
Regression solved in 0.1508 seconds
Training and Evaluating takes 0.015731096267700195 seconds.
Until Preparation: 0.000514984130859375.
Until Calculation: 0.0007114410400390625.
Until linalg solve: 0.04149770736694336.
Regression solved in 0.1517 seconds
Training and Evaluating takes 0.0357968807220459 seconds.
Until Preparation: 0.0005228519439697266.
Until Calculation: 0.0007390975952148438.
Until linalg solve: 0.04197430610656738.
Regression solved in 0.1519 seconds
Training and Evaluating takes 0.034917593002319336 seconds.
Until Preparation: 0.0005104541778564453.
Until Calculation: 0.0007061958312988281.
Until linalg solve: 0.04094505310058594.
Regression solved in 0.1509 seconds
Training and Evaluating takes 0.015187501907348633 seconds.
Until Preparation: 0.0007131099700927734.
Until Calculation: 0.0009112358093261719.
Until linalg solve: 0.041613101959228516.
Regression solved in 0.1515 seconds
Training and Evaluating takes 0.03093862533569336 seconds.
Until Preparation: 0.0005204677581787109.
Until Calculation: 0.0007491111755371094.
Until linalg solve: 0.04190397262573242.
Regression solved in 0.1526 seconds
Training and Evaluating takes 0.033234596252441406 seconds.
Until Preparation: 0.0005118846893310547.
Until Calculation: 0.000705718994140625.
Until linalg solve: 0.040894269943237305.
Regression solved in 0.1503 seconds
Training and Evaluating takes 0.01588606834411621 seconds.
Until Preparation: 0.0005142688751220703.
Until Calculation: 0.0007123947143554688.
Until linalg solve: 0.04131627082824707.
Regression solved in 0.1517 seconds
Training and Evaluating takes 0.03175854682922363 seconds.
Until Preparation: 0.0005207061767578125.
Until Calculation: 0.0007445812225341797.
Until linalg solve: 0.04207587242126465.
Regression solved in 0.1518 seconds
Training and Evaluating takes 0.03690981864929199 seconds.
Until Preparation: 0.0005125999450683594.
Until Calculation: 0.0007266998291015625.
Until linalg solve: 0.040997982025146484.
Regression solved in 0.1523 seconds
Training and Evaluating takes 0.015214204788208008 seconds.
Until Preparation: 0.0005168914794921875.
Until Calculation: 0.00070953369140625.
Until linalg solve: 0.0414276123046875.
Regression solved in 0.1517 seconds
Training and Evaluating takes 0.01490163803100586 seconds.
Until Preparation: 0.0005161762237548828.
Until Calculation: 0.0007331371307373047.
Until linalg solve: 0.0419621467590332.
Regression solved in 0.1520 seconds
Training and Evaluating takes 0.03490591049194336 seconds.
Until Preparation: 0.0005125999450683594.
Until Calculation: 0.0007102489471435547.
Until linalg solve: 0.040854454040527344.
Regression solved in 0.1507 seconds
Training and Evaluating takes 0.015499114990234375 seconds.
Until Preparation: 0.0005075931549072266.
Until Calculation: 0.0007009506225585938.
Until linalg solve: 0.04134225845336914.
Regression solved in 0.1513 seconds
Training and Evaluating takes 0.034101009368896484 seconds.
Until Preparation: 0.0005121231079101562.
Until Calculation: 0.0007290840148925781.
Until linalg solve: 0.041872501373291016.
Regression solved in 0.1525 seconds
Training and Evaluating takes 0.03638625144958496 seconds.
Until Preparation: 0.0005109310150146484.
Until Calculation: 0.0007097721099853516.
Until linalg solve: 0.041022539138793945.
Regression solved in 0.1510 seconds
Training and Evaluating takes 0.01626420021057129 seconds.
Until Preparation: 0.0005261898040771484.
Until Calculation: 0.0007188320159912109.
Until linalg solve: 0.04146242141723633.
Regression solved in 0.1517 seconds
Training and Evaluating takes 0.03166627883911133 seconds.
Until Preparation: 0.0005152225494384766.
Until Calculation: 0.0007340908050537109.
Until linalg solve: 0.0419611930847168.
Regression solved in 0.1519 seconds
Training and Evaluating takes 0.03298044204711914 seconds.
Until Preparation: 0.0005078315734863281.
Until Calculation: 0.0007045269012451172.
Until linalg solve: 0.040955305099487305.
Regression solved in 0.1506 seconds
Training and Evaluating takes 0.01572728157043457 seconds.
Until Preparation: 0.0004894733428955078.
Until Calculation: 0.0006890296936035156.
Until linalg solve: 0.04119706153869629.
Regression solved in 0.1514 seconds
Training and Evaluating takes 0.006449460983276367 seconds.
Until Preparation: 0.0005214214324951172.
Until Calculation: 0.0007374286651611328.
Until linalg solve: 0.04203534126281738.
Regression solved in 0.1523 seconds
Training and Evaluating takes 0.03859972953796387 seconds.
Until Preparation: 0.0005125999450683594.
Until Calculation: 0.0007116794586181641.
Until linalg solve: 0.04088878631591797.
Regression solved in 0.1513 seconds
Training and Evaluating takes 0.016870737075805664 seconds.
Until Preparation: 0.0005090236663818359.
Until Calculation: 0.00070953369140625.
Until linalg solve: 0.04127621650695801.
Regression solved in 0.1515 seconds
Training and Evaluating takes 0.03086256980895996 seconds.
Until Preparation: 0.0005147457122802734.
Until Calculation: 0.000728607177734375.
Until linalg solve: 0.04222702980041504.
Regression solved in 0.1529 seconds
Training and Evaluating takes 0.030916690826416016 seconds.
Until Preparation: 0.0004968643188476562.
Until Calculation: 0.00069427490234375.
Until linalg solve: 0.04104447364807129.
Regression solved in 0.1510 seconds
Training and Evaluating takes 0.015661001205444336 seconds.
Until Preparation: 0.0005154609680175781.
Until Calculation: 0.0007145404815673828.
Until linalg solve: 0.04152083396911621.
Regression solved in 0.1512 seconds
Training and Evaluating takes 0.02933812141418457 seconds.
Until Preparation: 0.0005085468292236328.
Until Calculation: 0.0007350444793701172.
Until linalg solve: 0.042018890380859375.
Regression solved in 0.1516 seconds
Training and Evaluating takes 0.03918600082397461 seconds.
Until Preparation: 0.0005109310150146484.
Until Calculation: 0.0007052421569824219.
Until linalg solve: 0.04084062576293945.
Regression solved in 0.1504 seconds
Training and Evaluating takes 0.015809059143066406 seconds.
Until Preparation: 0.0005080699920654297.
Until Calculation: 0.0007026195526123047.
Until linalg solve: 0.04136228561401367.
Regression solved in 0.1495 seconds
Training and Evaluating takes 0.03189730644226074 seconds.
Until Preparation: 0.0006132125854492188.
Until Calculation: 0.0009140968322753906.
Until linalg solve: 0.04206371307373047.
Regression solved in 0.1514 seconds
Training and Evaluating takes 0.035840511322021484 seconds.
Until Preparation: 0.0005288124084472656.
Until Calculation: 0.0007281303405761719.
Until linalg solve: 0.04093003273010254.
Regression solved in 0.1501 seconds
Training and Evaluating takes 0.01601123809814453 seconds.
Until Preparation: 0.0005140304565429688.
Until Calculation: 0.0007107257843017578.
Until linalg solve: 0.04165172576904297.
Regression solved in 0.1506 seconds
Training and Evaluating takes 0.03285384178161621 seconds.
Until Preparation: 0.0005147457122802734.
Until Calculation: 0.0007350444793701172.
Until linalg solve: 0.04193854331970215.
Regression solved in 0.1505 seconds
Training and Evaluating takes 0.0323176383972168 seconds.
Until Preparation: 0.0005259513854980469.
Until Calculation: 0.0007216930389404297.
Until linalg solve: 0.041170358657836914.
Regression solved in 0.1497 seconds
Training and Evaluating takes 0.01651453971862793 seconds.
Until Preparation: 0.0005166530609130859.
Until Calculation: 0.0007169246673583984.
Until linalg solve: 0.04130196571350098.
Regression solved in 0.1498 seconds
Training and Evaluating takes 0.029575347900390625 seconds.
Until Preparation: 0.0005204677581787109.
Until Calculation: 0.0007035732269287109.
Until linalg solve: 0.04196500778198242.
Regression solved in 0.1508 seconds
Training and Evaluating takes 0.0319218635559082 seconds.
Until Preparation: 0.0005257129669189453.
Until Calculation: 0.0007266998291015625.
Until linalg solve: 0.0409090518951416.
Regression solved in 0.1498 seconds
Training and Evaluating takes 0.015383481979370117 seconds.
Until Preparation: 0.0005435943603515625.
Until Calculation: 0.0007445812225341797.
Until linalg solve: 0.04150080680847168.
Regression solved in 0.1503 seconds
Training and Evaluating takes 0.03070974349975586 seconds.
Until Preparation: 0.0005171298980712891.
Until Calculation: 0.0007317066192626953.
Until linalg solve: 0.041931867599487305.
Regression solved in 0.1515 seconds
Training and Evaluating takes 0.03623700141906738 seconds.
Until Preparation: 0.0005190372467041016.
Until Calculation: 0.0007154941558837891.
Until linalg solve: 0.04101371765136719.
Regression solved in 0.1501 seconds
Training and Evaluating takes 0.01615452766418457 seconds.
Until Preparation: 0.0005092620849609375.
Until Calculation: 0.0007069110870361328.
Until linalg solve: 0.04134511947631836.
Regression solved in 0.1511 seconds
Training and Evaluating takes 0.03226780891418457 seconds.
Until Preparation: 0.0005211830139160156.
Until Calculation: 0.0007352828979492188.
Until linalg solve: 0.04190182685852051.
Regression solved in 0.1515 seconds
Training and Evaluating takes 0.03732752799987793 seconds.
Until Preparation: 0.0005140304565429688.
Until Calculation: 0.000713348388671875.
Until linalg solve: 0.04092526435852051.
Regression solved in 0.1508 seconds
Training and Evaluating takes 0.016353607177734375 seconds.
Until Preparation: 0.0005259513854980469.
Until Calculation: 0.0007221698760986328.
Until linalg solve: 0.041664838790893555.
Regression solved in 0.1510 seconds
Training and Evaluating takes 0.030449390411376953 seconds.
Until Preparation: 0.0005176067352294922.
Until Calculation: 0.0007023811340332031.
Until linalg solve: 0.04199934005737305.
Regression solved in 0.1521 seconds
Training and Evaluating takes 0.0356600284576416 seconds.
Until Preparation: 0.0005075931549072266.
Until Calculation: 0.0007040500640869141.
Until linalg solve: 0.040738821029663086.
Regression solved in 0.1498 seconds
Training and Evaluating takes 0.01524496078491211 seconds.
Until Preparation: 0.0005099773406982422.
Until Calculation: 0.0007064342498779297.
Until linalg solve: 0.04150104522705078.
Regression solved in 0.1514 seconds
Training and Evaluating takes 0.03199481964111328 seconds.
Until Preparation: 0.0005137920379638672.
Until Calculation: 0.0007312297821044922.
Until linalg solve: 0.04194784164428711.
Regression solved in 0.1528 seconds
Training and Evaluating takes 0.02114272117614746 seconds.
Until Preparation: 0.0005240440368652344.
Until Calculation: 0.00072479248046875.
Until linalg solve: 0.04079866409301758.
Regression solved in 0.1507 seconds
Training and Evaluating takes 0.015437602996826172 seconds.
Until Preparation: 0.0005049705505371094.
Until Calculation: 0.0007014274597167969.
Until linalg solve: 0.04145550727844238.
Regression solved in 0.1514 seconds
Training and Evaluating takes 0.03178215026855469 seconds.
Until Preparation: 0.0005941390991210938.
Until Calculation: 0.0008594989776611328.
Until linalg solve: 0.04203605651855469.
Regression solved in 0.1513 seconds
Training and Evaluating takes 0.032776594161987305 seconds.
Until Preparation: 0.0005147457122802734.
Until Calculation: 0.0007250308990478516.
Until linalg solve: 0.04089021682739258.
Regression solved in 0.1505 seconds
Training and Evaluating takes 0.015618562698364258 seconds.
Until Preparation: 0.0005137920379638672.
Until Calculation: 0.0007119178771972656.
Until linalg solve: 0.04156994819641113.
Regression solved in 0.1505 seconds
Training and Evaluating takes 0.029845714569091797 seconds.
Until Preparation: 0.0005266666412353516.
Until Calculation: 0.0007116794586181641.
Until linalg solve: 0.04181933403015137.
Regression solved in 0.1511 seconds
Training and Evaluating takes 0.033740997314453125 seconds.
Until Preparation: 0.0005083084106445312.
Until Calculation: 0.0007307529449462891.
Until linalg solve: 0.04082679748535156.
Regression solved in 0.1503 seconds
Training and Evaluating takes 0.016171693801879883 seconds.
Until Preparation: 0.0005152225494384766.
Until Calculation: 0.0007143020629882812.
Until linalg solve: 0.04138469696044922.
Regression solved in 0.1512 seconds
Training and Evaluating takes 0.03420376777648926 seconds.
Until Preparation: 0.0005109310150146484.
Until Calculation: 0.0007483959197998047.
Until linalg solve: 0.04202604293823242.
Regression solved in 0.1518 seconds
Training and Evaluating takes 0.03604555130004883 seconds.
Until Preparation: 0.0005080699920654297.
Until Calculation: 0.0007090568542480469.
Until linalg solve: 0.040877580642700195.
Regression solved in 0.1500 seconds
Training and Evaluating takes 0.015124082565307617 seconds.
Until Preparation: 0.000514984130859375.
Until Calculation: 0.0007166862487792969.
Until linalg solve: 0.04141521453857422.
Regression solved in 0.1499 seconds
Training and Evaluating takes 0.034516334533691406 seconds.
    Permutation 20/100 done
Until Preparation: 0.0005197525024414062.
Until Calculation: 0.0006997585296630859.
Until linalg solve: 0.04188251495361328.
Regression solved in 0.1497 seconds
Training and Evaluating takes 0.03335118293762207 seconds.
Until Preparation: 0.0005133152008056641.
Until Calculation: 0.0007076263427734375.
Until linalg solve: 0.041187286376953125.
Regression solved in 0.1497 seconds
Training and Evaluating takes 0.01558375358581543 seconds.
Until Preparation: 0.0004975795745849609.
Until Calculation: 0.000698089599609375.
Until linalg solve: 0.04135560989379883.
Regression solved in 0.1495 seconds
Training and Evaluating takes 0.00628352165222168 seconds.
Until Preparation: 0.0005202293395996094.
Until Calculation: 0.0009195804595947266.
Until linalg solve: 0.04186749458312988.
Regression solved in 0.1505 seconds
Training and Evaluating takes 0.0323026180267334 seconds.
Until Preparation: 0.000514984130859375.
Until Calculation: 0.0007071495056152344.
Until linalg solve: 0.04085421562194824.
Regression solved in 0.1493 seconds
Training and Evaluating takes 0.006631612777709961 seconds.
Until Preparation: 0.0005168914794921875.
Until Calculation: 0.0007138252258300781.
Until linalg solve: 0.04159069061279297.
Regression solved in 0.1505 seconds
Training and Evaluating takes 0.03073716163635254 seconds.
Until Preparation: 0.0005159378051757812.
Until Calculation: 0.0007266998291015625.
Until linalg solve: 0.04191088676452637.
Regression solved in 0.1499 seconds
Training and Evaluating takes 0.030876636505126953 seconds.
Until Preparation: 0.0005109310150146484.
Until Calculation: 0.0007033348083496094.
Until linalg solve: 0.04091191291809082.
Regression solved in 0.1494 seconds
Training and Evaluating takes 0.01675891876220703 seconds.
Until Preparation: 0.0005183219909667969.
Until Calculation: 0.0007138252258300781.
Until linalg solve: 0.041382551193237305.
Regression solved in 0.1505 seconds
Training and Evaluating takes 0.008088111877441406 seconds.
Until Preparation: 0.0005211830139160156.
Until Calculation: 0.0007061958312988281.
Until linalg solve: 0.041900634765625.
Regression solved in 0.1509 seconds
Training and Evaluating takes 0.034867286682128906 seconds.
Until Preparation: 0.0004949569702148438.
Until Calculation: 0.0006926059722900391.
Until linalg solve: 0.040802717208862305.
Regression solved in 0.1498 seconds
Training and Evaluating takes 0.007047891616821289 seconds.
Until Preparation: 0.0005137920379638672.
Until Calculation: 0.0007092952728271484.
Until linalg solve: 0.04136204719543457.
Regression solved in 0.1501 seconds
Training and Evaluating takes 0.03736257553100586 seconds.
Until Preparation: 0.0005390644073486328.
Until Calculation: 0.0007169246673583984.
Until linalg solve: 0.04206037521362305.
Regression solved in 0.1515 seconds
Training and Evaluating takes 0.03424406051635742 seconds.
Until Preparation: 0.0005156993865966797.
Until Calculation: 0.0007119178771972656.
Until linalg solve: 0.0408480167388916.
Regression solved in 0.1499 seconds
Training and Evaluating takes 0.015276908874511719 seconds.
Until Preparation: 0.000492095947265625.
Until Calculation: 0.0006861686706542969.
Until linalg solve: 0.04132652282714844.
Regression solved in 0.1503 seconds
Training and Evaluating takes 0.030590057373046875 seconds.
Until Preparation: 0.000514984130859375.
Until Calculation: 0.0007281303405761719.
Until linalg solve: 0.041878700256347656.
Regression solved in 0.1512 seconds
Training and Evaluating takes 0.033612728118896484 seconds.
Until Preparation: 0.0005228519439697266.
Until Calculation: 0.0007164478302001953.
Until linalg solve: 0.04092693328857422.
Regression solved in 0.1498 seconds
Training and Evaluating takes 0.015406131744384766 seconds.
Until Preparation: 0.0005166530609130859.
Until Calculation: 0.000713348388671875.
Until linalg solve: 0.04144120216369629.
Regression solved in 0.1504 seconds
Training and Evaluating takes 0.03100109100341797 seconds.
Until Preparation: 0.0005090236663818359.
Until Calculation: 0.0007386207580566406.
Until linalg solve: 0.0419466495513916.
Regression solved in 0.1505 seconds
Training and Evaluating takes 0.03018498420715332 seconds.
Until Preparation: 0.0005159378051757812.
Until Calculation: 0.0007157325744628906.
Until linalg solve: 0.04087686538696289.
Regression solved in 0.1502 seconds
Training and Evaluating takes 0.01415109634399414 seconds.
Until Preparation: 0.0005161762237548828.
Until Calculation: 0.0007243156433105469.
Until linalg solve: 0.041419029235839844.
Regression solved in 0.1505 seconds
Training and Evaluating takes 0.030673503875732422 seconds.
Until Preparation: 0.0005505084991455078.
Until Calculation: 0.0007886886596679688.
Until linalg solve: 0.04185199737548828.
Regression solved in 0.1506 seconds
Training and Evaluating takes 0.032053232192993164 seconds.
Until Preparation: 0.0005056858062744141.
Until Calculation: 0.0006999969482421875.
Until linalg solve: 0.040930747985839844.
Regression solved in 0.1499 seconds
Training and Evaluating takes 0.01522374153137207 seconds.
Until Preparation: 0.0005075931549072266.
Until Calculation: 0.0007059574127197266.
Until linalg solve: 0.04144597053527832.
Regression solved in 0.1504 seconds
Training and Evaluating takes 0.032002925872802734 seconds.
Until Preparation: 0.0005221366882324219.
Until Calculation: 0.0007081031799316406.
Until linalg solve: 0.04186081886291504.
Regression solved in 0.1516 seconds
Training and Evaluating takes 0.03418898582458496 seconds.
Until Preparation: 0.0005159378051757812.
Until Calculation: 0.000713348388671875.
Until linalg solve: 0.04110240936279297.
Regression solved in 0.1502 seconds
Training and Evaluating takes 0.016152620315551758 seconds.
Until Preparation: 0.0005137920379638672.
Until Calculation: 0.0007085800170898438.
Until linalg solve: 0.04143261909484863.
Regression solved in 0.1504 seconds
Training and Evaluating takes 0.034067630767822266 seconds.
Until Preparation: 0.0005137920379638672.
Until Calculation: 0.0006952285766601562.
Until linalg solve: 0.04186081886291504.
Regression solved in 0.1510 seconds
Training and Evaluating takes 0.03661060333251953 seconds.
Until Preparation: 0.0005083084106445312.
Until Calculation: 0.000705718994140625.
Until linalg solve: 0.04080629348754883.
Regression solved in 0.1497 seconds
Training and Evaluating takes 0.019431591033935547 seconds.
Until Preparation: 0.0005159378051757812.
Until Calculation: 0.0007114410400390625.
Until linalg solve: 0.04149007797241211.
Regression solved in 0.1496 seconds
Training and Evaluating takes 0.03180885314941406 seconds.
Until Preparation: 0.0005125999450683594.
Until Calculation: 0.0007309913635253906.
Until linalg solve: 0.04194164276123047.
Regression solved in 0.1508 seconds
Training and Evaluating takes 0.0350031852722168 seconds.
Until Preparation: 0.0005097389221191406.
Until Calculation: 0.0007092952728271484.
Until linalg solve: 0.040918827056884766.
Regression solved in 0.1499 seconds
Training and Evaluating takes 0.016247987747192383 seconds.
Until Preparation: 0.0005133152008056641.
Until Calculation: 0.0007069110870361328.
Until linalg solve: 0.04141688346862793.
Regression solved in 0.1510 seconds
Training and Evaluating takes 0.030424833297729492 seconds.
Until Preparation: 0.0005257129669189453.
Until Calculation: 0.0007231235504150391.
Until linalg solve: 0.042006731033325195.
Regression solved in 0.1518 seconds
Training and Evaluating takes 0.03301548957824707 seconds.
Until Preparation: 0.0005135536193847656.
Until Calculation: 0.0007109642028808594.
Until linalg solve: 0.04091525077819824.
Regression solved in 0.1504 seconds
Training and Evaluating takes 0.01580524444580078 seconds.
Until Preparation: 0.0005056858062744141.
Until Calculation: 0.0007021427154541016.
Until linalg solve: 0.041309356689453125.
Regression solved in 0.1504 seconds
Training and Evaluating takes 0.017912864685058594 seconds.
Until Preparation: 0.0005223751068115234.
Until Calculation: 0.0007088184356689453.
Until linalg solve: 0.041887521743774414.
Regression solved in 0.1516 seconds
Training and Evaluating takes 0.03211188316345215 seconds.
Until Preparation: 0.0005068778991699219.
Until Calculation: 0.0007011890411376953.
Until linalg solve: 0.04095101356506348.
Regression solved in 0.1504 seconds
Training and Evaluating takes 0.015783309936523438 seconds.
Until Preparation: 0.000518798828125.
Until Calculation: 0.0007147789001464844.
Until linalg solve: 0.04142045974731445.
Regression solved in 0.1505 seconds
Training and Evaluating takes 0.033866167068481445 seconds.
Until Preparation: 0.0005328655242919922.
Until Calculation: 0.0007197856903076172.
Until linalg solve: 0.04209733009338379.
Regression solved in 0.1513 seconds
Training and Evaluating takes 0.034439802169799805 seconds.
Until Preparation: 0.0005140304565429688.
Until Calculation: 0.0007178783416748047.
Until linalg solve: 0.04086875915527344.
Regression solved in 0.1507 seconds
Training and Evaluating takes 0.015449762344360352 seconds.
Until Preparation: 0.0005140304565429688.
Until Calculation: 0.0007207393646240234.
Until linalg solve: 0.04130721092224121.
Regression solved in 0.1504 seconds
Training and Evaluating takes 0.03387713432312012 seconds.
Until Preparation: 0.0005109310150146484.
Until Calculation: 0.0007240772247314453.
Until linalg solve: 0.042127132415771484.
Regression solved in 0.1520 seconds
Training and Evaluating takes 0.03180503845214844 seconds.
Until Preparation: 0.0005016326904296875.
Until Calculation: 0.0006985664367675781.
Until linalg solve: 0.04079246520996094.
Regression solved in 0.1494 seconds
Training and Evaluating takes 0.015712976455688477 seconds.
Until Preparation: 0.0005121231079101562.
Until Calculation: 0.0007076263427734375.
Until linalg solve: 0.041402578353881836.
Regression solved in 0.1507 seconds
Training and Evaluating takes 0.03375101089477539 seconds.
Until Preparation: 0.0005235671997070312.
Until Calculation: 0.0007116794586181641.
Until linalg solve: 0.04199838638305664.
Regression solved in 0.1516 seconds
Training and Evaluating takes 0.036202430725097656 seconds.
Until Preparation: 0.0005190372467041016.
Until Calculation: 0.0007119178771972656.
Until linalg solve: 0.040943145751953125.
Regression solved in 0.1540 seconds
Training and Evaluating takes 0.017097949981689453 seconds.
Until Preparation: 0.0005085468292236328.
Until Calculation: 0.0007061958312988281.
Until linalg solve: 0.04141855239868164.
Regression solved in 0.1496 seconds
Training and Evaluating takes 0.030791521072387695 seconds.
Until Preparation: 0.0005195140838623047.
Until Calculation: 0.0007011890411376953.
Until linalg solve: 0.041872262954711914.
Regression solved in 0.1508 seconds
Training and Evaluating takes 0.033944129943847656 seconds.
Until Preparation: 0.0005233287811279297.
Until Calculation: 0.0007207393646240234.
Until linalg solve: 0.04091787338256836.
Regression solved in 0.1500 seconds
Training and Evaluating takes 0.01617717742919922 seconds.
Until Preparation: 0.0005145072937011719.
Until Calculation: 0.0007135868072509766.
Until linalg solve: 0.041413068771362305.
Regression solved in 0.1499 seconds
Training and Evaluating takes 0.035491943359375 seconds.
Until Preparation: 0.0005128383636474609.
Until Calculation: 0.0007262229919433594.
Until linalg solve: 0.04191327095031738.
Regression solved in 0.1506 seconds
Training and Evaluating takes 0.032080888748168945 seconds.
Until Preparation: 0.0005037784576416016.
Until Calculation: 0.0006928443908691406.
Until linalg solve: 0.04081296920776367.
Regression solved in 0.1492 seconds
Training and Evaluating takes 0.015342473983764648 seconds.
Until Preparation: 0.0005030632019042969.
Until Calculation: 0.000698089599609375.
Until linalg solve: 0.041631221771240234.
Regression solved in 0.1493 seconds
Training and Evaluating takes 0.03578519821166992 seconds.
Until Preparation: 0.00057220458984375.
Until Calculation: 0.0007648468017578125.
Until linalg solve: 0.042137861251831055.
Regression solved in 0.1507 seconds
Training and Evaluating takes 0.03314614295959473 seconds.
Until Preparation: 0.0005128383636474609.
Until Calculation: 0.0007300376892089844.
Until linalg solve: 0.04084610939025879.
Regression solved in 0.1496 seconds
Training and Evaluating takes 0.015607118606567383 seconds.
Until Preparation: 0.0005078315734863281.
Until Calculation: 0.0007212162017822266.
Until linalg solve: 0.041451454162597656.
Regression solved in 0.1499 seconds
Training and Evaluating takes 0.0314784049987793 seconds.
Until Preparation: 0.0005156993865966797.
Until Calculation: 0.0007109642028808594.
Until linalg solve: 0.04194164276123047.
Regression solved in 0.1511 seconds
Training and Evaluating takes 0.032662391662597656 seconds.
Until Preparation: 0.0005083084106445312.
Until Calculation: 0.0007174015045166016.
Until linalg solve: 0.040943145751953125.
Regression solved in 0.1497 seconds
Training and Evaluating takes 0.015658855438232422 seconds.
Until Preparation: 0.0005092620849609375.
Until Calculation: 0.0007178783416748047.
Until linalg solve: 0.0412898063659668.
Regression solved in 0.1490 seconds
Training and Evaluating takes 0.030347108840942383 seconds.
    Permutation 40/100 done
Until Preparation: 0.0005211830139160156.
Until Calculation: 0.0007472038269042969.
Until linalg solve: 0.04197549819946289.
Regression solved in 0.1509 seconds
Training and Evaluating takes 0.035898685455322266 seconds.
Until Preparation: 0.0005147457122802734.
Until Calculation: 0.0007638931274414062.
Until linalg solve: 0.040967464447021484.
Regression solved in 0.1489 seconds
Training and Evaluating takes 0.015340089797973633 seconds.
Until Preparation: 0.0005276203155517578.
Until Calculation: 0.0007321834564208984.
Until linalg solve: 0.04126167297363281.
Regression solved in 0.1497 seconds
Training and Evaluating takes 0.032721757888793945 seconds.
Until Preparation: 0.0005195140838623047.
Until Calculation: 0.0007016658782958984.
Until linalg solve: 0.0419003963470459.
Regression solved in 0.1507 seconds
Training and Evaluating takes 0.032036542892456055 seconds.
Until Preparation: 0.0005168914794921875.
Until Calculation: 0.0007100105285644531.
Until linalg solve: 0.04073381423950195.
Regression solved in 0.1490 seconds
Training and Evaluating takes 0.011097431182861328 seconds.
Until Preparation: 0.0005106925964355469.
Until Calculation: 0.0007059574127197266.
Until linalg solve: 0.04160785675048828.
Regression solved in 0.1503 seconds
Training and Evaluating takes 0.03313040733337402 seconds.
Until Preparation: 0.0005245208740234375.
Until Calculation: 0.0009303092956542969.
Until linalg solve: 0.0418245792388916.
Regression solved in 0.1511 seconds
Training and Evaluating takes 0.031477928161621094 seconds.
Until Preparation: 0.0005049705505371094.
Until Calculation: 0.0007004737854003906.
Until linalg solve: 0.040898799896240234.
Regression solved in 0.1498 seconds
Training and Evaluating takes 0.015405654907226562 seconds.
Until Preparation: 0.0005121231079101562.
Until Calculation: 0.0007176399230957031.
Until linalg solve: 0.041463613510131836.
Regression solved in 0.1505 seconds
Training and Evaluating takes 0.036008358001708984 seconds.
Until Preparation: 0.0005156993865966797.
Until Calculation: 0.0007021427154541016.
Until linalg solve: 0.041922569274902344.
Regression solved in 0.1510 seconds
Training and Evaluating takes 0.0321965217590332 seconds.
Until Preparation: 0.0005085468292236328.
Until Calculation: 0.0007014274597167969.
Until linalg solve: 0.040763139724731445.
Regression solved in 0.1497 seconds
Training and Evaluating takes 0.015267133712768555 seconds.
Until Preparation: 0.0005109310150146484.
Until Calculation: 0.0007066726684570312.
Until linalg solve: 0.04155850410461426.
Regression solved in 0.1502 seconds
Training and Evaluating takes 0.036505699157714844 seconds.
Until Preparation: 0.0005161762237548828.
Until Calculation: 0.0007319450378417969.
Until linalg solve: 0.04199838638305664.
Regression solved in 0.1501 seconds
Training and Evaluating takes 0.032659053802490234 seconds.
Until Preparation: 0.0005178451538085938.
Until Calculation: 0.0007188320159912109.
Until linalg solve: 0.04104495048522949.
Regression solved in 0.1500 seconds
Training and Evaluating takes 0.016118288040161133 seconds.
Until Preparation: 0.0005068778991699219.
Until Calculation: 0.0007467269897460938.
Until linalg solve: 0.0412750244140625.
Regression solved in 0.1490 seconds
Training and Evaluating takes 0.03544735908508301 seconds.
Until Preparation: 0.0005245208740234375.
Until Calculation: 0.0007326602935791016.
Until linalg solve: 0.04200458526611328.
Regression solved in 0.1509 seconds
Training and Evaluating takes 0.0339052677154541 seconds.
Until Preparation: 0.0005128383636474609.
Until Calculation: 0.0007226467132568359.
Until linalg solve: 0.04084181785583496.
Regression solved in 0.1500 seconds
Training and Evaluating takes 0.016154766082763672 seconds.
Until Preparation: 0.0005118846893310547.
Until Calculation: 0.0007100105285644531.
Until linalg solve: 0.0412595272064209.
Regression solved in 0.1505 seconds
Training and Evaluating takes 0.030847787857055664 seconds.
Until Preparation: 0.0005164146423339844.
Until Calculation: 0.0007393360137939453.
Until linalg solve: 0.04187417030334473.
Regression solved in 0.1500 seconds
Training and Evaluating takes 0.0327608585357666 seconds.
Until Preparation: 0.0005068778991699219.
Until Calculation: 0.0007023811340332031.
Until linalg solve: 0.04098367691040039.
Regression solved in 0.1497 seconds
Training and Evaluating takes 0.015521526336669922 seconds.
Until Preparation: 0.0005130767822265625.
Until Calculation: 0.0007216930389404297.
Until linalg solve: 0.041332244873046875.
Regression solved in 0.1498 seconds
Training and Evaluating takes 0.030528545379638672 seconds.
Until Preparation: 0.0005209445953369141.
Until Calculation: 0.0007078647613525391.
Until linalg solve: 0.04196429252624512.
Regression solved in 0.1507 seconds
Training and Evaluating takes 0.036118507385253906 seconds.
Until Preparation: 0.0005135536193847656.
Until Calculation: 0.0007288455963134766.
Until linalg solve: 0.04105401039123535.
Regression solved in 0.1495 seconds
Training and Evaluating takes 0.016643524169921875 seconds.
Until Preparation: 0.0005183219909667969.
Until Calculation: 0.0007181167602539062.
Until linalg solve: 0.04165816307067871.
Regression solved in 0.1506 seconds
Training and Evaluating takes 0.03188943862915039 seconds.
Until Preparation: 0.0005145072937011719.
Until Calculation: 0.0007014274597167969.
Until linalg solve: 0.04190373420715332.
Regression solved in 0.1508 seconds
Training and Evaluating takes 0.030956029891967773 seconds.
Until Preparation: 0.00051116943359375.
Until Calculation: 0.0007073879241943359.
Until linalg solve: 0.04096078872680664.
Regression solved in 0.1501 seconds
Training and Evaluating takes 0.016051769256591797 seconds.
Until Preparation: 0.000514984130859375.
Until Calculation: 0.0007231235504150391.
Until linalg solve: 0.04152393341064453.
Regression solved in 0.1499 seconds
Training and Evaluating takes 0.030402421951293945 seconds.
Until Preparation: 0.0005216598510742188.
Until Calculation: 0.0007464885711669922.
Until linalg solve: 0.041956186294555664.
Regression solved in 0.1509 seconds
Training and Evaluating takes 0.03296947479248047 seconds.
Until Preparation: 0.0005059242248535156.
Until Calculation: 0.0006988048553466797.
Until linalg solve: 0.04110240936279297.
Regression solved in 0.1498 seconds
Training and Evaluating takes 0.015383005142211914 seconds.
Until Preparation: 0.0005135536193847656.
Until Calculation: 0.0007119178771972656.
Until linalg solve: 0.041533470153808594.
Regression solved in 0.1507 seconds
Training and Evaluating takes 0.03195333480834961 seconds.
Until Preparation: 0.0005152225494384766.
Until Calculation: 0.0007088184356689453.
Until linalg solve: 0.041932106018066406.
Regression solved in 0.1511 seconds
Training and Evaluating takes 0.03356337547302246 seconds.
Until Preparation: 0.0005161762237548828.
Until Calculation: 0.000713348388671875.
Until linalg solve: 0.04096698760986328.
Regression solved in 0.1497 seconds
Training and Evaluating takes 0.015565633773803711 seconds.
Until Preparation: 0.0005142688751220703.
Until Calculation: 0.0007200241088867188.
Until linalg solve: 0.04135775566101074.
Regression solved in 0.1505 seconds
Training and Evaluating takes 0.03190135955810547 seconds.
Until Preparation: 0.0005135536193847656.
Until Calculation: 0.0007379055023193359.
Until linalg solve: 0.04169011116027832.
Regression solved in 0.1504 seconds
Training and Evaluating takes 0.031311750411987305 seconds.
Until Preparation: 0.0005125999450683594.
Until Calculation: 0.0007073879241943359.
Until linalg solve: 0.04087018966674805.
Regression solved in 0.1488 seconds
Training and Evaluating takes 0.015438556671142578 seconds.
Until Preparation: 0.0005085468292236328.
Until Calculation: 0.0007174015045166016.
Until linalg solve: 0.041547536849975586.
Regression solved in 0.1514 seconds
Training and Evaluating takes 0.0066471099853515625 seconds.
Until Preparation: 0.0005161762237548828.
Until Calculation: 0.0006999969482421875.
Until linalg solve: 0.042008161544799805.
Regression solved in 0.1501 seconds
Training and Evaluating takes 0.03173422813415527 seconds.
Until Preparation: 0.0011601448059082031.
Until Calculation: 0.0013566017150878906.
Until linalg solve: 0.04169011116027832.
Regression solved in 0.1498 seconds
Training and Evaluating takes 0.016188621520996094 seconds.
Until Preparation: 0.0005154609680175781.
Until Calculation: 0.0007183551788330078.
Until linalg solve: 0.04152631759643555.
Regression solved in 0.1498 seconds
Training and Evaluating takes 0.03265690803527832 seconds.
Until Preparation: 0.0005197525024414062.
Until Calculation: 0.0007112026214599609.
Until linalg solve: 0.04194068908691406.
Regression solved in 0.1502 seconds
Training and Evaluating takes 0.03666806221008301 seconds.
Until Preparation: 0.0005147457122802734.
Until Calculation: 0.0007128715515136719.
Until linalg solve: 0.04091620445251465.
Regression solved in 0.1498 seconds
Training and Evaluating takes 0.01622176170349121 seconds.
Until Preparation: 0.0005097389221191406.
Until Calculation: 0.0007059574127197266.
Until linalg solve: 0.04129433631896973.
Regression solved in 0.1488 seconds
Training and Evaluating takes 0.036757707595825195 seconds.
Until Preparation: 0.0005056858062744141.
Until Calculation: 0.0007016658782958984.
Until linalg solve: 0.04209327697753906.
Regression solved in 0.1508 seconds
Training and Evaluating takes 0.03168511390686035 seconds.
Until Preparation: 0.0005176067352294922.
Until Calculation: 0.0007157325744628906.
Until linalg solve: 0.0408627986907959.
Regression solved in 0.1495 seconds
Training and Evaluating takes 0.016641855239868164 seconds.
Until Preparation: 0.0005235671997070312.
Until Calculation: 0.0007221698760986328.
Until linalg solve: 0.04138326644897461.
Regression solved in 0.1497 seconds
Training and Evaluating takes 0.034745216369628906 seconds.
Until Preparation: 0.0005016326904296875.
Until Calculation: 0.0009524822235107422.
Until linalg solve: 0.04216504096984863.
Regression solved in 0.1505 seconds
Training and Evaluating takes 0.03184318542480469 seconds.
Until Preparation: 0.0005147457122802734.
Until Calculation: 0.0007145404815673828.
Until linalg solve: 0.04094743728637695.
Regression solved in 0.1492 seconds
Training and Evaluating takes 0.01593804359436035 seconds.
Until Preparation: 0.0005116462707519531.
Until Calculation: 0.0007064342498779297.
Until linalg solve: 0.04148364067077637.
Regression solved in 0.1498 seconds
Training and Evaluating takes 0.034700870513916016 seconds.
Until Preparation: 0.0005311965942382812.
Until Calculation: 0.0007495880126953125.
Until linalg solve: 0.04190421104431152.
Regression solved in 0.1500 seconds
Training and Evaluating takes 0.03580474853515625 seconds.
Until Preparation: 0.0005102157592773438.
Until Calculation: 0.0007081031799316406.
Until linalg solve: 0.04092144966125488.
Regression solved in 0.1490 seconds
Training and Evaluating takes 0.01613450050354004 seconds.
Until Preparation: 0.0005168914794921875.
Until Calculation: 0.0007116794586181641.
Until linalg solve: 0.04154777526855469.
Regression solved in 0.1496 seconds
Training and Evaluating takes 0.031696319580078125 seconds.
Until Preparation: 0.0005214214324951172.
Until Calculation: 0.0007097721099853516.
Until linalg solve: 0.04188656806945801.
Regression solved in 0.1511 seconds
Training and Evaluating takes 0.032686471939086914 seconds.
Until Preparation: 0.0005102157592773438.
Until Calculation: 0.0007085800170898438.
Until linalg solve: 0.04107856750488281.
Regression solved in 0.1497 seconds
Training and Evaluating takes 0.016430139541625977 seconds.
Until Preparation: 0.0005140304565429688.
Until Calculation: 0.0007114410400390625.
Until linalg solve: 0.04146075248718262.
Regression solved in 0.1499 seconds
Training and Evaluating takes 0.032595157623291016 seconds.
Until Preparation: 0.0005197525024414062.
Until Calculation: 0.000705718994140625.
Until linalg solve: 0.04185771942138672.
Regression solved in 0.1506 seconds
Training and Evaluating takes 0.02446150779724121 seconds.
Until Preparation: 0.0005125999450683594.
Until Calculation: 0.0007088184356689453.
Until linalg solve: 0.04104328155517578.
Regression solved in 0.1501 seconds
Training and Evaluating takes 0.01616668701171875 seconds.
Until Preparation: 0.0007238388061523438.
Until Calculation: 0.0009233951568603516.
Until linalg solve: 0.04164004325866699.
Regression solved in 0.1497 seconds
Training and Evaluating takes 0.0316927433013916 seconds.
Until Preparation: 0.0005161762237548828.
Until Calculation: 0.0006928443908691406.
Until linalg solve: 0.041966915130615234.
Regression solved in 0.1505 seconds
Training and Evaluating takes 0.03654742240905762 seconds.
Until Preparation: 0.0005106925964355469.
Until Calculation: 0.0007066726684570312.
Until linalg solve: 0.040807247161865234.
Regression solved in 0.1495 seconds
Training and Evaluating takes 0.016637086868286133 seconds.
Until Preparation: 0.0005199909210205078.
Until Calculation: 0.0007185935974121094.
Until linalg solve: 0.04129815101623535.
Regression solved in 0.1500 seconds
Training and Evaluating takes 0.031183242797851562 seconds.
    Permutation 60/100 done
Until Preparation: 0.0005176067352294922.
Until Calculation: 0.0007042884826660156.
Until linalg solve: 0.04201793670654297.
Regression solved in 0.1503 seconds
Training and Evaluating takes 0.03331184387207031 seconds.
Until Preparation: 0.0005087852478027344.
Until Calculation: 0.0007061958312988281.
Until linalg solve: 0.04092764854431152.
Regression solved in 0.1501 seconds
Training and Evaluating takes 0.016064167022705078 seconds.
Until Preparation: 0.0005078315734863281.
Until Calculation: 0.0007052421569824219.
Until linalg solve: 0.041283369064331055.
Regression solved in 0.1507 seconds
Training and Evaluating takes 0.036727190017700195 seconds.
Until Preparation: 0.0005235671997070312.
Until Calculation: 0.0007109642028808594.
Until linalg solve: 0.041866302490234375.
Regression solved in 0.1504 seconds
Training and Evaluating takes 0.03359198570251465 seconds.
Until Preparation: 0.000507354736328125.
Until Calculation: 0.0007052421569824219.
Until linalg solve: 0.04085946083068848.
Regression solved in 0.1499 seconds
Training and Evaluating takes 0.015254735946655273 seconds.
Until Preparation: 0.0005135536193847656.
Until Calculation: 0.0007138252258300781.
Until linalg solve: 0.04139137268066406.
Regression solved in 0.1500 seconds
Training and Evaluating takes 0.03444981575012207 seconds.
Until Preparation: 0.0005130767822265625.
Until Calculation: 0.0007431507110595703.
Until linalg solve: 0.04191160202026367.
Regression solved in 0.1507 seconds
Training and Evaluating takes 0.03608536720275879 seconds.
Until Preparation: 0.0005211830139160156.
Until Calculation: 0.0007162094116210938.
Until linalg solve: 0.04120016098022461.
Regression solved in 0.1494 seconds
Training and Evaluating takes 0.015663623809814453 seconds.
Until Preparation: 0.0004930496215820312.
Until Calculation: 0.0007042884826660156.
Until linalg solve: 0.04136919975280762.
Regression solved in 0.1500 seconds
Training and Evaluating takes 0.03372788429260254 seconds.
Until Preparation: 0.0005116462707519531.
Until Calculation: 0.0006976127624511719.
Until linalg solve: 0.04218721389770508.
Regression solved in 0.1510 seconds
Training and Evaluating takes 0.03691983222961426 seconds.
Until Preparation: 0.0005135536193847656.
Until Calculation: 0.0007085800170898438.
Until linalg solve: 0.04078817367553711.
Regression solved in 0.1500 seconds
Training and Evaluating takes 0.016131162643432617 seconds.
Until Preparation: 0.0005133152008056641.
Until Calculation: 0.00070953369140625.
Until linalg solve: 0.04138612747192383.
Regression solved in 0.1503 seconds
Training and Evaluating takes 0.03219151496887207 seconds.
Until Preparation: 0.0005164146423339844.
Until Calculation: 0.0007138252258300781.
Until linalg solve: 0.041960716247558594.
Regression solved in 0.1515 seconds
Training and Evaluating takes 0.034336090087890625 seconds.
Until Preparation: 0.000507354736328125.
Until Calculation: 0.0007059574127197266.
Until linalg solve: 0.04150509834289551.
Regression solved in 0.1514 seconds
Training and Evaluating takes 0.01685643196105957 seconds.
Until Preparation: 0.0005128383636474609.
Until Calculation: 0.0007152557373046875.
Until linalg solve: 0.041265010833740234.
Regression solved in 0.1501 seconds
Training and Evaluating takes 0.03649497032165527 seconds.
Until Preparation: 0.0005199909210205078.
Until Calculation: 0.0007078647613525391.
Until linalg solve: 0.0420374870300293.
Regression solved in 0.1507 seconds
Training and Evaluating takes 0.03206038475036621 seconds.
Until Preparation: 0.0005152225494384766.
Until Calculation: 0.0007140636444091797.
Until linalg solve: 0.04089951515197754.
Regression solved in 0.1493 seconds
Training and Evaluating takes 0.015766143798828125 seconds.
Until Preparation: 0.0005238056182861328.
Until Calculation: 0.0007255077362060547.
Until linalg solve: 0.041437387466430664.
Regression solved in 0.1507 seconds
Training and Evaluating takes 0.029628753662109375 seconds.
Until Preparation: 0.0005223751068115234.
Until Calculation: 0.0007121562957763672.
Until linalg solve: 0.04213428497314453.
Regression solved in 0.1511 seconds
Training and Evaluating takes 0.03281211853027344 seconds.
Until Preparation: 0.0005152225494384766.
Until Calculation: 0.0007123947143554688.
Until linalg solve: 0.040885210037231445.
Regression solved in 0.1498 seconds
Training and Evaluating takes 0.015297889709472656 seconds.
Until Preparation: 0.0005178451538085938.
Until Calculation: 0.0007169246673583984.
Until linalg solve: 0.041439056396484375.
Regression solved in 0.1504 seconds
Training and Evaluating takes 0.034278154373168945 seconds.
Until Preparation: 0.0005168914794921875.
Until Calculation: 0.0007364749908447266.
Until linalg solve: 0.04184603691101074.
Regression solved in 0.1507 seconds
Training and Evaluating takes 0.03805422782897949 seconds.
Until Preparation: 0.0005104541778564453.
Until Calculation: 0.0007157325744628906.
Until linalg solve: 0.04102778434753418.
Regression solved in 0.1502 seconds
Training and Evaluating takes 0.016009092330932617 seconds.
Until Preparation: 0.0005116462707519531.
Until Calculation: 0.00070953369140625.
Until linalg solve: 0.04141998291015625.
Regression solved in 0.1506 seconds
Training and Evaluating takes 0.03183746337890625 seconds.
Until Preparation: 0.0007159709930419922.
Until Calculation: 0.0008993148803710938.
Until linalg solve: 0.04241323471069336.
Regression solved in 0.1508 seconds
Training and Evaluating takes 0.03207755088806152 seconds.
Until Preparation: 0.000514984130859375.
Until Calculation: 0.0007188320159912109.
Until linalg solve: 0.04143261909484863.
Regression solved in 0.1502 seconds
Training and Evaluating takes 0.01681661605834961 seconds.
Until Preparation: 0.0005049705505371094.
Until Calculation: 0.0007026195526123047.
Until linalg solve: 0.041359901428222656.
Regression solved in 0.1497 seconds
Training and Evaluating takes 0.030762672424316406 seconds.
Until Preparation: 0.0005142688751220703.
Until Calculation: 0.0006990432739257812.
Until linalg solve: 0.04205012321472168.
Regression solved in 0.1513 seconds
Training and Evaluating takes 0.035637855529785156 seconds.
Until Preparation: 0.0005099773406982422.
Until Calculation: 0.0007069110870361328.
Until linalg solve: 0.04081320762634277.
Regression solved in 0.1492 seconds
Training and Evaluating takes 0.016999006271362305 seconds.
Until Preparation: 0.0005121231079101562.
Until Calculation: 0.0007126331329345703.
Until linalg solve: 0.04136204719543457.
Regression solved in 0.1504 seconds
Training and Evaluating takes 0.03203177452087402 seconds.
Until Preparation: 0.0005204677581787109.
Until Calculation: 0.0007069110870361328.
Until linalg solve: 0.04196453094482422.
Regression solved in 0.1503 seconds
Training and Evaluating takes 0.03542375564575195 seconds.
Until Preparation: 0.0005066394805908203.
Until Calculation: 0.0007128715515136719.
Until linalg solve: 0.04092860221862793.
Regression solved in 0.1496 seconds
Training and Evaluating takes 0.0074465274810791016 seconds.
Until Preparation: 0.0005161762237548828.
Until Calculation: 0.0007164478302001953.
Until linalg solve: 0.041292667388916016.
Regression solved in 0.1499 seconds
Training and Evaluating takes 0.03051447868347168 seconds.
Until Preparation: 0.0005102157592773438.
Until Calculation: 0.0007266998291015625.
Until linalg solve: 0.04227876663208008.
Regression solved in 0.1511 seconds
Training and Evaluating takes 0.010350465774536133 seconds.
Until Preparation: 0.0005123615264892578.
Until Calculation: 0.0007181167602539062.
Until linalg solve: 0.04083824157714844.
Regression solved in 0.1494 seconds
Training and Evaluating takes 0.016733646392822266 seconds.
Until Preparation: 0.0005152225494384766.
Until Calculation: 0.0007169246673583984.
Until linalg solve: 0.04138040542602539.
Regression solved in 0.1494 seconds
Training and Evaluating takes 0.03203749656677246 seconds.
Until Preparation: 0.0005245208740234375.
Until Calculation: 0.0007162094116210938.
Until linalg solve: 0.042000532150268555.
Regression solved in 0.1508 seconds
Training and Evaluating takes 0.03346848487854004 seconds.
Until Preparation: 0.0005457401275634766.
Until Calculation: 0.0007784366607666016.
Until linalg solve: 0.04106450080871582.
Regression solved in 0.1492 seconds
Training and Evaluating takes 0.015686750411987305 seconds.
Until Preparation: 0.0005137920379638672.
Until Calculation: 0.0007157325744628906.
Until linalg solve: 0.041843414306640625.
Regression solved in 0.1503 seconds
Training and Evaluating takes 0.03319549560546875 seconds.
Until Preparation: 0.0005354881286621094.
Until Calculation: 0.0007898807525634766.
Until linalg solve: 0.04196619987487793.
Regression solved in 0.1502 seconds
Training and Evaluating takes 0.04044651985168457 seconds.
Until Preparation: 0.0005280971527099609.
Until Calculation: 0.0007259845733642578.
Until linalg solve: 0.04097580909729004.
Regression solved in 0.1494 seconds
Training and Evaluating takes 0.015805959701538086 seconds.
Until Preparation: 0.0005078315734863281.
Until Calculation: 0.0007050037384033203.
Until linalg solve: 0.041318416595458984.
Regression solved in 0.1504 seconds
Training and Evaluating takes 0.03196358680725098 seconds.
Until Preparation: 0.0005180835723876953.
Until Calculation: 0.0006999969482421875.
Until linalg solve: 0.04206395149230957.
Regression solved in 0.1504 seconds
Training and Evaluating takes 0.03239011764526367 seconds.
Until Preparation: 0.0005083084106445312.
Until Calculation: 0.0007059574127197266.
Until linalg solve: 0.04072165489196777.
Regression solved in 0.1492 seconds
Training and Evaluating takes 0.015911579132080078 seconds.
Until Preparation: 0.0005090236663818359.
Until Calculation: 0.0007159709930419922.
Until linalg solve: 0.04136347770690918.
Regression solved in 0.1505 seconds
Training and Evaluating takes 0.03093743324279785 seconds.
Until Preparation: 0.0005245208740234375.
Until Calculation: 0.0007338523864746094.
Until linalg solve: 0.04213523864746094.
Regression solved in 0.1507 seconds
Training and Evaluating takes 0.03611493110656738 seconds.
Until Preparation: 0.0005116462707519531.
Until Calculation: 0.0007097721099853516.
Until linalg solve: 0.04080653190612793.
Regression solved in 0.1501 seconds
Training and Evaluating takes 0.01602458953857422 seconds.
Until Preparation: 0.0005228519439697266.
Until Calculation: 0.0007216930389404297.
Until linalg solve: 0.04138445854187012.
Regression solved in 0.1509 seconds
Training and Evaluating takes 0.03659534454345703 seconds.
Until Preparation: 0.00051116943359375.
Until Calculation: 0.0007140636444091797.
Until linalg solve: 0.04200410842895508.
Regression solved in 0.1506 seconds
Training and Evaluating takes 0.03418254852294922 seconds.
Until Preparation: 0.0005116462707519531.
Until Calculation: 0.0007045269012451172.
Until linalg solve: 0.04089236259460449.
Regression solved in 0.1493 seconds
Training and Evaluating takes 0.015916824340820312 seconds.
Until Preparation: 0.0005071163177490234.
Until Calculation: 0.0007207393646240234.
Until linalg solve: 0.04129648208618164.
Regression solved in 0.1501 seconds
Training and Evaluating takes 0.031223058700561523 seconds.
Until Preparation: 0.0005142688751220703.
Until Calculation: 0.0006995201110839844.
Until linalg solve: 0.041968345642089844.
Regression solved in 0.1501 seconds
Training and Evaluating takes 0.030724763870239258 seconds.
Until Preparation: 0.0005178451538085938.
Until Calculation: 0.0007174015045166016.
Until linalg solve: 0.040915489196777344.
Regression solved in 0.1493 seconds
Training and Evaluating takes 0.01669478416442871 seconds.
Until Preparation: 0.0005130767822265625.
Until Calculation: 0.000705718994140625.
Until linalg solve: 0.04148411750793457.
Regression solved in 0.1497 seconds
Training and Evaluating takes 0.03370809555053711 seconds.
Until Preparation: 0.0005168914794921875.
Until Calculation: 0.0007016658782958984.
Until linalg solve: 0.0419306755065918.
Regression solved in 0.1504 seconds
Training and Evaluating takes 0.03238058090209961 seconds.
Until Preparation: 0.0005114078521728516.
Until Calculation: 0.000705718994140625.
Until linalg solve: 0.040862321853637695.
Regression solved in 0.1496 seconds
Training and Evaluating takes 0.015587806701660156 seconds.
Until Preparation: 0.000522613525390625.
Until Calculation: 0.0007271766662597656.
Until linalg solve: 0.04138827323913574.
Regression solved in 0.1502 seconds
Training and Evaluating takes 0.03416919708251953 seconds.
Until Preparation: 0.0006210803985595703.
Until Calculation: 0.0009012222290039062.
Until linalg solve: 0.04195427894592285.
Regression solved in 0.1508 seconds
Training and Evaluating takes 0.03535604476928711 seconds.
Until Preparation: 0.00051116943359375.
Until Calculation: 0.0007178783416748047.
Until linalg solve: 0.041054725646972656.
Regression solved in 0.1493 seconds
Training and Evaluating takes 0.015861034393310547 seconds.
Until Preparation: 0.0005128383636474609.
Until Calculation: 0.0007104873657226562.
Until linalg solve: 0.041356801986694336.
Regression solved in 0.1508 seconds
Training and Evaluating takes 0.03557991981506348 seconds.
    Permutation 80/100 done
Until Preparation: 0.0005273818969726562.
Until Calculation: 0.0007255077362060547.
Until linalg solve: 0.04201364517211914.
Regression solved in 0.1513 seconds
Training and Evaluating takes 0.035559892654418945 seconds.
Until Preparation: 0.0005056858062744141.
Until Calculation: 0.0006983280181884766.
Until linalg solve: 0.040904998779296875.
Regression solved in 0.1495 seconds
Training and Evaluating takes 0.015580892562866211 seconds.
Until Preparation: 0.000514984130859375.
Until Calculation: 0.0007131099700927734.
Until linalg solve: 0.041289567947387695.
Regression solved in 0.1500 seconds
Training and Evaluating takes 0.03037285804748535 seconds.
Until Preparation: 0.0005142688751220703.
Until Calculation: 0.0007281303405761719.
Until linalg solve: 0.042189836502075195.
Regression solved in 0.1507 seconds
Training and Evaluating takes 0.032227516174316406 seconds.
Until Preparation: 0.0005166530609130859.
Until Calculation: 0.0007140636444091797.
Until linalg solve: 0.04070472717285156.
Regression solved in 0.1498 seconds
Training and Evaluating takes 0.01520681381225586 seconds.
Until Preparation: 0.0005097389221191406.
Until Calculation: 0.0007164478302001953.
Until linalg solve: 0.04138898849487305.
Regression solved in 0.1500 seconds
Training and Evaluating takes 0.030393123626708984 seconds.
Until Preparation: 0.0005176067352294922.
Until Calculation: 0.0007061958312988281.
Until linalg solve: 0.042136430740356445.
Regression solved in 0.1513 seconds
Training and Evaluating takes 0.03254580497741699 seconds.
Until Preparation: 0.0005068778991699219.
Until Calculation: 0.0007016658782958984.
Until linalg solve: 0.04087543487548828.
Regression solved in 0.1500 seconds
Training and Evaluating takes 0.016201019287109375 seconds.
Until Preparation: 0.0005168914794921875.
Until Calculation: 0.0007131099700927734.
Until linalg solve: 0.0411381721496582.
Regression solved in 0.1507 seconds
Training and Evaluating takes 0.03054952621459961 seconds.
Until Preparation: 0.0005195140838623047.
Until Calculation: 0.0007100105285644531.
Until linalg solve: 0.04163098335266113.
Regression solved in 0.1509 seconds
Training and Evaluating takes 0.03184938430786133 seconds.
Until Preparation: 0.0005114078521728516.
Until Calculation: 0.00070953369140625.
Until linalg solve: 0.04089522361755371.
Regression solved in 0.1504 seconds
Training and Evaluating takes 0.01562952995300293 seconds.
Until Preparation: 0.0005128383636474609.
Until Calculation: 0.0007083415985107422.
Until linalg solve: 0.041550397872924805.
Regression solved in 0.1501 seconds
Training and Evaluating takes 0.030301332473754883 seconds.
Until Preparation: 0.0005125999450683594.
Until Calculation: 0.0006983280181884766.
Until linalg solve: 0.04196453094482422.
Regression solved in 0.1520 seconds
Training and Evaluating takes 0.03280329704284668 seconds.
Until Preparation: 0.0005087852478027344.
Until Calculation: 0.0007088184356689453.
Until linalg solve: 0.0409088134765625.
Regression solved in 0.1509 seconds
Training and Evaluating takes 0.015334129333496094 seconds.
Until Preparation: 0.0005123615264892578.
Until Calculation: 0.0007131099700927734.
Until linalg solve: 0.0412137508392334.
Regression solved in 0.1507 seconds
Training and Evaluating takes 0.03471517562866211 seconds.
Until Preparation: 0.0005154609680175781.
Until Calculation: 0.0006995201110839844.
Until linalg solve: 0.0419764518737793.
Regression solved in 0.1525 seconds
Training and Evaluating takes 0.03741264343261719 seconds.
Until Preparation: 0.0005183219909667969.
Until Calculation: 0.0007143020629882812.
Until linalg solve: 0.04094982147216797.
Regression solved in 0.1509 seconds
Training and Evaluating takes 0.016245603561401367 seconds.
Until Preparation: 0.0005121231079101562.
Until Calculation: 0.0007061958312988281.
Until linalg solve: 0.04129362106323242.
Regression solved in 0.1517 seconds
Training and Evaluating takes 0.03071141242980957 seconds.
Until Preparation: 0.0005130767822265625.
Until Calculation: 0.0006911754608154297.
Until linalg solve: 0.04201817512512207.
Regression solved in 0.1511 seconds
Training and Evaluating takes 0.03176712989807129 seconds.
Until Preparation: 0.0005145072937011719.
Until Calculation: 0.0007131099700927734.
Until linalg solve: 0.04084634780883789.
Regression solved in 0.1494 seconds
Training and Evaluating takes 0.01574397087097168 seconds.
Until Preparation: 0.0005245208740234375.
Until Calculation: 0.0007228851318359375.
Until linalg solve: 0.041388750076293945.
Regression solved in 0.1496 seconds
Training and Evaluating takes 0.03177189826965332 seconds.
Until Preparation: 0.0005192756652832031.
Until Calculation: 0.0007326602935791016.
Until linalg solve: 0.04184317588806152.
Regression solved in 0.1508 seconds
Training and Evaluating takes 0.034906625747680664 seconds.
Until Preparation: 0.0005099773406982422.
Until Calculation: 0.0007276535034179688.
Until linalg solve: 0.040901899337768555.
Regression solved in 0.1498 seconds
Training and Evaluating takes 0.015778303146362305 seconds.
Until Preparation: 0.0005123615264892578.
Until Calculation: 0.0007276535034179688.
Until linalg solve: 0.0413670539855957.
Regression solved in 0.1504 seconds
Training and Evaluating takes 0.03103470802307129 seconds.
Until Preparation: 0.0005574226379394531.
Until Calculation: 0.0007419586181640625.
Until linalg solve: 0.042073965072631836.
Regression solved in 0.1516 seconds
Training and Evaluating takes 0.032434940338134766 seconds.
Until Preparation: 0.0005080699920654297.
Until Calculation: 0.000701904296875.
Until linalg solve: 0.04091167449951172.
Regression solved in 0.1502 seconds
Training and Evaluating takes 0.01692485809326172 seconds.
Until Preparation: 0.0005216598510742188.
Until Calculation: 0.0007188320159912109.
Until linalg solve: 0.04141116142272949.
Regression solved in 0.1509 seconds
Training and Evaluating takes 0.032535552978515625 seconds.
Until Preparation: 0.0005218982696533203.
Until Calculation: 0.0007238388061523438.
Until linalg solve: 0.04192709922790527.
Regression solved in 0.1514 seconds
Training and Evaluating takes 0.034386396408081055 seconds.
Until Preparation: 0.0005195140838623047.
Until Calculation: 0.0007166862487792969.
Until linalg solve: 0.040901899337768555.
Regression solved in 0.1496 seconds
Training and Evaluating takes 0.016582727432250977 seconds.
Until Preparation: 0.0005486011505126953.
Until Calculation: 0.0007650852203369141.
Until linalg solve: 0.04142498970031738.
Regression solved in 0.1498 seconds
Training and Evaluating takes 0.03368258476257324 seconds.
Until Preparation: 0.0005390644073486328.
Until Calculation: 0.0007238388061523438.
Until linalg solve: 0.04215526580810547.
Regression solved in 0.1500 seconds
Training and Evaluating takes 0.03582882881164551 seconds.
Until Preparation: 0.0005090236663818359.
Until Calculation: 0.0007038116455078125.
Until linalg solve: 0.04079771041870117.
Regression solved in 0.1488 seconds
Training and Evaluating takes 0.015348672866821289 seconds.
Until Preparation: 0.0005230903625488281.
Until Calculation: 0.0007216930389404297.
Until linalg solve: 0.04145407676696777.
Regression solved in 0.1493 seconds
Training and Evaluating takes 0.030077219009399414 seconds.
Until Preparation: 0.0005145072937011719.
Until Calculation: 0.0007014274597167969.
Until linalg solve: 0.04178023338317871.
Regression solved in 0.1505 seconds
Training and Evaluating takes 0.035437822341918945 seconds.
Until Preparation: 0.0005156993865966797.
Until Calculation: 0.0007104873657226562.
Until linalg solve: 0.040891170501708984.
Regression solved in 0.1505 seconds
Training and Evaluating takes 0.016650676727294922 seconds.
Until Preparation: 0.0005204677581787109.
Until Calculation: 0.0007150173187255859.
Until linalg solve: 0.04148221015930176.
Regression solved in 0.1503 seconds
Training and Evaluating takes 0.031133413314819336 seconds.
Until Preparation: 0.0005013942718505859.
Until Calculation: 0.0006852149963378906.
Until linalg solve: 0.04229092597961426.
Regression solved in 0.1508 seconds
Training and Evaluating takes 0.009056568145751953 seconds.
Until Preparation: 0.0005087852478027344.
Until Calculation: 0.000705718994140625.
Until linalg solve: 0.040823936462402344.
Regression solved in 0.1496 seconds
Training and Evaluating takes 0.016572952270507812 seconds.
Until Preparation: 0.0005197525024414062.
Until Calculation: 0.0007190704345703125.
Until linalg solve: 0.04143810272216797.
Regression solved in 0.1496 seconds
Training and Evaluating takes 0.031920433044433594 seconds.
Until Preparation: 0.000514984130859375.
Until Calculation: 0.0007088184356689453.
Until linalg solve: 0.042059898376464844.
Regression solved in 0.1520 seconds
Training and Evaluating takes 0.034850120544433594 seconds.
Until Preparation: 0.0005085468292236328.
Until Calculation: 0.0007078647613525391.
Until linalg solve: 0.04086160659790039.
Regression solved in 0.1506 seconds
Training and Evaluating takes 0.015596628189086914 seconds.
Until Preparation: 0.0005290508270263672.
Until Calculation: 0.00072479248046875.
Until linalg solve: 0.04138779640197754.
Regression solved in 0.1503 seconds
Training and Evaluating takes 0.030873537063598633 seconds.
Until Preparation: 0.000518798828125.
Until Calculation: 0.0007088184356689453.
Until linalg solve: 0.042153120040893555.
Regression solved in 0.1512 seconds
Training and Evaluating takes 0.03469133377075195 seconds.
Until Preparation: 0.0005092620849609375.
Until Calculation: 0.0007090568542480469.
Until linalg solve: 0.040911197662353516.
Regression solved in 0.1496 seconds
Training and Evaluating takes 0.015528440475463867 seconds.
Until Preparation: 0.0005147457122802734.
Until Calculation: 0.0007243156433105469.
Until linalg solve: 0.04141378402709961.
Regression solved in 0.1531 seconds
Training and Evaluating takes 0.03328394889831543 seconds.
Until Preparation: 0.0005176067352294922.
Until Calculation: 0.0007035732269287109.
Until linalg solve: 0.04196023941040039.
Regression solved in 0.1515 seconds
Training and Evaluating takes 0.03619122505187988 seconds.
Until Preparation: 0.000514984130859375.
Until Calculation: 0.0007255077362060547.
Until linalg solve: 0.040856361389160156.
Regression solved in 0.1504 seconds
Training and Evaluating takes 0.015736103057861328 seconds.
Until Preparation: 0.0005145072937011719.
Until Calculation: 0.0007157325744628906.
Until linalg solve: 0.041475772857666016.
Regression solved in 0.1501 seconds
Training and Evaluating takes 0.02941417694091797 seconds.
Until Preparation: 0.0005202293395996094.
Until Calculation: 0.0007083415985107422.
Until linalg solve: 0.04210162162780762.
Regression solved in 0.1511 seconds
Training and Evaluating takes 0.03572821617126465 seconds.
Until Preparation: 0.0005123615264892578.
Until Calculation: 0.0007052421569824219.
Until linalg solve: 0.041010141372680664.
Regression solved in 0.1517 seconds
Training and Evaluating takes 0.015539407730102539 seconds.
Until Preparation: 0.0005142688751220703.
Until Calculation: 0.000732421875.
Until linalg solve: 0.04140615463256836.
Regression solved in 0.1511 seconds
Training and Evaluating takes 0.016156911849975586 seconds.
Until Preparation: 0.0005195140838623047.
Until Calculation: 0.0007331371307373047.
Until linalg solve: 0.04185891151428223.
Regression solved in 0.1513 seconds
Training and Evaluating takes 0.03443741798400879 seconds.
Until Preparation: 0.0005106925964355469.
Until Calculation: 0.0007066726684570312.
Until linalg solve: 0.040938615798950195.
Regression solved in 0.1504 seconds
Training and Evaluating takes 0.016814470291137695 seconds.
Until Preparation: 0.0005140304565429688.
Until Calculation: 0.0007085800170898438.
Until linalg solve: 0.04129528999328613.
Regression solved in 0.1499 seconds
Training and Evaluating takes 0.03125810623168945 seconds.
Until Preparation: 0.0005080699920654297.
Until Calculation: 0.0007464885711669922.
Until linalg solve: 0.04176926612854004.
Regression solved in 0.1514 seconds
Training and Evaluating takes 0.0323483943939209 seconds.
Until Preparation: 0.0005068778991699219.
Until Calculation: 0.0006995201110839844.
Until linalg solve: 0.04098176956176758.
Regression solved in 0.1502 seconds
Training and Evaluating takes 0.016963720321655273 seconds.
Until Preparation: 0.0005130767822265625.
Until Calculation: 0.0007092952728271484.
Until linalg solve: 0.04146766662597656.
Regression solved in 0.1513 seconds
Training and Evaluating takes 0.03716397285461426 seconds.
Until Preparation: 0.0005145072937011719.
Until Calculation: 0.0006999969482421875.
Until linalg solve: 0.041896820068359375.
Regression solved in 0.1512 seconds
Training and Evaluating takes 0.03255963325500488 seconds.
Until Preparation: 0.0005125999450683594.
Until Calculation: 0.0007092952728271484.
Until linalg solve: 0.0409395694732666.
Regression solved in 0.1493 seconds
Training and Evaluating takes 0.01685190200805664 seconds.
Until Preparation: 0.0005741119384765625.
Until Calculation: 0.0007908344268798828.
Until linalg solve: 0.04139852523803711.
Regression solved in 0.1512 seconds
Training and Evaluating takes 0.033164024353027344 seconds.
    Permutation 100/100 done
  Permutation p-value: 0.0000  (null mean=0.2394 ± 0.0125)
  Saved: /juice6/u/jshe/nlp/LM_neural_synchrony/playground/control_plots/perm_value_compatibility_Misv0.2Misv0.2_L16_L16.png
  Saved: /juice6/u/jshe/nlp/LM_neural_synchrony/playground/control_plots/r2_controls_Misv0.2Misv0.2_L16_L16.png

============================================================
SUMMARY: Misv0.2Misv0.2
============================================================
  Real R² (best layer):     0.5768
  Shuffled R² (best layer): 0.0000 ± 0.0000
  Layer-0 R²:               0.3667
  Improvement over L0:      +0.2101
  Perm test [alignment_binary]: observed_gap=0.5169, null=0.2202±0.0165, p=0.0000
  Perm test [goal_structure]: observed_gap=0.5134, null=0.2846±0.0207, p=0.0000
  Perm test [value_compatibility]: observed_gap=0.3362, null=0.2394±0.0125, p=0.0000

Saved: /juice6/u/jshe/nlp/LM_neural_synchrony/control_analysis_Misv0.2Misv0.2_L16_L16.json


============================================================
AGGREGATE SUMMARY
============================================================

  Misv0.3Misv0.3:
    Real R²=0.7528  Shuffled R²=0.0000  Layer-0 R²=0.3540  Improv=+0.3988
    [alignment_binary] gap=0.1470 null=0.0584±0.0080 p=0.0000
    [goal_structure] gap=0.1767 null=0.0990±0.0143 p=0.0000
    [value_compatibility] gap=0.1116 null=0.0637±0.0070 p=0.0000

  Misv0.3Misv0.2:
    Real R²=0.7148  Shuffled R²=0.0000  Layer-0 R²=0.1664  Improv=+0.5485
    [alignment_binary] gap=0.1799 null=0.0760±0.0085 p=0.0000
    [goal_structure] gap=0.2038 null=0.1222±0.0160 p=0.0000
    [value_compatibility] gap=0.1349 null=0.0833±0.0073 p=0.0000

  Misv0.2Misv0.3:
    Real R²=0.6054  Shuffled R²=0.0000  Layer-0 R²=0.2686  Improv=+0.3368
    [alignment_binary] gap=0.4897 null=0.1780±0.0161 p=0.0000
    [goal_structure] gap=0.4825 null=0.2333±0.0182 p=0.0000
    [value_compatibility] gap=0.2890 null=0.1916±0.0142 p=0.0000

  Misv0.2Misv0.2:
    Real R²=0.5768  Shuffled R²=0.0000  Layer-0 R²=0.3667  Improv=+0.2101
    [alignment_binary] gap=0.5169 null=0.2202±0.0165 p=0.0000
    [goal_structure] gap=0.5134 null=0.2846±0.0207 p=0.0000
    [value_compatibility] gap=0.3362 null=0.2394±0.0125 p=0.0000

Saved aggregate summary: /juice6/u/jshe/nlp/LM_neural_synchrony/control_analysis_summary.json

=== Job finished at Sun Apr  5 03:47:50 PM PDT 2026 ===
