=== Job started at Mon Apr  6 02:44:18 PM PDT 2026 ===
Node: sphinx5.stanford.edu


############################################################
SVD Analysis: Mistral-7B-Instruct-v0.3_None_0_Mistral-7B-Instruct-v0.3_None_0 (Misv0.3Misv0.3)
Layers A: [0, 1, 2, 3, 4, 5, 6, 7, 8, 9, 10, 11, 12, 13, 14, 15, 16, 17, 18, 19, 20, 21, 22, 23, 24, 25, 26, 27, 28, 29, 30, 31], Layers B: [0, 1, 2, 3, 4, 5, 6, 7, 8, 9, 10, 11, 12, 13, 14, 15, 16, 17, 18, 19, 20, 21, 22, 23, 24, 25, 26, 27, 28, 29, 30, 31], k=50
############################################################
Loading features for Mistral-7B-Instruct-v0.3_None_0_Mistral-7B-Instruct-v0.3_None_0...
Loaded 450 episodes

  --- AgentA, Layer 0, 5-fold CV ---
    Spectrum (, L0): k90=12, k95=26, k99=80, top-50 explains 97.9%
    Fold 1/5: train=360, test=90, k90=12
    Spectrum (, L0): k90=13, k95=27, k99=82, top-50 explains 97.8%
    Fold 2/5: train=360, test=90, k90=13
    Spectrum (, L0): k90=13, k95=27, k99=81, top-50 explains 97.8%
    Fold 3/5: train=360, test=90, k90=13
    Spectrum (, L0): k90=13, k95=27, k99=81, top-50 explains 97.8%
    Fold 4/5: train=360, test=90, k90=13
    Spectrum (, L0): k90=12, k95=27, k99=81, top-50 explains 97.9%
    Fold 5/5: train=360, test=90, k90=12
    CV mean: k90=12.6, k95=26.8, top-50 var=97.9%
    [task_structure] same=0.0975±0.0022, cross=-0.0024±0.0040, gap=0.0999±0.0020
    [outcome_correspondence] same=0.0401±0.0029, cross=0.0090±0.0039, gap=0.0311±0.0011

  --- AgentA, Layer 1, 5-fold CV ---
    Spectrum (, L1): k90=59, k95=126, k99=418, top-50 explains 88.6%
    Fold 1/5: train=360, test=90, k90=59
    Spectrum (, L1): k90=60, k95=127, k99=423, top-50 explains 88.5%
    Fold 2/5: train=360, test=90, k90=60
    Spectrum (, L1): k90=59, k95=125, k99=422, top-50 explains 88.7%
    Fold 3/5: train=360, test=90, k90=59
    Spectrum (, L1): k90=59, k95=126, k99=421, top-50 explains 88.6%
    Fold 4/5: train=360, test=90, k90=59
    Spectrum (, L1): k90=59, k95=125, k99=421, top-50 explains 88.7%
    Fold 5/5: train=360, test=90, k90=59
    CV mean: k90=59.2, k95=125.8, top-50 var=88.6%
    [task_structure] same=0.1012±0.0018, cross=0.0055±0.0022, gap=0.0956±0.0008
    [outcome_correspondence] same=0.0447±0.0019, cross=0.0172±0.0021, gap=0.0275±0.0003

  --- AgentA, Layer 2, 5-fold CV ---
    Spectrum (, L2): k90=65, k95=140, k99=463, top-50 explains 87.7%
    Fold 1/5: train=360, test=90, k90=65
    Spectrum (, L2): k90=65, k95=141, k99=465, top-50 explains 87.6%
    Fold 2/5: train=360, test=90, k90=65
    Spectrum (, L2): k90=65, k95=140, k99=467, top-50 explains 87.7%
    Fold 3/5: train=360, test=90, k90=65
    Spectrum (, L2): k90=65, k95=140, k99=464, top-50 explains 87.7%
    Fold 4/5: train=360, test=90, k90=65
    Spectrum (, L2): k90=65, k95=141, k99=467, top-50 explains 87.6%
    Fold 5/5: train=360, test=90, k90=65
    CV mean: k90=65.0, k95=140.4, top-50 var=87.7%
    [task_structure] same=0.1296±0.0024, cross=0.0292±0.0026, gap=0.1004±0.0007
    [outcome_correspondence] same=0.0673±0.0025, cross=0.0431±0.0026, gap=0.0243±0.0002

  --- AgentA, Layer 3, 5-fold CV ---
    Spectrum (, L3): k90=52, k95=117, k99=424, top-50 explains 89.8%
    Fold 1/5: train=360, test=90, k90=52
    Spectrum (, L3): k90=53, k95=118, k99=427, top-50 explains 89.7%
    Fold 2/5: train=360, test=90, k90=53
    Spectrum (, L3): k90=52, k95=118, k99=427, top-50 explains 89.7%
    Fold 3/5: train=360, test=90, k90=52
    Spectrum (, L3): k90=52, k95=117, k99=424, top-50 explains 89.8%
    Fold 4/5: train=360, test=90, k90=52
    Spectrum (, L3): k90=53, k95=118, k99=428, top-50 explains 89.7%
    Fold 5/5: train=360, test=90, k90=53
    CV mean: k90=52.4, k95=117.6, top-50 var=89.7%
    [task_structure] same=0.1344±0.0032, cross=0.0408±0.0032, gap=0.0936±0.0006
    [outcome_correspondence] same=0.0745±0.0031, cross=0.0548±0.0033, gap=0.0198±0.0002

  --- AgentA, Layer 4, 5-fold CV ---
    Spectrum (, L4): k90=42, k95=102, k99=398, top-50 explains 91.3%
    Fold 1/5: train=360, test=90, k90=42
    Spectrum (, L4): k90=43, k95=104, k99=401, top-50 explains 91.1%
    Fold 2/5: train=360, test=90, k90=43
    Spectrum (, L4): k90=42, k95=103, k99=401, top-50 explains 91.2%
    Fold 3/5: train=360, test=90, k90=42
    Spectrum (, L4): k90=42, k95=102, k99=398, top-50 explains 91.2%
    Fold 4/5: train=360, test=90, k90=42
    Spectrum (, L4): k90=43, k95=103, k99=403, top-50 explains 91.1%
    Fold 5/5: train=360, test=90, k90=43
    CV mean: k90=42.4, k95=102.8, top-50 var=91.2%
    [task_structure] same=0.1498±0.0038, cross=0.0544±0.0038, gap=0.0954±0.0004
    [outcome_correspondence] same=0.0880±0.0037, cross=0.0691±0.0038, gap=0.0189±0.0002

  --- AgentA, Layer 5, 5-fold CV ---
    Spectrum (, L5): k90=39, k95=98, k99=390, top-50 explains 91.6%
    Fold 1/5: train=360, test=90, k90=39
    Spectrum (, L5): k90=40, k95=100, k99=394, top-50 explains 91.5%
    Fold 2/5: train=360, test=90, k90=40
    Spectrum (, L5): k90=39, k95=98, k99=393, top-50 explains 91.6%
    Fold 3/5: train=360, test=90, k90=39
    Spectrum (, L5): k90=39, k95=98, k99=391, top-50 explains 91.6%
    Fold 4/5: train=360, test=90, k90=39
    Spectrum (, L5): k90=40, k95=100, k99=395, top-50 explains 91.5%
    Fold 5/5: train=360, test=90, k90=40
    CV mean: k90=39.4, k95=98.8, top-50 var=91.6%
    [task_structure] same=0.1561±0.0042, cross=0.0613±0.0042, gap=0.0948±0.0003
    [outcome_correspondence] same=0.0944±0.0041, cross=0.0760±0.0042, gap=0.0184±0.0002

  --- AgentA, Layer 6, 5-fold CV ---
    Spectrum (, L6): k90=28, k95=77, k99=335, top-50 explains 93.1%
    Fold 1/5: train=360, test=90, k90=28
    Spectrum (, L6): k90=29, k95=79, k99=338, top-50 explains 93.0%
    Fold 2/5: train=360, test=90, k90=29
    Spectrum (, L6): k90=29, k95=77, k99=337, top-50 explains 93.1%
    Fold 3/5: train=360, test=90, k90=29
    Spectrum (, L6): k90=29, k95=78, k99=336, top-50 explains 93.1%
    Fold 4/5: train=360, test=90, k90=29
    Spectrum (, L6): k90=29, k95=79, k99=340, top-50 explains 93.0%
    Fold 5/5: train=360, test=90, k90=29
    CV mean: k90=28.8, k95=78.0, top-50 var=93.0%
    [task_structure] same=0.1678±0.0038, cross=0.0659±0.0042, gap=0.1019±0.0004
    [outcome_correspondence] same=0.1016±0.0040, cross=0.0816±0.0041, gap=0.0200±0.0002

  --- AgentA, Layer 7, 5-fold CV ---
    Spectrum (, L7): k90=28, k95=80, k99=347, top-50 explains 93.0%
    Fold 1/5: train=360, test=90, k90=28
    Spectrum (, L7): k90=29, k95=81, k99=350, top-50 explains 92.9%
    Fold 2/5: train=360, test=90, k90=29
    Spectrum (, L7): k90=28, k95=80, k99=350, top-50 explains 93.0%
    Fold 3/5: train=360, test=90, k90=28
    Spectrum (, L7): k90=29, k95=80, k99=349, top-50 explains 93.0%
    Fold 4/5: train=360, test=90, k90=29
    Spectrum (, L7): k90=29, k95=82, k99=353, top-50 explains 92.9%
    Fold 5/5: train=360, test=90, k90=29
    CV mean: k90=28.6, k95=80.6, top-50 var=93.0%
    [task_structure] same=0.1725±0.0037, cross=0.0634±0.0041, gap=0.1091±0.0004
    [outcome_correspondence] same=0.1024±0.0039, cross=0.0799±0.0041, gap=0.0225±0.0002

  --- AgentA, Layer 8, 5-fold CV ---
    Spectrum (, L8): k90=32, k95=88, k99=367, top-50 explains 92.5%
    Fold 1/5: train=360, test=90, k90=32
    Spectrum (, L8): k90=33, k95=89, k99=370, top-50 explains 92.4%
    Fold 2/5: train=360, test=90, k90=33
    Spectrum (, L8): k90=33, k95=89, k99=371, top-50 explains 92.4%
    Fold 3/5: train=360, test=90, k90=33
    Spectrum (, L8): k90=33, k95=88, k99=369, top-50 explains 92.4%
    Fold 4/5: train=360, test=90, k90=33
    Spectrum (, L8): k90=33, k95=90, k99=372, top-50 explains 92.3%
    Fold 5/5: train=360, test=90, k90=33
    CV mean: k90=32.8, k95=88.8, top-50 var=92.4%
    [task_structure] same=0.1600±0.0034, cross=0.0590±0.0037, gap=0.1010±0.0004
    [outcome_correspondence] same=0.0958±0.0036, cross=0.0739±0.0037, gap=0.0219±0.0002

  --- AgentA, Layer 9, 5-fold CV ---
    Spectrum (, L9): k90=35, k95=97, k99=385, top-50 explains 92.0%
    Fold 1/5: train=360, test=90, k90=35
    Spectrum (, L9): k90=36, k95=98, k99=388, top-50 explains 91.9%
    Fold 2/5: train=360, test=90, k90=36
    Spectrum (, L9): k90=36, k95=98, k99=389, top-50 explains 91.9%
    Fold 3/5: train=360, test=90, k90=36
    Spectrum (, L9): k90=36, k95=97, k99=386, top-50 explains 91.9%
    Fold 4/5: train=360, test=90, k90=36
    Spectrum (, L9): k90=36, k95=98, k99=390, top-50 explains 91.8%
    Fold 5/5: train=360, test=90, k90=36
    CV mean: k90=35.8, k95=97.6, top-50 var=91.9%
    [task_structure] same=0.1681±0.0032, cross=0.0576±0.0035, gap=0.1105±0.0004
    [outcome_correspondence] same=0.0976±0.0033, cross=0.0740±0.0034, gap=0.0236±0.0002

  --- AgentA, Layer 10, 5-fold CV ---
    Spectrum (, L10): k90=35, k95=100, k99=402, top-50 explains 91.9%
    Fold 1/5: train=360, test=90, k90=35
    Spectrum (, L10): k90=35, k95=102, k99=405, top-50 explains 91.8%
    Fold 2/5: train=360, test=90, k90=35
    Spectrum (, L10): k90=35, k95=102, k99=407, top-50 explains 91.8%
    Fold 3/5: train=360, test=90, k90=35
    Spectrum (, L10): k90=35, k95=102, k99=405, top-50 explains 91.8%
    Fold 4/5: train=360, test=90, k90=35
    Spectrum (, L10): k90=36, k95=102, k99=408, top-50 explains 91.8%
    Fold 5/5: train=360, test=90, k90=36
    CV mean: k90=35.2, k95=101.6, top-50 var=91.8%
    [task_structure] same=0.1657±0.0029, cross=0.0529±0.0033, gap=0.1128±0.0005
    [outcome_correspondence] same=0.0957±0.0032, cross=0.0685±0.0032, gap=0.0272±0.0002

  --- AgentA, Layer 11, 5-fold CV ---
    Spectrum (, L11): k90=35, k95=102, k99=405, top-50 explains 91.8%
    Fold 1/5: train=360, test=90, k90=35
    Spectrum (, L11): k90=36, k95=104, k99=408, top-50 explains 91.7%
    Fold 2/5: train=360, test=90, k90=36
    Spectrum (, L11): k90=36, k95=103, k99=409, top-50 explains 91.8%
    Fold 3/5: train=360, test=90, k90=36
    Spectrum (, L11): k90=36, k95=104, k99=407, top-50 explains 91.7%
    Fold 4/5: train=360, test=90, k90=36
    Spectrum (, L11): k90=36, k95=104, k99=410, top-50 explains 91.7%
    Fold 5/5: train=360, test=90, k90=36
    CV mean: k90=35.8, k95=103.4, top-50 var=91.7%
    [task_structure] same=0.1603±0.0030, cross=0.0598±0.0032, gap=0.1005±0.0004
    [outcome_correspondence] same=0.0972±0.0030, cross=0.0741±0.0032, gap=0.0231±0.0002

  --- AgentA, Layer 12, 5-fold CV ---
    Spectrum (, L12): k90=42, k95=116, k99=434, top-50 explains 91.0%
    Fold 1/5: train=360, test=90, k90=42
    Spectrum (, L12): k90=43, k95=118, k99=438, top-50 explains 90.9%
    Fold 2/5: train=360, test=90, k90=43
    Spectrum (, L12): k90=42, k95=118, k99=440, top-50 explains 90.9%
    Fold 3/5: train=360, test=90, k90=42
    Spectrum (, L12): k90=43, k95=118, k99=438, top-50 explains 90.9%
    Fold 4/5: train=360, test=90, k90=43
    Spectrum (, L12): k90=43, k95=118, k99=441, top-50 explains 90.9%
    Fold 5/5: train=360, test=90, k90=43
    CV mean: k90=42.6, k95=117.6, top-50 var=90.9%
    [task_structure] same=0.1754±0.0028, cross=0.0488±0.0033, gap=0.1267±0.0006
    [outcome_correspondence] same=0.0983±0.0032, cross=0.0655±0.0032, gap=0.0327±0.0003

  --- AgentA, Layer 13, 5-fold CV ---
    Spectrum (, L13): k90=51, k95=135, k99=481, top-50 explains 90.0%
    Fold 1/5: train=360, test=90, k90=51
    Spectrum (, L13): k90=51, k95=136, k99=485, top-50 explains 89.9%
    Fold 2/5: train=360, test=90, k90=51
    Spectrum (, L13): k90=51, k95=137, k99=489, top-50 explains 89.9%
    Fold 3/5: train=360, test=90, k90=51
    Spectrum (, L13): k90=51, k95=137, k99=485, top-50 explains 89.9%
    Fold 4/5: train=360, test=90, k90=51
    Spectrum (, L13): k90=52, k95=137, k99=488, top-50 explains 89.9%
    Fold 5/5: train=360, test=90, k90=52
    CV mean: k90=51.2, k95=136.4, top-50 var=89.9%
    [task_structure] same=0.1725±0.0027, cross=0.0441±0.0032, gap=0.1284±0.0007
    [outcome_correspondence] same=0.0974±0.0030, cross=0.0594±0.0031, gap=0.0381±0.0003

  --- AgentA, Layer 14, 5-fold CV ---
    Spectrum (, L14): k90=64, k95=157, k99=518, top-50 explains 88.4%
    Fold 1/5: train=360, test=90, k90=64
    Spectrum (, L14): k90=65, k95=159, k99=522, top-50 explains 88.4%
    Fold 2/5: train=360, test=90, k90=65
    Spectrum (, L14): k90=65, k95=160, k99=526, top-50 explains 88.3%
    Fold 3/5: train=360, test=90, k90=65
    Spectrum (, L14): k90=65, k95=160, k99=522, top-50 explains 88.3%
    Fold 4/5: train=360, test=90, k90=65
    Spectrum (, L14): k90=65, k95=160, k99=525, top-50 explains 88.3%
    Fold 5/5: train=360, test=90, k90=65
    CV mean: k90=64.8, k95=159.2, top-50 var=88.4%
    [task_structure] same=0.1777±0.0027, cross=0.0426±0.0033, gap=0.1351±0.0009
    [outcome_correspondence] same=0.1022±0.0032, cross=0.0567±0.0032, gap=0.0455±0.0004

  --- AgentA, Layer 15, 5-fold CV ---
    Spectrum (, L15): k90=82, k95=185, k99=560, top-50 explains 86.2%
    Fold 1/5: train=360, test=90, k90=82
    Spectrum (, L15): k90=83, k95=187, k99=564, top-50 explains 86.1%
    Fold 2/5: train=360, test=90, k90=83
    Spectrum (, L15): k90=83, k95=188, k99=568, top-50 explains 86.1%
    Fold 3/5: train=360, test=90, k90=83
    Spectrum (, L15): k90=84, k95=188, k99=564, top-50 explains 86.0%
    Fold 4/5: train=360, test=90, k90=84
    Spectrum (, L15): k90=84, k95=188, k99=567, top-50 explains 86.1%
    Fold 5/5: train=360, test=90, k90=84
    CV mean: k90=83.2, k95=187.2, top-50 var=86.1%
    [task_structure] same=0.1841±0.0023, cross=0.0245±0.0029, gap=0.1596±0.0011
    [outcome_correspondence] same=0.0965±0.0028, cross=0.0403±0.0027, gap=0.0563±0.0004

  --- AgentA, Layer 16, 5-fold CV ---
    Spectrum (, L16): k90=94, k95=204, k99=595, top-50 explains 84.8%
    Fold 1/5: train=360, test=90, k90=94
    Spectrum (, L16): k90=95, k95=206, k99=600, top-50 explains 84.7%
    Fold 2/5: train=360, test=90, k90=95
    Spectrum (, L16): k90=95, k95=208, k99=604, top-50 explains 84.7%
    Fold 3/5: train=360, test=90, k90=95
    Spectrum (, L16): k90=96, k95=208, k99=599, top-50 explains 84.6%
    Fold 4/5: train=360, test=90, k90=96
    Spectrum (, L16): k90=95, k95=207, k99=602, top-50 explains 84.7%
    Fold 5/5: train=360, test=90, k90=95
    CV mean: k90=95.0, k95=206.6, top-50 var=84.7%
    [task_structure] same=0.1902±0.0019, cross=0.0061±0.0023, gap=0.1841±0.0013
    [outcome_correspondence] same=0.0920±0.0021, cross=0.0229±0.0021, gap=0.0692±0.0005

  --- AgentA, Layer 17, 5-fold CV ---
    Spectrum (, L17): k90=88, k95=196, k99=583, top-50 explains 85.5%
    Fold 1/5: train=360, test=90, k90=88
    Spectrum (, L17): k90=90, k95=197, k99=587, top-50 explains 85.3%
    Fold 2/5: train=360, test=90, k90=90
    Spectrum (, L17): k90=90, k95=199, k99=592, top-50 explains 85.3%
    Fold 3/5: train=360, test=90, k90=90
    Spectrum (, L17): k90=91, k95=199, k99=588, top-50 explains 85.2%
    Fold 4/5: train=360, test=90, k90=91
    Spectrum (, L17): k90=90, k95=198, k99=591, top-50 explains 85.3%
    Fold 5/5: train=360, test=90, k90=90
    CV mean: k90=89.8, k95=197.8, top-50 var=85.3%
    [task_structure] same=0.1830±0.0021, cross=0.0148±0.0028, gap=0.1682±0.0013
    [outcome_correspondence] same=0.0945±0.0027, cross=0.0294±0.0026, gap=0.0652±0.0005

  --- AgentA, Layer 18, 5-fold CV ---
    Spectrum (, L18): k90=95, k95=205, k99=599, top-50 explains 84.6%
    Fold 1/5: train=360, test=90, k90=95
    Spectrum (, L18): k90=97, k95=207, k99=603, top-50 explains 84.3%
    Fold 2/5: train=360, test=90, k90=97
    Spectrum (, L18): k90=97, k95=209, k99=608, top-50 explains 84.4%
    Fold 3/5: train=360, test=90, k90=97
    Spectrum (, L18): k90=98, k95=209, k99=604, top-50 explains 84.2%
    Fold 4/5: train=360, test=90, k90=98
    Spectrum (, L18): k90=97, k95=208, k99=606, top-50 explains 84.4%
    Fold 5/5: train=360, test=90, k90=97
    CV mean: k90=96.8, k95=207.6, top-50 var=84.4%
    [task_structure] same=0.1700±0.0019, cross=0.0098±0.0023, gap=0.1602±0.0011
    [outcome_correspondence] same=0.0884±0.0022, cross=0.0223±0.0022, gap=0.0660±0.0005

  --- AgentA, Layer 19, 5-fold CV ---
    Spectrum (, L19): k90=105, k95=218, k99=619, top-50 explains 83.3%
    Fold 1/5: train=360, test=90, k90=105
    Spectrum (, L19): k90=107, k95=221, k99=623, top-50 explains 83.0%
    Fold 2/5: train=360, test=90, k90=107
    Spectrum (, L19): k90=107, k95=221, k99=627, top-50 explains 83.1%
    Fold 3/5: train=360, test=90, k90=107
    Spectrum (, L19): k90=108, k95=223, k99=623, top-50 explains 82.9%
    Fold 4/5: train=360, test=90, k90=108
    Spectrum (, L19): k90=107, k95=222, k99=626, top-50 explains 83.1%
    Fold 5/5: train=360, test=90, k90=107
    CV mean: k90=106.8, k95=221.0, top-50 var=83.1%
    [task_structure] same=0.1659±0.0017, cross=0.0070±0.0021, gap=0.1589±0.0010
    [outcome_correspondence] same=0.0854±0.0021, cross=0.0192±0.0020, gap=0.0662±0.0005

  --- AgentA, Layer 20, 5-fold CV ---
    Spectrum (, L20): k90=107, k95=221, k99=623, top-50 explains 82.8%
    Fold 1/5: train=360, test=90, k90=107
    Spectrum (, L20): k90=109, k95=223, k99=627, top-50 explains 82.6%
    Fold 2/5: train=360, test=90, k90=109
    Spectrum (, L20): k90=109, k95=224, k99=632, top-50 explains 82.7%
    Fold 3/5: train=360, test=90, k90=109
    Spectrum (, L20): k90=110, k95=225, k99=627, top-50 explains 82.6%
    Fold 4/5: train=360, test=90, k90=110
    Spectrum (, L20): k90=109, k95=224, k99=630, top-50 explains 82.7%
    Fold 5/5: train=360, test=90, k90=109
    CV mean: k90=108.8, k95=223.4, top-50 var=82.7%
    [task_structure] same=0.1669±0.0015, cross=0.0004±0.0017, gap=0.1664±0.0009
    [outcome_correspondence] same=0.0842±0.0016, cross=0.0123±0.0016, gap=0.0720±0.0006

  --- AgentA, Layer 21, 5-fold CV ---
    Spectrum (, L21): k90=112, k95=229, k99=637, top-50 explains 82.1%
    Fold 1/5: train=360, test=90, k90=112
    Spectrum (, L21): k90=114, k95=231, k99=642, top-50 explains 81.9%
    Fold 2/5: train=360, test=90, k90=114
    Spectrum (, L21): k90=114, k95=232, k99=647, top-50 explains 81.9%
    Fold 3/5: train=360, test=90, k90=114
    Spectrum (, L21): k90=115, k95=233, k99=642, top-50 explains 81.8%
    Fold 4/5: train=360, test=90, k90=115
    Spectrum (, L21): k90=114, k95=232, k99=644, top-50 explains 82.0%
    Fold 5/5: train=360, test=90, k90=114
    CV mean: k90=113.8, k95=231.4, top-50 var=82.0%
    [task_structure] same=0.1622±0.0015, cross=0.0002±0.0017, gap=0.1620±0.0009
    [outcome_correspondence] same=0.0827±0.0017, cross=0.0112±0.0016, gap=0.0715±0.0005

  --- AgentA, Layer 22, 5-fold CV ---
    Spectrum (, L22): k90=115, k95=232, k99=644, top-50 explains 81.9%
    Fold 1/5: train=360, test=90, k90=115
    Spectrum (, L22): k90=117, k95=235, k99=648, top-50 explains 81.6%
    Fold 2/5: train=360, test=90, k90=117
    Spectrum (, L22): k90=117, k95=236, k99=654, top-50 explains 81.7%
    Fold 3/5: train=360, test=90, k90=117
    Spectrum (, L22): k90=117, k95=237, k99=649, top-50 explains 81.6%
    Fold 4/5: train=360, test=90, k90=117
    Spectrum (, L22): k90=116, k95=236, k99=651, top-50 explains 81.7%
    Fold 5/5: train=360, test=90, k90=116
    CV mean: k90=116.4, k95=235.2, top-50 var=81.7%
    [task_structure] same=0.1568±0.0014, cross=0.0005±0.0015, gap=0.1563±0.0009
    [outcome_correspondence] same=0.0801±0.0015, cross=0.0111±0.0015, gap=0.0691±0.0006

  --- AgentA, Layer 23, 5-fold CV ---
    Spectrum (, L23): k90=115, k95=234, k99=647, top-50 explains 81.8%
    Fold 1/5: train=360, test=90, k90=115
    Spectrum (, L23): k90=117, k95=236, k99=651, top-50 explains 81.5%
    Fold 2/5: train=360, test=90, k90=117
    Spectrum (, L23): k90=117, k95=238, k99=657, top-50 explains 81.6%
    Fold 3/5: train=360, test=90, k90=117
    Spectrum (, L23): k90=118, k95=239, k99=652, top-50 explains 81.5%
    Fold 4/5: train=360, test=90, k90=118
    Spectrum (, L23): k90=117, k95=237, k99=654, top-50 explains 81.7%
    Fold 5/5: train=360, test=90, k90=117
    CV mean: k90=116.8, k95=236.8, top-50 var=81.6%
    [task_structure] same=0.1518±0.0014, cross=0.0001±0.0015, gap=0.1516±0.0010
    [outcome_correspondence] same=0.0791±0.0014, cross=0.0095±0.0014, gap=0.0696±0.0005

  --- AgentA, Layer 24, 5-fold CV ---
    Spectrum (, L24): k90=121, k95=243, k99=660, top-50 explains 81.1%
    Fold 1/5: train=360, test=90, k90=121
    Spectrum (, L24): k90=123, k95=245, k99=665, top-50 explains 80.8%
    Fold 2/5: train=360, test=90, k90=123
    Spectrum (, L24): k90=123, k95=247, k99=671, top-50 explains 80.8%
    Fold 3/5: train=360, test=90, k90=123
    Spectrum (, L24): k90=123, k95=247, k99=665, top-50 explains 80.8%
    Fold 4/5: train=360, test=90, k90=123
    Spectrum (, L24): k90=123, k95=246, k99=668, top-50 explains 80.9%
    Fold 5/5: train=360, test=90, k90=123
    CV mean: k90=122.6, k95=245.6, top-50 var=80.9%
    [task_structure] same=0.1473±0.0015, cross=0.0005±0.0015, gap=0.1468±0.0009
    [outcome_correspondence] same=0.0778±0.0014, cross=0.0091±0.0015, gap=0.0687±0.0006

  --- AgentA, Layer 25, 5-fold CV ---
    Spectrum (, L25): k90=122, k95=245, k99=664, top-50 explains 81.0%
    Fold 1/5: train=360, test=90, k90=122
    Spectrum (, L25): k90=124, k95=248, k99=669, top-50 explains 80.7%
    Fold 2/5: train=360, test=90, k90=124
    Spectrum (, L25): k90=124, k95=249, k99=674, top-50 explains 80.8%
    Fold 3/5: train=360, test=90, k90=124
    Spectrum (, L25): k90=124, k95=249, k99=669, top-50 explains 80.7%
    Fold 4/5: train=360, test=90, k90=124
    Spectrum (, L25): k90=124, k95=249, k99=672, top-50 explains 80.9%
    Fold 5/5: train=360, test=90, k90=124
    CV mean: k90=123.6, k95=248.0, top-50 var=80.8%
    [task_structure] same=0.1412±0.0015, cross=-0.0002±0.0015, gap=0.1414±0.0009
    [outcome_correspondence] same=0.0756±0.0014, cross=0.0074±0.0015, gap=0.0682±0.0006

  --- AgentA, Layer 26, 5-fold CV ---
    Spectrum (, L26): k90=123, k95=249, k99=671, top-50 explains 80.8%
    Fold 1/5: train=360, test=90, k90=123
    Spectrum (, L26): k90=125, k95=251, k99=676, top-50 explains 80.5%
    Fold 2/5: train=360, test=90, k90=125
    Spectrum (, L26): k90=125, k95=252, k99=681, top-50 explains 80.6%
    Fold 3/5: train=360, test=90, k90=125
    Spectrum (, L26): k90=126, k95=252, k99=676, top-50 explains 80.5%
    Fold 4/5: train=360, test=90, k90=126
    Spectrum (, L26): k90=125, k95=251, k99=678, top-50 explains 80.7%
    Fold 5/5: train=360, test=90, k90=125
    CV mean: k90=124.8, k95=251.0, top-50 var=80.6%
    [task_structure] same=0.1349±0.0016, cross=0.0011±0.0016, gap=0.1338±0.0008
    [outcome_correspondence] same=0.0736±0.0014, cross=0.0078±0.0017, gap=0.0658±0.0006

  --- AgentA, Layer 27, 5-fold CV ---
    Spectrum (, L27): k90=124, k95=251, k99=675, top-50 explains 80.6%
    Fold 1/5: train=360, test=90, k90=124
    Spectrum (, L27): k90=126, k95=253, k99=679, top-50 explains 80.3%
    Fold 2/5: train=360, test=90, k90=126
    Spectrum (, L27): k90=127, k95=254, k99=685, top-50 explains 80.4%
    Fold 3/5: train=360, test=90, k90=127
    Spectrum (, L27): k90=127, k95=254, k99=679, top-50 explains 80.3%
    Fold 4/5: train=360, test=90, k90=127
    Spectrum (, L27): k90=126, k95=253, k99=682, top-50 explains 80.5%
    Fold 5/5: train=360, test=90, k90=126
    CV mean: k90=126.0, k95=253.0, top-50 var=80.4%
    [task_structure] same=0.1262±0.0017, cross=0.0014±0.0016, gap=0.1247±0.0007
    [outcome_correspondence] same=0.0693±0.0014, cross=0.0076±0.0017, gap=0.0617±0.0006

  --- AgentA, Layer 28, 5-fold CV ---
    Spectrum (, L28): k90=129, k95=258, k99=682, top-50 explains 80.2%
    Fold 1/5: train=360, test=90, k90=129
    Spectrum (, L28): k90=130, k95=260, k99=686, top-50 explains 79.9%
    Fold 2/5: train=360, test=90, k90=130
    Spectrum (, L28): k90=131, k95=261, k99=692, top-50 explains 80.0%
    Fold 3/5: train=360, test=90, k90=131
    Spectrum (, L28): k90=131, k95=261, k99=686, top-50 explains 79.9%
    Fold 4/5: train=360, test=90, k90=131
    Spectrum (, L28): k90=131, k95=261, k99=690, top-50 explains 80.0%
    Fold 5/5: train=360, test=90, k90=131
    CV mean: k90=130.4, k95=260.2, top-50 var=80.0%
    [task_structure] same=0.1204±0.0020, cross=0.0040±0.0019, gap=0.1164±0.0007
    [outcome_correspondence] same=0.0672±0.0016, cross=0.0098±0.0021, gap=0.0574±0.0007

  --- AgentA, Layer 29, 5-fold CV ---
    Spectrum (, L29): k90=136, k95=274, k99=704, top-50 explains 79.5%
    Fold 1/5: train=360, test=90, k90=136
    Spectrum (, L29): k90=138, k95=274, k99=707, top-50 explains 79.3%
    Fold 2/5: train=360, test=90, k90=138
    Spectrum (, L29): k90=138, k95=276, k99=712, top-50 explains 79.4%
    Fold 3/5: train=360, test=90, k90=138
    Spectrum (, L29): k90=138, k95=276, k99=706, top-50 explains 79.3%
    Fold 4/5: train=360, test=90, k90=138
    Spectrum (, L29): k90=138, k95=277, k99=712, top-50 explains 79.4%
    Fold 5/5: train=360, test=90, k90=138
    CV mean: k90=137.6, k95=275.4, top-50 var=79.4%
    [task_structure] same=0.1097±0.0021, cross=0.0038±0.0020, gap=0.1059±0.0006
    [outcome_correspondence] same=0.0607±0.0017, cross=0.0094±0.0022, gap=0.0514±0.0007

  --- AgentA, Layer 30, 5-fold CV ---
    Spectrum (, L30): k90=138, k95=275, k99=702, top-50 explains 79.3%
    Fold 1/5: train=360, test=90, k90=138
    Spectrum (, L30): k90=138, k95=274, k99=704, top-50 explains 79.0%
    Fold 2/5: train=360, test=90, k90=138
    Spectrum (, L30): k90=139, k95=277, k99=710, top-50 explains 79.2%
    Fold 3/5: train=360, test=90, k90=139
    Spectrum (, L30): k90=139, k95=277, k99=705, top-50 explains 79.1%
    Fold 4/5: train=360, test=90, k90=139
    Spectrum (, L30): k90=139, k95=278, k99=710, top-50 explains 79.1%
    Fold 5/5: train=360, test=90, k90=139
    CV mean: k90=138.6, k95=276.2, top-50 var=79.1%
    [task_structure] same=0.1006±0.0019, cross=0.0044±0.0019, gap=0.0961±0.0006
    [outcome_correspondence] same=0.0579±0.0016, cross=0.0085±0.0020, gap=0.0493±0.0007

  --- AgentA, Layer 31, 5-fold CV ---
    Spectrum (, L31): k90=137, k95=267, k99=676, top-50 explains 78.6%
    Fold 1/5: train=360, test=90, k90=137
    Spectrum (, L31): k90=137, k95=265, k99=678, top-50 explains 78.4%
    Fold 2/5: train=360, test=90, k90=137
    Spectrum (, L31): k90=138, k95=268, k99=684, top-50 explains 78.4%
    Fold 3/5: train=360, test=90, k90=138
    Spectrum (, L31): k90=138, k95=268, k99=679, top-50 explains 78.4%
    Fold 4/5: train=360, test=90, k90=138
    Spectrum (, L31): k90=140, k95=271, k99=685, top-50 explains 78.3%
    Fold 5/5: train=360, test=90, k90=140
    CV mean: k90=138.0, k95=267.8, top-50 var=78.4%
    [task_structure] same=0.0913±0.0020, cross=0.0047±0.0020, gap=0.0866±0.0004
    [outcome_correspondence] same=0.0512±0.0018, cross=0.0093±0.0021, gap=0.0419±0.0007

  --- AgentB, Layer 0, 5-fold CV ---
    Spectrum (, L0): k90=14, k95=29, k99=89, top-50 explains 97.5%
    Fold 1/5: train=360, test=90, k90=14
    Spectrum (, L0): k90=14, k95=30, k99=91, top-50 explains 97.4%
    Fold 2/5: train=360, test=90, k90=14
    Spectrum (, L0): k90=15, k95=30, k99=91, top-50 explains 97.4%
    Fold 3/5: train=360, test=90, k90=15
    Spectrum (, L0): k90=14, k95=30, k99=90, top-50 explains 97.4%
    Fold 4/5: train=360, test=90, k90=14
    Spectrum (, L0): k90=14, k95=29, k99=89, top-50 explains 97.5%
    Fold 5/5: train=360, test=90, k90=14
    CV mean: k90=14.2, k95=29.6, top-50 var=97.4%
    [task_structure] same=0.1156±0.0005, cross=-0.0178±0.0025, gap=0.1334±0.0027
    [outcome_correspondence] same=0.0405±0.0009, cross=-0.0035±0.0025, gap=0.0440±0.0018

  --- AgentB, Layer 1, 5-fold CV ---
    Spectrum (, L1): k90=70, k95=146, k99=463, top-50 explains 87.0%
    Fold 1/5: train=360, test=90, k90=70
    Spectrum (, L1): k90=70, k95=146, k99=464, top-50 explains 87.0%
    Fold 2/5: train=360, test=90, k90=70
    Spectrum (, L1): k90=70, k95=147, k99=466, top-50 explains 87.0%
    Fold 3/5: train=360, test=90, k90=70
    Spectrum (, L1): k90=71, k95=148, k99=466, top-50 explains 86.8%
    Fold 4/5: train=360, test=90, k90=71
    Spectrum (, L1): k90=71, k95=148, k99=467, top-50 explains 86.8%
    Fold 5/5: train=360, test=90, k90=71
    CV mean: k90=70.4, k95=147.0, top-50 var=86.9%
    [task_structure] same=0.1097±0.0017, cross=-0.0057±0.0020, gap=0.1154±0.0006
    [outcome_correspondence] same=0.0390±0.0018, cross=0.0098±0.0020, gap=0.0292±0.0003

  --- AgentB, Layer 2, 5-fold CV ---
    Spectrum (, L2): k90=82, k95=172, k99=530, top-50 explains 85.3%
    Fold 1/5: train=360, test=90, k90=82
    Spectrum (, L2): k90=82, k95=172, k99=530, top-50 explains 85.2%
    Fold 2/5: train=360, test=90, k90=82
    Spectrum (, L2): k90=82, k95=172, k99=534, top-50 explains 85.3%
    Fold 3/5: train=360, test=90, k90=82
    Spectrum (, L2): k90=83, k95=173, k99=531, top-50 explains 85.1%
    Fold 4/5: train=360, test=90, k90=83
    Spectrum (, L2): k90=83, k95=173, k99=534, top-50 explains 85.1%
    Fold 5/5: train=360, test=90, k90=83
    CV mean: k90=82.4, k95=172.4, top-50 var=85.2%
    [task_structure] same=0.1198±0.0016, cross=0.0089±0.0020, gap=0.1108±0.0007
    [outcome_correspondence] same=0.0513±0.0018, cross=0.0241±0.0020, gap=0.0272±0.0003

  --- AgentB, Layer 3, 5-fold CV ---
    Spectrum (, L3): k90=74, k95=159, k99=513, top-50 explains 86.6%
    Fold 1/5: train=360, test=90, k90=74
    Spectrum (, L3): k90=74, k95=160, k99=514, top-50 explains 86.5%
    Fold 2/5: train=360, test=90, k90=74
    Spectrum (, L3): k90=73, k95=160, k99=516, top-50 explains 86.6%
    Fold 3/5: train=360, test=90, k90=73
    Spectrum (, L3): k90=74, k95=160, k99=513, top-50 explains 86.5%
    Fold 4/5: train=360, test=90, k90=74
    Spectrum (, L3): k90=74, k95=161, k99=516, top-50 explains 86.5%
    Fold 5/5: train=360, test=90, k90=74
    CV mean: k90=73.8, k95=160.0, top-50 var=86.6%
    [task_structure] same=0.1108±0.0022, cross=0.0161±0.0023, gap=0.0947±0.0005
    [outcome_correspondence] same=0.0511±0.0022, cross=0.0297±0.0023, gap=0.0214±0.0003

  --- AgentB, Layer 4, 5-fold CV ---
    Spectrum (, L4): k90=66, k95=149, k99=499, top-50 explains 87.9%
    Fold 1/5: train=360, test=90, k90=66
    Spectrum (, L4): k90=66, k95=149, k99=500, top-50 explains 87.8%
    Fold 2/5: train=360, test=90, k90=66
    Spectrum (, L4): k90=65, k95=148, k99=501, top-50 explains 88.0%
    Fold 3/5: train=360, test=90, k90=65
    Spectrum (, L4): k90=66, k95=149, k99=498, top-50 explains 87.9%
    Fold 4/5: train=360, test=90, k90=66
    Spectrum (, L4): k90=66, k95=150, k99=502, top-50 explains 87.8%
    Fold 5/5: train=360, test=90, k90=66
    CV mean: k90=65.8, k95=149.0, top-50 var=87.9%
    [task_structure] same=0.1241±0.0031, cross=0.0317±0.0032, gap=0.0923±0.0004
    [outcome_correspondence] same=0.0647±0.0030, cross=0.0456±0.0032, gap=0.0191±0.0003

  --- AgentB, Layer 5, 5-fold CV ---
    Spectrum (, L5): k90=65, k95=148, k99=498, top-50 explains 88.1%
    Fold 1/5: train=360, test=90, k90=65
    Spectrum (, L5): k90=65, k95=149, k99=498, top-50 explains 88.1%
    Fold 2/5: train=360, test=90, k90=65
    Spectrum (, L5): k90=64, k95=148, k99=500, top-50 explains 88.2%
    Fold 3/5: train=360, test=90, k90=64
    Spectrum (, L5): k90=65, k95=148, k99=497, top-50 explains 88.1%
    Fold 4/5: train=360, test=90, k90=65
    Spectrum (, L5): k90=65, k95=149, k99=502, top-50 explains 88.0%
    Fold 5/5: train=360, test=90, k90=65
    CV mean: k90=64.8, k95=148.4, top-50 var=88.1%
    [task_structure] same=0.1274±0.0034, cross=0.0387±0.0035, gap=0.0887±0.0004
    [outcome_correspondence] same=0.0701±0.0034, cross=0.0522±0.0035, gap=0.0180±0.0003

  --- AgentB, Layer 6, 5-fold CV ---
    Spectrum (, L6): k90=49, k95=117, k99=429, top-50 explains 90.2%
    Fold 1/5: train=360, test=90, k90=49
    Spectrum (, L6): k90=49, k95=116, k99=428, top-50 explains 90.3%
    Fold 2/5: train=360, test=90, k90=49
    Spectrum (, L6): k90=48, k95=116, k99=429, top-50 explains 90.4%
    Fold 3/5: train=360, test=90, k90=48
    Spectrum (, L6): k90=48, k95=116, k99=428, top-50 explains 90.3%
    Fold 4/5: train=360, test=90, k90=48
    Spectrum (, L6): k90=49, k95=118, k99=433, top-50 explains 90.2%
    Fold 5/5: train=360, test=90, k90=49
    CV mean: k90=48.6, k95=116.6, top-50 var=90.3%
    [task_structure] same=0.1485±0.0031, cross=0.0508±0.0033, gap=0.0977±0.0004
    [outcome_correspondence] same=0.0863±0.0032, cross=0.0651±0.0033, gap=0.0212±0.0002

  --- AgentB, Layer 7, 5-fold CV ---
    Spectrum (, L7): k90=54, k95=128, k99=457, top-50 explains 89.6%
    Fold 1/5: train=360, test=90, k90=54
    Spectrum (, L7): k90=54, k95=129, k99=458, top-50 explains 89.6%
    Fold 2/5: train=360, test=90, k90=54
    Spectrum (, L7): k90=53, k95=128, k99=459, top-50 explains 89.7%
    Fold 3/5: train=360, test=90, k90=53
    Spectrum (, L7): k90=53, k95=129, k99=457, top-50 explains 89.6%
    Fold 4/5: train=360, test=90, k90=53
    Spectrum (, L7): k90=54, k95=130, k99=462, top-50 explains 89.5%
    Fold 5/5: train=360, test=90, k90=54
    CV mean: k90=53.6, k95=128.8, top-50 var=89.6%
    [task_structure] same=0.1532±0.0029, cross=0.0502±0.0032, gap=0.1030±0.0005
    [outcome_correspondence] same=0.0886±0.0032, cross=0.0649±0.0032, gap=0.0237±0.0002

  --- AgentB, Layer 8, 5-fold CV ---
    Spectrum (, L8): k90=57, k95=135, k99=472, top-50 explains 89.1%
    Fold 1/5: train=360, test=90, k90=57
    Spectrum (, L8): k90=58, k95=136, k99=473, top-50 explains 89.0%
    Fold 2/5: train=360, test=90, k90=58
    Spectrum (, L8): k90=57, k95=135, k99=473, top-50 explains 89.1%
    Fold 3/5: train=360, test=90, k90=57
    Spectrum (, L8): k90=57, k95=136, k99=472, top-50 explains 89.1%
    Fold 4/5: train=360, test=90, k90=57
    Spectrum (, L8): k90=58, k95=137, k99=476, top-50 explains 89.0%
    Fold 5/5: train=360, test=90, k90=58
    CV mean: k90=57.4, k95=135.8, top-50 var=89.1%
    [task_structure] same=0.1255±0.0025, cross=0.0404±0.0027, gap=0.0851±0.0004
    [outcome_correspondence] same=0.0713±0.0026, cross=0.0529±0.0027, gap=0.0184±0.0002

  --- AgentB, Layer 9, 5-fold CV ---
    Spectrum (, L9): k90=67, k95=154, k99=502, top-50 explains 87.8%
    Fold 1/5: train=360, test=90, k90=67
    Spectrum (, L9): k90=68, k95=154, k99=503, top-50 explains 87.8%
    Fold 2/5: train=360, test=90, k90=68
    Spectrum (, L9): k90=67, k95=154, k99=504, top-50 explains 87.9%
    Fold 3/5: train=360, test=90, k90=67
    Spectrum (, L9): k90=67, k95=155, k99=503, top-50 explains 87.8%
    Fold 4/5: train=360, test=90, k90=67
    Spectrum (, L9): k90=68, k95=156, k99=507, top-50 explains 87.7%
    Fold 5/5: train=360, test=90, k90=68
    CV mean: k90=67.4, k95=154.6, top-50 var=87.8%
    [task_structure] same=0.1350±0.0024, cross=0.0396±0.0027, gap=0.0954±0.0004
    [outcome_correspondence] same=0.0744±0.0026, cross=0.0536±0.0026, gap=0.0207±0.0002

  --- AgentB, Layer 10, 5-fold CV ---
    Spectrum (, L10): k90=69, k95=162, k99=523, top-50 explains 87.8%
    Fold 1/5: train=360, test=90, k90=69
    Spectrum (, L10): k90=69, k95=162, k99=523, top-50 explains 87.8%
    Fold 2/5: train=360, test=90, k90=69
    Spectrum (, L10): k90=70, k95=163, k99=526, top-50 explains 87.7%
    Fold 3/5: train=360, test=90, k90=70
    Spectrum (, L10): k90=70, k95=163, k99=524, top-50 explains 87.7%
    Fold 4/5: train=360, test=90, k90=70
    Spectrum (, L10): k90=70, k95=164, k99=528, top-50 explains 87.6%
    Fold 5/5: train=360, test=90, k90=70
    CV mean: k90=69.6, k95=162.8, top-50 var=87.7%
    [task_structure] same=0.1360±0.0027, cross=0.0399±0.0031, gap=0.0961±0.0005
    [outcome_correspondence] same=0.0761±0.0030, cross=0.0533±0.0030, gap=0.0228±0.0002

  --- AgentB, Layer 11, 5-fold CV ---
    Spectrum (, L11): k90=68, k95=160, k99=518, top-50 explains 87.9%
    Fold 1/5: train=360, test=90, k90=68
    Spectrum (, L11): k90=68, k95=160, k99=519, top-50 explains 87.9%
    Fold 2/5: train=360, test=90, k90=68
    Spectrum (, L11): k90=68, k95=160, k99=521, top-50 explains 87.9%
    Fold 3/5: train=360, test=90, k90=68
    Spectrum (, L11): k90=68, k95=161, k99=519, top-50 explains 87.9%
    Fold 4/5: train=360, test=90, k90=68
    Spectrum (, L11): k90=69, k95=161, k99=523, top-50 explains 87.8%
    Fold 5/5: train=360, test=90, k90=69
    CV mean: k90=68.2, k95=160.4, top-50 var=87.9%
    [task_structure] same=0.1212±0.0025, cross=0.0404±0.0027, gap=0.0808±0.0003
    [outcome_correspondence] same=0.0698±0.0026, cross=0.0523±0.0026, gap=0.0174±0.0001

  --- AgentB, Layer 12, 5-fold CV ---
    Spectrum (, L12): k90=78, k95=180, k99=556, top-50 explains 86.8%
    Fold 1/5: train=360, test=90, k90=78
    Spectrum (, L12): k90=78, k95=180, k99=556, top-50 explains 86.8%
    Fold 2/5: train=360, test=90, k90=78
    Spectrum (, L12): k90=78, k95=180, k99=560, top-50 explains 86.8%
    Fold 3/5: train=360, test=90, k90=78
    Spectrum (, L12): k90=79, k95=181, k99=558, top-50 explains 86.7%
    Fold 4/5: train=360, test=90, k90=79
    Spectrum (, L12): k90=79, k95=182, k99=561, top-50 explains 86.6%
    Fold 5/5: train=360, test=90, k90=79
    CV mean: k90=78.4, k95=180.6, top-50 var=86.7%
    [task_structure] same=0.1453±0.0026, cross=0.0365±0.0030, gap=0.1088±0.0006
    [outcome_correspondence] same=0.0784±0.0029, cross=0.0512±0.0029, gap=0.0272±0.0001

  --- AgentB, Layer 13, 5-fold CV ---
    Spectrum (, L13): k90=95, k95=209, k99=613, top-50 explains 85.0%
    Fold 1/5: train=360, test=90, k90=95
    Spectrum (, L13): k90=95, k95=209, k99=613, top-50 explains 85.0%
    Fold 2/5: train=360, test=90, k90=95
    Spectrum (, L13): k90=95, k95=211, k99=618, top-50 explains 84.9%
    Fold 3/5: train=360, test=90, k90=95
    Spectrum (, L13): k90=95, k95=210, k99=614, top-50 explains 85.0%
    Fold 4/5: train=360, test=90, k90=95
    Spectrum (, L13): k90=96, k95=211, k99=618, top-50 explains 84.9%
    Fold 5/5: train=360, test=90, k90=96
    CV mean: k90=95.2, k95=210.0, top-50 var=85.0%
    [task_structure] same=0.1465±0.0026, cross=0.0343±0.0030, gap=0.1123±0.0006
    [outcome_correspondence] same=0.0794±0.0030, cross=0.0484±0.0029, gap=0.0310±0.0002

  --- AgentB, Layer 14, 5-fold CV ---
    Spectrum (, L14): k90=110, k95=231, k99=643, top-50 explains 83.0%
    Fold 1/5: train=360, test=90, k90=110
    Spectrum (, L14): k90=110, k95=230, k99=644, top-50 explains 83.1%
    Fold 2/5: train=360, test=90, k90=110
    Spectrum (, L14): k90=111, k95=232, k99=649, top-50 explains 83.1%
    Fold 3/5: train=360, test=90, k90=111
    Spectrum (, L14): k90=111, k95=232, k99=644, top-50 explains 83.0%
    Fold 4/5: train=360, test=90, k90=111
    Spectrum (, L14): k90=112, k95=233, k99=649, top-50 explains 83.0%
    Fold 5/5: train=360, test=90, k90=112
    CV mean: k90=110.8, k95=231.6, top-50 var=83.0%
    [task_structure] same=0.1560±0.0027, cross=0.0300±0.0034, gap=0.1260±0.0008
    [outcome_correspondence] same=0.0816±0.0033, cross=0.0454±0.0032, gap=0.0362±0.0002

  --- AgentB, Layer 15, 5-fold CV ---
    Spectrum (, L15): k90=128, k95=255, k99=674, top-50 explains 80.6%
    Fold 1/5: train=360, test=90, k90=128
    Spectrum (, L15): k90=128, k95=255, k99=675, top-50 explains 80.7%
    Fold 2/5: train=360, test=90, k90=128
    Spectrum (, L15): k90=129, k95=257, k99=680, top-50 explains 80.6%
    Fold 3/5: train=360, test=90, k90=129
    Spectrum (, L15): k90=129, k95=256, k99=675, top-50 explains 80.6%
    Fold 4/5: train=360, test=90, k90=129
    Spectrum (, L15): k90=129, k95=257, k99=678, top-50 explains 80.6%
    Fold 5/5: train=360, test=90, k90=129
    CV mean: k90=128.6, k95=256.0, top-50 var=80.6%
    [task_structure] same=0.1619±0.0023, cross=0.0110±0.0028, gap=0.1509±0.0008
    [outcome_correspondence] same=0.0743±0.0027, cross=0.0287±0.0027, gap=0.0456±0.0003

  --- AgentB, Layer 16, 5-fold CV ---
    Spectrum (, L16): k90=139, k95=274, k99=705, top-50 explains 79.5%
    Fold 1/5: train=360, test=90, k90=139
    Spectrum (, L16): k90=138, k95=274, k99=706, top-50 explains 79.5%
    Fold 2/5: train=360, test=90, k90=138
    Spectrum (, L16): k90=139, k95=276, k99=711, top-50 explains 79.5%
    Fold 3/5: train=360, test=90, k90=139
    Spectrum (, L16): k90=138, k95=274, k99=705, top-50 explains 79.4%
    Fold 4/5: train=360, test=90, k90=138
    Spectrum (, L16): k90=140, k95=276, k99=710, top-50 explains 79.4%
    Fold 5/5: train=360, test=90, k90=140
    CV mean: k90=138.8, k95=274.8, top-50 var=79.5%
    [task_structure] same=0.1696±0.0017, cross=-0.0014±0.0025, gap=0.1710±0.0010
    [outcome_correspondence] same=0.0759±0.0023, cross=0.0155±0.0023, gap=0.0604±0.0005

  --- AgentB, Layer 17, 5-fold CV ---
    Spectrum (, L17): k90=130, k95=261, k99=692, top-50 explains 80.7%
    Fold 1/5: train=360, test=90, k90=130
    Spectrum (, L17): k90=129, k95=261, k99=693, top-50 explains 80.7%
    Fold 2/5: train=360, test=90, k90=129
    Spectrum (, L17): k90=130, k95=263, k99=698, top-50 explains 80.6%
    Fold 3/5: train=360, test=90, k90=130
    Spectrum (, L17): k90=130, k95=262, k99=692, top-50 explains 80.6%
    Fold 4/5: train=360, test=90, k90=130
    Spectrum (, L17): k90=130, k95=264, k99=697, top-50 explains 80.6%
    Fold 5/5: train=360, test=90, k90=130
    CV mean: k90=129.8, k95=262.2, top-50 var=80.6%
    [task_structure] same=0.1640±0.0020, cross=0.0072±0.0028, gap=0.1568±0.0010
    [outcome_correspondence] same=0.0796±0.0026, cross=0.0219±0.0027, gap=0.0576±0.0004

  --- AgentB, Layer 18, 5-fold CV ---
    Spectrum (, L18): k90=131, k95=263, k99=694, top-50 explains 80.4%
    Fold 1/5: train=360, test=90, k90=131
    Spectrum (, L18): k90=131, k95=263, k99=696, top-50 explains 80.4%
    Fold 2/5: train=360, test=90, k90=131
    Spectrum (, L18): k90=132, k95=265, k99=701, top-50 explains 80.3%
    Fold 3/5: train=360, test=90, k90=132
    Spectrum (, L18): k90=133, k95=265, k99=697, top-50 explains 80.2%
    Fold 4/5: train=360, test=90, k90=133
    Spectrum (, L18): k90=132, k95=265, k99=700, top-50 explains 80.3%
    Fold 5/5: train=360, test=90, k90=132
    CV mean: k90=131.8, k95=264.2, top-50 var=80.3%
    [task_structure] same=0.1534±0.0017, cross=0.0026±0.0022, gap=0.1508±0.0008
    [outcome_correspondence] same=0.0740±0.0020, cross=0.0157±0.0020, gap=0.0583±0.0004

  --- AgentB, Layer 19, 5-fold CV ---
    Spectrum (, L19): k90=135, k95=269, k99=704, top-50 explains 79.8%
    Fold 1/5: train=360, test=90, k90=135
    Spectrum (, L19): k90=135, k95=269, k99=706, top-50 explains 79.8%
    Fold 2/5: train=360, test=90, k90=135
    Spectrum (, L19): k90=136, k95=270, k99=710, top-50 explains 79.9%
    Fold 3/5: train=360, test=90, k90=136
    Spectrum (, L19): k90=136, k95=270, k99=706, top-50 explains 79.7%
    Fold 4/5: train=360, test=90, k90=136
    Spectrum (, L19): k90=136, k95=270, k99=709, top-50 explains 79.8%
    Fold 5/5: train=360, test=90, k90=136
    CV mean: k90=135.6, k95=269.6, top-50 var=79.8%
    [task_structure] same=0.1496±0.0015, cross=0.0005±0.0019, gap=0.1492±0.0009
    [outcome_correspondence] same=0.0707±0.0018, cross=0.0137±0.0018, gap=0.0570±0.0004

  --- AgentB, Layer 20, 5-fold CV ---
    Spectrum (, L20): k90=131, k95=261, k99=695, top-50 explains 80.1%
    Fold 1/5: train=360, test=90, k90=131
    Spectrum (, L20): k90=130, k95=260, k99=696, top-50 explains 80.1%
    Fold 2/5: train=360, test=90, k90=130
    Spectrum (, L20): k90=131, k95=262, k99=701, top-50 explains 80.2%
    Fold 3/5: train=360, test=90, k90=131
    Spectrum (, L20): k90=132, k95=262, k99=696, top-50 explains 80.0%
    Fold 4/5: train=360, test=90, k90=132
    Spectrum (, L20): k90=131, k95=262, k99=699, top-50 explains 80.1%
    Fold 5/5: train=360, test=90, k90=131
    CV mean: k90=131.0, k95=261.4, top-50 var=80.1%
    [task_structure] same=0.1499±0.0011, cross=-0.0066±0.0014, gap=0.1565±0.0008
    [outcome_correspondence] same=0.0679±0.0013, cross=0.0068±0.0013, gap=0.0611±0.0004

  --- AgentB, Layer 21, 5-fold CV ---
    Spectrum (, L21): k90=135, k95=268, k99=706, top-50 explains 79.6%
    Fold 1/5: train=360, test=90, k90=135
    Spectrum (, L21): k90=134, k95=267, k99=707, top-50 explains 79.6%
    Fold 2/5: train=360, test=90, k90=134
    Spectrum (, L21): k90=135, k95=269, k99=712, top-50 explains 79.6%
    Fold 3/5: train=360, test=90, k90=135
    Spectrum (, L21): k90=135, k95=269, k99=708, top-50 explains 79.5%
    Fold 4/5: train=360, test=90, k90=135
    Spectrum (, L21): k90=135, k95=269, k99=711, top-50 explains 79.6%
    Fold 5/5: train=360, test=90, k90=135
    CV mean: k90=134.8, k95=268.4, top-50 var=79.6%
    [task_structure] same=0.1471±0.0011, cross=-0.0072±0.0014, gap=0.1543±0.0008
    [outcome_correspondence] same=0.0670±0.0012, cross=0.0057±0.0013, gap=0.0613±0.0004

  --- AgentB, Layer 22, 5-fold CV ---
    Spectrum (, L22): k90=137, k95=272, k99=712, top-50 explains 79.5%
    Fold 1/5: train=360, test=90, k90=137
    Spectrum (, L22): k90=136, k95=271, k99=714, top-50 explains 79.5%
    Fold 2/5: train=360, test=90, k90=136
    Spectrum (, L22): k90=138, k95=273, k99=719, top-50 explains 79.5%
    Fold 3/5: train=360, test=90, k90=138
    Spectrum (, L22): k90=138, k95=273, k99=713, top-50 explains 79.4%
    Fold 4/5: train=360, test=90, k90=138
    Spectrum (, L22): k90=137, k95=273, k99=717, top-50 explains 79.5%
    Fold 5/5: train=360, test=90, k90=137
    CV mean: k90=137.2, k95=272.4, top-50 var=79.5%
    [task_structure] same=0.1424±0.0011, cross=-0.0068±0.0014, gap=0.1492±0.0009
    [outcome_correspondence] same=0.0649±0.0012, cross=0.0057±0.0013, gap=0.0592±0.0005

  --- AgentB, Layer 23, 5-fold CV ---
    Spectrum (, L23): k90=136, k95=270, k99=709, top-50 explains 79.7%
    Fold 1/5: train=360, test=90, k90=136
    Spectrum (, L23): k90=134, k95=269, k99=711, top-50 explains 79.7%
    Fold 2/5: train=360, test=90, k90=134
    Spectrum (, L23): k90=136, k95=271, k99=715, top-50 explains 79.7%
    Fold 3/5: train=360, test=90, k90=136
    Spectrum (, L23): k90=136, k95=271, k99=711, top-50 explains 79.5%
    Fold 4/5: train=360, test=90, k90=136
    Spectrum (, L23): k90=135, k95=271, k99=714, top-50 explains 79.7%
    Fold 5/5: train=360, test=90, k90=135
    CV mean: k90=135.4, k95=270.4, top-50 var=79.7%
    [task_structure] same=0.1401±0.0011, cross=-0.0069±0.0013, gap=0.1470±0.0008
    [outcome_correspondence] same=0.0654±0.0012, cross=0.0045±0.0013, gap=0.0609±0.0005

  --- AgentB, Layer 24, 5-fold CV ---
    Spectrum (, L24): k90=139, k95=275, k99=717, top-50 explains 79.3%
    Fold 1/5: train=360, test=90, k90=139
    Spectrum (, L24): k90=137, k95=274, k99=718, top-50 explains 79.3%
    Fold 2/5: train=360, test=90, k90=137
    Spectrum (, L24): k90=139, k95=276, k99=723, top-50 explains 79.4%
    Fold 3/5: train=360, test=90, k90=139
    Spectrum (, L24): k90=139, k95=276, k99=718, top-50 explains 79.2%
    Fold 4/5: train=360, test=90, k90=139
    Spectrum (, L24): k90=139, k95=277, k99=722, top-50 explains 79.3%
    Fold 5/5: train=360, test=90, k90=139
    CV mean: k90=138.6, k95=275.6, top-50 var=79.3%
    [task_structure] same=0.1357±0.0012, cross=-0.0069±0.0013, gap=0.1426±0.0007
    [outcome_correspondence] same=0.0638±0.0011, cross=0.0038±0.0013, gap=0.0601±0.0004

  --- AgentB, Layer 25, 5-fold CV ---
    Spectrum (, L25): k90=137, k95=275, k99=716, top-50 explains 79.6%
    Fold 1/5: train=360, test=90, k90=137
    Spectrum (, L25): k90=136, k95=273, k99=717, top-50 explains 79.7%
    Fold 2/5: train=360, test=90, k90=136
    Spectrum (, L25): k90=137, k95=275, k99=721, top-50 explains 79.7%
    Fold 3/5: train=360, test=90, k90=137
    Spectrum (, L25): k90=137, k95=275, k99=717, top-50 explains 79.6%
    Fold 4/5: train=360, test=90, k90=137
    Spectrum (, L25): k90=137, k95=276, k99=721, top-50 explains 79.6%
    Fold 5/5: train=360, test=90, k90=137
    CV mean: k90=136.8, k95=274.8, top-50 var=79.6%
    [task_structure] same=0.1297±0.0012, cross=-0.0073±0.0011, gap=0.1370±0.0008
    [outcome_correspondence] same=0.0614±0.0009, cross=0.0025±0.0012, gap=0.0589±0.0005

  --- AgentB, Layer 26, 5-fold CV ---
    Spectrum (, L26): k90=139, k95=277, k99=722, top-50 explains 79.5%
    Fold 1/5: train=360, test=90, k90=139
    Spectrum (, L26): k90=138, k95=276, k99=723, top-50 explains 79.5%
    Fold 2/5: train=360, test=90, k90=138
    Spectrum (, L26): k90=139, k95=278, k99=727, top-50 explains 79.5%
    Fold 3/5: train=360, test=90, k90=139
    Spectrum (, L26): k90=139, k95=278, k99=722, top-50 explains 79.4%
    Fold 4/5: train=360, test=90, k90=139
    Spectrum (, L26): k90=139, k95=278, k99=727, top-50 explains 79.5%
    Fold 5/5: train=360, test=90, k90=139
    CV mean: k90=138.8, k95=277.4, top-50 var=79.5%
    [task_structure] same=0.1225±0.0012, cross=-0.0060±0.0011, gap=0.1285±0.0006
    [outcome_correspondence] same=0.0588±0.0009, cross=0.0030±0.0012, gap=0.0558±0.0004

  --- AgentB, Layer 27, 5-fold CV ---
    Spectrum (, L27): k90=139, k95=277, k99=722, top-50 explains 79.5%
    Fold 1/5: train=360, test=90, k90=139
    Spectrum (, L27): k90=138, k95=276, k99=724, top-50 explains 79.5%
    Fold 2/5: train=360, test=90, k90=138
    Spectrum (, L27): k90=139, k95=278, k99=728, top-50 explains 79.5%
    Fold 3/5: train=360, test=90, k90=139
    Spectrum (, L27): k90=139, k95=278, k99=724, top-50 explains 79.4%
    Fold 4/5: train=360, test=90, k90=139
    Spectrum (, L27): k90=139, k95=279, k99=728, top-50 explains 79.5%
    Fold 5/5: train=360, test=90, k90=139
    CV mean: k90=138.8, k95=277.6, top-50 var=79.5%
    [task_structure] same=0.1143±0.0012, cross=-0.0059±0.0011, gap=0.1202±0.0006
    [outcome_correspondence] same=0.0553±0.0009, cross=0.0022±0.0012, gap=0.0531±0.0005

  --- AgentB, Layer 28, 5-fold CV ---
    Spectrum (, L28): k90=144, k95=285, k99=730, top-50 explains 79.0%
    Fold 1/5: train=360, test=90, k90=144
    Spectrum (, L28): k90=143, k95=284, k99=731, top-50 explains 79.0%
    Fold 2/5: train=360, test=90, k90=143
    Spectrum (, L28): k90=144, k95=286, k99=735, top-50 explains 79.0%
    Fold 3/5: train=360, test=90, k90=144
    Spectrum (, L28): k90=144, k95=286, k99=732, top-50 explains 78.9%
    Fold 4/5: train=360, test=90, k90=144
    Spectrum (, L28): k90=144, k95=287, k99=736, top-50 explains 78.9%
    Fold 5/5: train=360, test=90, k90=144
    CV mean: k90=143.8, k95=285.6, top-50 var=78.9%
    [task_structure] same=0.1080±0.0015, cross=-0.0045±0.0013, gap=0.1125±0.0004
    [outcome_correspondence] same=0.0525±0.0011, cross=0.0032±0.0015, gap=0.0493±0.0005

  --- AgentB, Layer 29, 5-fold CV ---
    Spectrum (, L29): k90=151, k95=299, k99=749, top-50 explains 78.3%
    Fold 1/5: train=360, test=90, k90=151
    Spectrum (, L29): k90=150, k95=298, k99=750, top-50 explains 78.3%
    Fold 2/5: train=360, test=90, k90=150
    Spectrum (, L29): k90=151, k95=300, k99=755, top-50 explains 78.2%
    Fold 3/5: train=360, test=90, k90=151
    Spectrum (, L29): k90=152, k95=301, k99=753, top-50 explains 78.1%
    Fold 4/5: train=360, test=90, k90=152
    Spectrum (, L29): k90=153, k95=303, k99=757, top-50 explains 78.2%
    Fold 5/5: train=360, test=90, k90=153
    CV mean: k90=151.4, k95=300.2, top-50 var=78.2%
    [task_structure] same=0.0987±0.0017, cross=-0.0042±0.0014, gap=0.1029±0.0004
    [outcome_correspondence] same=0.0473±0.0013, cross=0.0033±0.0016, gap=0.0440±0.0005

  --- AgentB, Layer 30, 5-fold CV ---
    Spectrum (, L30): k90=150, k95=298, k99=745, top-50 explains 78.2%
    Fold 1/5: train=360, test=90, k90=150
    Spectrum (, L30): k90=149, k95=296, k99=746, top-50 explains 78.2%
    Fold 2/5: train=360, test=90, k90=149
    Spectrum (, L30): k90=151, k95=299, k99=751, top-50 explains 78.1%
    Fold 3/5: train=360, test=90, k90=151
    Spectrum (, L30): k90=151, k95=300, k99=749, top-50 explains 78.0%
    Fold 4/5: train=360, test=90, k90=151
    Spectrum (, L30): k90=152, k95=302, k99=753, top-50 explains 78.0%
    Fold 5/5: train=360, test=90, k90=152
    CV mean: k90=150.6, k95=299.0, top-50 var=78.1%
    [task_structure] same=0.0894±0.0016, cross=-0.0032±0.0015, gap=0.0926±0.0003
    [outcome_correspondence] same=0.0441±0.0013, cross=0.0030±0.0016, gap=0.0411±0.0005

  --- AgentB, Layer 31, 5-fold CV ---
    Spectrum (, L31): k90=149, k95=288, k99=720, top-50 explains 77.4%
    Fold 1/5: train=360, test=90, k90=149
    Spectrum (, L31): k90=147, k95=286, k99=720, top-50 explains 77.5%
    Fold 2/5: train=360, test=90, k90=147
    Spectrum (, L31): k90=149, k95=289, k99=726, top-50 explains 77.3%
    Fold 3/5: train=360, test=90, k90=149
    Spectrum (, L31): k90=149, k95=289, k99=724, top-50 explains 77.2%
    Fold 4/5: train=360, test=90, k90=149
    Spectrum (, L31): k90=151, k95=292, k99=728, top-50 explains 77.1%
    Fold 5/5: train=360, test=90, k90=151
    CV mean: k90=149.0, k95=288.8, top-50 var=77.3%
    [task_structure] same=0.0846±0.0017, cross=-0.0024±0.0016, gap=0.0870±0.0003
    [outcome_correspondence] same=0.0405±0.0014, cross=0.0042±0.0018, gap=0.0363±0.0005

  --- Joint SVD (same-model pair) ---
  Joint SVD layer 0...
    Spectrum (Joint, L0): k90=14, k95=30, k99=93, top-50 explains 97.4%
    Saved: /juice6/u/jshe/nlp/LM_neural_synchrony/playground/svd_plots/spectrum_Joint_Misv0.3Misv0.3_L0.png
    L0: Agent A vs B cosine = 0.7886 ± 0.2560
  Joint SVD layer 1...
    Spectrum (Joint, L1): k90=74, k95=158, k99=558, top-50 explains 86.1%
    Saved: /juice6/u/jshe/nlp/LM_neural_synchrony/playground/svd_plots/spectrum_Joint_Misv0.3Misv0.3_L1.png
    L1: Agent A vs B cosine = 0.5651 ± 0.1926
  Joint SVD layer 2...
    Spectrum (Joint, L2): k90=85, k95=184, k99=657, top-50 explains 84.8%
    Saved: /juice6/u/jshe/nlp/LM_neural_synchrony/playground/svd_plots/spectrum_Joint_Misv0.3Misv0.3_L2.png
    L2: Agent A vs B cosine = 0.6767 ± 0.1483
  Joint SVD layer 3...
    Spectrum (Joint, L3): k90=72, k95=163, k99=617, top-50 explains 86.9%
    Saved: /juice6/u/jshe/nlp/LM_neural_synchrony/playground/svd_plots/spectrum_Joint_Misv0.3Misv0.3_L3.png
    L3: Agent A vs B cosine = 0.6649 ± 0.1543
  Joint SVD layer 4...
    Spectrum (Joint, L4): k90=61, k95=146, k99=589, top-50 explains 88.6%
    Saved: /juice6/u/jshe/nlp/LM_neural_synchrony/playground/svd_plots/spectrum_Joint_Misv0.3Misv0.3_L4.png
    L4: Agent A vs B cosine = 0.6851 ± 0.1560
  Joint SVD layer 5...
    Spectrum (Joint, L5): k90=58, k95=144, k99=585, top-50 explains 89.1%
    Saved: /juice6/u/jshe/nlp/LM_neural_synchrony/playground/svd_plots/spectrum_Joint_Misv0.3Misv0.3_L5.png
    L5: Agent A vs B cosine = 0.6949 ± 0.1606
  Joint SVD layer 6...
    Spectrum (Joint, L6): k90=43, k95=112, k99=495, top-50 explains 91.0%
    Saved: /juice6/u/jshe/nlp/LM_neural_synchrony/playground/svd_plots/spectrum_Joint_Misv0.3Misv0.3_L6.png
    L6: Agent A vs B cosine = 0.7017 ± 0.1438
  Joint SVD layer 7...
    Spectrum (Joint, L7): k90=44, k95=121, k99=528, top-50 explains 90.7%
    Saved: /juice6/u/jshe/nlp/LM_neural_synchrony/playground/svd_plots/spectrum_Joint_Misv0.3Misv0.3_L7.png
    L7: Agent A vs B cosine = 0.6871 ± 0.1404
  Joint SVD layer 8...
    Spectrum (Joint, L8): k90=50, k95=132, k99=560, top-50 explains 90.0%
    Saved: /juice6/u/jshe/nlp/LM_neural_synchrony/playground/svd_plots/spectrum_Joint_Misv0.3Misv0.3_L8.png
    L8: Agent A vs B cosine = 0.5050 ± 0.1666
  Joint SVD layer 9...
    Spectrum (Joint, L9): k90=58, k95=151, k99=604, top-50 explains 89.1%
    Saved: /juice6/u/jshe/nlp/LM_neural_synchrony/playground/svd_plots/spectrum_Joint_Misv0.3Misv0.3_L9.png
    L9: Agent A vs B cosine = 0.5474 ± 0.1616
  Joint SVD layer 10...
    Spectrum (Joint, L10): k90=59, k95=161, k99=645, top-50 explains 89.0%
    Saved: /juice6/u/jshe/nlp/LM_neural_synchrony/playground/svd_plots/spectrum_Joint_Misv0.3Misv0.3_L10.png
    L10: Agent A vs B cosine = 0.4719 ± 0.1848
  Joint SVD layer 11...
    Spectrum (Joint, L11): k90=61, k95=163, k99=652, top-50 explains 88.9%
    Saved: /juice6/u/jshe/nlp/LM_neural_synchrony/playground/svd_plots/spectrum_Joint_Misv0.3Misv0.3_L11.png
    L11: Agent A vs B cosine = 0.4901 ± 0.1763
  Joint SVD layer 12...
    Spectrum (Joint, L12): k90=71, k95=188, k99=717, top-50 explains 87.9%
    Saved: /juice6/u/jshe/nlp/LM_neural_synchrony/playground/svd_plots/spectrum_Joint_Misv0.3Misv0.3_L12.png
    L12: Agent A vs B cosine = 0.5104 ± 0.1560
  Joint SVD layer 13...
    Spectrum (Joint, L13): k90=87, k95=224, k99=812, top-50 explains 86.5%
    Saved: /juice6/u/jshe/nlp/LM_neural_synchrony/playground/svd_plots/spectrum_Joint_Misv0.3Misv0.3_L13.png
    L13: Agent A vs B cosine = 0.4747 ± 0.1618
  Joint SVD layer 14...
    Spectrum (Joint, L14): k90=108, k95=259, k99=878, top-50 explains 84.5%
    Saved: /juice6/u/jshe/nlp/LM_neural_synchrony/playground/svd_plots/spectrum_Joint_Misv0.3Misv0.3_L14.png
    L14: Agent A vs B cosine = 0.5074 ± 0.1545
  Joint SVD layer 15...
    Spectrum (Joint, L15): k90=135, k95=303, k99=950, top-50 explains 81.6%
    Saved: /juice6/u/jshe/nlp/LM_neural_synchrony/playground/svd_plots/spectrum_Joint_Misv0.3Misv0.3_L15.png
    L15: Agent A vs B cosine = 0.4532 ± 0.1732
  Joint SVD layer 16...
    Spectrum (Joint, L16): k90=150, k95=331, k99=1013, top-50 explains 80.2%
    Saved: /juice6/u/jshe/nlp/LM_neural_synchrony/playground/svd_plots/spectrum_Joint_Misv0.3Misv0.3_L16.png
    L16: Agent A vs B cosine = 0.4841 ± 0.1818
  Joint SVD layer 17...
    Spectrum (Joint, L17): k90=139, k95=312, k99=987, top-50 explains 81.3%
    Saved: /juice6/u/jshe/nlp/LM_neural_synchrony/playground/svd_plots/spectrum_Joint_Misv0.3Misv0.3_L17.png
    L17: Agent A vs B cosine = 0.5193 ± 0.1756
  Joint SVD layer 18...
    Spectrum (Joint, L18): k90=145, k95=322, k99=1007, top-50 explains 80.5%
    Saved: /juice6/u/jshe/nlp/LM_neural_synchrony/playground/svd_plots/spectrum_Joint_Misv0.3Misv0.3_L18.png
    L18: Agent A vs B cosine = 0.5416 ± 0.1782
  Joint SVD layer 19...
    Spectrum (Joint, L19): k90=156, k95=337, k99=1037, top-50 explains 79.4%
    Saved: /juice6/u/jshe/nlp/LM_neural_synchrony/playground/svd_plots/spectrum_Joint_Misv0.3Misv0.3_L19.png
    L19: Agent A vs B cosine = 0.5326 ± 0.1938
  Joint SVD layer 20...
    Spectrum (Joint, L20): k90=154, k95=333, k99=1036, top-50 explains 79.4%
    Saved: /juice6/u/jshe/nlp/LM_neural_synchrony/playground/svd_plots/spectrum_Joint_Misv0.3Misv0.3_L20.png
    L20: Agent A vs B cosine = 0.5999 ± 0.1779
  Joint SVD layer 21...
    Spectrum (Joint, L21): k90=160, k95=345, k99=1064, top-50 explains 78.7%
    Saved: /juice6/u/jshe/nlp/LM_neural_synchrony/playground/svd_plots/spectrum_Joint_Misv0.3Misv0.3_L21.png
    L21: Agent A vs B cosine = 0.6081 ± 0.1774
  Joint SVD layer 22...
    Spectrum (Joint, L22): k90=164, k95=351, k99=1078, top-50 explains 78.5%
    Saved: /juice6/u/jshe/nlp/LM_neural_synchrony/playground/svd_plots/spectrum_Joint_Misv0.3Misv0.3_L22.png
    L22: Agent A vs B cosine = 0.6147 ± 0.1780
  Joint SVD layer 23...
    Spectrum (Joint, L23): k90=163, k95=351, k99=1079, top-50 explains 78.6%
    Saved: /juice6/u/jshe/nlp/LM_neural_synchrony/playground/svd_plots/spectrum_Joint_Misv0.3Misv0.3_L23.png
    L23: Agent A vs B cosine = 0.6085 ± 0.1853
  Joint SVD layer 24...
    Spectrum (Joint, L24): k90=170, k95=363, k99=1104, top-50 explains 77.9%
    Saved: /juice6/u/jshe/nlp/LM_neural_synchrony/playground/svd_plots/spectrum_Joint_Misv0.3Misv0.3_L24.png
    L24: Agent A vs B cosine = 0.6278 ± 0.1801
  Joint SVD layer 25...
    Spectrum (Joint, L25): k90=170, k95=365, k99=1108, top-50 explains 78.1%
    Saved: /juice6/u/jshe/nlp/LM_neural_synchrony/playground/svd_plots/spectrum_Joint_Misv0.3Misv0.3_L25.png
    L25: Agent A vs B cosine = 0.6365 ± 0.1817
  Joint SVD layer 26...
    Spectrum (Joint, L26): k90=172, k95=371, k99=1124, top-50 explains 77.9%
    Saved: /juice6/u/jshe/nlp/LM_neural_synchrony/playground/svd_plots/spectrum_Joint_Misv0.3Misv0.3_L26.png
    L26: Agent A vs B cosine = 0.6553 ± 0.1787
  Joint SVD layer 27...
    Spectrum (Joint, L27): k90=173, k95=374, k99=1132, top-50 explains 77.8%
    Saved: /juice6/u/jshe/nlp/LM_neural_synchrony/playground/svd_plots/spectrum_Joint_Misv0.3Misv0.3_L27.png
    L27: Agent A vs B cosine = 0.6708 ± 0.1767
  Joint SVD layer 28...
    Spectrum (Joint, L28): k90=179, k95=387, k99=1146, top-50 explains 77.3%
    Saved: /juice6/u/jshe/nlp/LM_neural_synchrony/playground/svd_plots/spectrum_Joint_Misv0.3Misv0.3_L28.png
    L28: Agent A vs B cosine = 0.6890 ± 0.1749
  Joint SVD layer 29...
    Spectrum (Joint, L29): k90=191, k95=414, k99=1189, top-50 explains 76.6%
    Saved: /juice6/u/jshe/nlp/LM_neural_synchrony/playground/svd_plots/spectrum_Joint_Misv0.3Misv0.3_L29.png
    L29: Agent A vs B cosine = 0.7172 ± 0.1634
  Joint SVD layer 30...
    Spectrum (Joint, L30): k90=191, k95=413, k99=1186, top-50 explains 76.5%
    Saved: /juice6/u/jshe/nlp/LM_neural_synchrony/playground/svd_plots/spectrum_Joint_Misv0.3Misv0.3_L30.png
    L30: Agent A vs B cosine = 0.7317 ± 0.1596
  Joint SVD layer 31...
    Spectrum (Joint, L31): k90=186, k95=393, k99=1138, top-50 explains 75.7%
    Saved: /juice6/u/jshe/nlp/LM_neural_synchrony/playground/svd_plots/spectrum_Joint_Misv0.3Misv0.3_L31.png
    L31: Agent A vs B cosine = 0.7448 ± 0.1550

Saved: /juice6/u/jshe/nlp/LM_neural_synchrony/svd_v2_cv_Misv0.3Misv0.3_L0_L1_L2_L3_L4_L5_L6_L7_L8_L9_L10_L11_L12_L13_L14_L15_L16_L17_L18_L19_L20_L21_L22_L23_L24_L25_L26_L27_L28_L29_L30_L31.json

############################################################
SVD Analysis: Mistral-7B-Instruct-v0.3_None_0_Mistral-7B-Instruct-v0.2_None_0 (Misv0.3Misv0.2)
Layers A: [0, 1, 2, 3, 4, 5, 6, 7, 8, 9, 10, 11, 12, 13, 14, 15, 16, 17, 18, 19, 20, 21, 22, 23, 24, 25, 26, 27, 28, 29, 30, 31], Layers B: [0, 1, 2, 3, 4, 5, 6, 7, 8, 9, 10, 11, 12, 13, 14, 15, 16, 17, 18, 19, 20, 21, 22, 23, 24, 25, 26, 27, 28, 29, 30, 31], k=50
############################################################
Loading features for Mistral-7B-Instruct-v0.3_None_0_Mistral-7B-Instruct-v0.2_None_0...
Loaded 450 episodes

  --- AgentA, Layer 0, 5-fold CV ---
    Spectrum (, L0): k90=13, k95=28, k99=84, top-50 explains 97.7%
    Fold 1/5: train=360, test=90, k90=13
    Spectrum (, L0): k90=14, k95=28, k99=84, top-50 explains 97.7%
    Fold 2/5: train=360, test=90, k90=14
    Spectrum (, L0): k90=13, k95=27, k99=83, top-50 explains 97.8%
    Fold 3/5: train=360, test=90, k90=13
    Spectrum (, L0): k90=13, k95=28, k99=83, top-50 explains 97.8%
    Fold 4/5: train=360, test=90, k90=13
    Spectrum (, L0): k90=13, k95=27, k99=82, top-50 explains 97.8%
    Fold 5/5: train=360, test=90, k90=13
    CV mean: k90=13.2, k95=27.6, top-50 var=97.8%
    [task_structure] same=0.0966±0.0019, cross=-0.0106±0.0027, gap=0.1072±0.0016
    [outcome_correspondence] same=0.0351±0.0017, cross=0.0015±0.0031, gap=0.0336±0.0020

  --- AgentA, Layer 1, 5-fold CV ---
    Spectrum (, L1): k90=62, k95=131, k99=442, top-50 explains 88.2%
    Fold 1/5: train=360, test=90, k90=62
    Spectrum (, L1): k90=61, k95=130, k99=439, top-50 explains 88.3%
    Fold 2/5: train=360, test=90, k90=61
    Spectrum (, L1): k90=61, k95=130, k99=439, top-50 explains 88.3%
    Fold 3/5: train=360, test=90, k90=61
    Spectrum (, L1): k90=61, k95=130, k99=435, top-50 explains 88.3%
    Fold 4/5: train=360, test=90, k90=61
    Spectrum (, L1): k90=61, k95=130, k99=440, top-50 explains 88.3%
    Fold 5/5: train=360, test=90, k90=61
    CV mean: k90=61.2, k95=130.2, top-50 var=88.3%
    [task_structure] same=0.0986±0.0019, cross=-0.0017±0.0017, gap=0.1003±0.0006
    [outcome_correspondence] same=0.0386±0.0016, cross=0.0110±0.0018, gap=0.0276±0.0003

  --- AgentA, Layer 2, 5-fold CV ---
    Spectrum (, L2): k90=68, k95=148, k99=489, top-50 explains 87.2%
    Fold 1/5: train=360, test=90, k90=68
    Spectrum (, L2): k90=68, k95=147, k99=486, top-50 explains 87.2%
    Fold 2/5: train=360, test=90, k90=68
    Spectrum (, L2): k90=68, k95=147, k99=488, top-50 explains 87.1%
    Fold 3/5: train=360, test=90, k90=68
    Spectrum (, L2): k90=68, k95=146, k99=481, top-50 explains 87.2%
    Fold 4/5: train=360, test=90, k90=68
    Spectrum (, L2): k90=68, k95=148, k99=490, top-50 explains 87.1%
    Fold 5/5: train=360, test=90, k90=68
    CV mean: k90=68.0, k95=147.2, top-50 var=87.2%
    [task_structure] same=0.1213±0.0030, cross=0.0170±0.0030, gap=0.1043±0.0005
    [outcome_correspondence] same=0.0554±0.0029, cross=0.0320±0.0031, gap=0.0234±0.0003

  --- AgentA, Layer 3, 5-fold CV ---
    Spectrum (, L3): k90=54, k95=122, k99=445, top-50 explains 89.5%
    Fold 1/5: train=360, test=90, k90=54
    Spectrum (, L3): k90=54, k95=122, k99=442, top-50 explains 89.5%
    Fold 2/5: train=360, test=90, k90=54
    Spectrum (, L3): k90=54, k95=122, k99=444, top-50 explains 89.4%
    Fold 3/5: train=360, test=90, k90=54
    Spectrum (, L3): k90=53, k95=120, k99=438, top-50 explains 89.5%
    Fold 4/5: train=360, test=90, k90=53
    Spectrum (, L3): k90=55, k95=123, k99=448, top-50 explains 89.4%
    Fold 5/5: train=360, test=90, k90=55
    CV mean: k90=54.0, k95=121.8, top-50 var=89.5%
    [task_structure] same=0.1177±0.0038, cross=0.0253±0.0041, gap=0.0924±0.0006
    [outcome_correspondence] same=0.0579±0.0039, cross=0.0394±0.0041, gap=0.0186±0.0004

  --- AgentA, Layer 4, 5-fold CV ---
    Spectrum (, L4): k90=44, k95=107, k99=421, top-50 explains 90.9%
    Fold 1/5: train=360, test=90, k90=44
    Spectrum (, L4): k90=44, k95=107, k99=418, top-50 explains 90.9%
    Fold 2/5: train=360, test=90, k90=44
    Spectrum (, L4): k90=44, k95=107, k99=420, top-50 explains 90.9%
    Fold 3/5: train=360, test=90, k90=44
    Spectrum (, L4): k90=44, k95=106, k99=413, top-50 explains 90.9%
    Fold 4/5: train=360, test=90, k90=44
    Spectrum (, L4): k90=45, k95=108, k99=424, top-50 explains 90.8%
    Fold 5/5: train=360, test=90, k90=45
    CV mean: k90=44.2, k95=107.0, top-50 var=90.9%
    [task_structure] same=0.1238±0.0051, cross=0.0331±0.0053, gap=0.0907±0.0005
    [outcome_correspondence] same=0.0639±0.0050, cross=0.0476±0.0053, gap=0.0163±0.0004

  --- AgentA, Layer 5, 5-fold CV ---
    Spectrum (, L5): k90=41, k95=104, k99=415, top-50 explains 91.3%
    Fold 1/5: train=360, test=90, k90=41
    Spectrum (, L5): k90=41, k95=104, k99=412, top-50 explains 91.3%
    Fold 2/5: train=360, test=90, k90=41
    Spectrum (, L5): k90=41, k95=104, k99=414, top-50 explains 91.2%
    Fold 3/5: train=360, test=90, k90=41
    Spectrum (, L5): k90=41, k95=103, k99=407, top-50 explains 91.3%
    Fold 4/5: train=360, test=90, k90=41
    Spectrum (, L5): k90=42, k95=106, k99=418, top-50 explains 91.2%
    Fold 5/5: train=360, test=90, k90=42
    CV mean: k90=41.2, k95=104.2, top-50 var=91.3%
    [task_structure] same=0.1249±0.0057, cross=0.0368±0.0059, gap=0.0882±0.0005
    [outcome_correspondence] same=0.0666±0.0056, cross=0.0510±0.0060, gap=0.0156±0.0005

  --- AgentA, Layer 6, 5-fold CV ---
    Spectrum (, L6): k90=30, k95=83, k99=357, top-50 explains 92.7%
    Fold 1/5: train=360, test=90, k90=30
    Spectrum (, L6): k90=30, k95=83, k99=355, top-50 explains 92.7%
    Fold 2/5: train=360, test=90, k90=30
    Spectrum (, L6): k90=31, k95=83, k99=358, top-50 explains 92.7%
    Fold 3/5: train=360, test=90, k90=31
    Spectrum (, L6): k90=30, k95=82, k99=351, top-50 explains 92.8%
    Fold 4/5: train=360, test=90, k90=30
    Spectrum (, L6): k90=31, k95=84, k99=361, top-50 explains 92.6%
    Fold 5/5: train=360, test=90, k90=31
    CV mean: k90=30.4, k95=83.0, top-50 var=92.7%
    [task_structure] same=0.1332±0.0061, cross=0.0400±0.0061, gap=0.0932±0.0005
    [outcome_correspondence] same=0.0714±0.0058, cross=0.0551±0.0062, gap=0.0163±0.0005

  --- AgentA, Layer 7, 5-fold CV ---
    Spectrum (, L7): k90=30, k95=85, k99=370, top-50 explains 92.7%
    Fold 1/5: train=360, test=90, k90=30
    Spectrum (, L7): k90=30, k95=86, k99=369, top-50 explains 92.7%
    Fold 2/5: train=360, test=90, k90=30
    Spectrum (, L7): k90=31, k95=86, k99=372, top-50 explains 92.6%
    Fold 3/5: train=360, test=90, k90=31
    Spectrum (, L7): k90=30, k95=85, k99=365, top-50 explains 92.7%
    Fold 4/5: train=360, test=90, k90=30
    Spectrum (, L7): k90=31, k95=87, k99=375, top-50 explains 92.6%
    Fold 5/5: train=360, test=90, k90=31
    CV mean: k90=30.4, k95=85.8, top-50 var=92.6%
    [task_structure] same=0.1363±0.0063, cross=0.0375±0.0063, gap=0.0987±0.0005
    [outcome_correspondence] same=0.0714±0.0060, cross=0.0532±0.0064, gap=0.0182±0.0005

  --- AgentA, Layer 8, 5-fold CV ---
    Spectrum (, L8): k90=35, k95=94, k99=392, top-50 explains 92.1%
    Fold 1/5: train=360, test=90, k90=35
    Spectrum (, L8): k90=35, k95=94, k99=392, top-50 explains 92.1%
    Fold 2/5: train=360, test=90, k90=35
    Spectrum (, L8): k90=35, k95=95, k99=394, top-50 explains 92.0%
    Fold 3/5: train=360, test=90, k90=35
    Spectrum (, L8): k90=35, k95=94, k99=388, top-50 explains 92.1%
    Fold 4/5: train=360, test=90, k90=35
    Spectrum (, L8): k90=36, k95=96, k99=398, top-50 explains 92.0%
    Fold 5/5: train=360, test=90, k90=36
    CV mean: k90=35.2, k95=94.6, top-50 var=92.1%
    [task_structure] same=0.1278±0.0058, cross=0.0342±0.0056, gap=0.0935±0.0004
    [outcome_correspondence] same=0.0669±0.0054, cross=0.0487±0.0058, gap=0.0182±0.0005

  --- AgentA, Layer 9, 5-fold CV ---
    Spectrum (, L9): k90=38, k95=104, k99=412, top-50 explains 91.6%
    Fold 1/5: train=360, test=90, k90=38
    Spectrum (, L9): k90=39, k95=105, k99=411, top-50 explains 91.5%
    Fold 2/5: train=360, test=90, k90=39
    Spectrum (, L9): k90=39, k95=106, k99=415, top-50 explains 91.4%
    Fold 3/5: train=360, test=90, k90=39
    Spectrum (, L9): k90=38, k95=104, k99=407, top-50 explains 91.5%
    Fold 4/5: train=360, test=90, k90=38
    Spectrum (, L9): k90=39, k95=106, k99=417, top-50 explains 91.4%
    Fold 5/5: train=360, test=90, k90=39
    CV mean: k90=38.6, k95=105.0, top-50 var=91.5%
    [task_structure] same=0.1374±0.0062, cross=0.0331±0.0060, gap=0.1043±0.0005
    [outcome_correspondence] same=0.0692±0.0057, cross=0.0495±0.0062, gap=0.0197±0.0006

  --- AgentA, Layer 10, 5-fold CV ---
    Spectrum (, L10): k90=38, k95=110, k99=435, top-50 explains 91.4%
    Fold 1/5: train=360, test=90, k90=38
    Spectrum (, L10): k90=39, k95=110, k99=434, top-50 explains 91.4%
    Fold 2/5: train=360, test=90, k90=39
    Spectrum (, L10): k90=39, k95=112, k99=438, top-50 explains 91.3%
    Fold 3/5: train=360, test=90, k90=39
    Spectrum (, L10): k90=38, k95=109, k99=429, top-50 explains 91.5%
    Fold 4/5: train=360, test=90, k90=38
    Spectrum (, L10): k90=39, k95=112, k99=440, top-50 explains 91.3%
    Fold 5/5: train=360, test=90, k90=39
    CV mean: k90=38.6, k95=110.6, top-50 var=91.4%
    [task_structure] same=0.1403±0.0060, cross=0.0310±0.0058, gap=0.1093±0.0005
    [outcome_correspondence] same=0.0695±0.0055, cross=0.0478±0.0060, gap=0.0217±0.0005

  --- AgentA, Layer 11, 5-fold CV ---
    Spectrum (, L11): k90=40, k95=112, k99=437, top-50 explains 91.3%
    Fold 1/5: train=360, test=90, k90=40
    Spectrum (, L11): k90=40, k95=113, k99=436, top-50 explains 91.3%
    Fold 2/5: train=360, test=90, k90=40
    Spectrum (, L11): k90=41, k95=114, k99=440, top-50 explains 91.2%
    Fold 3/5: train=360, test=90, k90=41
    Spectrum (, L11): k90=40, k95=111, k99=431, top-50 explains 91.3%
    Fold 4/5: train=360, test=90, k90=40
    Spectrum (, L11): k90=41, k95=114, k99=442, top-50 explains 91.2%
    Fold 5/5: train=360, test=90, k90=41
    CV mean: k90=40.4, k95=112.8, top-50 var=91.2%
    [task_structure] same=0.1302±0.0060, cross=0.0352±0.0058, gap=0.0949±0.0005
    [outcome_correspondence] same=0.0674±0.0055, cross=0.0505±0.0060, gap=0.0169±0.0005

  --- AgentA, Layer 12, 5-fold CV ---
    Spectrum (, L12): k90=46, k95=126, k99=469, top-50 explains 90.5%
    Fold 1/5: train=360, test=90, k90=46
    Spectrum (, L12): k90=46, k95=126, k99=467, top-50 explains 90.5%
    Fold 2/5: train=360, test=90, k90=46
    Spectrum (, L12): k90=47, k95=128, k99=471, top-50 explains 90.4%
    Fold 3/5: train=360, test=90, k90=47
    Spectrum (, L12): k90=46, k95=124, k99=462, top-50 explains 90.6%
    Fold 4/5: train=360, test=90, k90=46
    Spectrum (, L12): k90=47, k95=128, k99=474, top-50 explains 90.4%
    Fold 5/5: train=360, test=90, k90=47
    CV mean: k90=46.4, k95=126.4, top-50 var=90.5%
    [task_structure] same=0.1501±0.0057, cross=0.0264±0.0056, gap=0.1237±0.0005
    [outcome_correspondence] same=0.0713±0.0053, cross=0.0446±0.0058, gap=0.0267±0.0005

  --- AgentA, Layer 13, 5-fold CV ---
    Spectrum (, L13): k90=55, k95=146, k99=519, top-50 explains 89.5%
    Fold 1/5: train=360, test=90, k90=55
    Spectrum (, L13): k90=55, k95=147, k99=518, top-50 explains 89.5%
    Fold 2/5: train=360, test=90, k90=55
    Spectrum (, L13): k90=56, k95=148, k99=522, top-50 explains 89.3%
    Fold 3/5: train=360, test=90, k90=56
    Spectrum (, L13): k90=55, k95=145, k99=512, top-50 explains 89.5%
    Fold 4/5: train=360, test=90, k90=55
    Spectrum (, L13): k90=56, k95=148, k99=524, top-50 explains 89.4%
    Fold 5/5: train=360, test=90, k90=56
    CV mean: k90=55.4, k95=146.8, top-50 var=89.4%
    [task_structure] same=0.1546±0.0054, cross=0.0238±0.0052, gap=0.1308±0.0005
    [outcome_correspondence] same=0.0739±0.0050, cross=0.0417±0.0054, gap=0.0322±0.0005

  --- AgentA, Layer 14, 5-fold CV ---
    Spectrum (, L14): k90=69, k95=169, k99=557, top-50 explains 87.9%
    Fold 1/5: train=360, test=90, k90=69
    Spectrum (, L14): k90=70, k95=170, k99=556, top-50 explains 87.8%
    Fold 2/5: train=360, test=90, k90=70
    Spectrum (, L14): k90=71, k95=172, k99=560, top-50 explains 87.7%
    Fold 3/5: train=360, test=90, k90=71
    Spectrum (, L14): k90=69, k95=167, k99=549, top-50 explains 88.0%
    Fold 4/5: train=360, test=90, k90=69
    Spectrum (, L14): k90=71, k95=172, k99=562, top-50 explains 87.7%
    Fold 5/5: train=360, test=90, k90=71
    CV mean: k90=70.0, k95=170.0, top-50 var=87.8%
    [task_structure] same=0.1673±0.0049, cross=0.0233±0.0048, gap=0.1440±0.0007
    [outcome_correspondence] same=0.0811±0.0047, cross=0.0415±0.0049, gap=0.0396±0.0004

  --- AgentA, Layer 15, 5-fold CV ---
    Spectrum (, L15): k90=87, k95=196, k99=598, top-50 explains 85.8%
    Fold 1/5: train=360, test=90, k90=87
    Spectrum (, L15): k90=88, k95=197, k99=595, top-50 explains 85.7%
    Fold 2/5: train=360, test=90, k90=88
    Spectrum (, L15): k90=89, k95=199, k99=600, top-50 explains 85.6%
    Fold 3/5: train=360, test=90, k90=89
    Spectrum (, L15): k90=87, k95=195, k99=589, top-50 explains 85.8%
    Fold 4/5: train=360, test=90, k90=87
    Spectrum (, L15): k90=89, k95=200, k99=604, top-50 explains 85.6%
    Fold 5/5: train=360, test=90, k90=89
    CV mean: k90=88.0, k95=197.4, top-50 var=85.7%
    [task_structure] same=0.1808±0.0040, cross=0.0106±0.0040, gap=0.1702±0.0008
    [outcome_correspondence] same=0.0815±0.0038, cross=0.0308±0.0041, gap=0.0507±0.0005

  --- AgentA, Layer 16, 5-fold CV ---
    Spectrum (, L16): k90=98, k95=216, k99=634, top-50 explains 84.4%
    Fold 1/5: train=360, test=90, k90=98
    Spectrum (, L16): k90=99, k95=216, k99=632, top-50 explains 84.3%
    Fold 2/5: train=360, test=90, k90=99
    Spectrum (, L16): k90=100, k95=219, k99=636, top-50 explains 84.2%
    Fold 3/5: train=360, test=90, k90=100
    Spectrum (, L16): k90=98, k95=215, k99=625, top-50 explains 84.3%
    Fold 4/5: train=360, test=90, k90=98
    Spectrum (, L16): k90=100, k95=219, k99=640, top-50 explains 84.2%
    Fold 5/5: train=360, test=90, k90=100
    CV mean: k90=99.0, k95=217.0, top-50 var=84.3%
    [task_structure] same=0.1931±0.0033, cross=-0.0042±0.0029, gap=0.1973±0.0011
    [outcome_correspondence] same=0.0819±0.0028, cross=0.0170±0.0031, gap=0.0649±0.0005

  --- AgentA, Layer 17, 5-fold CV ---
    Spectrum (, L17): k90=92, k95=206, k99=622, top-50 explains 85.1%
    Fold 1/5: train=360, test=90, k90=92
    Spectrum (, L17): k90=94, k95=208, k99=620, top-50 explains 84.9%
    Fold 2/5: train=360, test=90, k90=94
    Spectrum (, L17): k90=95, k95=210, k99=625, top-50 explains 84.8%
    Fold 3/5: train=360, test=90, k90=95
    Spectrum (, L17): k90=93, k95=205, k99=612, top-50 explains 85.0%
    Fold 4/5: train=360, test=90, k90=93
    Spectrum (, L17): k90=95, k95=210, k99=629, top-50 explains 84.8%
    Fold 5/5: train=360, test=90, k90=95
    CV mean: k90=93.8, k95=207.8, top-50 var=84.9%
    [task_structure] same=0.1861±0.0031, cross=0.0045±0.0031, gap=0.1816±0.0009
    [outcome_correspondence] same=0.0834±0.0030, cross=0.0242±0.0031, gap=0.0592±0.0005

  --- AgentA, Layer 18, 5-fold CV ---
    Spectrum (, L18): k90=101, k95=218, k99=639, top-50 explains 84.1%
    Fold 1/5: train=360, test=90, k90=101
    Spectrum (, L18): k90=102, k95=219, k99=637, top-50 explains 83.9%
    Fold 2/5: train=360, test=90, k90=102
    Spectrum (, L18): k90=103, k95=221, k99=641, top-50 explains 83.8%
    Fold 3/5: train=360, test=90, k90=103
    Spectrum (, L18): k90=101, k95=217, k99=630, top-50 explains 84.0%
    Fold 4/5: train=360, test=90, k90=101
    Spectrum (, L18): k90=103, k95=222, k99=646, top-50 explains 83.8%
    Fold 5/5: train=360, test=90, k90=103
    CV mean: k90=102.0, k95=219.4, top-50 var=83.9%
    [task_structure] same=0.1739±0.0027, cross=0.0013±0.0026, gap=0.1726±0.0006
    [outcome_correspondence] same=0.0784±0.0025, cross=0.0188±0.0027, gap=0.0596±0.0005

  --- AgentA, Layer 19, 5-fold CV ---
    Spectrum (, L19): k90=110, k95=231, k99=659, top-50 explains 82.9%
    Fold 1/5: train=360, test=90, k90=110
    Spectrum (, L19): k90=111, k95=232, k99=657, top-50 explains 82.6%
    Fold 2/5: train=360, test=90, k90=111
    Spectrum (, L19): k90=112, k95=233, k99=661, top-50 explains 82.6%
    Fold 3/5: train=360, test=90, k90=112
    Spectrum (, L19): k90=110, k95=230, k99=649, top-50 explains 82.8%
    Fold 4/5: train=360, test=90, k90=110
    Spectrum (, L19): k90=113, k95=235, k99=666, top-50 explains 82.6%
    Fold 5/5: train=360, test=90, k90=113
    CV mean: k90=111.2, k95=232.2, top-50 var=82.7%
    [task_structure] same=0.1704±0.0025, cross=-0.0016±0.0024, gap=0.1721±0.0008
    [outcome_correspondence] same=0.0749±0.0023, cross=0.0161±0.0025, gap=0.0588±0.0005

  --- AgentA, Layer 20, 5-fold CV ---
    Spectrum (, L20): k90=112, k95=232, k99=663, top-50 explains 82.5%
    Fold 1/5: train=360, test=90, k90=112
    Spectrum (, L20): k90=113, k95=233, k99=661, top-50 explains 82.2%
    Fold 2/5: train=360, test=90, k90=113
    Spectrum (, L20): k90=114, k95=234, k99=663, top-50 explains 82.2%
    Fold 3/5: train=360, test=90, k90=114
    Spectrum (, L20): k90=112, k95=231, k99=653, top-50 explains 82.4%
    Fold 4/5: train=360, test=90, k90=112
    Spectrum (, L20): k90=115, k95=236, k99=669, top-50 explains 82.2%
    Fold 5/5: train=360, test=90, k90=115
    CV mean: k90=113.2, k95=233.2, top-50 var=82.3%
    [task_structure] same=0.1725±0.0023, cross=-0.0075±0.0023, gap=0.1800±0.0009
    [outcome_correspondence] same=0.0746±0.0022, cross=0.0099±0.0024, gap=0.0647±0.0006

  --- AgentA, Layer 21, 5-fold CV ---
    Spectrum (, L21): k90=117, k95=240, k99=679, top-50 explains 81.8%
    Fold 1/5: train=360, test=90, k90=117
    Spectrum (, L21): k90=118, k95=241, k99=676, top-50 explains 81.5%
    Fold 2/5: train=360, test=90, k90=118
    Spectrum (, L21): k90=119, k95=242, k99=678, top-50 explains 81.5%
    Fold 3/5: train=360, test=90, k90=119
    Spectrum (, L21): k90=117, k95=239, k99=668, top-50 explains 81.7%
    Fold 4/5: train=360, test=90, k90=117
    Spectrum (, L21): k90=120, k95=245, k99=685, top-50 explains 81.5%
    Fold 5/5: train=360, test=90, k90=120
    CV mean: k90=118.2, k95=241.4, top-50 var=81.6%
    [task_structure] same=0.1676±0.0022, cross=-0.0073±0.0022, gap=0.1749±0.0008
    [outcome_correspondence] same=0.0731±0.0021, cross=0.0093±0.0023, gap=0.0639±0.0006

  --- AgentA, Layer 22, 5-fold CV ---
    Spectrum (, L22): k90=119, k95=244, k99=685, top-50 explains 81.6%
    Fold 1/5: train=360, test=90, k90=119
    Spectrum (, L22): k90=120, k95=245, k99=683, top-50 explains 81.3%
    Fold 2/5: train=360, test=90, k90=120
    Spectrum (, L22): k90=121, k95=246, k99=686, top-50 explains 81.3%
    Fold 3/5: train=360, test=90, k90=121
    Spectrum (, L22): k90=119, k95=243, k99=675, top-50 explains 81.5%
    Fold 4/5: train=360, test=90, k90=119
    Spectrum (, L22): k90=122, k95=248, k99=691, top-50 explains 81.3%
    Fold 5/5: train=360, test=90, k90=122
    CV mean: k90=120.2, k95=245.2, top-50 var=81.4%
    [task_structure] same=0.1629±0.0024, cross=-0.0067±0.0022, gap=0.1696±0.0008
    [outcome_correspondence] same=0.0712±0.0021, cross=0.0094±0.0024, gap=0.0618±0.0006

  --- AgentA, Layer 23, 5-fold CV ---
    Spectrum (, L23): k90=120, k95=246, k99=690, top-50 explains 81.5%
    Fold 1/5: train=360, test=90, k90=120
    Spectrum (, L23): k90=121, k95=246, k99=686, top-50 explains 81.2%
    Fold 2/5: train=360, test=90, k90=121
    Spectrum (, L23): k90=122, k95=248, k99=689, top-50 explains 81.2%
    Fold 3/5: train=360, test=90, k90=122
    Spectrum (, L23): k90=120, k95=245, k99=679, top-50 explains 81.4%
    Fold 4/5: train=360, test=90, k90=120
    Spectrum (, L23): k90=123, k95=250, k99=695, top-50 explains 81.3%
    Fold 5/5: train=360, test=90, k90=123
    CV mean: k90=121.2, k95=247.0, top-50 var=81.3%
    [task_structure] same=0.1578±0.0023, cross=-0.0070±0.0022, gap=0.1648±0.0007
    [outcome_correspondence] same=0.0700±0.0020, cross=0.0079±0.0023, gap=0.0621±0.0007

  --- AgentA, Layer 24, 5-fold CV ---
    Spectrum (, L24): k90=124, k95=253, k99=702, top-50 explains 80.9%
    Fold 1/5: train=360, test=90, k90=124
    Spectrum (, L24): k90=126, k95=253, k99=699, top-50 explains 80.6%
    Fold 2/5: train=360, test=90, k90=126
    Spectrum (, L24): k90=126, k95=254, k99=701, top-50 explains 80.6%
    Fold 3/5: train=360, test=90, k90=126
    Spectrum (, L24): k90=125, k95=252, k99=691, top-50 explains 80.7%
    Fold 4/5: train=360, test=90, k90=125
    Spectrum (, L24): k90=127, k95=257, k99=707, top-50 explains 80.6%
    Fold 5/5: train=360, test=90, k90=127
    CV mean: k90=125.6, k95=253.8, top-50 var=80.7%
    [task_structure] same=0.1531±0.0025, cross=-0.0061±0.0024, gap=0.1592±0.0007
    [outcome_correspondence] same=0.0693±0.0022, cross=0.0078±0.0025, gap=0.0615±0.0007

  --- AgentA, Layer 25, 5-fold CV ---
    Spectrum (, L25): k90=125, k95=256, k99=708, top-50 explains 80.8%
    Fold 1/5: train=360, test=90, k90=125
    Spectrum (, L25): k90=127, k95=256, k99=704, top-50 explains 80.5%
    Fold 2/5: train=360, test=90, k90=127
    Spectrum (, L25): k90=127, k95=257, k99=706, top-50 explains 80.5%
    Fold 3/5: train=360, test=90, k90=127
    Spectrum (, L25): k90=126, k95=255, k99=697, top-50 explains 80.7%
    Fold 4/5: train=360, test=90, k90=126
    Spectrum (, L25): k90=128, k95=260, k99=712, top-50 explains 80.6%
    Fold 5/5: train=360, test=90, k90=128
    CV mean: k90=126.6, k95=256.8, top-50 var=80.6%
    [task_structure] same=0.1476±0.0024, cross=-0.0065±0.0024, gap=0.1541±0.0006
    [outcome_correspondence] same=0.0672±0.0022, cross=0.0065±0.0025, gap=0.0607±0.0007

  --- AgentA, Layer 26, 5-fold CV ---
    Spectrum (, L26): k90=128, k95=261, k99=717, top-50 explains 80.5%
    Fold 1/5: train=360, test=90, k90=128
    Spectrum (, L26): k90=129, k95=261, k99=713, top-50 explains 80.2%
    Fold 2/5: train=360, test=90, k90=129
    Spectrum (, L26): k90=130, k95=262, k99=716, top-50 explains 80.2%
    Fold 3/5: train=360, test=90, k90=130
    Spectrum (, L26): k90=129, k95=260, k99=706, top-50 explains 80.3%
    Fold 4/5: train=360, test=90, k90=129
    Spectrum (, L26): k90=130, k95=264, k99=721, top-50 explains 80.3%
    Fold 5/5: train=360, test=90, k90=130
    CV mean: k90=129.2, k95=261.6, top-50 var=80.3%
    [task_structure] same=0.1418±0.0025, cross=-0.0059±0.0025, gap=0.1477±0.0006
    [outcome_correspondence] same=0.0651±0.0023, cross=0.0064±0.0026, gap=0.0587±0.0007

  --- AgentA, Layer 27, 5-fold CV ---
    Spectrum (, L27): k90=129, k95=264, k99=722, top-50 explains 80.4%
    Fold 1/5: train=360, test=90, k90=129
    Spectrum (, L27): k90=130, k95=263, k99=718, top-50 explains 80.1%
    Fold 2/5: train=360, test=90, k90=130
    Spectrum (, L27): k90=130, k95=264, k99=721, top-50 explains 80.1%
    Fold 3/5: train=360, test=90, k90=130
    Spectrum (, L27): k90=130, k95=262, k99=710, top-50 explains 80.2%
    Fold 4/5: train=360, test=90, k90=130
    Spectrum (, L27): k90=131, k95=266, k99=726, top-50 explains 80.2%
    Fold 5/5: train=360, test=90, k90=131
    CV mean: k90=130.0, k95=263.8, top-50 var=80.2%
    [task_structure] same=0.1329±0.0024, cross=-0.0056±0.0024, gap=0.1385±0.0005
    [outcome_correspondence] same=0.0616±0.0023, cross=0.0057±0.0025, gap=0.0559±0.0007

  --- AgentA, Layer 28, 5-fold CV ---
    Spectrum (, L28): k90=133, k95=271, k99=731, top-50 explains 79.9%
    Fold 1/5: train=360, test=90, k90=133
    Spectrum (, L28): k90=134, k95=271, k99=726, top-50 explains 79.6%
    Fold 2/5: train=360, test=90, k90=134
    Spectrum (, L28): k90=135, k95=272, k99=729, top-50 explains 79.6%
    Fold 3/5: train=360, test=90, k90=135
    Spectrum (, L28): k90=134, k95=269, k99=719, top-50 explains 79.8%
    Fold 4/5: train=360, test=90, k90=134
    Spectrum (, L28): k90=135, k95=274, k99=735, top-50 explains 79.7%
    Fold 5/5: train=360, test=90, k90=135
    CV mean: k90=134.2, k95=271.4, top-50 var=79.7%
    [task_structure] same=0.1269±0.0027, cross=-0.0038±0.0027, gap=0.1307±0.0005
    [outcome_correspondence] same=0.0591±0.0025, cross=0.0071±0.0028, gap=0.0520±0.0007

  --- AgentA, Layer 29, 5-fold CV ---
    Spectrum (, L29): k90=143, k95=291, k99=759, top-50 explains 79.1%
    Fold 1/5: train=360, test=90, k90=143
    Spectrum (, L29): k90=143, k95=288, k99=752, top-50 explains 78.9%
    Fold 2/5: train=360, test=90, k90=143
    Spectrum (, L29): k90=143, k95=290, k99=756, top-50 explains 78.9%
    Fold 3/5: train=360, test=90, k90=143
    Spectrum (, L29): k90=142, k95=287, k99=745, top-50 explains 79.0%
    Fold 4/5: train=360, test=90, k90=142
    Spectrum (, L29): k90=145, k95=293, k99=763, top-50 explains 78.9%
    Fold 5/5: train=360, test=90, k90=145
    CV mean: k90=143.2, k95=289.8, top-50 var=79.0%
    [task_structure] same=0.1157±0.0026, cross=-0.0038±0.0026, gap=0.1196±0.0006
    [outcome_correspondence] same=0.0530±0.0024, cross=0.0065±0.0027, gap=0.0465±0.0006

  --- AgentA, Layer 30, 5-fold CV ---
    Spectrum (, L30): k90=145, k95=293, k99=760, top-50 explains 78.8%
    Fold 1/5: train=360, test=90, k90=145
    Spectrum (, L30): k90=144, k95=290, k99=752, top-50 explains 78.6%
    Fold 2/5: train=360, test=90, k90=144
    Spectrum (, L30): k90=145, k95=293, k99=757, top-50 explains 78.6%
    Fold 3/5: train=360, test=90, k90=145
    Spectrum (, L30): k90=144, k95=289, k99=747, top-50 explains 78.7%
    Fold 4/5: train=360, test=90, k90=144
    Spectrum (, L30): k90=147, k95=296, k99=764, top-50 explains 78.6%
    Fold 5/5: train=360, test=90, k90=147
    CV mean: k90=145.0, k95=292.2, top-50 var=78.7%
    [task_structure] same=0.1070±0.0024, cross=-0.0034±0.0025, gap=0.1103±0.0004
    [outcome_correspondence] same=0.0502±0.0023, cross=0.0056±0.0025, gap=0.0447±0.0006

  --- AgentA, Layer 31, 5-fold CV ---
    Spectrum (, L31): k90=143, k95=283, k99=734, top-50 explains 78.1%
    Fold 1/5: train=360, test=90, k90=143
    Spectrum (, L31): k90=142, k95=280, k99=726, top-50 explains 78.0%
    Fold 2/5: train=360, test=90, k90=142
    Spectrum (, L31): k90=143, k95=282, k99=730, top-50 explains 78.0%
    Fold 3/5: train=360, test=90, k90=143
    Spectrum (, L31): k90=142, k95=279, k99=721, top-50 explains 78.1%
    Fold 4/5: train=360, test=90, k90=142
    Spectrum (, L31): k90=145, k95=286, k99=737, top-50 explains 77.9%
    Fold 5/5: train=360, test=90, k90=145
    CV mean: k90=143.0, k95=282.0, top-50 var=78.0%
    [task_structure] same=0.0976±0.0023, cross=-0.0024±0.0024, gap=0.1000±0.0004
    [outcome_correspondence] same=0.0445±0.0023, cross=0.0066±0.0025, gap=0.0380±0.0007

  --- AgentB, Layer 0, 5-fold CV ---
    Spectrum (, L0): k90=40, k95=74, k99=238, top-50 explains 92.2%
    Fold 1/5: train=360, test=90, k90=40
    Spectrum (, L0): k90=41, k95=74, k99=239, top-50 explains 92.1%
    Fold 2/5: train=360, test=90, k90=41
    Spectrum (, L0): k90=41, k95=74, k99=240, top-50 explains 92.0%
    Fold 3/5: train=360, test=90, k90=41
    Spectrum (, L0): k90=42, k95=75, k99=241, top-50 explains 91.9%
    Fold 4/5: train=360, test=90, k90=42
    Spectrum (, L0): k90=41, k95=74, k99=240, top-50 explains 92.0%
    Fold 5/5: train=360, test=90, k90=41
    CV mean: k90=41.0, k95=74.2, top-50 var=92.0%
    [task_structure] same=0.1453±0.0022, cross=-0.0140±0.0021, gap=0.1593±0.0004
    [outcome_correspondence] same=0.0555±0.0020, cross=0.0031±0.0021, gap=0.0524±0.0004

  --- AgentB, Layer 1, 5-fold CV ---
    Spectrum (, L1): k90=53, k95=100, k99=341, top-50 explains 89.5%
    Fold 1/5: train=360, test=90, k90=53
    Spectrum (, L1): k90=53, k95=100, k99=340, top-50 explains 89.6%
    Fold 2/5: train=360, test=90, k90=53
    Spectrum (, L1): k90=53, k95=101, k99=342, top-50 explains 89.5%
    Fold 3/5: train=360, test=90, k90=53
    Spectrum (, L1): k90=54, k95=101, k99=340, top-50 explains 89.4%
    Fold 4/5: train=360, test=90, k90=54
    Spectrum (, L1): k90=53, k95=101, k99=343, top-50 explains 89.5%
    Fold 5/5: train=360, test=90, k90=53
    CV mean: k90=53.2, k95=100.6, top-50 var=89.5%
    [task_structure] same=0.1069±0.0019, cross=-0.0045±0.0016, gap=0.1114±0.0005
    [outcome_correspondence] same=0.0444±0.0015, cross=0.0073±0.0017, gap=0.0371±0.0006

  --- AgentB, Layer 2, 5-fold CV ---
    Spectrum (, L2): k90=65, k95=137, k99=462, top-50 explains 87.7%
    Fold 1/5: train=360, test=90, k90=65
    Spectrum (, L2): k90=65, k95=137, k99=460, top-50 explains 87.7%
    Fold 2/5: train=360, test=90, k90=65
    Spectrum (, L2): k90=66, k95=138, k99=464, top-50 explains 87.6%
    Fold 3/5: train=360, test=90, k90=66
    Spectrum (, L2): k90=65, k95=136, k99=456, top-50 explains 87.7%
    Fold 4/5: train=360, test=90, k90=65
    Spectrum (, L2): k90=66, k95=137, k99=464, top-50 explains 87.7%
    Fold 5/5: train=360, test=90, k90=66
    CV mean: k90=65.4, k95=137.0, top-50 var=87.7%
    [task_structure] same=0.1420±0.0033, cross=0.0177±0.0032, gap=0.1242±0.0003
    [outcome_correspondence] same=0.0663±0.0031, cross=0.0341±0.0033, gap=0.0322±0.0005

  --- AgentB, Layer 3, 5-fold CV ---
    Spectrum (, L3): k90=81, k95=181, k99=600, top-50 explains 85.9%
    Fold 1/5: train=360, test=90, k90=81
    Spectrum (, L3): k90=82, k95=182, k99=599, top-50 explains 85.8%
    Fold 2/5: train=360, test=90, k90=82
    Spectrum (, L3): k90=83, k95=183, k99=602, top-50 explains 85.8%
    Fold 3/5: train=360, test=90, k90=83
    Spectrum (, L3): k90=82, k95=181, k99=592, top-50 explains 85.8%
    Fold 4/5: train=360, test=90, k90=82
    Spectrum (, L3): k90=82, k95=183, k99=603, top-50 explains 85.8%
    Fold 5/5: train=360, test=90, k90=82
    CV mean: k90=82.0, k95=182.0, top-50 var=85.8%
    [task_structure] same=0.1342±0.0035, cross=0.0200±0.0035, gap=0.1142±0.0003
    [outcome_correspondence] same=0.0619±0.0034, cross=0.0366±0.0036, gap=0.0253±0.0004

  --- AgentB, Layer 4, 5-fold CV ---
    Spectrum (, L4): k90=56, k95=136, k99=512, top-50 explains 89.3%
    Fold 1/5: train=360, test=90, k90=56
    Spectrum (, L4): k90=56, k95=137, k99=511, top-50 explains 89.3%
    Fold 2/5: train=360, test=90, k90=56
    Spectrum (, L4): k90=56, k95=137, k99=514, top-50 explains 89.3%
    Fold 3/5: train=360, test=90, k90=56
    Spectrum (, L4): k90=56, k95=136, k99=507, top-50 explains 89.3%
    Fold 4/5: train=360, test=90, k90=56
    Spectrum (, L4): k90=56, k95=137, k99=515, top-50 explains 89.3%
    Fold 5/5: train=360, test=90, k90=56
    CV mean: k90=56.0, k95=136.6, top-50 var=89.3%
    [task_structure] same=0.0977±0.0039, cross=0.0149±0.0036, gap=0.0828±0.0003
    [outcome_correspondence] same=0.0436±0.0035, cross=0.0279±0.0037, gap=0.0157±0.0004

  --- AgentB, Layer 5, 5-fold CV ---
    Spectrum (, L5): k90=73, k95=169, k99=570, top-50 explains 87.2%
    Fold 1/5: train=360, test=90, k90=73
    Spectrum (, L5): k90=74, k95=171, k99=570, top-50 explains 87.1%
    Fold 2/5: train=360, test=90, k90=74
    Spectrum (, L5): k90=74, k95=172, k99=573, top-50 explains 87.1%
    Fold 3/5: train=360, test=90, k90=74
    Spectrum (, L5): k90=74, k95=170, k99=564, top-50 explains 87.1%
    Fold 4/5: train=360, test=90, k90=74
    Spectrum (, L5): k90=74, k95=171, k99=574, top-50 explains 87.2%
    Fold 5/5: train=360, test=90, k90=74
    CV mean: k90=73.8, k95=170.6, top-50 var=87.1%
    [task_structure] same=0.1189±0.0038, cross=0.0112±0.0035, gap=0.1076±0.0004
    [outcome_correspondence] same=0.0487±0.0035, cross=0.0280±0.0037, gap=0.0207±0.0003

  --- AgentB, Layer 6, 5-fold CV ---
    Spectrum (, L6): k90=62, k95=150, k99=533, top-50 explains 88.6%
    Fold 1/5: train=360, test=90, k90=62
    Spectrum (, L6): k90=64, k95=154, k99=536, top-50 explains 88.4%
    Fold 2/5: train=360, test=90, k90=64
    Spectrum (, L6): k90=63, k95=153, k99=537, top-50 explains 88.4%
    Fold 3/5: train=360, test=90, k90=63
    Spectrum (, L6): k90=63, k95=152, k99=530, top-50 explains 88.4%
    Fold 4/5: train=360, test=90, k90=63
    Spectrum (, L6): k90=63, k95=153, k99=538, top-50 explains 88.5%
    Fold 5/5: train=360, test=90, k90=63
    CV mean: k90=63.0, k95=152.4, top-50 var=88.5%
    [task_structure] same=0.1353±0.0046, cross=0.0144±0.0045, gap=0.1209±0.0003
    [outcome_correspondence] same=0.0565±0.0043, cross=0.0331±0.0046, gap=0.0234±0.0003

  --- AgentB, Layer 7, 5-fold CV ---
    Spectrum (, L7): k90=79, k95=176, k99=568, top-50 explains 86.4%
    Fold 1/5: train=360, test=90, k90=79
    Spectrum (, L7): k90=81, k95=179, k99=569, top-50 explains 86.2%
    Fold 2/5: train=360, test=90, k90=81
    Spectrum (, L7): k90=80, k95=179, k99=571, top-50 explains 86.2%
    Fold 3/5: train=360, test=90, k90=80
    Spectrum (, L7): k90=80, k95=178, k99=564, top-50 explains 86.2%
    Fold 4/5: train=360, test=90, k90=80
    Spectrum (, L7): k90=80, k95=179, k99=573, top-50 explains 86.2%
    Fold 5/5: train=360, test=90, k90=80
    CV mean: k90=80.0, k95=178.2, top-50 var=86.3%
    [task_structure] same=0.1393±0.0042, cross=0.0080±0.0040, gap=0.1313±0.0005
    [outcome_correspondence] same=0.0555±0.0039, cross=0.0274±0.0041, gap=0.0280±0.0003

  --- AgentB, Layer 8, 5-fold CV ---
    Spectrum (, L8): k90=82, k95=181, k99=576, top-50 explains 86.1%
    Fold 1/5: train=360, test=90, k90=82
    Spectrum (, L8): k90=83, k95=183, k99=577, top-50 explains 85.9%
    Fold 2/5: train=360, test=90, k90=83
    Spectrum (, L8): k90=83, k95=183, k99=578, top-50 explains 85.9%
    Fold 3/5: train=360, test=90, k90=83
    Spectrum (, L8): k90=83, k95=183, k99=572, top-50 explains 85.9%
    Fold 4/5: train=360, test=90, k90=83
    Spectrum (, L8): k90=83, k95=184, k99=581, top-50 explains 85.9%
    Fold 5/5: train=360, test=90, k90=83
    CV mean: k90=82.8, k95=182.8, top-50 var=85.9%
    [task_structure] same=0.1398±0.0038, cross=0.0052±0.0036, gap=0.1345±0.0005
    [outcome_correspondence] same=0.0542±0.0036, cross=0.0249±0.0037, gap=0.0293±0.0003

  --- AgentB, Layer 9, 5-fold CV ---
    Spectrum (, L9): k90=82, k95=180, k99=569, top-50 explains 86.1%
    Fold 1/5: train=360, test=90, k90=82
    Spectrum (, L9): k90=83, k95=182, k99=570, top-50 explains 86.0%
    Fold 2/5: train=360, test=90, k90=83
    Spectrum (, L9): k90=83, k95=182, k99=571, top-50 explains 86.0%
    Fold 3/5: train=360, test=90, k90=83
    Spectrum (, L9): k90=83, k95=182, k99=565, top-50 explains 85.9%
    Fold 4/5: train=360, test=90, k90=83
    Spectrum (, L9): k90=83, k95=183, k99=573, top-50 explains 86.0%
    Fold 5/5: train=360, test=90, k90=83
    CV mean: k90=82.8, k95=181.8, top-50 var=86.0%
    [task_structure] same=0.1396±0.0037, cross=0.0049±0.0035, gap=0.1347±0.0005
    [outcome_correspondence] same=0.0537±0.0035, cross=0.0248±0.0035, gap=0.0288±0.0003

  --- AgentB, Layer 10, 5-fold CV ---
    Spectrum (, L10): k90=77, k95=178, k99=570, top-50 explains 86.8%
    Fold 1/5: train=360, test=90, k90=77
    Spectrum (, L10): k90=78, k95=179, k99=570, top-50 explains 86.7%
    Fold 2/5: train=360, test=90, k90=78
    Spectrum (, L10): k90=79, k95=180, k99=572, top-50 explains 86.7%
    Fold 3/5: train=360, test=90, k90=79
    Spectrum (, L10): k90=78, k95=179, k99=565, top-50 explains 86.7%
    Fold 4/5: train=360, test=90, k90=78
    Spectrum (, L10): k90=78, k95=179, k99=573, top-50 explains 86.7%
    Fold 5/5: train=360, test=90, k90=78
    CV mean: k90=78.0, k95=179.0, top-50 var=86.7%
    [task_structure] same=0.1357±0.0042, cross=0.0131±0.0039, gap=0.1226±0.0005
    [outcome_correspondence] same=0.0581±0.0039, cross=0.0309±0.0041, gap=0.0273±0.0004

  --- AgentB, Layer 11, 5-fold CV ---
    Spectrum (, L11): k90=78, k95=179, k99=573, top-50 explains 86.7%
    Fold 1/5: train=360, test=90, k90=78
    Spectrum (, L11): k90=79, k95=180, k99=573, top-50 explains 86.7%
    Fold 2/5: train=360, test=90, k90=79
    Spectrum (, L11): k90=79, k95=181, k99=576, top-50 explains 86.6%
    Fold 3/5: train=360, test=90, k90=79
    Spectrum (, L11): k90=79, k95=180, k99=569, top-50 explains 86.6%
    Fold 4/5: train=360, test=90, k90=79
    Spectrum (, L11): k90=79, k95=181, k99=577, top-50 explains 86.6%
    Fold 5/5: train=360, test=90, k90=79
    CV mean: k90=78.8, k95=180.2, top-50 var=86.6%
    [task_structure] same=0.1329±0.0041, cross=0.0136±0.0040, gap=0.1192±0.0005
    [outcome_correspondence] same=0.0559±0.0039, cross=0.0317±0.0041, gap=0.0242±0.0003

  --- AgentB, Layer 12, 5-fold CV ---
    Spectrum (, L12): k90=81, k95=183, k99=574, top-50 explains 86.3%
    Fold 1/5: train=360, test=90, k90=81
    Spectrum (, L12): k90=82, k95=184, k99=574, top-50 explains 86.2%
    Fold 2/5: train=360, test=90, k90=82
    Spectrum (, L12): k90=83, k95=185, k99=577, top-50 explains 86.1%
    Fold 3/5: train=360, test=90, k90=83
    Spectrum (, L12): k90=82, k95=183, k99=569, top-50 explains 86.2%
    Fold 4/5: train=360, test=90, k90=82
    Spectrum (, L12): k90=83, k95=185, k99=578, top-50 explains 86.1%
    Fold 5/5: train=360, test=90, k90=83
    CV mean: k90=82.2, k95=184.0, top-50 var=86.2%
    [task_structure] same=0.1506±0.0039, cross=0.0106±0.0037, gap=0.1400±0.0006
    [outcome_correspondence] same=0.0642±0.0037, cross=0.0298±0.0037, gap=0.0344±0.0004

  --- AgentB, Layer 13, 5-fold CV ---
    Spectrum (, L13): k90=90, k95=203, k99=620, top-50 explains 85.5%
    Fold 1/5: train=360, test=90, k90=90
    Spectrum (, L13): k90=91, k95=204, k99=620, top-50 explains 85.4%
    Fold 2/5: train=360, test=90, k90=91
    Spectrum (, L13): k90=92, k95=206, k99=623, top-50 explains 85.3%
    Fold 3/5: train=360, test=90, k90=92
    Spectrum (, L13): k90=90, k95=202, k99=612, top-50 explains 85.5%
    Fold 4/5: train=360, test=90, k90=90
    Spectrum (, L13): k90=91, k95=205, k99=624, top-50 explains 85.4%
    Fold 5/5: train=360, test=90, k90=91
    CV mean: k90=90.8, k95=204.0, top-50 var=85.4%
    [task_structure] same=0.1451±0.0034, cross=0.0125±0.0034, gap=0.1326±0.0007
    [outcome_correspondence] same=0.0647±0.0033, cross=0.0298±0.0034, gap=0.0349±0.0004

  --- AgentB, Layer 14, 5-fold CV ---
    Spectrum (, L14): k90=118, k95=247, k99=688, top-50 explains 82.3%
    Fold 1/5: train=360, test=90, k90=118
    Spectrum (, L14): k90=120, k95=249, k99=687, top-50 explains 82.2%
    Fold 2/5: train=360, test=90, k90=120
    Spectrum (, L14): k90=121, k95=251, k99=691, top-50 explains 82.0%
    Fold 3/5: train=360, test=90, k90=121
    Spectrum (, L14): k90=118, k95=246, k99=679, top-50 explains 82.3%
    Fold 4/5: train=360, test=90, k90=118
    Spectrum (, L14): k90=120, k95=249, k99=691, top-50 explains 82.2%
    Fold 5/5: train=360, test=90, k90=120
    CV mean: k90=119.4, k95=248.4, top-50 var=82.2%
    [task_structure] same=0.1543±0.0031, cross=0.0081±0.0032, gap=0.1462±0.0007
    [outcome_correspondence] same=0.0675±0.0032, cross=0.0262±0.0032, gap=0.0414±0.0006

  --- AgentB, Layer 15, 5-fold CV ---
    Spectrum (, L15): k90=138, k95=275, k99=722, top-50 explains 79.6%
    Fold 1/5: train=360, test=90, k90=138
    Spectrum (, L15): k90=139, k95=276, k99=720, top-50 explains 79.6%
    Fold 2/5: train=360, test=90, k90=139
    Spectrum (, L15): k90=140, k95=278, k99=724, top-50 explains 79.3%
    Fold 3/5: train=360, test=90, k90=140
    Spectrum (, L15): k90=138, k95=273, k99=712, top-50 explains 79.6%
    Fold 4/5: train=360, test=90, k90=138
    Spectrum (, L15): k90=140, k95=277, k99=725, top-50 explains 79.4%
    Fold 5/5: train=360, test=90, k90=140
    CV mean: k90=139.0, k95=275.8, top-50 var=79.5%
    [task_structure] same=0.1482±0.0018, cross=-0.0059±0.0021, gap=0.1540±0.0006
    [outcome_correspondence] same=0.0593±0.0021, cross=0.0118±0.0020, gap=0.0476±0.0007

  --- AgentB, Layer 16, 5-fold CV ---
    Spectrum (, L16): k90=154, k95=303, k99=769, top-50 explains 78.0%
    Fold 1/5: train=360, test=90, k90=154
    Spectrum (, L16): k90=156, k95=304, k99=767, top-50 explains 77.9%
    Fold 2/5: train=360, test=90, k90=156
    Spectrum (, L16): k90=156, k95=305, k99=770, top-50 explains 77.7%
    Fold 3/5: train=360, test=90, k90=156
    Spectrum (, L16): k90=154, k95=300, k99=758, top-50 explains 78.0%
    Fold 4/5: train=360, test=90, k90=154
    Spectrum (, L16): k90=157, k95=306, k99=773, top-50 explains 77.8%
    Fold 5/5: train=360, test=90, k90=157
    CV mean: k90=155.4, k95=303.6, top-50 var=77.9%
    [task_structure] same=0.1695±0.0015, cross=-0.0173±0.0016, gap=0.1868±0.0007
    [outcome_correspondence] same=0.0641±0.0017, cross=0.0029±0.0016, gap=0.0612±0.0007

  --- AgentB, Layer 17, 5-fold CV ---
    Spectrum (, L17): k90=146, k95=293, k99=766, top-50 explains 79.2%
    Fold 1/5: train=360, test=90, k90=146
    Spectrum (, L17): k90=148, k95=294, k99=764, top-50 explains 78.9%
    Fold 2/5: train=360, test=90, k90=148
    Spectrum (, L17): k90=148, k95=295, k99=766, top-50 explains 78.9%
    Fold 3/5: train=360, test=90, k90=148
    Spectrum (, L17): k90=146, k95=291, k99=755, top-50 explains 79.1%
    Fold 4/5: train=360, test=90, k90=146
    Spectrum (, L17): k90=149, k95=297, k99=772, top-50 explains 78.8%
    Fold 5/5: train=360, test=90, k90=149
    CV mean: k90=147.4, k95=294.0, top-50 var=79.0%
    [task_structure] same=0.1688±0.0016, cross=-0.0122±0.0017, gap=0.1810±0.0007
    [outcome_correspondence] same=0.0666±0.0018, cross=0.0073±0.0017, gap=0.0592±0.0007

  --- AgentB, Layer 18, 5-fold CV ---
    Spectrum (, L18): k90=148, k95=294, k99=769, top-50 explains 78.7%
    Fold 1/5: train=360, test=90, k90=148
    Spectrum (, L18): k90=149, k95=296, k99=768, top-50 explains 78.5%
    Fold 2/5: train=360, test=90, k90=149
    Spectrum (, L18): k90=149, k95=296, k99=769, top-50 explains 78.4%
    Fold 3/5: train=360, test=90, k90=149
    Spectrum (, L18): k90=148, k95=293, k99=759, top-50 explains 78.5%
    Fold 4/5: train=360, test=90, k90=148
    Spectrum (, L18): k90=151, k95=298, k99=775, top-50 explains 78.2%
    Fold 5/5: train=360, test=90, k90=151
    CV mean: k90=149.0, k95=295.4, top-50 var=78.5%
    [task_structure] same=0.1573±0.0014, cross=-0.0118±0.0016, gap=0.1691±0.0006
    [outcome_correspondence] same=0.0625±0.0016, cross=0.0060±0.0015, gap=0.0565±0.0006

  --- AgentB, Layer 19, 5-fold CV ---
    Spectrum (, L19): k90=150, k95=297, k99=776, top-50 explains 78.2%
    Fold 1/5: train=360, test=90, k90=150
    Spectrum (, L19): k90=151, k95=299, k99=774, top-50 explains 78.0%
    Fold 2/5: train=360, test=90, k90=151
    Spectrum (, L19): k90=151, k95=298, k99=775, top-50 explains 78.1%
    Fold 3/5: train=360, test=90, k90=151
    Spectrum (, L19): k90=150, k95=296, k99=765, top-50 explains 78.0%
    Fold 4/5: train=360, test=90, k90=150
    Spectrum (, L19): k90=153, k95=302, k99=782, top-50 explains 77.7%
    Fold 5/5: train=360, test=90, k90=153
    CV mean: k90=151.0, k95=298.4, top-50 var=78.0%
    [task_structure] same=0.1542±0.0013, cross=-0.0129±0.0014, gap=0.1671±0.0007
    [outcome_correspondence] same=0.0596±0.0014, cross=0.0052±0.0014, gap=0.0544±0.0007

  --- AgentB, Layer 20, 5-fold CV ---
    Spectrum (, L20): k90=141, k95=284, k99=762, top-50 explains 78.9%
    Fold 1/5: train=360, test=90, k90=141
    Spectrum (, L20): k90=142, k95=286, k99=761, top-50 explains 78.7%
    Fold 2/5: train=360, test=90, k90=142
    Spectrum (, L20): k90=142, k95=285, k99=761, top-50 explains 78.8%
    Fold 3/5: train=360, test=90, k90=142
    Spectrum (, L20): k90=141, k95=283, k99=752, top-50 explains 78.8%
    Fold 4/5: train=360, test=90, k90=141
    Spectrum (, L20): k90=144, k95=288, k99=768, top-50 explains 78.5%
    Fold 5/5: train=360, test=90, k90=144
    CV mean: k90=142.0, k95=285.2, top-50 var=78.7%
    [task_structure] same=0.1515±0.0011, cross=-0.0160±0.0013, gap=0.1675±0.0007
    [outcome_correspondence] same=0.0571±0.0012, cross=0.0020±0.0012, gap=0.0551±0.0006

  --- AgentB, Layer 21, 5-fold CV ---
    Spectrum (, L21): k90=144, k95=289, k99=774, top-50 explains 78.5%
    Fold 1/5: train=360, test=90, k90=144
    Spectrum (, L21): k90=145, k95=291, k99=773, top-50 explains 78.3%
    Fold 2/5: train=360, test=90, k90=145
    Spectrum (, L21): k90=144, k95=289, k99=772, top-50 explains 78.3%
    Fold 3/5: train=360, test=90, k90=144
    Spectrum (, L21): k90=144, k95=288, k99=763, top-50 explains 78.3%
    Fold 4/5: train=360, test=90, k90=144
    Spectrum (, L21): k90=147, k95=294, k99=780, top-50 explains 78.0%
    Fold 5/5: train=360, test=90, k90=147
    CV mean: k90=144.8, k95=290.2, top-50 var=78.3%
    [task_structure] same=0.1480±0.0010, cross=-0.0160±0.0012, gap=0.1640±0.0006
    [outcome_correspondence] same=0.0563±0.0012, cross=0.0012±0.0012, gap=0.0551±0.0007

  --- AgentB, Layer 22, 5-fold CV ---
    Spectrum (, L22): k90=147, k95=296, k99=785, top-50 explains 78.2%
    Fold 1/5: train=360, test=90, k90=147
    Spectrum (, L22): k90=149, k95=297, k99=784, top-50 explains 78.0%
    Fold 2/5: train=360, test=90, k90=149
    Spectrum (, L22): k90=147, k95=295, k99=782, top-50 explains 78.1%
    Fold 3/5: train=360, test=90, k90=147
    Spectrum (, L22): k90=147, k95=294, k99=774, top-50 explains 78.0%
    Fold 4/5: train=360, test=90, k90=147
    Spectrum (, L22): k90=150, k95=300, k99=791, top-50 explains 77.7%
    Fold 5/5: train=360, test=90, k90=150
    CV mean: k90=148.0, k95=296.4, top-50 var=78.0%
    [task_structure] same=0.1434±0.0011, cross=-0.0152±0.0013, gap=0.1586±0.0007
    [outcome_correspondence] same=0.0545±0.0012, cross=0.0015±0.0013, gap=0.0530±0.0006

  --- AgentB, Layer 23, 5-fold CV ---
    Spectrum (, L23): k90=148, k95=298, k99=791, top-50 explains 78.2%
    Fold 1/5: train=360, test=90, k90=148
    Spectrum (, L23): k90=149, k95=300, k99=790, top-50 explains 78.0%
    Fold 2/5: train=360, test=90, k90=149
    Spectrum (, L23): k90=148, k95=298, k99=788, top-50 explains 78.1%
    Fold 3/5: train=360, test=90, k90=148
    Spectrum (, L23): k90=148, k95=297, k99=780, top-50 explains 78.1%
    Fold 4/5: train=360, test=90, k90=148
    Spectrum (, L23): k90=150, k95=302, k99=796, top-50 explains 77.8%
    Fold 5/5: train=360, test=90, k90=150
    CV mean: k90=148.6, k95=299.0, top-50 var=78.0%
    [task_structure] same=0.1431±0.0013, cross=-0.0154±0.0014, gap=0.1585±0.0006
    [outcome_correspondence] same=0.0541±0.0013, cross=0.0014±0.0014, gap=0.0527±0.0006

  --- AgentB, Layer 24, 5-fold CV ---
    Spectrum (, L24): k90=149, k95=301, k99=799, top-50 explains 78.1%
    Fold 1/5: train=360, test=90, k90=149
    Spectrum (, L24): k90=150, k95=303, k99=798, top-50 explains 77.9%
    Fold 2/5: train=360, test=90, k90=150
    Spectrum (, L24): k90=149, k95=301, k99=796, top-50 explains 78.1%
    Fold 3/5: train=360, test=90, k90=149
    Spectrum (, L24): k90=149, k95=300, k99=788, top-50 explains 77.9%
    Fold 4/5: train=360, test=90, k90=149
    Spectrum (, L24): k90=152, k95=305, k99=805, top-50 explains 77.7%
    Fold 5/5: train=360, test=90, k90=152
    CV mean: k90=149.8, k95=302.0, top-50 var=77.9%
    [task_structure] same=0.1348±0.0012, cross=-0.0147±0.0013, gap=0.1495±0.0005
    [outcome_correspondence] same=0.0527±0.0012, cross=0.0002±0.0013, gap=0.0525±0.0006

  --- AgentB, Layer 25, 5-fold CV ---
    Spectrum (, L25): k90=149, k95=304, k99=804, top-50 explains 78.4%
    Fold 1/5: train=360, test=90, k90=149
    Spectrum (, L25): k90=151, k95=305, k99=802, top-50 explains 78.2%
    Fold 2/5: train=360, test=90, k90=151
    Spectrum (, L25): k90=149, k95=303, k99=800, top-50 explains 78.3%
    Fold 3/5: train=360, test=90, k90=149
    Spectrum (, L25): k90=149, k95=302, k99=792, top-50 explains 78.2%
    Fold 4/5: train=360, test=90, k90=149
    Spectrum (, L25): k90=152, k95=307, k99=809, top-50 explains 77.9%
    Fold 5/5: train=360, test=90, k90=152
    CV mean: k90=150.0, k95=304.2, top-50 var=78.2%
    [task_structure] same=0.1292±0.0011, cross=-0.0140±0.0013, gap=0.1432±0.0005
    [outcome_correspondence] same=0.0500±0.0012, cross=0.0006±0.0013, gap=0.0494±0.0006

  --- AgentB, Layer 26, 5-fold CV ---
    Spectrum (, L26): k90=152, k95=309, k99=813, top-50 explains 78.1%
    Fold 1/5: train=360, test=90, k90=152
    Spectrum (, L26): k90=154, k95=311, k99=811, top-50 explains 77.9%
    Fold 2/5: train=360, test=90, k90=154
    Spectrum (, L26): k90=152, k95=309, k99=810, top-50 explains 78.1%
    Fold 3/5: train=360, test=90, k90=152
    Spectrum (, L26): k90=153, k95=308, k99=802, top-50 explains 78.0%
    Fold 4/5: train=360, test=90, k90=153
    Spectrum (, L26): k90=155, k95=313, k99=818, top-50 explains 77.7%
    Fold 5/5: train=360, test=90, k90=155
    CV mean: k90=153.2, k95=310.0, top-50 var=78.0%
    [task_structure] same=0.1250±0.0010, cross=-0.0136±0.0011, gap=0.1386±0.0005
    [outcome_correspondence] same=0.0490±0.0011, cross=0.0002±0.0011, gap=0.0489±0.0005

  --- AgentB, Layer 27, 5-fold CV ---
    Spectrum (, L27): k90=151, k95=308, k99=813, top-50 explains 78.4%
    Fold 1/5: train=360, test=90, k90=151
    Spectrum (, L27): k90=153, k95=311, k99=812, top-50 explains 78.1%
    Fold 2/5: train=360, test=90, k90=153
    Spectrum (, L27): k90=151, k95=308, k99=810, top-50 explains 78.2%
    Fold 3/5: train=360, test=90, k90=151
    Spectrum (, L27): k90=152, k95=308, k99=802, top-50 explains 78.1%
    Fold 4/5: train=360, test=90, k90=152
    Spectrum (, L27): k90=154, k95=312, k99=818, top-50 explains 77.9%
    Fold 5/5: train=360, test=90, k90=154
    CV mean: k90=152.2, k95=309.4, top-50 var=78.1%
    [task_structure] same=0.1194±0.0010, cross=-0.0132±0.0011, gap=0.1325±0.0006
    [outcome_correspondence] same=0.0477±0.0011, cross=-0.0006±0.0011, gap=0.0483±0.0005

  --- AgentB, Layer 28, 5-fold CV ---
    Spectrum (, L28): k90=155, k95=314, k99=819, top-50 explains 78.0%
    Fold 1/5: train=360, test=90, k90=155
    Spectrum (, L28): k90=158, k95=318, k99=820, top-50 explains 77.6%
    Fold 2/5: train=360, test=90, k90=158
    Spectrum (, L28): k90=155, k95=314, k99=818, top-50 explains 77.8%
    Fold 3/5: train=360, test=90, k90=155
    Spectrum (, L28): k90=156, k95=314, k99=809, top-50 explains 77.7%
    Fold 4/5: train=360, test=90, k90=156
    Spectrum (, L28): k90=158, k95=319, k99=826, top-50 explains 77.4%
    Fold 5/5: train=360, test=90, k90=158
    CV mean: k90=156.4, k95=315.8, top-50 var=77.7%
    [task_structure] same=0.1194±0.0009, cross=-0.0136±0.0010, gap=0.1330±0.0005
    [outcome_correspondence] same=0.0477±0.0010, cross=-0.0010±0.0010, gap=0.0488±0.0006

  --- AgentB, Layer 29, 5-fold CV ---
    Spectrum (, L29): k90=160, k95=325, k99=836, top-50 explains 77.5%
    Fold 1/5: train=360, test=90, k90=160
    Spectrum (, L29): k90=162, k95=327, k99=835, top-50 explains 77.3%
    Fold 2/5: train=360, test=90, k90=162
    Spectrum (, L29): k90=160, k95=324, k99=834, top-50 explains 77.4%
    Fold 3/5: train=360, test=90, k90=160
    Spectrum (, L29): k90=161, k95=324, k99=824, top-50 explains 77.2%
    Fold 4/5: train=360, test=90, k90=161
    Spectrum (, L29): k90=163, k95=330, k99=843, top-50 explains 77.0%
    Fold 5/5: train=360, test=90, k90=163
    CV mean: k90=161.2, k95=326.0, top-50 var=77.3%
    [task_structure] same=0.1091±0.0009, cross=-0.0123±0.0009, gap=0.1214±0.0005
    [outcome_correspondence] same=0.0430±0.0010, cross=-0.0006±0.0009, gap=0.0436±0.0006

  --- AgentB, Layer 30, 5-fold CV ---
    Spectrum (, L30): k90=154, k95=315, k99=825, top-50 explains 78.0%
    Fold 1/5: train=360, test=90, k90=154
    Spectrum (, L30): k90=156, k95=318, k99=823, top-50 explains 77.8%
    Fold 2/5: train=360, test=90, k90=156
    Spectrum (, L30): k90=154, k95=315, k99=823, top-50 explains 77.8%
    Fold 3/5: train=360, test=90, k90=154
    Spectrum (, L30): k90=155, k95=315, k99=814, top-50 explains 77.6%
    Fold 4/5: train=360, test=90, k90=155
    Spectrum (, L30): k90=157, k95=320, k99=832, top-50 explains 77.5%
    Fold 5/5: train=360, test=90, k90=157
    CV mean: k90=155.2, k95=316.6, top-50 var=77.8%
    [task_structure] same=0.0944±0.0008, cross=-0.0109±0.0007, gap=0.1052±0.0003
    [outcome_correspondence] same=0.0384±0.0008, cross=-0.0014±0.0007, gap=0.0398±0.0005

  --- AgentB, Layer 31, 5-fold CV ---
    Spectrum (, L31): k90=124, k95=259, k99=741, top-50 explains 80.3%
    Fold 1/5: train=360, test=90, k90=124
    Spectrum (, L31): k90=125, k95=260, k99=740, top-50 explains 80.0%
    Fold 2/5: train=360, test=90, k90=125
    Spectrum (, L31): k90=124, k95=259, k99=739, top-50 explains 80.0%
    Fold 3/5: train=360, test=90, k90=124
    Spectrum (, L31): k90=125, k95=259, k99=733, top-50 explains 79.9%
    Fold 4/5: train=360, test=90, k90=125
    Spectrum (, L31): k90=126, k95=263, k99=748, top-50 explains 79.8%
    Fold 5/5: train=360, test=90, k90=126
    CV mean: k90=124.8, k95=260.0, top-50 var=80.0%
    [task_structure] same=0.0815±0.0007, cross=-0.0112±0.0005, gap=0.0927±0.0002
    [outcome_correspondence] same=0.0304±0.0005, cross=-0.0019±0.0006, gap=0.0323±0.0005

Saved: /juice6/u/jshe/nlp/LM_neural_synchrony/svd_v2_cv_Misv0.3Misv0.2_L0_L1_L2_L3_L4_L5_L6_L7_L8_L9_L10_L11_L12_L13_L14_L15_L16_L17_L18_L19_L20_L21_L22_L23_L24_L25_L26_L27_L28_L29_L30_L31.json

############################################################
SVD Analysis: Mistral-7B-Instruct-v0.2_None_0_Mistral-7B-Instruct-v0.3_None_0 (Misv0.2Misv0.3)
Layers A: [0, 1, 2, 3, 4, 5, 6, 7, 8, 9, 10, 11, 12, 13, 14, 15, 16, 17, 18, 19, 20, 21, 22, 23, 24, 25, 26, 27, 28, 29, 30, 31], Layers B: [0, 1, 2, 3, 4, 5, 6, 7, 8, 9, 10, 11, 12, 13, 14, 15, 16, 17, 18, 19, 20, 21, 22, 23, 24, 25, 26, 27, 28, 29, 30, 31], k=50
############################################################
Loading features for Mistral-7B-Instruct-v0.2_None_0_Mistral-7B-Instruct-v0.3_None_0...
Loaded 450 episodes

  --- AgentA, Layer 0, 5-fold CV ---
    Spectrum (, L0): k90=37, k95=67, k99=214, top-50 explains 92.9%
    Fold 1/5: train=360, test=90, k90=37
    Spectrum (, L0): k90=38, k95=68, k99=215, top-50 explains 92.8%
    Fold 2/5: train=360, test=90, k90=38
    Spectrum (, L0): k90=38, k95=68, k99=216, top-50 explains 92.8%
    Fold 3/5: train=360, test=90, k90=38
    Spectrum (, L0): k90=38, k95=67, k99=217, top-50 explains 92.9%
    Fold 4/5: train=360, test=90, k90=38
    Spectrum (, L0): k90=37, k95=68, k99=216, top-50 explains 92.9%
    Fold 5/5: train=360, test=90, k90=37
    CV mean: k90=37.6, k95=67.6, top-50 var=92.9%
    [task_structure] same=0.1601±0.0029, cross=0.0039±0.0033, gap=0.1562±0.0008
    [outcome_correspondence] same=0.0723±0.0028, cross=0.0207±0.0034, gap=0.0517±0.0006

  --- AgentA, Layer 1, 5-fold CV ---
    Spectrum (, L1): k90=49, k95=90, k99=309, top-50 explains 90.3%
    Fold 1/5: train=360, test=90, k90=49
    Spectrum (, L1): k90=49, k95=90, k99=308, top-50 explains 90.4%
    Fold 2/5: train=360, test=90, k90=49
    Spectrum (, L1): k90=49, k95=91, k99=310, top-50 explains 90.3%
    Fold 3/5: train=360, test=90, k90=49
    Spectrum (, L1): k90=49, k95=91, k99=313, top-50 explains 90.3%
    Fold 4/5: train=360, test=90, k90=49
    Spectrum (, L1): k90=49, k95=91, k99=311, top-50 explains 90.3%
    Fold 5/5: train=360, test=90, k90=49
    CV mean: k90=49.0, k95=90.6, top-50 var=90.3%
    [task_structure] same=0.1237±0.0034, cross=0.0122±0.0033, gap=0.1115±0.0006
    [outcome_correspondence] same=0.0605±0.0032, cross=0.0244±0.0034, gap=0.0361±0.0003

  --- AgentA, Layer 2, 5-fold CV ---
    Spectrum (, L2): k90=56, k95=117, k99=408, top-50 explains 89.1%
    Fold 1/5: train=360, test=90, k90=56
    Spectrum (, L2): k90=56, k95=117, k99=407, top-50 explains 89.1%
    Fold 2/5: train=360, test=90, k90=56
    Spectrum (, L2): k90=56, k95=118, k99=412, top-50 explains 89.0%
    Fold 3/5: train=360, test=90, k90=56
    Spectrum (, L2): k90=57, k95=119, k99=414, top-50 explains 88.9%
    Fold 4/5: train=360, test=90, k90=57
    Spectrum (, L2): k90=57, k95=118, k99=413, top-50 explains 88.9%
    Fold 5/5: train=360, test=90, k90=57
    CV mean: k90=56.4, k95=117.8, top-50 var=89.0%
    [task_structure] same=0.1571±0.0043, cross=0.0307±0.0040, gap=0.1264±0.0008
    [outcome_correspondence] same=0.0794±0.0038, cross=0.0479±0.0042, gap=0.0315±0.0004

  --- AgentA, Layer 3, 5-fold CV ---
    Spectrum (, L3): k90=65, k95=147, k99=514, top-50 explains 87.9%
    Fold 1/5: train=360, test=90, k90=65
    Spectrum (, L3): k90=65, k95=148, k99=512, top-50 explains 87.9%
    Fold 2/5: train=360, test=90, k90=65
    Spectrum (, L3): k90=66, k95=149, k99=518, top-50 explains 87.8%
    Fold 3/5: train=360, test=90, k90=66
    Spectrum (, L3): k90=67, k95=150, k99=524, top-50 explains 87.7%
    Fold 4/5: train=360, test=90, k90=67
    Spectrum (, L3): k90=67, k95=150, k99=521, top-50 explains 87.7%
    Fold 5/5: train=360, test=90, k90=67
    CV mean: k90=66.0, k95=148.8, top-50 var=87.8%
    [task_structure] same=0.1449±0.0042, cross=0.0331±0.0040, gap=0.1117±0.0007
    [outcome_correspondence] same=0.0753±0.0038, cross=0.0488±0.0042, gap=0.0265±0.0004

  --- AgentA, Layer 4, 5-fold CV ---
    Spectrum (, L4): k90=40, k95=102, k99=420, top-50 explains 91.4%
    Fold 1/5: train=360, test=90, k90=40
    Spectrum (, L4): k90=40, k95=102, k99=418, top-50 explains 91.4%
    Fold 2/5: train=360, test=90, k90=40
    Spectrum (, L4): k90=41, k95=103, k99=425, top-50 explains 91.3%
    Fold 3/5: train=360, test=90, k90=41
    Spectrum (, L4): k90=41, k95=105, k99=429, top-50 explains 91.2%
    Fold 4/5: train=360, test=90, k90=41
    Spectrum (, L4): k90=41, k95=104, k99=426, top-50 explains 91.3%
    Fold 5/5: train=360, test=90, k90=41
    CV mean: k90=40.6, k95=103.2, top-50 var=91.3%
    [task_structure] same=0.1392±0.0036, cross=0.0294±0.0034, gap=0.1098±0.0005
    [outcome_correspondence] same=0.0714±0.0032, cross=0.0445±0.0036, gap=0.0269±0.0004

  --- AgentA, Layer 5, 5-fold CV ---
    Spectrum (, L5): k90=46, k95=117, k99=448, top-50 explains 90.5%
    Fold 1/5: train=360, test=90, k90=46
    Spectrum (, L5): k90=46, k95=116, k99=444, top-50 explains 90.6%
    Fold 2/5: train=360, test=90, k90=46
    Spectrum (, L5): k90=47, k95=119, k99=452, top-50 explains 90.5%
    Fold 3/5: train=360, test=90, k90=47
    Spectrum (, L5): k90=48, k95=120, k99=457, top-50 explains 90.3%
    Fold 4/5: train=360, test=90, k90=48
    Spectrum (, L5): k90=47, k95=119, k99=453, top-50 explains 90.4%
    Fold 5/5: train=360, test=90, k90=47
    CV mean: k90=46.8, k95=118.2, top-50 var=90.5%
    [task_structure] same=0.1398±0.0039, cross=0.0275±0.0037, gap=0.1123±0.0006
    [outcome_correspondence] same=0.0700±0.0035, cross=0.0431±0.0038, gap=0.0268±0.0004

  --- AgentA, Layer 6, 5-fold CV ---
    Spectrum (, L6): k90=37, k95=100, k99=412, top-50 explains 91.8%
    Fold 1/5: train=360, test=90, k90=37
    Spectrum (, L6): k90=37, k95=100, k99=409, top-50 explains 91.8%
    Fold 2/5: train=360, test=90, k90=37
    Spectrum (, L6): k90=37, k95=102, k99=417, top-50 explains 91.7%
    Fold 3/5: train=360, test=90, k90=37
    Spectrum (, L6): k90=38, k95=103, k99=422, top-50 explains 91.6%
    Fold 4/5: train=360, test=90, k90=38
    Spectrum (, L6): k90=37, k95=102, k99=418, top-50 explains 91.6%
    Fold 5/5: train=360, test=90, k90=37
    CV mean: k90=37.2, k95=101.4, top-50 var=91.7%
    [task_structure] same=0.1477±0.0041, cross=0.0299±0.0039, gap=0.1178±0.0006
    [outcome_correspondence] same=0.0752±0.0037, cross=0.0459±0.0041, gap=0.0293±0.0005

  --- AgentA, Layer 7, 5-fold CV ---
    Spectrum (, L7): k90=46, k95=117, k99=438, top-50 explains 90.6%
    Fold 1/5: train=360, test=90, k90=46
    Spectrum (, L7): k90=47, k95=117, k99=436, top-50 explains 90.5%
    Fold 2/5: train=360, test=90, k90=47
    Spectrum (, L7): k90=47, k95=119, k99=443, top-50 explains 90.4%
    Fold 3/5: train=360, test=90, k90=47
    Spectrum (, L7): k90=48, k95=120, k99=449, top-50 explains 90.3%
    Fold 4/5: train=360, test=90, k90=48
    Spectrum (, L7): k90=47, k95=118, k99=443, top-50 explains 90.5%
    Fold 5/5: train=360, test=90, k90=47
    CV mean: k90=47.0, k95=118.2, top-50 var=90.5%
    [task_structure] same=0.1433±0.0040, cross=0.0244±0.0036, gap=0.1189±0.0008
    [outcome_correspondence] same=0.0709±0.0034, cross=0.0402±0.0039, gap=0.0307±0.0005

  --- AgentA, Layer 8, 5-fold CV ---
    Spectrum (, L8): k90=49, k95=124, k99=455, top-50 explains 90.2%
    Fold 1/5: train=360, test=90, k90=49
    Spectrum (, L8): k90=50, k95=124, k99=453, top-50 explains 90.1%
    Fold 2/5: train=360, test=90, k90=50
    Spectrum (, L8): k90=50, k95=126, k99=461, top-50 explains 90.0%
    Fold 3/5: train=360, test=90, k90=50
    Spectrum (, L8): k90=51, k95=127, k99=466, top-50 explains 89.9%
    Fold 4/5: train=360, test=90, k90=51
    Spectrum (, L8): k90=50, k95=125, k99=460, top-50 explains 90.0%
    Fold 5/5: train=360, test=90, k90=50
    CV mean: k90=50.0, k95=125.2, top-50 var=90.1%
    [task_structure] same=0.1429±0.0038, cross=0.0236±0.0036, gap=0.1193±0.0008
    [outcome_correspondence] same=0.0705±0.0033, cross=0.0393±0.0037, gap=0.0312±0.0004

  --- AgentA, Layer 9, 5-fold CV ---
    Spectrum (, L9): k90=47, k95=119, k99=442, top-50 explains 90.5%
    Fold 1/5: train=360, test=90, k90=47
    Spectrum (, L9): k90=47, k95=120, k99=440, top-50 explains 90.4%
    Fold 2/5: train=360, test=90, k90=47
    Spectrum (, L9): k90=48, k95=122, k99=448, top-50 explains 90.3%
    Fold 3/5: train=360, test=90, k90=48
    Spectrum (, L9): k90=49, k95=123, k99=453, top-50 explains 90.2%
    Fold 4/5: train=360, test=90, k90=49
    Spectrum (, L9): k90=48, k95=120, k99=446, top-50 explains 90.3%
    Fold 5/5: train=360, test=90, k90=48
    CV mean: k90=47.8, k95=120.8, top-50 var=90.3%
    [task_structure] same=0.1465±0.0038, cross=0.0220±0.0035, gap=0.1245±0.0010
    [outcome_correspondence] same=0.0682±0.0033, cross=0.0398±0.0037, gap=0.0284±0.0004

  --- AgentA, Layer 10, 5-fold CV ---
    Spectrum (, L10): k90=40, k95=112, k99=434, top-50 explains 91.2%
    Fold 1/5: train=360, test=90, k90=40
    Spectrum (, L10): k90=41, k95=112, k99=433, top-50 explains 91.2%
    Fold 2/5: train=360, test=90, k90=41
    Spectrum (, L10): k90=42, k95=114, k99=440, top-50 explains 91.1%
    Fold 3/5: train=360, test=90, k90=42
    Spectrum (, L10): k90=42, k95=115, k99=444, top-50 explains 91.0%
    Fold 4/5: train=360, test=90, k90=42
    Spectrum (, L10): k90=42, k95=113, k99=439, top-50 explains 91.1%
    Fold 5/5: train=360, test=90, k90=42
    CV mean: k90=41.4, k95=113.2, top-50 var=91.1%
    [task_structure] same=0.1424±0.0044, cross=0.0277±0.0040, gap=0.1147±0.0009
    [outcome_correspondence] same=0.0716±0.0038, cross=0.0434±0.0041, gap=0.0281±0.0003

  --- AgentA, Layer 11, 5-fold CV ---
    Spectrum (, L11): k90=42, k95=113, k99=438, top-50 explains 91.1%
    Fold 1/5: train=360, test=90, k90=42
    Spectrum (, L11): k90=42, k95=113, k99=435, top-50 explains 91.1%
    Fold 2/5: train=360, test=90, k90=42
    Spectrum (, L11): k90=42, k95=115, k99=442, top-50 explains 91.0%
    Fold 3/5: train=360, test=90, k90=42
    Spectrum (, L11): k90=43, k95=116, k99=446, top-50 explains 90.9%
    Fold 4/5: train=360, test=90, k90=43
    Spectrum (, L11): k90=42, k95=115, k99=442, top-50 explains 91.0%
    Fold 5/5: train=360, test=90, k90=42
    CV mean: k90=42.2, k95=114.4, top-50 var=91.0%
    [task_structure] same=0.1370±0.0042, cross=0.0288±0.0041, gap=0.1082±0.0007
    [outcome_correspondence] same=0.0697±0.0039, cross=0.0439±0.0042, gap=0.0258±0.0003

  --- AgentA, Layer 12, 5-fold CV ---
    Spectrum (, L12): k90=46, k95=119, k99=442, top-50 explains 90.6%
    Fold 1/5: train=360, test=90, k90=46
    Spectrum (, L12): k90=46, k95=119, k99=440, top-50 explains 90.6%
    Fold 2/5: train=360, test=90, k90=46
    Spectrum (, L12): k90=46, k95=121, k99=447, top-50 explains 90.5%
    Fold 3/5: train=360, test=90, k90=46
    Spectrum (, L12): k90=47, k95=122, k99=450, top-50 explains 90.4%
    Fold 4/5: train=360, test=90, k90=47
    Spectrum (, L12): k90=46, k95=120, k99=446, top-50 explains 90.5%
    Fold 5/5: train=360, test=90, k90=46
    CV mean: k90=46.2, k95=120.2, top-50 var=90.5%
    [task_structure] same=0.1512±0.0043, cross=0.0248±0.0043, gap=0.1264±0.0008
    [outcome_correspondence] same=0.0747±0.0040, cross=0.0412±0.0044, gap=0.0335±0.0004

  --- AgentA, Layer 13, 5-fold CV ---
    Spectrum (, L13): k90=46, k95=124, k99=465, top-50 explains 90.6%
    Fold 1/5: train=360, test=90, k90=46
    Spectrum (, L13): k90=46, k95=124, k99=463, top-50 explains 90.6%
    Fold 2/5: train=360, test=90, k90=46
    Spectrum (, L13): k90=47, k95=126, k99=471, top-50 explains 90.5%
    Fold 3/5: train=360, test=90, k90=47
    Spectrum (, L13): k90=47, k95=127, k99=473, top-50 explains 90.4%
    Fold 4/5: train=360, test=90, k90=47
    Spectrum (, L13): k90=46, k95=125, k99=470, top-50 explains 90.5%
    Fold 5/5: train=360, test=90, k90=46
    CV mean: k90=46.4, k95=125.2, top-50 var=90.5%
    [task_structure] same=0.1458±0.0043, cross=0.0238±0.0045, gap=0.1220±0.0008
    [outcome_correspondence] same=0.0747±0.0041, cross=0.0384±0.0046, gap=0.0363±0.0006

  --- AgentA, Layer 14, 5-fold CV ---
    Spectrum (, L14): k90=71, k95=170, k99=545, top-50 explains 87.7%
    Fold 1/5: train=360, test=90, k90=71
    Spectrum (, L14): k90=71, k95=170, k99=542, top-50 explains 87.7%
    Fold 2/5: train=360, test=90, k90=71
    Spectrum (, L14): k90=72, k95=173, k99=552, top-50 explains 87.5%
    Fold 3/5: train=360, test=90, k90=72
    Spectrum (, L14): k90=73, k95=174, k99=555, top-50 explains 87.5%
    Fold 4/5: train=360, test=90, k90=73
    Spectrum (, L14): k90=72, k95=172, k99=549, top-50 explains 87.6%
    Fold 5/5: train=360, test=90, k90=72
    CV mean: k90=71.8, k95=171.8, top-50 var=87.6%
    [task_structure] same=0.1542±0.0041, cross=0.0198±0.0043, gap=0.1344±0.0009
    [outcome_correspondence] same=0.0752±0.0039, cross=0.0361±0.0045, gap=0.0391±0.0006

  --- AgentA, Layer 15, 5-fold CV ---
    Spectrum (, L15): k90=98, k95=210, k99=602, top-50 explains 84.2%
    Fold 1/5: train=360, test=90, k90=98
    Spectrum (, L15): k90=98, k95=210, k99=599, top-50 explains 84.2%
    Fold 2/5: train=360, test=90, k90=98
    Spectrum (, L15): k90=100, k95=214, k99=610, top-50 explains 84.0%
    Fold 3/5: train=360, test=90, k90=100
    Spectrum (, L15): k90=101, k95=215, k99=614, top-50 explains 84.0%
    Fold 4/5: train=360, test=90, k90=101
    Spectrum (, L15): k90=100, k95=212, k99=606, top-50 explains 84.0%
    Fold 5/5: train=360, test=90, k90=100
    CV mean: k90=99.4, k95=212.2, top-50 var=84.1%
    [task_structure] same=0.1481±0.0030, cross=0.0042±0.0033, gap=0.1439±0.0006
    [outcome_correspondence] same=0.0638±0.0029, cross=0.0215±0.0034, gap=0.0423±0.0006

  --- AgentA, Layer 16, 5-fold CV ---
    Spectrum (, L16): k90=114, k95=236, k99=648, top-50 explains 82.3%
    Fold 1/5: train=360, test=90, k90=114
    Spectrum (, L16): k90=114, k95=236, k99=644, top-50 explains 82.2%
    Fold 2/5: train=360, test=90, k90=114
    Spectrum (, L16): k90=117, k95=241, k99=657, top-50 explains 82.0%
    Fold 3/5: train=360, test=90, k90=117
    Spectrum (, L16): k90=117, k95=242, k99=661, top-50 explains 82.0%
    Fold 4/5: train=360, test=90, k90=117
    Spectrum (, L16): k90=117, k95=240, k99=653, top-50 explains 82.0%
    Fold 5/5: train=360, test=90, k90=117
    CV mean: k90=115.8, k95=239.0, top-50 var=82.1%
    [task_structure] same=0.1649±0.0024, cross=-0.0103±0.0027, gap=0.1752±0.0009
    [outcome_correspondence] same=0.0679±0.0023, cross=0.0078±0.0028, gap=0.0601±0.0006

  --- AgentA, Layer 17, 5-fold CV ---
    Spectrum (, L17): k90=107, k95=227, k99=640, top-50 explains 83.3%
    Fold 1/5: train=360, test=90, k90=107
    Spectrum (, L17): k90=107, k95=227, k99=637, top-50 explains 83.1%
    Fold 2/5: train=360, test=90, k90=107
    Spectrum (, L17): k90=110, k95=232, k99=650, top-50 explains 82.9%
    Fold 3/5: train=360, test=90, k90=110
    Spectrum (, L17): k90=111, k95=233, k99=655, top-50 explains 82.9%
    Fold 4/5: train=360, test=90, k90=111
    Spectrum (, L17): k90=110, k95=230, k99=647, top-50 explains 82.9%
    Fold 5/5: train=360, test=90, k90=110
    CV mean: k90=109.0, k95=229.8, top-50 var=83.0%
    [task_structure] same=0.1619±0.0023, cross=-0.0035±0.0029, gap=0.1653±0.0009
    [outcome_correspondence] same=0.0704±0.0025, cross=0.0135±0.0029, gap=0.0570±0.0006

  --- AgentA, Layer 18, 5-fold CV ---
    Spectrum (, L18): k90=115, k95=237, k99=658, top-50 explains 82.0%
    Fold 1/5: train=360, test=90, k90=115
    Spectrum (, L18): k90=115, k95=236, k99=654, top-50 explains 82.0%
    Fold 2/5: train=360, test=90, k90=115
    Spectrum (, L18): k90=118, k95=242, k99=667, top-50 explains 81.7%
    Fold 3/5: train=360, test=90, k90=118
    Spectrum (, L18): k90=119, k95=243, k99=673, top-50 explains 81.7%
    Fold 4/5: train=360, test=90, k90=119
    Spectrum (, L18): k90=117, k95=239, k99=663, top-50 explains 81.7%
    Fold 5/5: train=360, test=90, k90=117
    CV mean: k90=116.8, k95=239.4, top-50 var=81.8%
    [task_structure] same=0.1457±0.0021, cross=-0.0017±0.0026, gap=0.1474±0.0008
    [outcome_correspondence] same=0.0659±0.0023, cross=0.0124±0.0026, gap=0.0535±0.0005

  --- AgentA, Layer 19, 5-fold CV ---
    Spectrum (, L19): k90=124, k95=249, k99=678, top-50 explains 80.6%
    Fold 1/5: train=360, test=90, k90=124
    Spectrum (, L19): k90=124, k95=249, k99=674, top-50 explains 80.6%
    Fold 2/5: train=360, test=90, k90=124
    Spectrum (, L19): k90=127, k95=254, k99=687, top-50 explains 80.4%
    Fold 3/5: train=360, test=90, k90=127
    Spectrum (, L19): k90=128, k95=256, k99=694, top-50 explains 80.3%
    Fold 4/5: train=360, test=90, k90=128
    Spectrum (, L19): k90=126, k95=252, k99=683, top-50 explains 80.4%
    Fold 5/5: train=360, test=90, k90=126
    CV mean: k90=125.8, k95=252.0, top-50 var=80.5%
    [task_structure] same=0.1438±0.0018, cross=-0.0039±0.0024, gap=0.1477±0.0007
    [outcome_correspondence] same=0.0641±0.0021, cross=0.0101±0.0024, gap=0.0541±0.0005

  --- AgentA, Layer 20, 5-fold CV ---
    Spectrum (, L20): k90=121, k95=244, k99=674, top-50 explains 80.7%
    Fold 1/5: train=360, test=90, k90=121
    Spectrum (, L20): k90=121, k95=243, k99=669, top-50 explains 80.7%
    Fold 2/5: train=360, test=90, k90=121
    Spectrum (, L20): k90=123, k95=248, k99=683, top-50 explains 80.3%
    Fold 3/5: train=360, test=90, k90=123
    Spectrum (, L20): k90=124, k95=250, k99=690, top-50 explains 80.4%
    Fold 4/5: train=360, test=90, k90=124
    Spectrum (, L20): k90=122, k95=246, k99=679, top-50 explains 80.5%
    Fold 5/5: train=360, test=90, k90=122
    CV mean: k90=122.2, k95=246.2, top-50 var=80.5%
    [task_structure] same=0.1432±0.0019, cross=-0.0086±0.0023, gap=0.1518±0.0008
    [outcome_correspondence] same=0.0630±0.0021, cross=0.0050±0.0023, gap=0.0580±0.0005

  --- AgentA, Layer 21, 5-fold CV ---
    Spectrum (, L21): k90=126, k95=252, k99=692, top-50 explains 80.0%
    Fold 1/5: train=360, test=90, k90=126
    Spectrum (, L21): k90=125, k95=252, k99=687, top-50 explains 80.0%
    Fold 2/5: train=360, test=90, k90=125
    Spectrum (, L21): k90=128, k95=257, k99=701, top-50 explains 79.6%
    Fold 3/5: train=360, test=90, k90=128
    Spectrum (, L21): k90=129, k95=259, k99=708, top-50 explains 79.7%
    Fold 4/5: train=360, test=90, k90=129
    Spectrum (, L21): k90=127, k95=255, k99=696, top-50 explains 79.8%
    Fold 5/5: train=360, test=90, k90=127
    CV mean: k90=127.0, k95=255.0, top-50 var=79.8%
    [task_structure] same=0.1376±0.0021, cross=-0.0086±0.0023, gap=0.1461±0.0006
    [outcome_correspondence] same=0.0605±0.0021, cross=0.0044±0.0023, gap=0.0561±0.0004

  --- AgentA, Layer 22, 5-fold CV ---
    Spectrum (, L22): k90=129, k95=259, k99=704, top-50 explains 79.6%
    Fold 1/5: train=360, test=90, k90=129
    Spectrum (, L22): k90=129, k95=258, k99=699, top-50 explains 79.7%
    Fold 2/5: train=360, test=90, k90=129
    Spectrum (, L22): k90=132, k95=264, k99=713, top-50 explains 79.3%
    Fold 3/5: train=360, test=90, k90=132
    Spectrum (, L22): k90=132, k95=265, k99=720, top-50 explains 79.3%
    Fold 4/5: train=360, test=90, k90=132
    Spectrum (, L22): k90=130, k95=260, k99=708, top-50 explains 79.5%
    Fold 5/5: train=360, test=90, k90=130
    CV mean: k90=130.4, k95=261.2, top-50 var=79.5%
    [task_structure] same=0.1316±0.0019, cross=-0.0085±0.0023, gap=0.1402±0.0005
    [outcome_correspondence] same=0.0578±0.0021, cross=0.0038±0.0023, gap=0.0540±0.0005

  --- AgentA, Layer 23, 5-fold CV ---
    Spectrum (, L23): k90=131, k95=264, k99=716, top-50 explains 79.4%
    Fold 1/5: train=360, test=90, k90=131
    Spectrum (, L23): k90=131, k95=264, k99=711, top-50 explains 79.5%
    Fold 2/5: train=360, test=90, k90=131
    Spectrum (, L23): k90=134, k95=269, k99=725, top-50 explains 79.1%
    Fold 3/5: train=360, test=90, k90=134
    Spectrum (, L23): k90=135, k95=271, k99=732, top-50 explains 79.2%
    Fold 4/5: train=360, test=90, k90=135
    Spectrum (, L23): k90=132, k95=267, k99=720, top-50 explains 79.3%
    Fold 5/5: train=360, test=90, k90=132
    CV mean: k90=132.6, k95=267.0, top-50 var=79.3%
    [task_structure] same=0.1272±0.0018, cross=-0.0093±0.0022, gap=0.1365±0.0006
    [outcome_correspondence] same=0.0561±0.0020, cross=0.0024±0.0021, gap=0.0538±0.0005

  --- AgentA, Layer 24, 5-fold CV ---
    Spectrum (, L24): k90=134, k95=270, k99=728, top-50 explains 79.0%
    Fold 1/5: train=360, test=90, k90=134
    Spectrum (, L24): k90=134, k95=270, k99=724, top-50 explains 79.1%
    Fold 2/5: train=360, test=90, k90=134
    Spectrum (, L24): k90=137, k95=275, k99=738, top-50 explains 78.7%
    Fold 3/5: train=360, test=90, k90=137
    Spectrum (, L24): k90=138, k95=277, k99=746, top-50 explains 78.7%
    Fold 4/5: train=360, test=90, k90=138
    Spectrum (, L24): k90=135, k95=272, k99=732, top-50 explains 78.9%
    Fold 5/5: train=360, test=90, k90=135
    CV mean: k90=135.6, k95=272.8, top-50 var=78.9%
    [task_structure] same=0.1203±0.0017, cross=-0.0086±0.0020, gap=0.1289±0.0005
    [outcome_correspondence] same=0.0542±0.0018, cross=0.0018±0.0020, gap=0.0524±0.0004

  --- AgentA, Layer 25, 5-fold CV ---
    Spectrum (, L25): k90=137, k95=276, k99=739, top-50 explains 78.9%
    Fold 1/5: train=360, test=90, k90=137
    Spectrum (, L25): k90=137, k95=276, k99=734, top-50 explains 79.0%
    Fold 2/5: train=360, test=90, k90=137
    Spectrum (, L25): k90=139, k95=281, k99=749, top-50 explains 78.6%
    Fold 3/5: train=360, test=90, k90=139
    Spectrum (, L25): k90=141, k95=284, k99=756, top-50 explains 78.6%
    Fold 4/5: train=360, test=90, k90=141
    Spectrum (, L25): k90=138, k95=278, k99=742, top-50 explains 78.8%
    Fold 5/5: train=360, test=90, k90=138
    CV mean: k90=138.4, k95=279.0, top-50 var=78.8%
    [task_structure] same=0.1167±0.0017, cross=-0.0089±0.0019, gap=0.1257±0.0005
    [outcome_correspondence] same=0.0519±0.0018, cross=0.0014±0.0020, gap=0.0506±0.0004

  --- AgentA, Layer 26, 5-fold CV ---
    Spectrum (, L26): k90=141, k95=283, k99=750, top-50 explains 78.4%
    Fold 1/5: train=360, test=90, k90=141
    Spectrum (, L26): k90=141, k95=283, k99=746, top-50 explains 78.5%
    Fold 2/5: train=360, test=90, k90=141
    Spectrum (, L26): k90=143, k95=288, k99=760, top-50 explains 78.1%
    Fold 3/5: train=360, test=90, k90=143
    Spectrum (, L26): k90=145, k95=291, k99=768, top-50 explains 78.1%
    Fold 4/5: train=360, test=90, k90=145
    Spectrum (, L26): k90=142, k95=285, k99=754, top-50 explains 78.3%
    Fold 5/5: train=360, test=90, k90=142
    CV mean: k90=142.4, k95=286.0, top-50 var=78.3%
    [task_structure] same=0.1161±0.0016, cross=-0.0092±0.0019, gap=0.1252±0.0006
    [outcome_correspondence] same=0.0519±0.0017, cross=0.0009±0.0019, gap=0.0510±0.0004

  --- AgentA, Layer 27, 5-fold CV ---
    Spectrum (, L27): k90=142, k95=286, k99=754, top-50 explains 78.3%
    Fold 1/5: train=360, test=90, k90=142
    Spectrum (, L27): k90=142, k95=285, k99=750, top-50 explains 78.4%
    Fold 2/5: train=360, test=90, k90=142
    Spectrum (, L27): k90=145, k95=291, k99=765, top-50 explains 78.0%
    Fold 3/5: train=360, test=90, k90=145
    Spectrum (, L27): k90=146, k95=293, k99=773, top-50 explains 77.9%
    Fold 4/5: train=360, test=90, k90=146
    Spectrum (, L27): k90=143, k95=288, k99=759, top-50 explains 78.2%
    Fold 5/5: train=360, test=90, k90=143
    CV mean: k90=143.6, k95=288.6, top-50 var=78.2%
    [task_structure] same=0.1128±0.0016, cross=-0.0093±0.0018, gap=0.1221±0.0005
    [outcome_correspondence] same=0.0502±0.0016, cross=0.0006±0.0018, gap=0.0497±0.0004

  --- AgentA, Layer 28, 5-fold CV ---
    Spectrum (, L28): k90=145, k95=291, k99=761, top-50 explains 77.9%
    Fold 1/5: train=360, test=90, k90=145
    Spectrum (, L28): k90=145, k95=290, k99=756, top-50 explains 78.0%
    Fold 2/5: train=360, test=90, k90=145
    Spectrum (, L28): k90=148, k95=295, k99=770, top-50 explains 77.7%
    Fold 3/5: train=360, test=90, k90=148
    Spectrum (, L28): k90=149, k95=299, k99=779, top-50 explains 77.6%
    Fold 4/5: train=360, test=90, k90=149
    Spectrum (, L28): k90=146, k95=293, k99=765, top-50 explains 77.8%
    Fold 5/5: train=360, test=90, k90=146
    CV mean: k90=146.6, k95=293.6, top-50 var=77.8%
    [task_structure] same=0.1132±0.0015, cross=-0.0098±0.0017, gap=0.1230±0.0005
    [outcome_correspondence] same=0.0498±0.0015, cross=0.0003±0.0018, gap=0.0495±0.0005

  --- AgentA, Layer 29, 5-fold CV ---
    Spectrum (, L29): k90=152, k95=305, k99=781, top-50 explains 77.4%
    Fold 1/5: train=360, test=90, k90=152
    Spectrum (, L29): k90=151, k95=303, k99=775, top-50 explains 77.6%
    Fold 2/5: train=360, test=90, k90=151
    Spectrum (, L29): k90=154, k95=309, k99=791, top-50 explains 77.2%
    Fold 3/5: train=360, test=90, k90=154
    Spectrum (, L29): k90=156, k95=313, k99=801, top-50 explains 77.1%
    Fold 4/5: train=360, test=90, k90=156
    Spectrum (, L29): k90=153, k95=307, k99=786, top-50 explains 77.3%
    Fold 5/5: train=360, test=90, k90=153
    CV mean: k90=153.2, k95=307.4, top-50 var=77.3%
    [task_structure] same=0.1048±0.0014, cross=-0.0090±0.0017, gap=0.1138±0.0005
    [outcome_correspondence] same=0.0458±0.0015, cross=0.0005±0.0017, gap=0.0453±0.0004

  --- AgentA, Layer 30, 5-fold CV ---
    Spectrum (, L30): k90=149, k95=300, k99=777, top-50 explains 77.8%
    Fold 1/5: train=360, test=90, k90=149
    Spectrum (, L30): k90=149, k95=299, k99=771, top-50 explains 78.0%
    Fold 2/5: train=360, test=90, k90=149
    Spectrum (, L30): k90=151, k95=304, k99=786, top-50 explains 77.7%
    Fold 3/5: train=360, test=90, k90=151
    Spectrum (, L30): k90=154, k95=309, k99=797, top-50 explains 77.4%
    Fold 4/5: train=360, test=90, k90=154
    Spectrum (, L30): k90=150, k95=303, k99=782, top-50 explains 77.7%
    Fold 5/5: train=360, test=90, k90=150
    CV mean: k90=150.6, k95=303.0, top-50 var=77.7%
    [task_structure] same=0.0943±0.0013, cross=-0.0071±0.0015, gap=0.1013±0.0006
    [outcome_correspondence] same=0.0427±0.0013, cross=0.0009±0.0015, gap=0.0418±0.0003

  --- AgentA, Layer 31, 5-fold CV ---
    Spectrum (, L31): k90=119, k95=246, k99=699, top-50 explains 80.2%
    Fold 1/5: train=360, test=90, k90=119
    Spectrum (, L31): k90=119, k95=245, k99=693, top-50 explains 80.3%
    Fold 2/5: train=360, test=90, k90=119
    Spectrum (, L31): k90=122, k95=251, k99=708, top-50 explains 80.1%
    Fold 3/5: train=360, test=90, k90=122
    Spectrum (, L31): k90=124, k95=254, k99=717, top-50 explains 79.8%
    Fold 4/5: train=360, test=90, k90=124
    Spectrum (, L31): k90=121, k95=249, k99=702, top-50 explains 80.1%
    Fold 5/5: train=360, test=90, k90=121
    CV mean: k90=121.0, k95=249.0, top-50 var=80.1%
    [task_structure] same=0.0794±0.0015, cross=-0.0076±0.0015, gap=0.0870±0.0003
    [outcome_correspondence] same=0.0345±0.0013, cross=-0.0004±0.0016, gap=0.0349±0.0003

  --- AgentB, Layer 0, 5-fold CV ---
    Spectrum (, L0): k90=16, k95=33, k99=95, top-50 explains 97.1%
    Fold 1/5: train=360, test=90, k90=16
    Spectrum (, L0): k90=16, k95=33, k99=96, top-50 explains 97.1%
    Fold 2/5: train=360, test=90, k90=16
    Spectrum (, L0): k90=16, k95=33, k99=96, top-50 explains 97.1%
    Fold 3/5: train=360, test=90, k90=16
    Spectrum (, L0): k90=16, k95=33, k99=96, top-50 explains 97.1%
    Fold 4/5: train=360, test=90, k90=16
    Spectrum (, L0): k90=15, k95=32, k99=94, top-50 explains 97.2%
    Fold 5/5: train=360, test=90, k90=15
    CV mean: k90=15.8, k95=32.8, top-50 var=97.1%
    [task_structure] same=0.1239±0.0016, cross=-0.0217±0.0024, gap=0.1456±0.0015
    [outcome_correspondence] same=0.0375±0.0014, cross=-0.0036±0.0026, gap=0.0412±0.0014

  --- AgentB, Layer 1, 5-fold CV ---
    Spectrum (, L1): k90=73, k95=151, k99=477, top-50 explains 86.4%
    Fold 1/5: train=360, test=90, k90=73
    Spectrum (, L1): k90=73, k95=150, k99=474, top-50 explains 86.4%
    Fold 2/5: train=360, test=90, k90=73
    Spectrum (, L1): k90=72, k95=150, k99=477, top-50 explains 86.5%
    Fold 3/5: train=360, test=90, k90=72
    Spectrum (, L1): k90=74, k95=153, k99=482, top-50 explains 86.2%
    Fold 4/5: train=360, test=90, k90=74
    Spectrum (, L1): k90=74, k95=151, k99=477, top-50 explains 86.3%
    Fold 5/5: train=360, test=90, k90=74
    CV mean: k90=73.2, k95=151.0, top-50 var=86.4%
    [task_structure] same=0.1135±0.0021, cross=-0.0115±0.0019, gap=0.1250±0.0006
    [outcome_correspondence] same=0.0333±0.0017, cross=0.0074±0.0020, gap=0.0259±0.0004

  --- AgentB, Layer 2, 5-fold CV ---
    Spectrum (, L2): k90=90, k95=184, k99=554, top-50 explains 84.0%
    Fold 1/5: train=360, test=90, k90=90
    Spectrum (, L2): k90=90, k95=183, k99=551, top-50 explains 84.0%
    Fold 2/5: train=360, test=90, k90=90
    Spectrum (, L2): k90=90, k95=184, k99=558, top-50 explains 84.0%
    Fold 3/5: train=360, test=90, k90=90
    Spectrum (, L2): k90=91, k95=186, k99=561, top-50 explains 83.8%
    Fold 4/5: train=360, test=90, k90=91
    Spectrum (, L2): k90=91, k95=186, k99=558, top-50 explains 83.8%
    Fold 5/5: train=360, test=90, k90=91
    CV mean: k90=90.4, k95=184.6, top-50 var=83.9%
    [task_structure] same=0.1287±0.0021, cross=-0.0021±0.0020, gap=0.1308±0.0006
    [outcome_correspondence] same=0.0459±0.0018, cross=0.0169±0.0022, gap=0.0290±0.0004

  --- AgentB, Layer 3, 5-fold CV ---
    Spectrum (, L3): k90=84, k95=176, k99=546, top-50 explains 84.9%
    Fold 1/5: train=360, test=90, k90=84
    Spectrum (, L3): k90=84, k95=176, k99=543, top-50 explains 85.0%
    Fold 2/5: train=360, test=90, k90=84
    Spectrum (, L3): k90=84, k95=177, k99=549, top-50 explains 84.9%
    Fold 3/5: train=360, test=90, k90=84
    Spectrum (, L3): k90=85, k95=178, k99=552, top-50 explains 84.9%
    Fold 4/5: train=360, test=90, k90=85
    Spectrum (, L3): k90=85, k95=178, k99=550, top-50 explains 84.8%
    Fold 5/5: train=360, test=90, k90=85
    CV mean: k90=84.4, k95=177.0, top-50 var=84.9%
    [task_structure] same=0.1232±0.0020, cross=0.0005±0.0020, gap=0.1227±0.0006
    [outcome_correspondence] same=0.0469±0.0017, cross=0.0176±0.0021, gap=0.0294±0.0005

  --- AgentB, Layer 4, 5-fold CV ---
    Spectrum (, L4): k90=76, k95=166, k99=537, top-50 explains 86.4%
    Fold 1/5: train=360, test=90, k90=76
    Spectrum (, L4): k90=76, k95=166, k99=534, top-50 explains 86.5%
    Fold 2/5: train=360, test=90, k90=76
    Spectrum (, L4): k90=76, k95=167, k99=541, top-50 explains 86.4%
    Fold 3/5: train=360, test=90, k90=76
    Spectrum (, L4): k90=77, k95=169, k99=544, top-50 explains 86.3%
    Fold 4/5: train=360, test=90, k90=77
    Spectrum (, L4): k90=77, k95=169, k99=541, top-50 explains 86.3%
    Fold 5/5: train=360, test=90, k90=77
    CV mean: k90=76.4, k95=167.4, top-50 var=86.4%
    [task_structure] same=0.1266±0.0023, cross=0.0104±0.0023, gap=0.1162±0.0006
    [outcome_correspondence] same=0.0553±0.0021, cross=0.0261±0.0024, gap=0.0292±0.0004

  --- AgentB, Layer 5, 5-fold CV ---
    Spectrum (, L5): k90=76, k95=168, k99=541, top-50 explains 86.5%
    Fold 1/5: train=360, test=90, k90=76
    Spectrum (, L5): k90=76, k95=168, k99=539, top-50 explains 86.6%
    Fold 2/5: train=360, test=90, k90=76
    Spectrum (, L5): k90=77, k95=169, k99=546, top-50 explains 86.5%
    Fold 3/5: train=360, test=90, k90=77
    Spectrum (, L5): k90=78, k95=171, k99=549, top-50 explains 86.4%
    Fold 4/5: train=360, test=90, k90=78
    Spectrum (, L5): k90=77, k95=171, k99=546, top-50 explains 86.4%
    Fold 5/5: train=360, test=90, k90=77
    CV mean: k90=76.8, k95=169.4, top-50 var=86.5%
    [task_structure] same=0.1301±0.0026, cross=0.0156±0.0028, gap=0.1145±0.0006
    [outcome_correspondence] same=0.0598±0.0025, cross=0.0311±0.0029, gap=0.0287±0.0004

  --- AgentB, Layer 6, 5-fold CV ---
    Spectrum (, L6): k90=56, k95=130, k99=462, top-50 explains 89.3%
    Fold 1/5: train=360, test=90, k90=56
    Spectrum (, L6): k90=55, k95=130, k99=460, top-50 explains 89.4%
    Fold 2/5: train=360, test=90, k90=55
    Spectrum (, L6): k90=56, k95=130, k99=465, top-50 explains 89.3%
    Fold 3/5: train=360, test=90, k90=56
    Spectrum (, L6): k90=56, k95=132, k99=468, top-50 explains 89.2%
    Fold 4/5: train=360, test=90, k90=56
    Spectrum (, L6): k90=56, k95=132, k99=467, top-50 explains 89.2%
    Fold 5/5: train=360, test=90, k90=56
    CV mean: k90=55.8, k95=130.8, top-50 var=89.3%
    [task_structure] same=0.1369±0.0037, cross=0.0267±0.0037, gap=0.1102±0.0006
    [outcome_correspondence] same=0.0699±0.0034, cross=0.0412±0.0038, gap=0.0287±0.0005

  --- AgentB, Layer 7, 5-fold CV ---
    Spectrum (, L7): k90=59, k95=139, k99=486, top-50 explains 88.8%
    Fold 1/5: train=360, test=90, k90=59
    Spectrum (, L7): k90=59, k95=140, k99=485, top-50 explains 88.8%
    Fold 2/5: train=360, test=90, k90=59
    Spectrum (, L7): k90=60, k95=141, k99=490, top-50 explains 88.8%
    Fold 3/5: train=360, test=90, k90=60
    Spectrum (, L7): k90=60, k95=142, k99=493, top-50 explains 88.7%
    Fold 4/5: train=360, test=90, k90=60
    Spectrum (, L7): k90=60, k95=142, k99=491, top-50 explains 88.7%
    Fold 5/5: train=360, test=90, k90=60
    CV mean: k90=59.6, k95=140.8, top-50 var=88.8%
    [task_structure] same=0.1365±0.0035, cross=0.0263±0.0037, gap=0.1102±0.0006
    [outcome_correspondence] same=0.0703±0.0034, cross=0.0405±0.0038, gap=0.0299±0.0005

  --- AgentB, Layer 8, 5-fold CV ---
    Spectrum (, L8): k90=66, k95=149, k99=504, top-50 explains 88.0%
    Fold 1/5: train=360, test=90, k90=66
    Spectrum (, L8): k90=66, k95=150, k99=503, top-50 explains 88.0%
    Fold 2/5: train=360, test=90, k90=66
    Spectrum (, L8): k90=66, k95=151, k99=509, top-50 explains 88.0%
    Fold 3/5: train=360, test=90, k90=66
    Spectrum (, L8): k90=67, k95=152, k99=512, top-50 explains 87.9%
    Fold 4/5: train=360, test=90, k90=67
    Spectrum (, L8): k90=66, k95=151, k99=509, top-50 explains 87.9%
    Fold 5/5: train=360, test=90, k90=66
    CV mean: k90=66.2, k95=150.6, top-50 var=87.9%
    [task_structure] same=0.1173±0.0032, cross=0.0236±0.0034, gap=0.0937±0.0006
    [outcome_correspondence] same=0.0603±0.0032, cross=0.0360±0.0035, gap=0.0243±0.0004

  --- AgentB, Layer 9, 5-fold CV ---
    Spectrum (, L9): k90=75, k95=168, k99=534, top-50 explains 86.8%
    Fold 1/5: train=360, test=90, k90=75
    Spectrum (, L9): k90=75, k95=169, k99=532, top-50 explains 86.8%
    Fold 2/5: train=360, test=90, k90=75
    Spectrum (, L9): k90=76, k95=170, k99=539, top-50 explains 86.7%
    Fold 3/5: train=360, test=90, k90=76
    Spectrum (, L9): k90=77, k95=171, k99=542, top-50 explains 86.6%
    Fold 4/5: train=360, test=90, k90=77
    Spectrum (, L9): k90=77, k95=170, k99=538, top-50 explains 86.7%
    Fold 5/5: train=360, test=90, k90=77
    CV mean: k90=76.0, k95=169.6, top-50 var=86.7%
    [task_structure] same=0.1277±0.0031, cross=0.0226±0.0034, gap=0.1051±0.0006
    [outcome_correspondence] same=0.0627±0.0031, cross=0.0371±0.0035, gap=0.0256±0.0004

  --- AgentB, Layer 10, 5-fold CV ---
    Spectrum (, L10): k90=78, k95=178, k99=556, top-50 explains 86.7%
    Fold 1/5: train=360, test=90, k90=78
    Spectrum (, L10): k90=78, k95=177, k99=554, top-50 explains 86.7%
    Fold 2/5: train=360, test=90, k90=78
    Spectrum (, L10): k90=79, k95=180, k99=561, top-50 explains 86.6%
    Fold 3/5: train=360, test=90, k90=79
    Spectrum (, L10): k90=79, k95=181, k99=565, top-50 explains 86.6%
    Fold 4/5: train=360, test=90, k90=79
    Spectrum (, L10): k90=79, k95=180, k99=561, top-50 explains 86.6%
    Fold 5/5: train=360, test=90, k90=79
    CV mean: k90=78.6, k95=179.2, top-50 var=86.7%
    [task_structure] same=0.1222±0.0032, cross=0.0237±0.0035, gap=0.0985±0.0005
    [outcome_correspondence] same=0.0613±0.0032, cross=0.0373±0.0036, gap=0.0240±0.0004

  --- AgentB, Layer 11, 5-fold CV ---
    Spectrum (, L11): k90=81, k95=180, k99=560, top-50 explains 86.4%
    Fold 1/5: train=360, test=90, k90=81
    Spectrum (, L11): k90=80, k95=180, k99=558, top-50 explains 86.4%
    Fold 2/5: train=360, test=90, k90=80
    Spectrum (, L11): k90=81, k95=182, k99=565, top-50 explains 86.3%
    Fold 3/5: train=360, test=90, k90=81
    Spectrum (, L11): k90=82, k95=183, k99=569, top-50 explains 86.2%
    Fold 4/5: train=360, test=90, k90=82
    Spectrum (, L11): k90=81, k95=182, k99=565, top-50 explains 86.2%
    Fold 5/5: train=360, test=90, k90=81
    CV mean: k90=81.0, k95=181.4, top-50 var=86.3%
    [task_structure] same=0.1166±0.0030, cross=0.0245±0.0034, gap=0.0921±0.0005
    [outcome_correspondence] same=0.0597±0.0031, cross=0.0371±0.0034, gap=0.0226±0.0003

  --- AgentB, Layer 12, 5-fold CV ---
    Spectrum (, L12): k90=87, k95=195, k99=589, top-50 explains 85.8%
    Fold 1/5: train=360, test=90, k90=87
    Spectrum (, L12): k90=88, k95=195, k99=587, top-50 explains 85.8%
    Fold 2/5: train=360, test=90, k90=88
    Spectrum (, L12): k90=88, k95=197, k99=595, top-50 explains 85.7%
    Fold 3/5: train=360, test=90, k90=88
    Spectrum (, L12): k90=89, k95=198, k99=599, top-50 explains 85.6%
    Fold 4/5: train=360, test=90, k90=89
    Spectrum (, L12): k90=89, k95=197, k99=595, top-50 explains 85.6%
    Fold 5/5: train=360, test=90, k90=89
    CV mean: k90=88.2, k95=196.4, top-50 var=85.7%
    [task_structure] same=0.1398±0.0030, cross=0.0210±0.0035, gap=0.1187±0.0007
    [outcome_correspondence] same=0.0675±0.0032, cross=0.0368±0.0035, gap=0.0307±0.0004

  --- AgentB, Layer 13, 5-fold CV ---
    Spectrum (, L13): k90=102, k95=222, k99=643, top-50 explains 84.3%
    Fold 1/5: train=360, test=90, k90=102
    Spectrum (, L13): k90=102, k95=221, k99=639, top-50 explains 84.3%
    Fold 2/5: train=360, test=90, k90=102
    Spectrum (, L13): k90=104, k95=225, k99=650, top-50 explains 84.1%
    Fold 3/5: train=360, test=90, k90=104
    Spectrum (, L13): k90=104, k95=226, k99=654, top-50 explains 84.1%
    Fold 4/5: train=360, test=90, k90=104
    Spectrum (, L13): k90=104, k95=224, k99=649, top-50 explains 84.1%
    Fold 5/5: train=360, test=90, k90=104
    CV mean: k90=103.2, k95=223.6, top-50 var=84.2%
    [task_structure] same=0.1387±0.0027, cross=0.0210±0.0034, gap=0.1176±0.0009
    [outcome_correspondence] same=0.0685±0.0031, cross=0.0358±0.0033, gap=0.0327±0.0003

  --- AgentB, Layer 14, 5-fold CV ---
    Spectrum (, L14): k90=116, k95=240, k99=668, top-50 explains 82.5%
    Fold 1/5: train=360, test=90, k90=116
    Spectrum (, L14): k90=115, k95=239, k99=663, top-50 explains 82.6%
    Fold 2/5: train=360, test=90, k90=115
    Spectrum (, L14): k90=117, k95=243, k99=675, top-50 explains 82.4%
    Fold 3/5: train=360, test=90, k90=117
    Spectrum (, L14): k90=118, k95=245, k99=680, top-50 explains 82.3%
    Fold 4/5: train=360, test=90, k90=118
    Spectrum (, L14): k90=117, k95=244, k99=675, top-50 explains 82.3%
    Fold 5/5: train=360, test=90, k90=117
    CV mean: k90=116.6, k95=242.2, top-50 var=82.4%
    [task_structure] same=0.1484±0.0023, cross=0.0193±0.0034, gap=0.1291±0.0011
    [outcome_correspondence] same=0.0722±0.0031, cross=0.0351±0.0032, gap=0.0371±0.0002

  --- AgentB, Layer 15, 5-fold CV ---
    Spectrum (, L15): k90=133, k95=263, k99=697, top-50 explains 80.2%
    Fold 1/5: train=360, test=90, k90=133
    Spectrum (, L15): k90=132, k95=262, k99=691, top-50 explains 80.2%
    Fold 2/5: train=360, test=90, k90=132
    Spectrum (, L15): k90=134, k95=266, k99=703, top-50 explains 80.0%
    Fold 3/5: train=360, test=90, k90=134
    Spectrum (, L15): k90=136, k95=269, k99=709, top-50 explains 80.0%
    Fold 4/5: train=360, test=90, k90=136
    Spectrum (, L15): k90=135, k95=267, k99=702, top-50 explains 79.9%
    Fold 5/5: train=360, test=90, k90=135
    CV mean: k90=134.0, k95=265.4, top-50 var=80.1%
    [task_structure] same=0.1566±0.0016, cross=0.0038±0.0025, gap=0.1528±0.0012
    [outcome_correspondence] same=0.0677±0.0023, cross=0.0219±0.0023, gap=0.0458±0.0002

  --- AgentB, Layer 16, 5-fold CV ---
    Spectrum (, L16): k90=141, k95=280, k99=725, top-50 explains 79.3%
    Fold 1/5: train=360, test=90, k90=141
    Spectrum (, L16): k90=141, k95=279, k99=720, top-50 explains 79.2%
    Fold 2/5: train=360, test=90, k90=141
    Spectrum (, L16): k90=143, k95=283, k99=732, top-50 explains 79.1%
    Fold 3/5: train=360, test=90, k90=143
    Spectrum (, L16): k90=145, k95=286, k99=739, top-50 explains 79.0%
    Fold 4/5: train=360, test=90, k90=145
    Spectrum (, L16): k90=144, k95=285, k99=732, top-50 explains 78.9%
    Fold 5/5: train=360, test=90, k90=144
    CV mean: k90=142.8, k95=282.6, top-50 var=79.1%
    [task_structure] same=0.1675±0.0011, cross=-0.0075±0.0021, gap=0.1750±0.0014
    [outcome_correspondence] same=0.0711±0.0019, cross=0.0101±0.0018, gap=0.0610±0.0004

  --- AgentB, Layer 17, 5-fold CV ---
    Spectrum (, L17): k90=131, k95=266, k99=711, top-50 explains 80.6%
    Fold 1/5: train=360, test=90, k90=131
    Spectrum (, L17): k90=131, k95=265, k99=706, top-50 explains 80.5%
    Fold 2/5: train=360, test=90, k90=131
    Spectrum (, L17): k90=133, k95=269, k99=718, top-50 explains 80.4%
    Fold 3/5: train=360, test=90, k90=133
    Spectrum (, L17): k90=135, k95=273, k99=727, top-50 explains 80.2%
    Fold 4/5: train=360, test=90, k90=135
    Spectrum (, L17): k90=134, k95=271, k99=720, top-50 explains 80.2%
    Fold 5/5: train=360, test=90, k90=134
    CV mean: k90=132.8, k95=268.8, top-50 var=80.4%
    [task_structure] same=0.1629±0.0014, cross=0.0020±0.0026, gap=0.1609±0.0013
    [outcome_correspondence] same=0.0755±0.0023, cross=0.0176±0.0023, gap=0.0579±0.0003

  --- AgentB, Layer 18, 5-fold CV ---
    Spectrum (, L18): k90=136, k95=272, k99=719, top-50 explains 79.8%
    Fold 1/5: train=360, test=90, k90=136
    Spectrum (, L18): k90=136, k95=272, k99=715, top-50 explains 79.7%
    Fold 2/5: train=360, test=90, k90=136
    Spectrum (, L18): k90=138, k95=276, k99=727, top-50 explains 79.6%
    Fold 3/5: train=360, test=90, k90=138
    Spectrum (, L18): k90=140, k95=280, k99=736, top-50 explains 79.4%
    Fold 4/5: train=360, test=90, k90=140
    Spectrum (, L18): k90=140, k95=278, k99=728, top-50 explains 79.4%
    Fold 5/5: train=360, test=90, k90=140
    CV mean: k90=138.0, k95=275.6, top-50 var=79.6%
    [task_structure] same=0.1521±0.0012, cross=-0.0034±0.0022, gap=0.1555±0.0012
    [outcome_correspondence] same=0.0700±0.0020, cross=0.0105±0.0020, gap=0.0595±0.0003

  --- AgentB, Layer 19, 5-fold CV ---
    Spectrum (, L19): k90=139, k95=277, k99=729, top-50 explains 79.4%
    Fold 1/5: train=360, test=90, k90=139
    Spectrum (, L19): k90=140, k95=277, k99=726, top-50 explains 79.3%
    Fold 2/5: train=360, test=90, k90=140
    Spectrum (, L19): k90=142, k95=281, k99=738, top-50 explains 79.1%
    Fold 3/5: train=360, test=90, k90=142
    Spectrum (, L19): k90=144, k95=285, k99=746, top-50 explains 79.0%
    Fold 4/5: train=360, test=90, k90=144
    Spectrum (, L19): k90=143, k95=283, k99=738, top-50 explains 79.0%
    Fold 5/5: train=360, test=90, k90=143
    CV mean: k90=141.6, k95=280.6, top-50 var=79.1%
    [task_structure] same=0.1506±0.0010, cross=-0.0060±0.0019, gap=0.1566±0.0012
    [outcome_correspondence] same=0.0685±0.0017, cross=0.0076±0.0017, gap=0.0610±0.0003

  --- AgentB, Layer 20, 5-fold CV ---
    Spectrum (, L20): k90=136, k95=272, k99=726, top-50 explains 79.5%
    Fold 1/5: train=360, test=90, k90=136
    Spectrum (, L20): k90=137, k95=272, k99=722, top-50 explains 79.3%
    Fold 2/5: train=360, test=90, k90=137
    Spectrum (, L20): k90=139, k95=276, k99=736, top-50 explains 79.2%
    Fold 3/5: train=360, test=90, k90=139
    Spectrum (, L20): k90=140, k95=280, k99=745, top-50 explains 79.0%
    Fold 4/5: train=360, test=90, k90=140
    Spectrum (, L20): k90=139, k95=277, k99=734, top-50 explains 79.1%
    Fold 5/5: train=360, test=90, k90=139
    CV mean: k90=138.2, k95=275.4, top-50 var=79.2%
    [task_structure] same=0.1549±0.0008, cross=-0.0140±0.0015, gap=0.1689±0.0012
    [outcome_correspondence] same=0.0665±0.0013, cross=0.0006±0.0013, gap=0.0659±0.0004

  --- AgentB, Layer 21, 5-fold CV ---
    Spectrum (, L21): k90=141, k95=280, k99=739, top-50 explains 78.9%
    Fold 1/5: train=360, test=90, k90=141
    Spectrum (, L21): k90=141, k95=280, k99=735, top-50 explains 78.7%
    Fold 2/5: train=360, test=90, k90=141
    Spectrum (, L21): k90=143, k95=284, k99=749, top-50 explains 78.6%
    Fold 3/5: train=360, test=90, k90=143
    Spectrum (, L21): k90=145, k95=288, k99=759, top-50 explains 78.4%
    Fold 4/5: train=360, test=90, k90=145
    Spectrum (, L21): k90=144, k95=284, k99=747, top-50 explains 78.5%
    Fold 5/5: train=360, test=90, k90=144
    CV mean: k90=142.8, k95=283.2, top-50 var=78.6%
    [task_structure] same=0.1534±0.0008, cross=-0.0145±0.0014, gap=0.1679±0.0012
    [outcome_correspondence] same=0.0663±0.0012, cross=-0.0005±0.0012, gap=0.0668±0.0004

  --- AgentB, Layer 22, 5-fold CV ---
    Spectrum (, L22): k90=143, k95=285, k99=747, top-50 explains 78.7%
    Fold 1/5: train=360, test=90, k90=143
    Spectrum (, L22): k90=143, k95=284, k99=743, top-50 explains 78.6%
    Fold 2/5: train=360, test=90, k90=143
    Spectrum (, L22): k90=145, k95=289, k99=756, top-50 explains 78.4%
    Fold 3/5: train=360, test=90, k90=145
    Spectrum (, L22): k90=147, k95=292, k99=766, top-50 explains 78.2%
    Fold 4/5: train=360, test=90, k90=147
    Spectrum (, L22): k90=146, k95=289, k99=755, top-50 explains 78.3%
    Fold 5/5: train=360, test=90, k90=146
    CV mean: k90=144.8, k95=287.8, top-50 var=78.5%
    [task_structure] same=0.1492±0.0009, cross=-0.0140±0.0013, gap=0.1632±0.0012
    [outcome_correspondence] same=0.0648±0.0011, cross=-0.0004±0.0011, gap=0.0652±0.0004

  --- AgentB, Layer 23, 5-fold CV ---
    Spectrum (, L23): k90=143, k95=285, k99=749, top-50 explains 78.8%
    Fold 1/5: train=360, test=90, k90=143
    Spectrum (, L23): k90=143, k95=284, k99=744, top-50 explains 78.7%
    Fold 2/5: train=360, test=90, k90=143
    Spectrum (, L23): k90=145, k95=289, k99=758, top-50 explains 78.5%
    Fold 3/5: train=360, test=90, k90=145
    Spectrum (, L23): k90=147, k95=292, k99=767, top-50 explains 78.3%
    Fold 4/5: train=360, test=90, k90=147
    Spectrum (, L23): k90=146, k95=289, k99=756, top-50 explains 78.5%
    Fold 5/5: train=360, test=90, k90=146
    CV mean: k90=144.8, k95=287.8, top-50 var=78.6%
    [task_structure] same=0.1474±0.0010, cross=-0.0145±0.0012, gap=0.1618±0.0011
    [outcome_correspondence] same=0.0642±0.0010, cross=-0.0013±0.0011, gap=0.0656±0.0004

  --- AgentB, Layer 24, 5-fold CV ---
    Spectrum (, L24): k90=147, k95=292, k99=762, top-50 explains 78.3%
    Fold 1/5: train=360, test=90, k90=147
    Spectrum (, L24): k90=147, k95=291, k99=757, top-50 explains 78.3%
    Fold 2/5: train=360, test=90, k90=147
    Spectrum (, L24): k90=149, k95=297, k99=771, top-50 explains 78.1%
    Fold 3/5: train=360, test=90, k90=149
    Spectrum (, L24): k90=151, k95=300, k99=781, top-50 explains 77.9%
    Fold 4/5: train=360, test=90, k90=151
    Spectrum (, L24): k90=150, k95=297, k99=769, top-50 explains 78.0%
    Fold 5/5: train=360, test=90, k90=150
    CV mean: k90=148.8, k95=295.4, top-50 var=78.1%
    [task_structure] same=0.1445±0.0008, cross=-0.0149±0.0011, gap=0.1594±0.0010
    [outcome_correspondence] same=0.0634±0.0010, cross=-0.0024±0.0009, gap=0.0658±0.0003

  --- AgentB, Layer 25, 5-fold CV ---
    Spectrum (, L25): k90=145, k95=291, k99=763, top-50 explains 78.8%
    Fold 1/5: train=360, test=90, k90=145
    Spectrum (, L25): k90=145, k95=290, k99=757, top-50 explains 78.8%
    Fold 2/5: train=360, test=90, k90=145
    Spectrum (, L25): k90=147, k95=296, k99=772, top-50 explains 78.6%
    Fold 3/5: train=360, test=90, k90=147
    Spectrum (, L25): k90=149, k95=299, k99=782, top-50 explains 78.4%
    Fold 4/5: train=360, test=90, k90=149
    Spectrum (, L25): k90=148, k95=296, k99=769, top-50 explains 78.5%
    Fold 5/5: train=360, test=90, k90=148
    CV mean: k90=146.8, k95=294.4, top-50 var=78.6%
    [task_structure] same=0.1395±0.0008, cross=-0.0155±0.0011, gap=0.1550±0.0009
    [outcome_correspondence] same=0.0608±0.0010, cross=-0.0034±0.0009, gap=0.0642±0.0004

  --- AgentB, Layer 26, 5-fold CV ---
    Spectrum (, L26): k90=150, k95=299, k99=776, top-50 explains 78.3%
    Fold 1/5: train=360, test=90, k90=150
    Spectrum (, L26): k90=150, k95=298, k99=770, top-50 explains 78.2%
    Fold 2/5: train=360, test=90, k90=150
    Spectrum (, L26): k90=152, k95=304, k99=784, top-50 explains 78.1%
    Fold 3/5: train=360, test=90, k90=152
    Spectrum (, L26): k90=154, k95=307, k99=794, top-50 explains 77.9%
    Fold 4/5: train=360, test=90, k90=154
    Spectrum (, L26): k90=153, k95=304, k99=783, top-50 explains 78.0%
    Fold 5/5: train=360, test=90, k90=153
    CV mean: k90=151.8, k95=302.4, top-50 var=78.1%
    [task_structure] same=0.1368±0.0007, cross=-0.0155±0.0010, gap=0.1524±0.0010
    [outcome_correspondence] same=0.0599±0.0008, cross=-0.0039±0.0009, gap=0.0638±0.0003

  --- AgentB, Layer 27, 5-fold CV ---
    Spectrum (, L27): k90=151, k95=302, k99=781, top-50 explains 78.1%
    Fold 1/5: train=360, test=90, k90=151
    Spectrum (, L27): k90=151, k95=301, k99=776, top-50 explains 78.1%
    Fold 2/5: train=360, test=90, k90=151
    Spectrum (, L27): k90=153, k95=307, k99=790, top-50 explains 78.0%
    Fold 3/5: train=360, test=90, k90=153
    Spectrum (, L27): k90=156, k95=311, k99=800, top-50 explains 77.7%
    Fold 4/5: train=360, test=90, k90=156
    Spectrum (, L27): k90=155, k95=307, k99=789, top-50 explains 77.8%
    Fold 5/5: train=360, test=90, k90=155
    CV mean: k90=153.2, k95=305.6, top-50 var=77.9%
    [task_structure] same=0.1322±0.0006, cross=-0.0158±0.0010, gap=0.1480±0.0009
    [outcome_correspondence] same=0.0574±0.0008, cross=-0.0044±0.0008, gap=0.0618±0.0003

  --- AgentB, Layer 28, 5-fold CV ---
    Spectrum (, L28): k90=159, k95=314, k99=795, top-50 explains 77.3%
    Fold 1/5: train=360, test=90, k90=159
    Spectrum (, L28): k90=159, k95=314, k99=789, top-50 explains 77.2%
    Fold 2/5: train=360, test=90, k90=159
    Spectrum (, L28): k90=161, k95=320, k99=804, top-50 explains 77.1%
    Fold 3/5: train=360, test=90, k90=161
    Spectrum (, L28): k90=164, k95=324, k99=815, top-50 explains 76.9%
    Fold 4/5: train=360, test=90, k90=164
    Spectrum (, L28): k90=163, k95=320, k99=802, top-50 explains 76.9%
    Fold 5/5: train=360, test=90, k90=163
    CV mean: k90=161.2, k95=318.4, top-50 var=77.1%
    [task_structure] same=0.1283±0.0006, cross=-0.0157±0.0009, gap=0.1441±0.0011
    [outcome_correspondence] same=0.0559±0.0007, cross=-0.0049±0.0007, gap=0.0608±0.0003

  --- AgentB, Layer 29, 5-fold CV ---
    Spectrum (, L29): k90=175, k95=343, k99=833, top-50 explains 76.0%
    Fold 1/5: train=360, test=90, k90=175
    Spectrum (, L29): k90=175, k95=342, k99=827, top-50 explains 75.9%
    Fold 2/5: train=360, test=90, k90=175
    Spectrum (, L29): k90=178, k95=349, k99=842, top-50 explains 75.8%
    Fold 3/5: train=360, test=90, k90=178
    Spectrum (, L29): k90=181, k95=354, k99=853, top-50 explains 75.5%
    Fold 4/5: train=360, test=90, k90=181
    Spectrum (, L29): k90=180, k95=350, k99=841, top-50 explains 75.6%
    Fold 5/5: train=360, test=90, k90=180
    CV mean: k90=177.8, k95=347.6, top-50 var=75.8%
    [task_structure] same=0.1235±0.0005, cross=-0.0161±0.0008, gap=0.1396±0.0009
    [outcome_correspondence] same=0.0524±0.0006, cross=-0.0051±0.0007, gap=0.0575±0.0003

  --- AgentB, Layer 30, 5-fold CV ---
    Spectrum (, L30): k90=175, k95=344, k99=835, top-50 explains 75.9%
    Fold 1/5: train=360, test=90, k90=175
    Spectrum (, L30): k90=176, k95=344, k99=829, top-50 explains 75.9%
    Fold 2/5: train=360, test=90, k90=176
    Spectrum (, L30): k90=178, k95=349, k99=844, top-50 explains 75.8%
    Fold 3/5: train=360, test=90, k90=178
    Spectrum (, L30): k90=181, k95=354, k99=855, top-50 explains 75.5%
    Fold 4/5: train=360, test=90, k90=181
    Spectrum (, L30): k90=180, k95=352, k99=844, top-50 explains 75.5%
    Fold 5/5: train=360, test=90, k90=180
    CV mean: k90=178.0, k95=348.6, top-50 var=75.7%
    [task_structure] same=0.1148±0.0002, cross=-0.0146±0.0008, gap=0.1294±0.0009
    [outcome_correspondence] same=0.0491±0.0006, cross=-0.0045±0.0007, gap=0.0536±0.0003

  --- AgentB, Layer 31, 5-fold CV ---
    Spectrum (, L31): k90=168, k95=326, k99=804, top-50 explains 75.5%
    Fold 1/5: train=360, test=90, k90=168
    Spectrum (, L31): k90=169, k95=326, k99=798, top-50 explains 75.5%
    Fold 2/5: train=360, test=90, k90=169
    Spectrum (, L31): k90=171, k95=331, k99=813, top-50 explains 75.4%
    Fold 3/5: train=360, test=90, k90=171
    Spectrum (, L31): k90=173, k95=335, k99=823, top-50 explains 75.1%
    Fold 4/5: train=360, test=90, k90=173
    Spectrum (, L31): k90=173, k95=334, k99=814, top-50 explains 75.0%
    Fold 5/5: train=360, test=90, k90=173
    CV mean: k90=170.8, k95=330.4, top-50 var=75.3%
    [task_structure] same=0.1058±0.0003, cross=-0.0149±0.0006, gap=0.1207±0.0006
    [outcome_correspondence] same=0.0448±0.0005, cross=-0.0056±0.0006, gap=0.0505±0.0003

Saved: /juice6/u/jshe/nlp/LM_neural_synchrony/svd_v2_cv_Misv0.2Misv0.3_L0_L1_L2_L3_L4_L5_L6_L7_L8_L9_L10_L11_L12_L13_L14_L15_L16_L17_L18_L19_L20_L21_L22_L23_L24_L25_L26_L27_L28_L29_L30_L31.json

############################################################
SVD Analysis: Mistral-7B-Instruct-v0.2_None_0_Mistral-7B-Instruct-v0.2_None_0 (Misv0.2Misv0.2)
Layers A: [0, 1, 2, 3, 4, 5, 6, 7, 8, 9, 10, 11, 12, 13, 14, 15, 16, 17, 18, 19, 20, 21, 22, 23, 24, 25, 26, 27, 28, 29, 30, 31], Layers B: [0, 1, 2, 3, 4, 5, 6, 7, 8, 9, 10, 11, 12, 13, 14, 15, 16, 17, 18, 19, 20, 21, 22, 23, 24, 25, 26, 27, 28, 29, 30, 31], k=50
############################################################
Loading features for Mistral-7B-Instruct-v0.2_None_0_Mistral-7B-Instruct-v0.2_None_0...
Loaded 450 episodes

  --- AgentA, Layer 0, 5-fold CV ---
    Spectrum (, L0): k90=38, k95=69, k99=225, top-50 explains 92.7%
    Fold 1/5: train=360, test=90, k90=38
    Spectrum (, L0): k90=37, k95=68, k99=221, top-50 explains 92.9%
    Fold 2/5: train=360, test=90, k90=37
    Spectrum (, L0): k90=38, k95=68, k99=221, top-50 explains 92.8%
    Fold 3/5: train=360, test=90, k90=38
    Spectrum (, L0): k90=37, k95=67, k99=220, top-50 explains 92.9%
    Fold 4/5: train=360, test=90, k90=37
    Spectrum (, L0): k90=37, k95=67, k99=220, top-50 explains 92.9%
    Fold 5/5: train=360, test=90, k90=37
    CV mean: k90=37.4, k95=67.8, top-50 var=92.8%
    [task_structure] same=0.1457±0.0020, cross=-0.0304±0.0013, gap=0.1761±0.0009
    [outcome_correspondence] same=0.0429±0.0009, cross=-0.0095±0.0017, gap=0.0524±0.0009

  --- AgentA, Layer 1, 5-fold CV ---
    Spectrum (, L1): k90=50, k95=94, k99=331, top-50 explains 90.1%
    Fold 1/5: train=360, test=90, k90=50
    Spectrum (, L1): k90=50, k95=93, k99=329, top-50 explains 90.1%
    Fold 2/5: train=360, test=90, k90=50
    Spectrum (, L1): k90=50, k95=93, k99=327, top-50 explains 90.2%
    Fold 3/5: train=360, test=90, k90=50
    Spectrum (, L1): k90=50, k95=93, k99=329, top-50 explains 90.1%
    Fold 4/5: train=360, test=90, k90=50
    Spectrum (, L1): k90=50, k95=93, k99=328, top-50 explains 90.1%
    Fold 5/5: train=360, test=90, k90=50
    CV mean: k90=50.0, k95=93.2, top-50 var=90.1%
    [task_structure] same=0.1047±0.0017, cross=-0.0198±0.0010, gap=0.1245±0.0008
    [outcome_correspondence] same=0.0312±0.0009, cross=-0.0045±0.0013, gap=0.0357±0.0006

  --- AgentA, Layer 2, 5-fold CV ---
    Spectrum (, L2): k90=60, k95=126, k99=453, top-50 explains 88.5%
    Fold 1/5: train=360, test=90, k90=60
    Spectrum (, L2): k90=60, k95=126, k99=455, top-50 explains 88.4%
    Fold 2/5: train=360, test=90, k90=60
    Spectrum (, L2): k90=60, k95=126, k99=454, top-50 explains 88.5%
    Fold 3/5: train=360, test=90, k90=60
    Spectrum (, L2): k90=60, k95=126, k99=455, top-50 explains 88.4%
    Fold 4/5: train=360, test=90, k90=60
    Spectrum (, L2): k90=61, k95=127, k99=456, top-50 explains 88.3%
    Fold 5/5: train=360, test=90, k90=61
    CV mean: k90=60.2, k95=126.2, top-50 var=88.4%
    [task_structure] same=0.1235±0.0022, cross=-0.0187±0.0013, gap=0.1422±0.0009
    [outcome_correspondence] same=0.0335±0.0012, cross=0.0020±0.0017, gap=0.0315±0.0006

  --- AgentA, Layer 3, 5-fold CV ---
    Spectrum (, L3): k90=71, k95=162, k99=587, top-50 explains 87.1%
    Fold 1/5: train=360, test=90, k90=71
    Spectrum (, L3): k90=72, k95=163, k99=591, top-50 explains 87.0%
    Fold 2/5: train=360, test=90, k90=72
    Spectrum (, L3): k90=72, k95=163, k99=589, top-50 explains 87.0%
    Fold 3/5: train=360, test=90, k90=72
    Spectrum (, L3): k90=72, k95=163, k99=591, top-50 explains 87.0%
    Fold 4/5: train=360, test=90, k90=72
    Spectrum (, L3): k90=73, k95=165, k99=592, top-50 explains 86.9%
    Fold 5/5: train=360, test=90, k90=73
    CV mean: k90=72.0, k95=163.2, top-50 var=87.0%
    [task_structure] same=0.1132±0.0015, cross=-0.0180±0.0007, gap=0.1312±0.0008
    [outcome_correspondence] same=0.0298±0.0006, cross=0.0014±0.0011, gap=0.0284±0.0005

  --- AgentA, Layer 4, 5-fold CV ---
    Spectrum (, L4): k90=47, k95=118, k99=490, top-50 explains 90.5%
    Fold 1/5: train=360, test=90, k90=47
    Spectrum (, L4): k90=48, k95=120, k99=496, top-50 explains 90.3%
    Fold 2/5: train=360, test=90, k90=48
    Spectrum (, L4): k90=48, k95=120, k99=495, top-50 explains 90.3%
    Fold 3/5: train=360, test=90, k90=48
    Spectrum (, L4): k90=49, k95=120, k99=495, top-50 explains 90.3%
    Fold 4/5: train=360, test=90, k90=49
    Spectrum (, L4): k90=49, k95=121, k99=498, top-50 explains 90.2%
    Fold 5/5: train=360, test=90, k90=49
    CV mean: k90=48.2, k95=119.8, top-50 var=90.3%
    [task_structure] same=0.1097±0.0012, cross=-0.0216±0.0007, gap=0.1313±0.0006
    [outcome_correspondence] same=0.0289±0.0005, cross=-0.0037±0.0010, gap=0.0326±0.0006

  --- AgentA, Layer 5, 5-fold CV ---
    Spectrum (, L5): k90=54, k95=135, k99=521, top-50 explains 89.5%
    Fold 1/5: train=360, test=90, k90=54
    Spectrum (, L5): k90=56, k95=137, k99=526, top-50 explains 89.4%
    Fold 2/5: train=360, test=90, k90=56
    Spectrum (, L5): k90=55, k95=136, k99=524, top-50 explains 89.5%
    Fold 3/5: train=360, test=90, k90=55
    Spectrum (, L5): k90=55, k95=137, k99=526, top-50 explains 89.4%
    Fold 4/5: train=360, test=90, k90=55
    Spectrum (, L5): k90=56, k95=138, k99=528, top-50 explains 89.3%
    Fold 5/5: train=360, test=90, k90=56
    CV mean: k90=55.2, k95=136.6, top-50 var=89.4%
    [task_structure] same=0.1134±0.0010, cross=-0.0224±0.0006, gap=0.1358±0.0006
    [outcome_correspondence] same=0.0300±0.0004, cross=-0.0039±0.0008, gap=0.0339±0.0005

  --- AgentA, Layer 6, 5-fold CV ---
    Spectrum (, L6): k90=44, k95=116, k99=480, top-50 explains 90.9%
    Fold 1/5: train=360, test=90, k90=44
    Spectrum (, L6): k90=45, k95=118, k99=485, top-50 explains 90.7%
    Fold 2/5: train=360, test=90, k90=45
    Spectrum (, L6): k90=44, k95=117, k99=483, top-50 explains 90.8%
    Fold 3/5: train=360, test=90, k90=44
    Spectrum (, L6): k90=44, k95=117, k99=485, top-50 explains 90.7%
    Fold 4/5: train=360, test=90, k90=44
    Spectrum (, L6): k90=45, k95=119, k99=487, top-50 explains 90.7%
    Fold 5/5: train=360, test=90, k90=45
    CV mean: k90=44.4, k95=117.4, top-50 var=90.8%
    [task_structure] same=0.1200±0.0010, cross=-0.0251±0.0004, gap=0.1451±0.0006
    [outcome_correspondence] same=0.0318±0.0004, cross=-0.0059±0.0007, gap=0.0377±0.0005

  --- AgentA, Layer 7, 5-fold CV ---
    Spectrum (, L7): k90=55, k95=135, k99=511, top-50 explains 89.4%
    Fold 1/5: train=360, test=90, k90=55
    Spectrum (, L7): k90=56, k95=138, k99=518, top-50 explains 89.3%
    Fold 2/5: train=360, test=90, k90=56
    Spectrum (, L7): k90=56, k95=137, k99=516, top-50 explains 89.3%
    Fold 3/5: train=360, test=90, k90=56
    Spectrum (, L7): k90=56, k95=137, k99=516, top-50 explains 89.3%
    Fold 4/5: train=360, test=90, k90=56
    Spectrum (, L7): k90=57, k95=139, k99=519, top-50 explains 89.2%
    Fold 5/5: train=360, test=90, k90=57
    CV mean: k90=56.0, k95=137.2, top-50 var=89.3%
    [task_structure] same=0.1186±0.0014, cross=-0.0234±0.0006, gap=0.1421±0.0008
    [outcome_correspondence] same=0.0320±0.0007, cross=-0.0045±0.0009, gap=0.0365±0.0005

  --- AgentA, Layer 8, 5-fold CV ---
    Spectrum (, L8): k90=58, k95=142, k99=530, top-50 explains 89.1%
    Fold 1/5: train=360, test=90, k90=58
    Spectrum (, L8): k90=60, k95=145, k99=537, top-50 explains 88.9%
    Fold 2/5: train=360, test=90, k90=60
    Spectrum (, L8): k90=59, k95=144, k99=535, top-50 explains 88.9%
    Fold 3/5: train=360, test=90, k90=59
    Spectrum (, L8): k90=60, k95=145, k99=536, top-50 explains 88.9%
    Fold 4/5: train=360, test=90, k90=60
    Spectrum (, L8): k90=60, k95=146, k99=539, top-50 explains 88.8%
    Fold 5/5: train=360, test=90, k90=60
    CV mean: k90=59.4, k95=144.4, top-50 var=88.9%
    [task_structure] same=0.1183±0.0015, cross=-0.0231±0.0007, gap=0.1414±0.0009
    [outcome_correspondence] same=0.0332±0.0008, cross=-0.0048±0.0009, gap=0.0380±0.0005

  --- AgentA, Layer 9, 5-fold CV ---
    Spectrum (, L9): k90=56, k95=138, k99=514, top-50 explains 89.3%
    Fold 1/5: train=360, test=90, k90=56
    Spectrum (, L9): k90=57, k95=140, k99=521, top-50 explains 89.1%
    Fold 2/5: train=360, test=90, k90=57
    Spectrum (, L9): k90=57, k95=140, k99=519, top-50 explains 89.2%
    Fold 3/5: train=360, test=90, k90=57
    Spectrum (, L9): k90=57, k95=140, k99=520, top-50 explains 89.2%
    Fold 4/5: train=360, test=90, k90=57
    Spectrum (, L9): k90=58, k95=141, k99=522, top-50 explains 89.1%
    Fold 5/5: train=360, test=90, k90=58
    CV mean: k90=57.0, k95=139.8, top-50 var=89.2%
    [task_structure] same=0.1206±0.0016, cross=-0.0239±0.0006, gap=0.1444±0.0010
    [outcome_correspondence] same=0.0324±0.0008, cross=-0.0045±0.0009, gap=0.0369±0.0004

  --- AgentA, Layer 10, 5-fold CV ---
    Spectrum (, L10): k90=49, k95=129, k99=505, top-50 explains 90.2%
    Fold 1/5: train=360, test=90, k90=49
    Spectrum (, L10): k90=50, k95=132, k99=511, top-50 explains 90.0%
    Fold 2/5: train=360, test=90, k90=50
    Spectrum (, L10): k90=50, k95=132, k99=510, top-50 explains 90.0%
    Fold 3/5: train=360, test=90, k90=50
    Spectrum (, L10): k90=50, k95=132, k99=510, top-50 explains 90.0%
    Fold 4/5: train=360, test=90, k90=50
    Spectrum (, L10): k90=51, k95=133, k99=512, top-50 explains 90.0%
    Fold 5/5: train=360, test=90, k90=51
    CV mean: k90=50.0, k95=131.6, top-50 var=90.0%
    [task_structure] same=0.1135±0.0014, cross=-0.0233±0.0006, gap=0.1368±0.0009
    [outcome_correspondence] same=0.0304±0.0007, cross=-0.0052±0.0009, gap=0.0356±0.0004

  --- AgentA, Layer 11, 5-fold CV ---
    Spectrum (, L11): k90=49, k95=130, k99=507, top-50 explains 90.2%
    Fold 1/5: train=360, test=90, k90=49
    Spectrum (, L11): k90=51, k95=133, k99=513, top-50 explains 90.0%
    Fold 2/5: train=360, test=90, k90=51
    Spectrum (, L11): k90=50, k95=133, k99=511, top-50 explains 90.0%
    Fold 3/5: train=360, test=90, k90=50
    Spectrum (, L11): k90=50, k95=133, k99=512, top-50 explains 90.0%
    Fold 4/5: train=360, test=90, k90=50
    Spectrum (, L11): k90=51, k95=134, k99=515, top-50 explains 90.0%
    Fold 5/5: train=360, test=90, k90=51
    CV mean: k90=50.2, k95=132.6, top-50 var=90.0%
    [task_structure] same=0.1075±0.0013, cross=-0.0216±0.0005, gap=0.1290±0.0009
    [outcome_correspondence] same=0.0276±0.0006, cross=-0.0037±0.0007, gap=0.0313±0.0004

  --- AgentA, Layer 12, 5-fold CV ---
    Spectrum (, L12): k90=53, k95=135, k99=508, top-50 explains 89.8%
    Fold 1/5: train=360, test=90, k90=53
    Spectrum (, L12): k90=55, k95=138, k99=515, top-50 explains 89.5%
    Fold 2/5: train=360, test=90, k90=55
    Spectrum (, L12): k90=54, k95=138, k99=514, top-50 explains 89.6%
    Fold 3/5: train=360, test=90, k90=54
    Spectrum (, L12): k90=54, k95=137, k99=513, top-50 explains 89.6%
    Fold 4/5: train=360, test=90, k90=54
    Spectrum (, L12): k90=54, k95=138, k99=517, top-50 explains 89.5%
    Fold 5/5: train=360, test=90, k90=54
    CV mean: k90=54.0, k95=137.2, top-50 var=89.6%
    [task_structure] same=0.1231±0.0014, cross=-0.0259±0.0005, gap=0.1489±0.0010
    [outcome_correspondence] same=0.0343±0.0005, cross=-0.0072±0.0009, gap=0.0415±0.0006

  --- AgentA, Layer 13, 5-fold CV ---
    Spectrum (, L13): k90=54, k95=143, k99=540, top-50 explains 89.6%
    Fold 1/5: train=360, test=90, k90=54
    Spectrum (, L13): k90=56, k95=147, k99=547, top-50 explains 89.4%
    Fold 2/5: train=360, test=90, k90=56
    Spectrum (, L13): k90=56, k95=146, k99=546, top-50 explains 89.4%
    Fold 3/5: train=360, test=90, k90=56
    Spectrum (, L13): k90=56, k95=146, k99=545, top-50 explains 89.4%
    Fold 4/5: train=360, test=90, k90=56
    Spectrum (, L13): k90=56, k95=147, k99=549, top-50 explains 89.4%
    Fold 5/5: train=360, test=90, k90=56
    CV mean: k90=55.6, k95=145.8, top-50 var=89.4%
    [task_structure] same=0.1246±0.0011, cross=-0.0273±0.0005, gap=0.1519±0.0007
    [outcome_correspondence] same=0.0374±0.0003, cross=-0.0101±0.0008, gap=0.0474±0.0005

  --- AgentA, Layer 14, 5-fold CV ---
    Spectrum (, L14): k90=81, k95=191, k99=627, top-50 explains 86.7%
    Fold 1/5: train=360, test=90, k90=81
    Spectrum (, L14): k90=83, k95=195, k99=634, top-50 explains 86.4%
    Fold 2/5: train=360, test=90, k90=83
    Spectrum (, L14): k90=83, k95=196, k99=634, top-50 explains 86.4%
    Fold 3/5: train=360, test=90, k90=83
    Spectrum (, L14): k90=83, k95=195, k99=632, top-50 explains 86.5%
    Fold 4/5: train=360, test=90, k90=83
    Spectrum (, L14): k90=83, k95=196, k99=634, top-50 explains 86.4%
    Fold 5/5: train=360, test=90, k90=83
    CV mean: k90=82.6, k95=194.6, top-50 var=86.5%
    [task_structure] same=0.1366±0.0008, cross=-0.0300±0.0004, gap=0.1666±0.0008
    [outcome_correspondence] same=0.0416±0.0002, cross=-0.0114±0.0006, gap=0.0530±0.0006

  --- AgentA, Layer 15, 5-fold CV ---
    Spectrum (, L15): k90=106, k95=230, k99=687, top-50 explains 83.5%
    Fold 1/5: train=360, test=90, k90=106
    Spectrum (, L15): k90=109, k95=234, k99=693, top-50 explains 83.2%
    Fold 2/5: train=360, test=90, k90=109
    Spectrum (, L15): k90=109, k95=234, k99=692, top-50 explains 83.2%
    Fold 3/5: train=360, test=90, k90=109
    Spectrum (, L15): k90=109, k95=234, k99=691, top-50 explains 83.2%
    Fold 4/5: train=360, test=90, k90=109
    Spectrum (, L15): k90=109, k95=235, k99=693, top-50 explains 83.2%
    Fold 5/5: train=360, test=90, k90=109
    CV mean: k90=108.4, k95=233.4, top-50 var=83.3%
    [task_structure] same=0.1370±0.0008, cross=-0.0318±0.0004, gap=0.1688±0.0007
    [outcome_correspondence] same=0.0411±0.0003, cross=-0.0131±0.0006, gap=0.0542±0.0007

  --- AgentA, Layer 16, 5-fold CV ---
    Spectrum (, L16): k90=121, k95=257, k99=737, top-50 explains 81.8%
    Fold 1/5: train=360, test=90, k90=121
    Spectrum (, L16): k90=125, k95=263, k99=744, top-50 explains 81.4%
    Fold 2/5: train=360, test=90, k90=125
    Spectrum (, L16): k90=125, k95=262, k99=743, top-50 explains 81.4%
    Fold 3/5: train=360, test=90, k90=125
    Spectrum (, L16): k90=125, k95=262, k99=742, top-50 explains 81.4%
    Fold 4/5: train=360, test=90, k90=125
    Spectrum (, L16): k90=125, k95=263, k99=744, top-50 explains 81.3%
    Fold 5/5: train=360, test=90, k90=125
    CV mean: k90=124.2, k95=261.4, top-50 var=81.4%
    [task_structure] same=0.1555±0.0009, cross=-0.0388±0.0005, gap=0.1944±0.0010
    [outcome_correspondence] same=0.0512±0.0002, cross=-0.0206±0.0007, gap=0.0718±0.0007

  --- AgentA, Layer 17, 5-fold CV ---
    Spectrum (, L17): k90=113, k95=245, k99=727, top-50 explains 82.8%
    Fold 1/5: train=360, test=90, k90=113
    Spectrum (, L17): k90=117, k95=251, k99=735, top-50 explains 82.3%
    Fold 2/5: train=360, test=90, k90=117
    Spectrum (, L17): k90=116, k95=250, k99=733, top-50 explains 82.4%
    Fold 3/5: train=360, test=90, k90=116
    Spectrum (, L17): k90=116, k95=250, k99=733, top-50 explains 82.4%
    Fold 4/5: train=360, test=90, k90=116
    Spectrum (, L17): k90=117, k95=251, k99=736, top-50 explains 82.3%
    Fold 5/5: train=360, test=90, k90=117
    CV mean: k90=115.8, k95=249.4, top-50 var=82.4%
    [task_structure] same=0.1504±0.0006, cross=-0.0358±0.0006, gap=0.1862±0.0008
    [outcome_correspondence] same=0.0502±0.0005, cross=-0.0183±0.0007, gap=0.0685±0.0007

  --- AgentA, Layer 18, 5-fold CV ---
    Spectrum (, L18): k90=121, k95=256, k99=748, top-50 explains 81.6%
    Fold 1/5: train=360, test=90, k90=121
    Spectrum (, L18): k90=125, k95=261, k99=755, top-50 explains 81.2%
    Fold 2/5: train=360, test=90, k90=125
    Spectrum (, L18): k90=124, k95=260, k99=753, top-50 explains 81.3%
    Fold 3/5: train=360, test=90, k90=124
    Spectrum (, L18): k90=125, k95=261, k99=754, top-50 explains 81.2%
    Fold 4/5: train=360, test=90, k90=125
    Spectrum (, L18): k90=125, k95=262, k99=756, top-50 explains 81.2%
    Fold 5/5: train=360, test=90, k90=125
    CV mean: k90=124.0, k95=260.0, top-50 var=81.3%
    [task_structure] same=0.1326±0.0006, cross=-0.0317±0.0005, gap=0.1643±0.0008
    [outcome_correspondence] same=0.0456±0.0004, cross=-0.0170±0.0005, gap=0.0626±0.0006

  --- AgentA, Layer 19, 5-fold CV ---
    Spectrum (, L19): k90=129, k95=268, k99=769, top-50 explains 80.5%
    Fold 1/5: train=360, test=90, k90=129
    Spectrum (, L19): k90=133, k95=273, k99=776, top-50 explains 80.0%
    Fold 2/5: train=360, test=90, k90=133
    Spectrum (, L19): k90=132, k95=271, k99=774, top-50 explains 80.1%
    Fold 3/5: train=360, test=90, k90=132
    Spectrum (, L19): k90=133, k95=273, k99=776, top-50 explains 80.0%
    Fold 4/5: train=360, test=90, k90=133
    Spectrum (, L19): k90=134, k95=274, k99=778, top-50 explains 80.0%
    Fold 5/5: train=360, test=90, k90=134
    CV mean: k90=132.2, k95=271.8, top-50 var=80.1%
    [task_structure] same=0.1309±0.0005, cross=-0.0317±0.0006, gap=0.1626±0.0007
    [outcome_correspondence] same=0.0441±0.0004, cross=-0.0167±0.0006, gap=0.0608±0.0006

  --- AgentA, Layer 20, 5-fold CV ---
    Spectrum (, L20): k90=124, k95=258, k99=759, top-50 explains 80.7%
    Fold 1/5: train=360, test=90, k90=124
    Spectrum (, L20): k90=127, k95=262, k99=766, top-50 explains 80.4%
    Fold 2/5: train=360, test=90, k90=127
    Spectrum (, L20): k90=127, k95=262, k99=765, top-50 explains 80.4%
    Fold 3/5: train=360, test=90, k90=127
    Spectrum (, L20): k90=127, k95=262, k99=765, top-50 explains 80.3%
    Fold 4/5: train=360, test=90, k90=127
    Spectrum (, L20): k90=128, k95=264, k99=767, top-50 explains 80.4%
    Fold 5/5: train=360, test=90, k90=128
    CV mean: k90=126.6, k95=261.6, top-50 var=80.4%
    [task_structure] same=0.1317±0.0009, cross=-0.0329±0.0006, gap=0.1646±0.0011
    [outcome_correspondence] same=0.0462±0.0005, cross=-0.0190±0.0006, gap=0.0651±0.0007

  --- AgentA, Layer 21, 5-fold CV ---
    Spectrum (, L21): k90=129, k95=267, k99=779, top-50 explains 80.1%
    Fold 1/5: train=360, test=90, k90=129
    Spectrum (, L21): k90=132, k95=271, k99=786, top-50 explains 79.7%
    Fold 2/5: train=360, test=90, k90=132
    Spectrum (, L21): k90=131, k95=271, k99=785, top-50 explains 79.7%
    Fold 3/5: train=360, test=90, k90=131
    Spectrum (, L21): k90=132, k95=271, k99=786, top-50 explains 79.6%
    Fold 4/5: train=360, test=90, k90=132
    Spectrum (, L21): k90=132, k95=273, k99=787, top-50 explains 79.7%
    Fold 5/5: train=360, test=90, k90=132
    CV mean: k90=131.2, k95=270.6, top-50 var=79.7%
    [task_structure] same=0.1272±0.0008, cross=-0.0320±0.0006, gap=0.1592±0.0010
    [outcome_correspondence] same=0.0446±0.0005, cross=-0.0186±0.0006, gap=0.0632±0.0007

  --- AgentA, Layer 22, 5-fold CV ---
    Spectrum (, L22): k90=131, k95=273, k99=793, top-50 explains 79.7%
    Fold 1/5: train=360, test=90, k90=131
    Spectrum (, L22): k90=135, k95=277, k99=800, top-50 explains 79.4%
    Fold 2/5: train=360, test=90, k90=135
    Spectrum (, L22): k90=134, k95=277, k99=799, top-50 explains 79.4%
    Fold 3/5: train=360, test=90, k90=134
    Spectrum (, L22): k90=135, k95=277, k99=799, top-50 explains 79.4%
    Fold 4/5: train=360, test=90, k90=135
    Spectrum (, L22): k90=135, k95=278, k99=801, top-50 explains 79.4%
    Fold 5/5: train=360, test=90, k90=135
    CV mean: k90=134.0, k95=276.4, top-50 var=79.5%
    [task_structure] same=0.1219±0.0007, cross=-0.0310±0.0006, gap=0.1528±0.0009
    [outcome_correspondence] same=0.0430±0.0005, cross=-0.0184±0.0006, gap=0.0613±0.0007

  --- AgentA, Layer 23, 5-fold CV ---
    Spectrum (, L23): k90=134, k95=279, k99=807, top-50 explains 79.6%
    Fold 1/5: train=360, test=90, k90=134
    Spectrum (, L23): k90=137, k95=283, k99=814, top-50 explains 79.3%
    Fold 2/5: train=360, test=90, k90=137
    Spectrum (, L23): k90=136, k95=283, k99=813, top-50 explains 79.3%
    Fold 3/5: train=360, test=90, k90=136
    Spectrum (, L23): k90=137, k95=283, k99=813, top-50 explains 79.2%
    Fold 4/5: train=360, test=90, k90=137
    Spectrum (, L23): k90=138, k95=285, k99=815, top-50 explains 79.2%
    Fold 5/5: train=360, test=90, k90=138
    CV mean: k90=136.4, k95=282.6, top-50 var=79.3%
    [task_structure] same=0.1184±0.0007, cross=-0.0302±0.0006, gap=0.1486±0.0010
    [outcome_correspondence] same=0.0422±0.0005, cross=-0.0182±0.0006, gap=0.0604±0.0007

  --- AgentA, Layer 24, 5-fold CV ---
    Spectrum (, L24): k90=136, k95=283, k99=819, top-50 explains 79.4%
    Fold 1/5: train=360, test=90, k90=136
    Spectrum (, L24): k90=139, k95=288, k99=826, top-50 explains 79.0%
    Fold 2/5: train=360, test=90, k90=139
    Spectrum (, L24): k90=138, k95=287, k99=825, top-50 explains 79.0%
    Fold 3/5: train=360, test=90, k90=138
    Spectrum (, L24): k90=139, k95=288, k99=825, top-50 explains 79.0%
    Fold 4/5: train=360, test=90, k90=139
    Spectrum (, L24): k90=139, k95=289, k99=826, top-50 explains 78.9%
    Fold 5/5: train=360, test=90, k90=139
    CV mean: k90=138.2, k95=287.0, top-50 var=79.1%
    [task_structure] same=0.1111±0.0008, cross=-0.0284±0.0005, gap=0.1395±0.0009
    [outcome_correspondence] same=0.0420±0.0005, cross=-0.0185±0.0006, gap=0.0606±0.0007

  --- AgentA, Layer 25, 5-fold CV ---
    Spectrum (, L25): k90=138, k95=289, k99=831, top-50 explains 79.3%
    Fold 1/5: train=360, test=90, k90=138
    Spectrum (, L25): k90=141, k95=293, k99=837, top-50 explains 78.9%
    Fold 2/5: train=360, test=90, k90=141
    Spectrum (, L25): k90=140, k95=293, k99=837, top-50 explains 79.0%
    Fold 3/5: train=360, test=90, k90=140
    Spectrum (, L25): k90=141, k95=293, k99=836, top-50 explains 78.9%
    Fold 4/5: train=360, test=90, k90=141
    Spectrum (, L25): k90=141, k95=294, k99=837, top-50 explains 78.9%
    Fold 5/5: train=360, test=90, k90=141
    CV mean: k90=140.2, k95=292.4, top-50 var=79.0%
    [task_structure] same=0.1084±0.0007, cross=-0.0279±0.0005, gap=0.1363±0.0008
    [outcome_correspondence] same=0.0403±0.0004, cross=-0.0178±0.0006, gap=0.0581±0.0007

  --- AgentA, Layer 26, 5-fold CV ---
    Spectrum (, L26): k90=143, k95=298, k99=847, top-50 explains 78.8%
    Fold 1/5: train=360, test=90, k90=143
    Spectrum (, L26): k90=146, k95=302, k99=853, top-50 explains 78.4%
    Fold 2/5: train=360, test=90, k90=146
    Spectrum (, L26): k90=145, k95=302, k99=853, top-50 explains 78.4%
    Fold 3/5: train=360, test=90, k90=145
    Spectrum (, L26): k90=146, k95=302, k99=852, top-50 explains 78.4%
    Fold 4/5: train=360, test=90, k90=146
    Spectrum (, L26): k90=146, k95=304, k99=854, top-50 explains 78.3%
    Fold 5/5: train=360, test=90, k90=146
    CV mean: k90=145.2, k95=301.6, top-50 var=78.5%
    [task_structure] same=0.1062±0.0007, cross=-0.0273±0.0005, gap=0.1335±0.0008
    [outcome_correspondence] same=0.0398±0.0004, cross=-0.0176±0.0006, gap=0.0574±0.0006

  --- AgentA, Layer 27, 5-fold CV ---
    Spectrum (, L27): k90=145, k95=302, k99=853, top-50 explains 78.6%
    Fold 1/5: train=360, test=90, k90=145
    Spectrum (, L27): k90=147, k95=305, k99=859, top-50 explains 78.3%
    Fold 2/5: train=360, test=90, k90=147
    Spectrum (, L27): k90=147, k95=306, k99=859, top-50 explains 78.3%
    Fold 3/5: train=360, test=90, k90=147
    Spectrum (, L27): k90=147, k95=305, k99=857, top-50 explains 78.3%
    Fold 4/5: train=360, test=90, k90=147
    Spectrum (, L27): k90=148, k95=307, k99=860, top-50 explains 78.2%
    Fold 5/5: train=360, test=90, k90=148
    CV mean: k90=146.8, k95=305.0, top-50 var=78.4%
    [task_structure] same=0.1022±0.0008, cross=-0.0262±0.0005, gap=0.1285±0.0007
    [outcome_correspondence] same=0.0385±0.0005, cross=-0.0171±0.0006, gap=0.0556±0.0006

  --- AgentA, Layer 28, 5-fold CV ---
    Spectrum (, L28): k90=148, k95=307, k99=859, top-50 explains 78.2%
    Fold 1/5: train=360, test=90, k90=148
    Spectrum (, L28): k90=150, k95=310, k99=865, top-50 explains 78.0%
    Fold 2/5: train=360, test=90, k90=150
    Spectrum (, L28): k90=150, k95=310, k99=864, top-50 explains 78.0%
    Fold 3/5: train=360, test=90, k90=150
    Spectrum (, L28): k90=150, k95=310, k99=864, top-50 explains 77.9%
    Fold 4/5: train=360, test=90, k90=150
    Spectrum (, L28): k90=151, k95=312, k99=866, top-50 explains 77.8%
    Fold 5/5: train=360, test=90, k90=151
    CV mean: k90=149.8, k95=309.8, top-50 var=78.0%
    [task_structure] same=0.1018±0.0007, cross=-0.0261±0.0005, gap=0.1279±0.0008
    [outcome_correspondence] same=0.0378±0.0004, cross=-0.0167±0.0006, gap=0.0545±0.0006

  --- AgentA, Layer 29, 5-fold CV ---
    Spectrum (, L29): k90=154, k95=320, k99=883, top-50 explains 77.9%
    Fold 1/5: train=360, test=90, k90=154
    Spectrum (, L29): k90=156, k95=323, k99=887, top-50 explains 77.6%
    Fold 2/5: train=360, test=90, k90=156
    Spectrum (, L29): k90=155, k95=323, k99=887, top-50 explains 77.7%
    Fold 3/5: train=360, test=90, k90=155
    Spectrum (, L29): k90=156, k95=324, k99=888, top-50 explains 77.5%
    Fold 4/5: train=360, test=90, k90=156
    Spectrum (, L29): k90=157, k95=326, k99=890, top-50 explains 77.4%
    Fold 5/5: train=360, test=90, k90=157
    CV mean: k90=155.6, k95=323.2, top-50 var=77.6%
    [task_structure] same=0.0927±0.0008, cross=-0.0237±0.0004, gap=0.1164±0.0008
    [outcome_correspondence] same=0.0340±0.0005, cross=-0.0149±0.0006, gap=0.0489±0.0007

  --- AgentA, Layer 30, 5-fold CV ---
    Spectrum (, L30): k90=149, k95=313, k99=876, top-50 explains 78.3%
    Fold 1/5: train=360, test=90, k90=149
    Spectrum (, L30): k90=151, k95=316, k99=879, top-50 explains 78.1%
    Fold 2/5: train=360, test=90, k90=151
    Spectrum (, L30): k90=150, k95=315, k99=878, top-50 explains 78.3%
    Fold 3/5: train=360, test=90, k90=150
    Spectrum (, L30): k90=152, k95=317, k99=880, top-50 explains 78.0%
    Fold 4/5: train=360, test=90, k90=152
    Spectrum (, L30): k90=152, k95=319, k99=882, top-50 explains 77.9%
    Fold 5/5: train=360, test=90, k90=152
    CV mean: k90=150.8, k95=316.0, top-50 var=78.1%
    [task_structure] same=0.0823±0.0007, cross=-0.0207±0.0005, gap=0.1030±0.0007
    [outcome_correspondence] same=0.0313±0.0005, cross=-0.0133±0.0006, gap=0.0446±0.0006

  --- AgentA, Layer 31, 5-fold CV ---
    Spectrum (, L31): k90=117, k95=253, k99=778, top-50 explains 80.6%
    Fold 1/5: train=360, test=90, k90=117
    Spectrum (, L31): k90=119, k95=255, k99=780, top-50 explains 80.5%
    Fold 2/5: train=360, test=90, k90=119
    Spectrum (, L31): k90=119, k95=255, k99=780, top-50 explains 80.6%
    Fold 3/5: train=360, test=90, k90=119
    Spectrum (, L31): k90=119, k95=256, k99=780, top-50 explains 80.4%
    Fold 4/5: train=360, test=90, k90=119
    Spectrum (, L31): k90=120, k95=257, k99=782, top-50 explains 80.4%
    Fold 5/5: train=360, test=90, k90=120
    CV mean: k90=118.8, k95=255.2, top-50 var=80.5%
    [task_structure] same=0.0705±0.0006, cross=-0.0185±0.0004, gap=0.0890±0.0006
    [outcome_correspondence] same=0.0266±0.0005, cross=-0.0122±0.0006, gap=0.0388±0.0007

  --- AgentB, Layer 0, 5-fold CV ---
    Spectrum (, L0): k90=41, k95=74, k99=242, top-50 explains 92.1%
    Fold 1/5: train=360, test=90, k90=41
    Spectrum (, L0): k90=40, k95=72, k99=237, top-50 explains 92.3%
    Fold 2/5: train=360, test=90, k90=40
    Spectrum (, L0): k90=40, k95=72, k99=237, top-50 explains 92.3%
    Fold 3/5: train=360, test=90, k90=40
    Spectrum (, L0): k90=39, k95=72, k99=236, top-50 explains 92.4%
    Fold 4/5: train=360, test=90, k90=39
    Spectrum (, L0): k90=39, k95=71, k99=235, top-50 explains 92.5%
    Fold 5/5: train=360, test=90, k90=39
    CV mean: k90=39.8, k95=72.2, top-50 var=92.3%
    [task_structure] same=0.1508±0.0020, cross=-0.0342±0.0014, gap=0.1849±0.0008
    [outcome_correspondence] same=0.0434±0.0009, cross=-0.0125±0.0019, gap=0.0559±0.0010

  --- AgentB, Layer 1, 5-fold CV ---
    Spectrum (, L1): k90=55, k95=104, k99=360, top-50 explains 89.1%
    Fold 1/5: train=360, test=90, k90=55
    Spectrum (, L1): k90=55, k95=104, k99=358, top-50 explains 89.1%
    Fold 2/5: train=360, test=90, k90=55
    Spectrum (, L1): k90=54, k95=103, k99=356, top-50 explains 89.2%
    Fold 3/5: train=360, test=90, k90=54
    Spectrum (, L1): k90=55, k95=104, k99=358, top-50 explains 89.1%
    Fold 4/5: train=360, test=90, k90=55
    Spectrum (, L1): k90=55, k95=103, k99=357, top-50 explains 89.1%
    Fold 5/5: train=360, test=90, k90=55
    CV mean: k90=54.8, k95=103.6, top-50 var=89.1%
    [task_structure] same=0.1103±0.0020, cross=-0.0231±0.0012, gap=0.1334±0.0009
    [outcome_correspondence] same=0.0323±0.0009, cross=-0.0071±0.0017, gap=0.0394±0.0008

  --- AgentB, Layer 2, 5-fold CV ---
    Spectrum (, L2): k90=70, k95=146, k99=502, top-50 explains 87.0%
    Fold 1/5: train=360, test=90, k90=70
    Spectrum (, L2): k90=70, k95=146, k99=502, top-50 explains 87.0%
    Fold 2/5: train=360, test=90, k90=70
    Spectrum (, L2): k90=69, k95=145, k99=500, top-50 explains 87.0%
    Fold 3/5: train=360, test=90, k90=69
    Spectrum (, L2): k90=70, k95=146, k99=501, top-50 explains 86.9%
    Fold 4/5: train=360, test=90, k90=70
    Spectrum (, L2): k90=70, k95=146, k99=501, top-50 explains 86.9%
    Fold 5/5: train=360, test=90, k90=70
    CV mean: k90=69.8, k95=145.8, top-50 var=87.0%
    [task_structure] same=0.1214±0.0020, cross=-0.0191±0.0013, gap=0.1405±0.0008
    [outcome_correspondence] same=0.0344±0.0010, cross=0.0003±0.0017, gap=0.0340±0.0008

  --- AgentB, Layer 3, 5-fold CV ---
    Spectrum (, L3): k90=89, k95=197, k99=663, top-50 explains 84.9%
    Fold 1/5: train=360, test=90, k90=89
    Spectrum (, L3): k90=90, k95=197, k99=666, top-50 explains 84.8%
    Fold 2/5: train=360, test=90, k90=90
    Spectrum (, L3): k90=89, k95=197, k99=663, top-50 explains 84.8%
    Fold 3/5: train=360, test=90, k90=89
    Spectrum (, L3): k90=90, k95=197, k99=665, top-50 explains 84.7%
    Fold 4/5: train=360, test=90, k90=90
    Spectrum (, L3): k90=90, k95=197, k99=664, top-50 explains 84.7%
    Fold 5/5: train=360, test=90, k90=90
    CV mean: k90=89.6, k95=197.0, top-50 var=84.8%
    [task_structure] same=0.1131±0.0016, cross=-0.0187±0.0010, gap=0.1317±0.0007
    [outcome_correspondence] same=0.0310±0.0007, cross=-0.0001±0.0013, gap=0.0311±0.0007

  --- AgentB, Layer 4, 5-fold CV ---
    Spectrum (, L4): k90=83, k95=185, k99=641, top-50 explains 85.9%
    Fold 1/5: train=360, test=90, k90=83
    Spectrum (, L4): k90=84, k95=188, k99=647, top-50 explains 85.7%
    Fold 2/5: train=360, test=90, k90=84
    Spectrum (, L4): k90=84, k95=188, k99=645, top-50 explains 85.7%
    Fold 3/5: train=360, test=90, k90=84
    Spectrum (, L4): k90=84, k95=188, k99=646, top-50 explains 85.7%
    Fold 4/5: train=360, test=90, k90=84
    Spectrum (, L4): k90=84, k95=187, k99=643, top-50 explains 85.7%
    Fold 5/5: train=360, test=90, k90=84
    CV mean: k90=83.8, k95=187.2, top-50 var=85.7%
    [task_structure] same=0.1146±0.0015, cross=-0.0216±0.0011, gap=0.1362±0.0004
    [outcome_correspondence] same=0.0315±0.0009, cross=-0.0034±0.0014, gap=0.0349±0.0006

  --- AgentB, Layer 5, 5-fold CV ---
    Spectrum (, L5): k90=96, k95=211, k99=676, top-50 explains 84.4%
    Fold 1/5: train=360, test=90, k90=96
    Spectrum (, L5): k90=97, k95=213, k99=680, top-50 explains 84.2%
    Fold 2/5: train=360, test=90, k90=97
    Spectrum (, L5): k90=97, k95=212, k99=678, top-50 explains 84.2%
    Fold 3/5: train=360, test=90, k90=97
    Spectrum (, L5): k90=97, k95=212, k99=679, top-50 explains 84.3%
    Fold 4/5: train=360, test=90, k90=97
    Spectrum (, L5): k90=96, k95=210, k99=676, top-50 explains 84.4%
    Fold 5/5: train=360, test=90, k90=96
    CV mean: k90=96.6, k95=211.6, top-50 var=84.3%
    [task_structure] same=0.1270±0.0014, cross=-0.0266±0.0009, gap=0.1536±0.0006
    [outcome_correspondence] same=0.0327±0.0007, cross=-0.0058±0.0012, gap=0.0385±0.0006

  --- AgentB, Layer 6, 5-fold CV ---
    Spectrum (, L6): k90=80, k95=184, k99=625, top-50 explains 86.5%
    Fold 1/5: train=360, test=90, k90=80
    Spectrum (, L6): k90=81, k95=185, k99=628, top-50 explains 86.3%
    Fold 2/5: train=360, test=90, k90=81
    Spectrum (, L6): k90=81, k95=185, k99=627, top-50 explains 86.3%
    Fold 3/5: train=360, test=90, k90=81
    Spectrum (, L6): k90=81, k95=185, k99=628, top-50 explains 86.3%
    Fold 4/5: train=360, test=90, k90=81
    Spectrum (, L6): k90=80, k95=184, k99=626, top-50 explains 86.4%
    Fold 5/5: train=360, test=90, k90=80
    CV mean: k90=80.6, k95=184.6, top-50 var=86.4%
    [task_structure] same=0.1334±0.0012, cross=-0.0283±0.0007, gap=0.1617±0.0006
    [outcome_correspondence] same=0.0349±0.0006, cross=-0.0069±0.0009, gap=0.0417±0.0006

  --- AgentB, Layer 7, 5-fold CV ---
    Spectrum (, L7): k90=98, k95=210, k99=661, top-50 explains 84.1%
    Fold 1/5: train=360, test=90, k90=98
    Spectrum (, L7): k90=99, k95=212, k99=664, top-50 explains 84.0%
    Fold 2/5: train=360, test=90, k90=99
    Spectrum (, L7): k90=98, k95=211, k99=663, top-50 explains 84.0%
    Fold 3/5: train=360, test=90, k90=98
    Spectrum (, L7): k90=99, k95=212, k99=664, top-50 explains 84.0%
    Fold 4/5: train=360, test=90, k90=99
    Spectrum (, L7): k90=99, k95=211, k99=662, top-50 explains 84.0%
    Fold 5/5: train=360, test=90, k90=99
    CV mean: k90=98.6, k95=211.2, top-50 var=84.0%
    [task_structure] same=0.1333±0.0014, cross=-0.0287±0.0006, gap=0.1619±0.0009
    [outcome_correspondence] same=0.0354±0.0006, cross=-0.0075±0.0009, gap=0.0429±0.0006

  --- AgentB, Layer 8, 5-fold CV ---
    Spectrum (, L8): k90=97, k95=211, k99=662, top-50 explains 84.1%
    Fold 1/5: train=360, test=90, k90=97
    Spectrum (, L8): k90=98, k95=213, k99=667, top-50 explains 83.9%
    Fold 2/5: train=360, test=90, k90=98
    Spectrum (, L8): k90=98, k95=211, k99=665, top-50 explains 84.0%
    Fold 3/5: train=360, test=90, k90=98
    Spectrum (, L8): k90=99, k95=213, k99=666, top-50 explains 84.0%
    Fold 4/5: train=360, test=90, k90=99
    Spectrum (, L8): k90=99, k95=212, k99=666, top-50 explains 84.0%
    Fold 5/5: train=360, test=90, k90=99
    CV mean: k90=98.2, k95=212.0, top-50 var=84.0%
    [task_structure] same=0.1261±0.0014, cross=-0.0269±0.0006, gap=0.1529±0.0009
    [outcome_correspondence] same=0.0349±0.0006, cross=-0.0076±0.0009, gap=0.0426±0.0005

  --- AgentB, Layer 9, 5-fold CV ---
    Spectrum (, L9): k90=95, k95=206, k99=646, top-50 explains 84.5%
    Fold 1/5: train=360, test=90, k90=95
    Spectrum (, L9): k90=96, k95=208, k99=650, top-50 explains 84.3%
    Fold 2/5: train=360, test=90, k90=96
    Spectrum (, L9): k90=95, k95=206, k99=648, top-50 explains 84.4%
    Fold 3/5: train=360, test=90, k90=95
    Spectrum (, L9): k90=96, k95=207, k99=649, top-50 explains 84.4%
    Fold 4/5: train=360, test=90, k90=96
    Spectrum (, L9): k90=96, k95=208, k99=649, top-50 explains 84.3%
    Fold 5/5: train=360, test=90, k90=96
    CV mean: k90=95.6, k95=207.0, top-50 var=84.4%
    [task_structure] same=0.1211±0.0013, cross=-0.0260±0.0005, gap=0.1470±0.0009
    [outcome_correspondence] same=0.0327±0.0004, cross=-0.0071±0.0009, gap=0.0398±0.0006

  --- AgentB, Layer 10, 5-fold CV ---
    Spectrum (, L10): k90=89, k95=201, k99=644, top-50 explains 85.4%
    Fold 1/5: train=360, test=90, k90=89
    Spectrum (, L10): k90=91, k95=204, k99=649, top-50 explains 85.2%
    Fold 2/5: train=360, test=90, k90=91
    Spectrum (, L10): k90=91, k95=203, k99=648, top-50 explains 85.2%
    Fold 3/5: train=360, test=90, k90=91
    Spectrum (, L10): k90=91, k95=204, k99=647, top-50 explains 85.2%
    Fold 4/5: train=360, test=90, k90=91
    Spectrum (, L10): k90=91, k95=204, k99=648, top-50 explains 85.2%
    Fold 5/5: train=360, test=90, k90=91
    CV mean: k90=90.6, k95=203.2, top-50 var=85.3%
    [task_structure] same=0.1112±0.0012, cross=-0.0226±0.0006, gap=0.1338±0.0007
    [outcome_correspondence] same=0.0314±0.0006, cross=-0.0057±0.0008, gap=0.0371±0.0005

  --- AgentB, Layer 11, 5-fold CV ---
    Spectrum (, L11): k90=89, k95=201, k99=643, top-50 explains 85.6%
    Fold 1/5: train=360, test=90, k90=89
    Spectrum (, L11): k90=91, k95=204, k99=649, top-50 explains 85.3%
    Fold 2/5: train=360, test=90, k90=91
    Spectrum (, L11): k90=91, k95=203, k99=648, top-50 explains 85.3%
    Fold 3/5: train=360, test=90, k90=91
    Spectrum (, L11): k90=91, k95=203, k99=647, top-50 explains 85.3%
    Fold 4/5: train=360, test=90, k90=91
    Spectrum (, L11): k90=91, k95=204, k99=648, top-50 explains 85.3%
    Fold 5/5: train=360, test=90, k90=91
    CV mean: k90=90.6, k95=203.0, top-50 var=85.4%
    [task_structure] same=0.1062±0.0011, cross=-0.0212±0.0005, gap=0.1275±0.0007
    [outcome_correspondence] same=0.0285±0.0005, cross=-0.0042±0.0007, gap=0.0327±0.0003

  --- AgentB, Layer 12, 5-fold CV ---
    Spectrum (, L12): k90=91, k95=201, k99=638, top-50 explains 85.2%
    Fold 1/5: train=360, test=90, k90=91
    Spectrum (, L12): k90=93, k95=205, k99=644, top-50 explains 85.0%
    Fold 2/5: train=360, test=90, k90=93
    Spectrum (, L12): k90=93, k95=205, k99=644, top-50 explains 85.0%
    Fold 3/5: train=360, test=90, k90=93
    Spectrum (, L12): k90=93, k95=204, k99=642, top-50 explains 85.0%
    Fold 4/5: train=360, test=90, k90=93
    Spectrum (, L12): k90=93, k95=205, k99=644, top-50 explains 85.0%
    Fold 5/5: train=360, test=90, k90=93
    CV mean: k90=92.6, k95=204.0, top-50 var=85.0%
    [task_structure] same=0.1219±0.0011, cross=-0.0255±0.0004, gap=0.1474±0.0007
    [outcome_correspondence] same=0.0343±0.0003, cross=-0.0071±0.0007, gap=0.0414±0.0004

  --- AgentB, Layer 13, 5-fold CV ---
    Spectrum (, L13): k90=99, k95=221, k99=688, top-50 explains 84.6%
    Fold 1/5: train=360, test=90, k90=99
    Spectrum (, L13): k90=101, k95=225, k99=694, top-50 explains 84.3%
    Fold 2/5: train=360, test=90, k90=101
    Spectrum (, L13): k90=102, k95=225, k99=693, top-50 explains 84.3%
    Fold 3/5: train=360, test=90, k90=102
    Spectrum (, L13): k90=101, k95=224, k99=691, top-50 explains 84.4%
    Fold 4/5: train=360, test=90, k90=101
    Spectrum (, L13): k90=102, k95=226, k99=695, top-50 explains 84.3%
    Fold 5/5: train=360, test=90, k90=102
    CV mean: k90=101.0, k95=224.2, top-50 var=84.4%
    [task_structure] same=0.1149±0.0010, cross=-0.0234±0.0004, gap=0.1383±0.0007
    [outcome_correspondence] same=0.0333±0.0003, cross=-0.0064±0.0007, gap=0.0397±0.0005

  --- AgentB, Layer 14, 5-fold CV ---
    Spectrum (, L14): k90=126, k95=263, k99=754, top-50 explains 81.7%
    Fold 1/5: train=360, test=90, k90=126
    Spectrum (, L14): k90=129, k95=269, k99=761, top-50 explains 81.4%
    Fold 2/5: train=360, test=90, k90=129
    Spectrum (, L14): k90=129, k95=268, k99=760, top-50 explains 81.4%
    Fold 3/5: train=360, test=90, k90=129
    Spectrum (, L14): k90=128, k95=268, k99=758, top-50 explains 81.4%
    Fold 4/5: train=360, test=90, k90=128
    Spectrum (, L14): k90=129, k95=269, k99=761, top-50 explains 81.4%
    Fold 5/5: train=360, test=90, k90=129
    CV mean: k90=128.2, k95=267.4, top-50 var=81.5%
    [task_structure] same=0.1213±0.0007, cross=-0.0258±0.0004, gap=0.1471±0.0006
    [outcome_correspondence] same=0.0367±0.0004, cross=-0.0090±0.0005, gap=0.0457±0.0004

  --- AgentB, Layer 15, 5-fold CV ---
    Spectrum (, L15): k90=144, k95=289, k99=784, top-50 explains 79.4%
    Fold 1/5: train=360, test=90, k90=144
    Spectrum (, L15): k90=147, k95=294, k99=792, top-50 explains 79.1%
    Fold 2/5: train=360, test=90, k90=147
    Spectrum (, L15): k90=147, k95=292, k99=790, top-50 explains 79.0%
    Fold 3/5: train=360, test=90, k90=147
    Spectrum (, L15): k90=147, k95=293, k99=788, top-50 explains 79.0%
    Fold 4/5: train=360, test=90, k90=147
    Spectrum (, L15): k90=148, k95=294, k99=791, top-50 explains 79.0%
    Fold 5/5: train=360, test=90, k90=148
    CV mean: k90=146.6, k95=292.4, top-50 var=79.1%
    [task_structure] same=0.1204±0.0006, cross=-0.0280±0.0004, gap=0.1484±0.0006
    [outcome_correspondence] same=0.0382±0.0004, cross=-0.0128±0.0004, gap=0.0510±0.0005

  --- AgentB, Layer 16, 5-fold CV ---
    Spectrum (, L16): k90=160, k95=318, k99=837, top-50 explains 77.8%
    Fold 1/5: train=360, test=90, k90=160
    Spectrum (, L16): k90=163, k95=322, k99=844, top-50 explains 77.5%
    Fold 2/5: train=360, test=90, k90=163
    Spectrum (, L16): k90=162, k95=320, k99=841, top-50 explains 77.5%
    Fold 3/5: train=360, test=90, k90=162
    Spectrum (, L16): k90=163, k95=322, k99=841, top-50 explains 77.4%
    Fold 4/5: train=360, test=90, k90=163
    Spectrum (, L16): k90=164, k95=323, k99=844, top-50 explains 77.4%
    Fold 5/5: train=360, test=90, k90=164
    CV mean: k90=162.4, k95=321.0, top-50 var=77.5%
    [task_structure] same=0.1356±0.0008, cross=-0.0336±0.0004, gap=0.1692±0.0008
    [outcome_correspondence] same=0.0458±0.0003, cross=-0.0184±0.0006, gap=0.0642±0.0006

  --- AgentB, Layer 17, 5-fold CV ---
    Spectrum (, L17): k90=151, k95=308, k99=834, top-50 explains 78.9%
    Fold 1/5: train=360, test=90, k90=151
    Spectrum (, L17): k90=154, k95=312, k99=842, top-50 explains 78.6%
    Fold 2/5: train=360, test=90, k90=154
    Spectrum (, L17): k90=153, k95=309, k99=838, top-50 explains 78.7%
    Fold 3/5: train=360, test=90, k90=153
    Spectrum (, L17): k90=154, k95=312, k99=839, top-50 explains 78.6%
    Fold 4/5: train=360, test=90, k90=154
    Spectrum (, L17): k90=155, k95=314, k99=842, top-50 explains 78.5%
    Fold 5/5: train=360, test=90, k90=155
    CV mean: k90=153.4, k95=311.0, top-50 var=78.7%
    [task_structure] same=0.1299±0.0007, cross=-0.0310±0.0005, gap=0.1608±0.0007
    [outcome_correspondence] same=0.0456±0.0005, cross=-0.0171±0.0005, gap=0.0627±0.0005

  --- AgentB, Layer 18, 5-fold CV ---
    Spectrum (, L18): k90=153, k95=309, k99=839, top-50 explains 78.5%
    Fold 1/5: train=360, test=90, k90=153
    Spectrum (, L18): k90=156, k95=314, k99=847, top-50 explains 78.2%
    Fold 2/5: train=360, test=90, k90=156
    Spectrum (, L18): k90=154, k95=311, k99=843, top-50 explains 78.3%
    Fold 3/5: train=360, test=90, k90=154
    Spectrum (, L18): k90=156, k95=313, k99=844, top-50 explains 78.1%
    Fold 4/5: train=360, test=90, k90=156
    Spectrum (, L18): k90=157, k95=315, k99=847, top-50 explains 78.0%
    Fold 5/5: train=360, test=90, k90=157
    CV mean: k90=155.2, k95=312.4, top-50 var=78.2%
    [task_structure] same=0.1167±0.0007, cross=-0.0275±0.0006, gap=0.1442±0.0008
    [outcome_correspondence] same=0.0425±0.0006, cross=-0.0158±0.0006, gap=0.0582±0.0004

  --- AgentB, Layer 19, 5-fold CV ---
    Spectrum (, L19): k90=154, k95=310, k99=845, top-50 explains 78.1%
    Fold 1/5: train=360, test=90, k90=154
    Spectrum (, L19): k90=157, k95=315, k99=853, top-50 explains 77.7%
    Fold 2/5: train=360, test=90, k90=157
    Spectrum (, L19): k90=154, k95=311, k99=848, top-50 explains 78.0%
    Fold 3/5: train=360, test=90, k90=154
    Spectrum (, L19): k90=157, k95=314, k99=851, top-50 explains 77.8%
    Fold 4/5: train=360, test=90, k90=157
    Spectrum (, L19): k90=158, k95=316, k99=854, top-50 explains 77.7%
    Fold 5/5: train=360, test=90, k90=158
    CV mean: k90=156.0, k95=313.2, top-50 var=77.9%
    [task_structure] same=0.1146±0.0008, cross=-0.0274±0.0006, gap=0.1420±0.0008
    [outcome_correspondence] same=0.0409±0.0006, cross=-0.0155±0.0006, gap=0.0564±0.0004

  --- AgentB, Layer 20, 5-fold CV ---
    Spectrum (, L20): k90=144, k95=295, k99=829, top-50 explains 78.7%
    Fold 1/5: train=360, test=90, k90=144
    Spectrum (, L20): k90=148, k95=300, k99=837, top-50 explains 78.4%
    Fold 2/5: train=360, test=90, k90=148
    Spectrum (, L20): k90=145, k95=296, k99=831, top-50 explains 78.7%
    Fold 3/5: train=360, test=90, k90=145
    Spectrum (, L20): k90=147, k95=299, k99=834, top-50 explains 78.4%
    Fold 4/5: train=360, test=90, k90=147
    Spectrum (, L20): k90=148, k95=300, k99=836, top-50 explains 78.4%
    Fold 5/5: train=360, test=90, k90=148
    CV mean: k90=146.4, k95=298.0, top-50 var=78.5%
    [task_structure] same=0.1156±0.0010, cross=-0.0285±0.0005, gap=0.1442±0.0012
    [outcome_correspondence] same=0.0412±0.0005, cross=-0.0167±0.0005, gap=0.0578±0.0005

  --- AgentB, Layer 21, 5-fold CV ---
    Spectrum (, L21): k90=148, k95=301, k99=843, top-50 explains 78.3%
    Fold 1/5: train=360, test=90, k90=148
    Spectrum (, L21): k90=150, k95=306, k99=851, top-50 explains 78.0%
    Fold 2/5: train=360, test=90, k90=150
    Spectrum (, L21): k90=148, k95=302, k99=844, top-50 explains 78.3%
    Fold 3/5: train=360, test=90, k90=148
    Spectrum (, L21): k90=150, k95=305, k99=848, top-50 explains 78.0%
    Fold 4/5: train=360, test=90, k90=150
    Spectrum (, L21): k90=150, k95=306, k99=850, top-50 explains 78.0%
    Fold 5/5: train=360, test=90, k90=150
    CV mean: k90=149.2, k95=304.0, top-50 var=78.1%
    [task_structure] same=0.1132±0.0010, cross=-0.0282±0.0005, gap=0.1414±0.0011
    [outcome_correspondence] same=0.0405±0.0005, cross=-0.0167±0.0005, gap=0.0572±0.0005

  --- AgentB, Layer 22, 5-fold CV ---
    Spectrum (, L22): k90=150, k95=308, k99=856, top-50 explains 78.1%
    Fold 1/5: train=360, test=90, k90=150
    Spectrum (, L22): k90=153, k95=312, k99=864, top-50 explains 77.8%
    Fold 2/5: train=360, test=90, k90=153
    Spectrum (, L22): k90=150, k95=308, k99=858, top-50 explains 78.1%
    Fold 3/5: train=360, test=90, k90=150
    Spectrum (, L22): k90=153, k95=311, k99=861, top-50 explains 77.8%
    Fold 4/5: train=360, test=90, k90=153
    Spectrum (, L22): k90=153, k95=312, k99=863, top-50 explains 77.7%
    Fold 5/5: train=360, test=90, k90=153
    CV mean: k90=151.8, k95=310.2, top-50 var=77.9%
    [task_structure] same=0.1093±0.0010, cross=-0.0273±0.0005, gap=0.1366±0.0011
    [outcome_correspondence] same=0.0390±0.0005, cross=-0.0161±0.0005, gap=0.0551±0.0006

  --- AgentB, Layer 23, 5-fold CV ---
    Spectrum (, L23): k90=151, k95=311, k99=863, top-50 explains 78.1%
    Fold 1/5: train=360, test=90, k90=151
    Spectrum (, L23): k90=154, k95=316, k99=872, top-50 explains 77.8%
    Fold 2/5: train=360, test=90, k90=154
    Spectrum (, L23): k90=151, k95=311, k99=865, top-50 explains 78.0%
    Fold 3/5: train=360, test=90, k90=151
    Spectrum (, L23): k90=153, k95=314, k99=868, top-50 explains 77.7%
    Fold 4/5: train=360, test=90, k90=153
    Spectrum (, L23): k90=154, k95=315, k99=870, top-50 explains 77.7%
    Fold 5/5: train=360, test=90, k90=154
    CV mean: k90=152.6, k95=313.4, top-50 var=77.9%
    [task_structure] same=0.1101±0.0011, cross=-0.0275±0.0005, gap=0.1376±0.0011
    [outcome_correspondence] same=0.0388±0.0005, cross=-0.0160±0.0005, gap=0.0549±0.0005

  --- AgentB, Layer 24, 5-fold CV ---
    Spectrum (, L24): k90=152, k95=313, k99=871, top-50 explains 78.0%
    Fold 1/5: train=360, test=90, k90=152
    Spectrum (, L24): k90=155, k95=318, k99=880, top-50 explains 77.8%
    Fold 2/5: train=360, test=90, k90=155
    Spectrum (, L24): k90=152, k95=314, k99=874, top-50 explains 78.0%
    Fold 3/5: train=360, test=90, k90=152
    Spectrum (, L24): k90=154, k95=316, k99=876, top-50 explains 77.7%
    Fold 4/5: train=360, test=90, k90=154
    Spectrum (, L24): k90=155, k95=318, k99=878, top-50 explains 77.6%
    Fold 5/5: train=360, test=90, k90=155
    CV mean: k90=153.6, k95=315.8, top-50 var=77.8%
    [task_structure] same=0.1030±0.0009, cross=-0.0258±0.0004, gap=0.1288±0.0009
    [outcome_correspondence] same=0.0379±0.0004, cross=-0.0160±0.0005, gap=0.0539±0.0005

  --- AgentB, Layer 25, 5-fold CV ---
    Spectrum (, L25): k90=152, k95=315, k99=877, top-50 explains 78.2%
    Fold 1/5: train=360, test=90, k90=152
    Spectrum (, L25): k90=155, k95=320, k99=884, top-50 explains 78.0%
    Fold 2/5: train=360, test=90, k90=155
    Spectrum (, L25): k90=152, k95=316, k99=878, top-50 explains 78.2%
    Fold 3/5: train=360, test=90, k90=152
    Spectrum (, L25): k90=154, k95=318, k99=880, top-50 explains 78.0%
    Fold 4/5: train=360, test=90, k90=154
    Spectrum (, L25): k90=155, k95=320, k99=883, top-50 explains 77.9%
    Fold 5/5: train=360, test=90, k90=155
    CV mean: k90=153.6, k95=317.8, top-50 var=78.1%
    [task_structure] same=0.1001±0.0010, cross=-0.0252±0.0004, gap=0.1253±0.0010
    [outcome_correspondence] same=0.0361±0.0004, cross=-0.0152±0.0005, gap=0.0513±0.0005

  --- AgentB, Layer 26, 5-fold CV ---
    Spectrum (, L26): k90=157, k95=324, k99=890, top-50 explains 77.7%
    Fold 1/5: train=360, test=90, k90=157
    Spectrum (, L26): k90=160, k95=329, k99=898, top-50 explains 77.5%
    Fold 2/5: train=360, test=90, k90=160
    Spectrum (, L26): k90=157, k95=325, k99=892, top-50 explains 77.8%
    Fold 3/5: train=360, test=90, k90=157
    Spectrum (, L26): k90=159, k95=327, k99=895, top-50 explains 77.5%
    Fold 4/5: train=360, test=90, k90=159
    Spectrum (, L26): k90=160, k95=329, k99=897, top-50 explains 77.4%
    Fold 5/5: train=360, test=90, k90=160
    CV mean: k90=158.6, k95=326.8, top-50 var=77.6%
    [task_structure] same=0.0976±0.0009, cross=-0.0244±0.0004, gap=0.1220±0.0009
    [outcome_correspondence] same=0.0357±0.0005, cross=-0.0150±0.0005, gap=0.0507±0.0004

  --- AgentB, Layer 27, 5-fold CV ---
    Spectrum (, L27): k90=156, k95=323, k99=890, top-50 explains 77.9%
    Fold 1/5: train=360, test=90, k90=156
    Spectrum (, L27): k90=159, k95=329, k99=899, top-50 explains 77.6%
    Fold 2/5: train=360, test=90, k90=159
    Spectrum (, L27): k90=156, k95=324, k99=892, top-50 explains 78.0%
    Fold 3/5: train=360, test=90, k90=156
    Spectrum (, L27): k90=158, k95=327, k99=895, top-50 explains 77.7%
    Fold 4/5: train=360, test=90, k90=158
    Spectrum (, L27): k90=159, k95=328, k99=898, top-50 explains 77.5%
    Fold 5/5: train=360, test=90, k90=159
    CV mean: k90=157.6, k95=326.2, top-50 var=77.7%
    [task_structure] same=0.0941±0.0008, cross=-0.0235±0.0005, gap=0.1176±0.0009
    [outcome_correspondence] same=0.0347±0.0005, cross=-0.0146±0.0004, gap=0.0493±0.0004

  --- AgentB, Layer 28, 5-fold CV ---
    Spectrum (, L28): k90=158, k95=325, k99=892, top-50 explains 77.7%
    Fold 1/5: train=360, test=90, k90=158
    Spectrum (, L28): k90=161, k95=331, k99=900, top-50 explains 77.4%
    Fold 2/5: train=360, test=90, k90=161
    Spectrum (, L28): k90=157, k95=326, k99=893, top-50 explains 77.8%
    Fold 3/5: train=360, test=90, k90=157
    Spectrum (, L28): k90=160, k95=330, k99=897, top-50 explains 77.4%
    Fold 4/5: train=360, test=90, k90=160
    Spectrum (, L28): k90=161, k95=331, k99=899, top-50 explains 77.3%
    Fold 5/5: train=360, test=90, k90=161
    CV mean: k90=159.4, k95=328.6, top-50 var=77.5%
    [task_structure] same=0.0939±0.0007, cross=-0.0234±0.0004, gap=0.1173±0.0008
    [outcome_correspondence] same=0.0347±0.0005, cross=-0.0144±0.0003, gap=0.0491±0.0005

  --- AgentB, Layer 29, 5-fold CV ---
    Spectrum (, L29): k90=163, k95=337, k99=911, top-50 explains 77.3%
    Fold 1/5: train=360, test=90, k90=163
    Spectrum (, L29): k90=166, k95=342, k99=920, top-50 explains 77.1%
    Fold 2/5: train=360, test=90, k90=166
    Spectrum (, L29): k90=162, k95=337, k99=912, top-50 explains 77.5%
    Fold 3/5: train=360, test=90, k90=162
    Spectrum (, L29): k90=166, k95=342, k99=917, top-50 explains 77.0%
    Fold 4/5: train=360, test=90, k90=166
    Spectrum (, L29): k90=167, k95=344, k99=920, top-50 explains 76.9%
    Fold 5/5: train=360, test=90, k90=167
    CV mean: k90=164.8, k95=340.4, top-50 var=77.2%
    [task_structure] same=0.0852±0.0007, cross=-0.0213±0.0004, gap=0.1065±0.0008
    [outcome_correspondence] same=0.0313±0.0005, cross=-0.0131±0.0004, gap=0.0444±0.0005

  --- AgentB, Layer 30, 5-fold CV ---
    Spectrum (, L30): k90=156, k95=327, k99=899, top-50 explains 77.8%
    Fold 1/5: train=360, test=90, k90=156
    Spectrum (, L30): k90=159, k95=332, k99=908, top-50 explains 77.5%
    Fold 2/5: train=360, test=90, k90=159
    Spectrum (, L30): k90=156, k95=326, k99=900, top-50 explains 77.9%
    Fold 3/5: train=360, test=90, k90=156
    Spectrum (, L30): k90=158, k95=331, k99=905, top-50 explains 77.5%
    Fold 4/5: train=360, test=90, k90=158
    Spectrum (, L30): k90=160, k95=333, k99=908, top-50 explains 77.3%
    Fold 5/5: train=360, test=90, k90=160
    CV mean: k90=157.8, k95=329.8, top-50 var=77.6%
    [task_structure] same=0.0746±0.0006, cross=-0.0185±0.0005, gap=0.0930±0.0008
    [outcome_correspondence] same=0.0280±0.0006, cross=-0.0116±0.0003, gap=0.0395±0.0005

  --- AgentB, Layer 31, 5-fold CV ---
    Spectrum (, L31): k90=126, k95=268, k99=806, top-50 explains 79.9%
    Fold 1/5: train=360, test=90, k90=126
    Spectrum (, L31): k90=128, k95=272, k99=813, top-50 explains 79.7%
    Fold 2/5: train=360, test=90, k90=128
    Spectrum (, L31): k90=125, k95=267, k99=806, top-50 explains 80.0%
    Fold 3/5: train=360, test=90, k90=125
    Spectrum (, L31): k90=127, k95=271, k99=810, top-50 explains 79.7%
    Fold 4/5: train=360, test=90, k90=127
    Spectrum (, L31): k90=129, k95=273, k99=814, top-50 explains 79.4%
    Fold 5/5: train=360, test=90, k90=129
    CV mean: k90=127.0, k95=270.2, top-50 var=79.8%
    [task_structure] same=0.0631±0.0003, cross=-0.0168±0.0004, gap=0.0799±0.0005
    [outcome_correspondence] same=0.0231±0.0006, cross=-0.0109±0.0003, gap=0.0341±0.0005

  --- Joint SVD (same-model pair) ---
  Joint SVD layer 0...
    Spectrum (Joint, L0): k90=41, k95=75, k99=261, top-50 explains 92.0%
    Saved: /juice6/u/jshe/nlp/LM_neural_synchrony/playground/svd_plots/spectrum_Joint_Misv0.2Misv0.2_L0.png
    L0: Agent A vs B cosine = 0.8690 ± 0.0889
  Joint SVD layer 1...
    Spectrum (Joint, L1): k90=59, k95=111, k99=407, top-50 explains 88.3%
    Saved: /juice6/u/jshe/nlp/LM_neural_synchrony/playground/svd_plots/spectrum_Joint_Misv0.2Misv0.2_L1.png
    L1: Agent A vs B cosine = 0.6950 ± 0.1604
  Joint SVD layer 2...
    Spectrum (Joint, L2): k90=73, k95=157, k99=589, top-50 explains 86.5%
    Saved: /juice6/u/jshe/nlp/LM_neural_synchrony/playground/svd_plots/spectrum_Joint_Misv0.2Misv0.2_L2.png
    L2: Agent A vs B cosine = 0.7587 ± 0.1084
  Joint SVD layer 3...
    Spectrum (Joint, L3): k90=93, k95=214, k99=815, top-50 explains 84.5%
    Saved: /juice6/u/jshe/nlp/LM_neural_synchrony/playground/svd_plots/spectrum_Joint_Misv0.2Misv0.2_L3.png
    L3: Agent A vs B cosine = 0.7238 ± 0.1200
  Joint SVD layer 4...
    Spectrum (Joint, L4): k90=72, k95=175, k99=731, top-50 explains 87.4%
    Saved: /juice6/u/jshe/nlp/LM_neural_synchrony/playground/svd_plots/spectrum_Joint_Misv0.2Misv0.2_L4.png
    L4: Agent A vs B cosine = 0.7300 ± 0.1225
  Joint SVD layer 5...
    Spectrum (Joint, L5): k90=84, k95=202, k99=783, top-50 explains 86.2%
    Saved: /juice6/u/jshe/nlp/LM_neural_synchrony/playground/svd_plots/spectrum_Joint_Misv0.2Misv0.2_L5.png
    L5: Agent A vs B cosine = 0.6682 ± 0.1520
  Joint SVD layer 6...
    Spectrum (Joint, L6): k90=68, k95=174, k99=718, top-50 explains 88.0%
    Saved: /juice6/u/jshe/nlp/LM_neural_synchrony/playground/svd_plots/spectrum_Joint_Misv0.2Misv0.2_L6.png
    L6: Agent A vs B cosine = 0.6981 ± 0.1291
  Joint SVD layer 7...
    Spectrum (Joint, L7): k90=86, k95=205, k99=778, top-50 explains 86.0%
    Saved: /juice6/u/jshe/nlp/LM_neural_synchrony/playground/svd_plots/spectrum_Joint_Misv0.2Misv0.2_L7.png
    L7: Agent A vs B cosine = 0.5582 ± 0.1976
  Joint SVD layer 8...
    Spectrum (Joint, L8): k90=90, k95=212, k99=798, top-50 explains 85.6%
    Saved: /juice6/u/jshe/nlp/LM_neural_synchrony/playground/svd_plots/spectrum_Joint_Misv0.2Misv0.2_L8.png
    L8: Agent A vs B cosine = 0.4767 ± 0.2235
  Joint SVD layer 9...
    Spectrum (Joint, L9): k90=88, k95=209, k99=785, top-50 explains 85.9%
    Saved: /juice6/u/jshe/nlp/LM_neural_synchrony/playground/svd_plots/spectrum_Joint_Misv0.2Misv0.2_L9.png
    L9: Agent A vs B cosine = 0.4805 ± 0.2111
  Joint SVD layer 10...
    Spectrum (Joint, L10): k90=81, k95=205, k99=790, top-50 explains 86.7%
    Saved: /juice6/u/jshe/nlp/LM_neural_synchrony/playground/svd_plots/spectrum_Joint_Misv0.2Misv0.2_L10.png
    L10: Agent A vs B cosine = 0.4562 ± 0.2004
  Joint SVD layer 11...
    Spectrum (Joint, L11): k90=82, k95=207, k99=797, top-50 explains 86.7%
    Saved: /juice6/u/jshe/nlp/LM_neural_synchrony/playground/svd_plots/spectrum_Joint_Misv0.2Misv0.2_L11.png
    L11: Agent A vs B cosine = 0.4442 ± 0.2080
  Joint SVD layer 12...
    Spectrum (Joint, L12): k90=86, k95=213, k99=802, top-50 explains 86.3%
    Saved: /juice6/u/jshe/nlp/LM_neural_synchrony/playground/svd_plots/spectrum_Joint_Misv0.2Misv0.2_L12.png
    L12: Agent A vs B cosine = 0.3865 ± 0.2056
  Joint SVD layer 13...
    Spectrum (Joint, L13): k90=91, k95=231, k99=867, top-50 explains 86.1%
    Saved: /juice6/u/jshe/nlp/LM_neural_synchrony/playground/svd_plots/spectrum_Joint_Misv0.2Misv0.2_L13.png
    L13: Agent A vs B cosine = 0.2925 ± 0.2300
  Joint SVD layer 14...
    Spectrum (Joint, L14): k90=129, k95=300, k99=997, top-50 explains 82.7%
    Saved: /juice6/u/jshe/nlp/LM_neural_synchrony/playground/svd_plots/spectrum_Joint_Misv0.2Misv0.2_L14.png
    L14: Agent A vs B cosine = 0.3891 ± 0.2066
  Joint SVD layer 15...
    Spectrum (Joint, L15): k90=160, k95=349, k99=1074, top-50 explains 79.4%
    Saved: /juice6/u/jshe/nlp/LM_neural_synchrony/playground/svd_plots/spectrum_Joint_Misv0.2Misv0.2_L15.png
    L15: Agent A vs B cosine = 0.2078 ± 0.2551
  Joint SVD layer 16...
    Spectrum (Joint, L16): k90=181, k95=390, k99=1164, top-50 explains 77.6%
    Saved: /juice6/u/jshe/nlp/LM_neural_synchrony/playground/svd_plots/spectrum_Joint_Misv0.2Misv0.2_L16.png
    L16: Agent A vs B cosine = 0.3153 ± 0.2460
  Joint SVD layer 17...
    Spectrum (Joint, L17): k90=169, k95=374, k99=1159, top-50 explains 78.8%
    Saved: /juice6/u/jshe/nlp/LM_neural_synchrony/playground/svd_plots/spectrum_Joint_Misv0.2Misv0.2_L17.png
    L17: Agent A vs B cosine = 0.3724 ± 0.2368
  Joint SVD layer 18...
    Spectrum (Joint, L18): k90=177, k95=385, k99=1186, top-50 explains 77.8%
    Saved: /juice6/u/jshe/nlp/LM_neural_synchrony/playground/svd_plots/spectrum_Joint_Misv0.2Misv0.2_L18.png
    L18: Agent A vs B cosine = 0.4156 ± 0.2210
  Joint SVD layer 19...
    Spectrum (Joint, L19): k90=184, k95=397, k99=1216, top-50 explains 76.9%
    Saved: /juice6/u/jshe/nlp/LM_neural_synchrony/playground/svd_plots/spectrum_Joint_Misv0.2Misv0.2_L19.png
    L19: Agent A vs B cosine = 0.4176 ± 0.2326
  Joint SVD layer 20...
    Spectrum (Joint, L20): k90=173, k95=378, k99=1199, top-50 explains 77.4%
    Saved: /juice6/u/jshe/nlp/LM_neural_synchrony/playground/svd_plots/spectrum_Joint_Misv0.2Misv0.2_L20.png
    L20: Agent A vs B cosine = 0.4979 ± 0.2072
  Joint SVD layer 21...
    Spectrum (Joint, L21): k90=179, k95=391, k99=1235, top-50 explains 76.7%
    Saved: /juice6/u/jshe/nlp/LM_neural_synchrony/playground/svd_plots/spectrum_Joint_Misv0.2Misv0.2_L21.png
    L21: Agent A vs B cosine = 0.5250 ± 0.1954
  Joint SVD layer 22...
    Spectrum (Joint, L22): k90=183, k95=402, k99=1263, top-50 explains 76.4%
    Saved: /juice6/u/jshe/nlp/LM_neural_synchrony/playground/svd_plots/spectrum_Joint_Misv0.2Misv0.2_L22.png
    L22: Agent A vs B cosine = 0.5389 ± 0.1920
  Joint SVD layer 23...
    Spectrum (Joint, L23): k90=185, k95=410, k99=1285, top-50 explains 76.4%
    Saved: /juice6/u/jshe/nlp/LM_neural_synchrony/playground/svd_plots/spectrum_Joint_Misv0.2Misv0.2_L23.png
    L23: Agent A vs B cosine = 0.5391 ± 0.1930
  Joint SVD layer 24...
    Spectrum (Joint, L24): k90=188, k95=417, k99=1309, top-50 explains 76.1%
    Saved: /juice6/u/jshe/nlp/LM_neural_synchrony/playground/svd_plots/spectrum_Joint_Misv0.2Misv0.2_L24.png
    L24: Agent A vs B cosine = 0.5605 ± 0.1816
  Joint SVD layer 25...
    Spectrum (Joint, L25): k90=190, k95=425, k99=1324, top-50 explains 76.2%
    Saved: /juice6/u/jshe/nlp/LM_neural_synchrony/playground/svd_plots/spectrum_Joint_Misv0.2Misv0.2_L25.png
    L25: Agent A vs B cosine = 0.5659 ± 0.1787
  Joint SVD layer 26...
    Spectrum (Joint, L26): k90=197, k95=439, k99=1351, top-50 explains 75.6%
    Saved: /juice6/u/jshe/nlp/LM_neural_synchrony/playground/svd_plots/spectrum_Joint_Misv0.2Misv0.2_L26.png
    L26: Agent A vs B cosine = 0.5771 ± 0.1765
  Joint SVD layer 27...
    Spectrum (Joint, L27): k90=198, k95=442, k99=1358, top-50 explains 75.7%
    Saved: /juice6/u/jshe/nlp/LM_neural_synchrony/playground/svd_plots/spectrum_Joint_Misv0.2Misv0.2_L27.png
    L27: Agent A vs B cosine = 0.5895 ± 0.1741
  Joint SVD layer 28...
    Spectrum (Joint, L28): k90=201, k95=446, k99=1361, top-50 explains 75.5%
    Saved: /juice6/u/jshe/nlp/LM_neural_synchrony/playground/svd_plots/spectrum_Joint_Misv0.2Misv0.2_L28.png
    L28: Agent A vs B cosine = 0.6043 ± 0.1765
  Joint SVD layer 29...
    Spectrum (Joint, L29): k90=210, k95=468, k99=1398, top-50 explains 75.1%
    Saved: /juice6/u/jshe/nlp/LM_neural_synchrony/playground/svd_plots/spectrum_Joint_Misv0.2Misv0.2_L29.png
    L29: Agent A vs B cosine = 0.6336 ± 0.1663
  Joint SVD layer 30...
    Spectrum (Joint, L30): k90=200, k95=454, k99=1380, top-50 explains 75.7%
    Saved: /juice6/u/jshe/nlp/LM_neural_synchrony/playground/svd_plots/spectrum_Joint_Misv0.2Misv0.2_L30.png
    L30: Agent A vs B cosine = 0.6590 ± 0.1587
  Joint SVD layer 31...
    Spectrum (Joint, L31): k90=152, k95=355, k99=1212, top-50 explains 78.3%
    Saved: /juice6/u/jshe/nlp/LM_neural_synchrony/playground/svd_plots/spectrum_Joint_Misv0.2Misv0.2_L31.png
    L31: Agent A vs B cosine = 0.6887 ± 0.1590

Saved: /juice6/u/jshe/nlp/LM_neural_synchrony/svd_v2_cv_Misv0.2Misv0.2_L0_L1_L2_L3_L4_L5_L6_L7_L8_L9_L10_L11_L12_L13_L14_L15_L16_L17_L18_L19_L20_L21_L22_L23_L24_L25_L26_L27_L28_L29_L30_L31.json


============================================================
AGGREGATE SUMMARY
============================================================

  Misv0.3Misv0.3 (same_model=True):
    agent_A L0: k90=12.6, k95=26.8, top-50 var=97.9%
    agent_A L1: k90=59.2, k95=125.8, top-50 var=88.6%
    agent_A L2: k90=65.0, k95=140.4, top-50 var=87.7%
    agent_A L3: k90=52.4, k95=117.6, top-50 var=89.7%
    agent_A L4: k90=42.4, k95=102.8, top-50 var=91.2%
    agent_A L5: k90=39.4, k95=98.8, top-50 var=91.6%
    agent_A L6: k90=28.8, k95=78.0, top-50 var=93.0%
    agent_A L7: k90=28.6, k95=80.6, top-50 var=93.0%
    agent_A L8: k90=32.8, k95=88.8, top-50 var=92.4%
    agent_A L9: k90=35.8, k95=97.6, top-50 var=91.9%
    agent_A L10: k90=35.2, k95=101.6, top-50 var=91.8%
    agent_A L11: k90=35.8, k95=103.4, top-50 var=91.7%
    agent_A L12: k90=42.6, k95=117.6, top-50 var=90.9%
    agent_A L13: k90=51.2, k95=136.4, top-50 var=89.9%
    agent_A L14: k90=64.8, k95=159.2, top-50 var=88.4%
    agent_A L15: k90=83.2, k95=187.2, top-50 var=86.1%
    agent_A L16: k90=95.0, k95=206.6, top-50 var=84.7%
    agent_A L17: k90=89.8, k95=197.8, top-50 var=85.3%
    agent_A L18: k90=96.8, k95=207.6, top-50 var=84.4%
    agent_A L19: k90=106.8, k95=221.0, top-50 var=83.1%
    agent_A L20: k90=108.8, k95=223.4, top-50 var=82.7%
    agent_A L21: k90=113.8, k95=231.4, top-50 var=82.0%
    agent_A L22: k90=116.4, k95=235.2, top-50 var=81.7%
    agent_A L23: k90=116.8, k95=236.8, top-50 var=81.6%
    agent_A L24: k90=122.6, k95=245.6, top-50 var=80.9%
    agent_A L25: k90=123.6, k95=248.0, top-50 var=80.8%
    agent_A L26: k90=124.8, k95=251.0, top-50 var=80.6%
    agent_A L27: k90=126.0, k95=253.0, top-50 var=80.4%
    agent_A L28: k90=130.4, k95=260.2, top-50 var=80.0%
    agent_A L29: k90=137.6, k95=275.4, top-50 var=79.4%
    agent_A L30: k90=138.6, k95=276.2, top-50 var=79.1%
    agent_A L31: k90=138.0, k95=267.8, top-50 var=78.4%
    agent_B L0: k90=14.2, k95=29.6, top-50 var=97.4%
    agent_B L1: k90=70.4, k95=147.0, top-50 var=86.9%
    agent_B L2: k90=82.4, k95=172.4, top-50 var=85.2%
    agent_B L3: k90=73.8, k95=160.0, top-50 var=86.6%
    agent_B L4: k90=65.8, k95=149.0, top-50 var=87.9%
    agent_B L5: k90=64.8, k95=148.4, top-50 var=88.1%
    agent_B L6: k90=48.6, k95=116.6, top-50 var=90.3%
    agent_B L7: k90=53.6, k95=128.8, top-50 var=89.6%
    agent_B L8: k90=57.4, k95=135.8, top-50 var=89.1%
    agent_B L9: k90=67.4, k95=154.6, top-50 var=87.8%
    agent_B L10: k90=69.6, k95=162.8, top-50 var=87.7%
    agent_B L11: k90=68.2, k95=160.4, top-50 var=87.9%
    agent_B L12: k90=78.4, k95=180.6, top-50 var=86.7%
    agent_B L13: k90=95.2, k95=210.0, top-50 var=85.0%
    agent_B L14: k90=110.8, k95=231.6, top-50 var=83.0%
    agent_B L15: k90=128.6, k95=256.0, top-50 var=80.6%
    agent_B L16: k90=138.8, k95=274.8, top-50 var=79.5%
    agent_B L17: k90=129.8, k95=262.2, top-50 var=80.6%
    agent_B L18: k90=131.8, k95=264.2, top-50 var=80.3%
    agent_B L19: k90=135.6, k95=269.6, top-50 var=79.8%
    agent_B L20: k90=131.0, k95=261.4, top-50 var=80.1%
    agent_B L21: k90=134.8, k95=268.4, top-50 var=79.6%
    agent_B L22: k90=137.2, k95=272.4, top-50 var=79.5%
    agent_B L23: k90=135.4, k95=270.4, top-50 var=79.7%
    agent_B L24: k90=138.6, k95=275.6, top-50 var=79.3%
    agent_B L25: k90=136.8, k95=274.8, top-50 var=79.6%
    agent_B L26: k90=138.8, k95=277.4, top-50 var=79.5%
    agent_B L27: k90=138.8, k95=277.6, top-50 var=79.5%
    agent_B L28: k90=143.8, k95=285.6, top-50 var=78.9%
    agent_B L29: k90=151.4, k95=300.2, top-50 var=78.2%
    agent_B L30: k90=150.6, k95=299.0, top-50 var=78.1%
    agent_B L31: k90=149.0, k95=288.8, top-50 var=77.3%
    Joint L0: A-B cosine=0.7886 ± 0.2560
    Joint L1: A-B cosine=0.5651 ± 0.1926
    Joint L2: A-B cosine=0.6767 ± 0.1483
    Joint L3: A-B cosine=0.6649 ± 0.1543
    Joint L4: A-B cosine=0.6851 ± 0.1560
    Joint L5: A-B cosine=0.6949 ± 0.1606
    Joint L6: A-B cosine=0.7017 ± 0.1438
    Joint L7: A-B cosine=0.6871 ± 0.1404
    Joint L8: A-B cosine=0.5050 ± 0.1666
    Joint L9: A-B cosine=0.5474 ± 0.1616
    Joint L10: A-B cosine=0.4719 ± 0.1848
    Joint L11: A-B cosine=0.4901 ± 0.1763
    Joint L12: A-B cosine=0.5104 ± 0.1560
    Joint L13: A-B cosine=0.4747 ± 0.1618
    Joint L14: A-B cosine=0.5074 ± 0.1545
    Joint L15: A-B cosine=0.4532 ± 0.1732
    Joint L16: A-B cosine=0.4841 ± 0.1818
    Joint L17: A-B cosine=0.5193 ± 0.1756
    Joint L18: A-B cosine=0.5416 ± 0.1782
    Joint L19: A-B cosine=0.5326 ± 0.1938
    Joint L20: A-B cosine=0.5999 ± 0.1779
    Joint L21: A-B cosine=0.6081 ± 0.1774
    Joint L22: A-B cosine=0.6147 ± 0.1780
    Joint L23: A-B cosine=0.6085 ± 0.1853
    Joint L24: A-B cosine=0.6278 ± 0.1801
    Joint L25: A-B cosine=0.6365 ± 0.1817
    Joint L26: A-B cosine=0.6553 ± 0.1787
    Joint L27: A-B cosine=0.6708 ± 0.1767
    Joint L28: A-B cosine=0.6890 ± 0.1749
    Joint L29: A-B cosine=0.7172 ± 0.1634
    Joint L30: A-B cosine=0.7317 ± 0.1596
    Joint L31: A-B cosine=0.7448 ± 0.1550

  Misv0.3Misv0.2 (same_model=False):
    agent_A L0: k90=13.2, k95=27.6, top-50 var=97.8%
    agent_A L1: k90=61.2, k95=130.2, top-50 var=88.3%
    agent_A L2: k90=68.0, k95=147.2, top-50 var=87.2%
    agent_A L3: k90=54.0, k95=121.8, top-50 var=89.5%
    agent_A L4: k90=44.2, k95=107.0, top-50 var=90.9%
    agent_A L5: k90=41.2, k95=104.2, top-50 var=91.3%
    agent_A L6: k90=30.4, k95=83.0, top-50 var=92.7%
    agent_A L7: k90=30.4, k95=85.8, top-50 var=92.6%
    agent_A L8: k90=35.2, k95=94.6, top-50 var=92.1%
    agent_A L9: k90=38.6, k95=105.0, top-50 var=91.5%
    agent_A L10: k90=38.6, k95=110.6, top-50 var=91.4%
    agent_A L11: k90=40.4, k95=112.8, top-50 var=91.2%
    agent_A L12: k90=46.4, k95=126.4, top-50 var=90.5%
    agent_A L13: k90=55.4, k95=146.8, top-50 var=89.4%
    agent_A L14: k90=70.0, k95=170.0, top-50 var=87.8%
    agent_A L15: k90=88.0, k95=197.4, top-50 var=85.7%
    agent_A L16: k90=99.0, k95=217.0, top-50 var=84.3%
    agent_A L17: k90=93.8, k95=207.8, top-50 var=84.9%
    agent_A L18: k90=102.0, k95=219.4, top-50 var=83.9%
    agent_A L19: k90=111.2, k95=232.2, top-50 var=82.7%
    agent_A L20: k90=113.2, k95=233.2, top-50 var=82.3%
    agent_A L21: k90=118.2, k95=241.4, top-50 var=81.6%
    agent_A L22: k90=120.2, k95=245.2, top-50 var=81.4%
    agent_A L23: k90=121.2, k95=247.0, top-50 var=81.3%
    agent_A L24: k90=125.6, k95=253.8, top-50 var=80.7%
    agent_A L25: k90=126.6, k95=256.8, top-50 var=80.6%
    agent_A L26: k90=129.2, k95=261.6, top-50 var=80.3%
    agent_A L27: k90=130.0, k95=263.8, top-50 var=80.2%
    agent_A L28: k90=134.2, k95=271.4, top-50 var=79.7%
    agent_A L29: k90=143.2, k95=289.8, top-50 var=79.0%
    agent_A L30: k90=145.0, k95=292.2, top-50 var=78.7%
    agent_A L31: k90=143.0, k95=282.0, top-50 var=78.0%
    agent_B L0: k90=41.0, k95=74.2, top-50 var=92.0%
    agent_B L1: k90=53.2, k95=100.6, top-50 var=89.5%
    agent_B L2: k90=65.4, k95=137.0, top-50 var=87.7%
    agent_B L3: k90=82.0, k95=182.0, top-50 var=85.8%
    agent_B L4: k90=56.0, k95=136.6, top-50 var=89.3%
    agent_B L5: k90=73.8, k95=170.6, top-50 var=87.1%
    agent_B L6: k90=63.0, k95=152.4, top-50 var=88.5%
    agent_B L7: k90=80.0, k95=178.2, top-50 var=86.3%
    agent_B L8: k90=82.8, k95=182.8, top-50 var=85.9%
    agent_B L9: k90=82.8, k95=181.8, top-50 var=86.0%
    agent_B L10: k90=78.0, k95=179.0, top-50 var=86.7%
    agent_B L11: k90=78.8, k95=180.2, top-50 var=86.6%
    agent_B L12: k90=82.2, k95=184.0, top-50 var=86.2%
    agent_B L13: k90=90.8, k95=204.0, top-50 var=85.4%
    agent_B L14: k90=119.4, k95=248.4, top-50 var=82.2%
    agent_B L15: k90=139.0, k95=275.8, top-50 var=79.5%
    agent_B L16: k90=155.4, k95=303.6, top-50 var=77.9%
    agent_B L17: k90=147.4, k95=294.0, top-50 var=79.0%
    agent_B L18: k90=149.0, k95=295.4, top-50 var=78.5%
    agent_B L19: k90=151.0, k95=298.4, top-50 var=78.0%
    agent_B L20: k90=142.0, k95=285.2, top-50 var=78.7%
    agent_B L21: k90=144.8, k95=290.2, top-50 var=78.3%
    agent_B L22: k90=148.0, k95=296.4, top-50 var=78.0%
    agent_B L23: k90=148.6, k95=299.0, top-50 var=78.0%
    agent_B L24: k90=149.8, k95=302.0, top-50 var=77.9%
    agent_B L25: k90=150.0, k95=304.2, top-50 var=78.2%
    agent_B L26: k90=153.2, k95=310.0, top-50 var=78.0%
    agent_B L27: k90=152.2, k95=309.4, top-50 var=78.1%
    agent_B L28: k90=156.4, k95=315.8, top-50 var=77.7%
    agent_B L29: k90=161.2, k95=326.0, top-50 var=77.3%
    agent_B L30: k90=155.2, k95=316.6, top-50 var=77.8%
    agent_B L31: k90=124.8, k95=260.0, top-50 var=80.0%

  Misv0.2Misv0.3 (same_model=False):
    agent_A L0: k90=37.6, k95=67.6, top-50 var=92.9%
    agent_A L1: k90=49.0, k95=90.6, top-50 var=90.3%
    agent_A L2: k90=56.4, k95=117.8, top-50 var=89.0%
    agent_A L3: k90=66.0, k95=148.8, top-50 var=87.8%
    agent_A L4: k90=40.6, k95=103.2, top-50 var=91.3%
    agent_A L5: k90=46.8, k95=118.2, top-50 var=90.5%
    agent_A L6: k90=37.2, k95=101.4, top-50 var=91.7%
    agent_A L7: k90=47.0, k95=118.2, top-50 var=90.5%
    agent_A L8: k90=50.0, k95=125.2, top-50 var=90.1%
    agent_A L9: k90=47.8, k95=120.8, top-50 var=90.3%
    agent_A L10: k90=41.4, k95=113.2, top-50 var=91.1%
    agent_A L11: k90=42.2, k95=114.4, top-50 var=91.0%
    agent_A L12: k90=46.2, k95=120.2, top-50 var=90.5%
    agent_A L13: k90=46.4, k95=125.2, top-50 var=90.5%
    agent_A L14: k90=71.8, k95=171.8, top-50 var=87.6%
    agent_A L15: k90=99.4, k95=212.2, top-50 var=84.1%
    agent_A L16: k90=115.8, k95=239.0, top-50 var=82.1%
    agent_A L17: k90=109.0, k95=229.8, top-50 var=83.0%
    agent_A L18: k90=116.8, k95=239.4, top-50 var=81.8%
    agent_A L19: k90=125.8, k95=252.0, top-50 var=80.5%
    agent_A L20: k90=122.2, k95=246.2, top-50 var=80.5%
    agent_A L21: k90=127.0, k95=255.0, top-50 var=79.8%
    agent_A L22: k90=130.4, k95=261.2, top-50 var=79.5%
    agent_A L23: k90=132.6, k95=267.0, top-50 var=79.3%
    agent_A L24: k90=135.6, k95=272.8, top-50 var=78.9%
    agent_A L25: k90=138.4, k95=279.0, top-50 var=78.8%
    agent_A L26: k90=142.4, k95=286.0, top-50 var=78.3%
    agent_A L27: k90=143.6, k95=288.6, top-50 var=78.2%
    agent_A L28: k90=146.6, k95=293.6, top-50 var=77.8%
    agent_A L29: k90=153.2, k95=307.4, top-50 var=77.3%
    agent_A L30: k90=150.6, k95=303.0, top-50 var=77.7%
    agent_A L31: k90=121.0, k95=249.0, top-50 var=80.1%
    agent_B L0: k90=15.8, k95=32.8, top-50 var=97.1%
    agent_B L1: k90=73.2, k95=151.0, top-50 var=86.4%
    agent_B L2: k90=90.4, k95=184.6, top-50 var=83.9%
    agent_B L3: k90=84.4, k95=177.0, top-50 var=84.9%
    agent_B L4: k90=76.4, k95=167.4, top-50 var=86.4%
    agent_B L5: k90=76.8, k95=169.4, top-50 var=86.5%
    agent_B L6: k90=55.8, k95=130.8, top-50 var=89.3%
    agent_B L7: k90=59.6, k95=140.8, top-50 var=88.8%
    agent_B L8: k90=66.2, k95=150.6, top-50 var=87.9%
    agent_B L9: k90=76.0, k95=169.6, top-50 var=86.7%
    agent_B L10: k90=78.6, k95=179.2, top-50 var=86.7%
    agent_B L11: k90=81.0, k95=181.4, top-50 var=86.3%
    agent_B L12: k90=88.2, k95=196.4, top-50 var=85.7%
    agent_B L13: k90=103.2, k95=223.6, top-50 var=84.2%
    agent_B L14: k90=116.6, k95=242.2, top-50 var=82.4%
    agent_B L15: k90=134.0, k95=265.4, top-50 var=80.1%
    agent_B L16: k90=142.8, k95=282.6, top-50 var=79.1%
    agent_B L17: k90=132.8, k95=268.8, top-50 var=80.4%
    agent_B L18: k90=138.0, k95=275.6, top-50 var=79.6%
    agent_B L19: k90=141.6, k95=280.6, top-50 var=79.1%
    agent_B L20: k90=138.2, k95=275.4, top-50 var=79.2%
    agent_B L21: k90=142.8, k95=283.2, top-50 var=78.6%
    agent_B L22: k90=144.8, k95=287.8, top-50 var=78.5%
    agent_B L23: k90=144.8, k95=287.8, top-50 var=78.6%
    agent_B L24: k90=148.8, k95=295.4, top-50 var=78.1%
    agent_B L25: k90=146.8, k95=294.4, top-50 var=78.6%
    agent_B L26: k90=151.8, k95=302.4, top-50 var=78.1%
    agent_B L27: k90=153.2, k95=305.6, top-50 var=77.9%
    agent_B L28: k90=161.2, k95=318.4, top-50 var=77.1%
    agent_B L29: k90=177.8, k95=347.6, top-50 var=75.8%
    agent_B L30: k90=178.0, k95=348.6, top-50 var=75.7%
    agent_B L31: k90=170.8, k95=330.4, top-50 var=75.3%

  Misv0.2Misv0.2 (same_model=True):
    agent_A L0: k90=37.4, k95=67.8, top-50 var=92.8%
    agent_A L1: k90=50.0, k95=93.2, top-50 var=90.1%
    agent_A L2: k90=60.2, k95=126.2, top-50 var=88.4%
    agent_A L3: k90=72.0, k95=163.2, top-50 var=87.0%
    agent_A L4: k90=48.2, k95=119.8, top-50 var=90.3%
    agent_A L5: k90=55.2, k95=136.6, top-50 var=89.4%
    agent_A L6: k90=44.4, k95=117.4, top-50 var=90.8%
    agent_A L7: k90=56.0, k95=137.2, top-50 var=89.3%
    agent_A L8: k90=59.4, k95=144.4, top-50 var=88.9%
    agent_A L9: k90=57.0, k95=139.8, top-50 var=89.2%
    agent_A L10: k90=50.0, k95=131.6, top-50 var=90.0%
    agent_A L11: k90=50.2, k95=132.6, top-50 var=90.0%
    agent_A L12: k90=54.0, k95=137.2, top-50 var=89.6%
    agent_A L13: k90=55.6, k95=145.8, top-50 var=89.4%
    agent_A L14: k90=82.6, k95=194.6, top-50 var=86.5%
    agent_A L15: k90=108.4, k95=233.4, top-50 var=83.3%
    agent_A L16: k90=124.2, k95=261.4, top-50 var=81.4%
    agent_A L17: k90=115.8, k95=249.4, top-50 var=82.4%
    agent_A L18: k90=124.0, k95=260.0, top-50 var=81.3%
    agent_A L19: k90=132.2, k95=271.8, top-50 var=80.1%
    agent_A L20: k90=126.6, k95=261.6, top-50 var=80.4%
    agent_A L21: k90=131.2, k95=270.6, top-50 var=79.7%
    agent_A L22: k90=134.0, k95=276.4, top-50 var=79.5%
    agent_A L23: k90=136.4, k95=282.6, top-50 var=79.3%
    agent_A L24: k90=138.2, k95=287.0, top-50 var=79.1%
    agent_A L25: k90=140.2, k95=292.4, top-50 var=79.0%
    agent_A L26: k90=145.2, k95=301.6, top-50 var=78.5%
    agent_A L27: k90=146.8, k95=305.0, top-50 var=78.4%
    agent_A L28: k90=149.8, k95=309.8, top-50 var=78.0%
    agent_A L29: k90=155.6, k95=323.2, top-50 var=77.6%
    agent_A L30: k90=150.8, k95=316.0, top-50 var=78.1%
    agent_A L31: k90=118.8, k95=255.2, top-50 var=80.5%
    agent_B L0: k90=39.8, k95=72.2, top-50 var=92.3%
    agent_B L1: k90=54.8, k95=103.6, top-50 var=89.1%
    agent_B L2: k90=69.8, k95=145.8, top-50 var=87.0%
    agent_B L3: k90=89.6, k95=197.0, top-50 var=84.8%
    agent_B L4: k90=83.8, k95=187.2, top-50 var=85.7%
    agent_B L5: k90=96.6, k95=211.6, top-50 var=84.3%
    agent_B L6: k90=80.6, k95=184.6, top-50 var=86.4%
    agent_B L7: k90=98.6, k95=211.2, top-50 var=84.0%
    agent_B L8: k90=98.2, k95=212.0, top-50 var=84.0%
    agent_B L9: k90=95.6, k95=207.0, top-50 var=84.4%
    agent_B L10: k90=90.6, k95=203.2, top-50 var=85.3%
    agent_B L11: k90=90.6, k95=203.0, top-50 var=85.4%
    agent_B L12: k90=92.6, k95=204.0, top-50 var=85.0%
    agent_B L13: k90=101.0, k95=224.2, top-50 var=84.4%
    agent_B L14: k90=128.2, k95=267.4, top-50 var=81.5%
    agent_B L15: k90=146.6, k95=292.4, top-50 var=79.1%
    agent_B L16: k90=162.4, k95=321.0, top-50 var=77.5%
    agent_B L17: k90=153.4, k95=311.0, top-50 var=78.7%
    agent_B L18: k90=155.2, k95=312.4, top-50 var=78.2%
    agent_B L19: k90=156.0, k95=313.2, top-50 var=77.9%
    agent_B L20: k90=146.4, k95=298.0, top-50 var=78.5%
    agent_B L21: k90=149.2, k95=304.0, top-50 var=78.1%
    agent_B L22: k90=151.8, k95=310.2, top-50 var=77.9%
    agent_B L23: k90=152.6, k95=313.4, top-50 var=77.9%
    agent_B L24: k90=153.6, k95=315.8, top-50 var=77.8%
    agent_B L25: k90=153.6, k95=317.8, top-50 var=78.1%
    agent_B L26: k90=158.6, k95=326.8, top-50 var=77.6%
    agent_B L27: k90=157.6, k95=326.2, top-50 var=77.7%
    agent_B L28: k90=159.4, k95=328.6, top-50 var=77.5%
    agent_B L29: k90=164.8, k95=340.4, top-50 var=77.2%
    agent_B L30: k90=157.8, k95=329.8, top-50 var=77.6%
    agent_B L31: k90=127.0, k95=270.2, top-50 var=79.8%
    Joint L0: A-B cosine=0.8690 ± 0.0889
    Joint L1: A-B cosine=0.6950 ± 0.1604
    Joint L2: A-B cosine=0.7587 ± 0.1084
    Joint L3: A-B cosine=0.7238 ± 0.1200
    Joint L4: A-B cosine=0.7300 ± 0.1225
    Joint L5: A-B cosine=0.6682 ± 0.1520
    Joint L6: A-B cosine=0.6981 ± 0.1291
    Joint L7: A-B cosine=0.5582 ± 0.1976
    Joint L8: A-B cosine=0.4767 ± 0.2235
    Joint L9: A-B cosine=0.4805 ± 0.2111
    Joint L10: A-B cosine=0.4562 ± 0.2004
    Joint L11: A-B cosine=0.4442 ± 0.2080
    Joint L12: A-B cosine=0.3865 ± 0.2056
    Joint L13: A-B cosine=0.2925 ± 0.2300
    Joint L14: A-B cosine=0.3891 ± 0.2066
    Joint L15: A-B cosine=0.2078 ± 0.2551
    Joint L16: A-B cosine=0.3153 ± 0.2460
    Joint L17: A-B cosine=0.3724 ± 0.2368
    Joint L18: A-B cosine=0.4156 ± 0.2210
    Joint L19: A-B cosine=0.4176 ± 0.2326
    Joint L20: A-B cosine=0.4979 ± 0.2072
    Joint L21: A-B cosine=0.5250 ± 0.1954
    Joint L22: A-B cosine=0.5389 ± 0.1920
    Joint L23: A-B cosine=0.5391 ± 0.1930
    Joint L24: A-B cosine=0.5605 ± 0.1816
    Joint L25: A-B cosine=0.5659 ± 0.1787
    Joint L26: A-B cosine=0.5771 ± 0.1765
    Joint L27: A-B cosine=0.5895 ± 0.1741
    Joint L28: A-B cosine=0.6043 ± 0.1765
    Joint L29: A-B cosine=0.6336 ± 0.1663
    Joint L30: A-B cosine=0.6590 ± 0.1587
    Joint L31: A-B cosine=0.6887 ± 0.1590

Saved aggregate: /juice6/u/jshe/nlp/LM_neural_synchrony/svd_v2_cv_summary.json

=== Job finished at Mon Apr  6 05:57:36 PM PDT 2026 ===
