checkpoint_label,question_id,n_obs,mean_flip,mean_shift,mean_shift_norm,mean_t2_conf,mean_t4_prob_correct,domain
Base,q0001,18,0.16666666666666666,-0.048614111111111094,-0.672823041690762,0.06612144444444444,0.017507333333333333,college_biology
Base,q0003,18,0.05555555555555555,-0.1025767222222222,-0.7425732324807889,0.1318088888888889,0.029232166666666663,prehistory
Base,q0004,9,0.5555555555555556,-0.11976055555555555,-0.9172064342284109,0.12982866666666668,0.010068111111111111,high_school_us_history
Base,q0005,13,0.0,-0.06544853846153845,-0.6474503017943524,0.09889569230769231,0.03344715384615385,philosophy
Base,q0006,18,0.0,-0.11596338888888888,-0.913618116568068,0.1265191111111111,0.010555722222222223,philosophy
Base,q0009,4,0.0,0.0005492499999999751,-0.10613513520084619,0.05273475,0.053284,conceptual_physics
Base,q0010,17,0.058823529411764705,-0.12040088235294115,-0.7728761083843055,0.1561925882352941,0.03579170588235294,high_school_biology
Base,q0011,1,0.0,-0.076294,-0.8311164852881903,0.091797,0.015503,high_school_world_history
Base,q0012,7,0.14285714285714285,-0.0932832857142857,-0.8728341333281594,0.10616614285714286,0.012882857142857142,philosophy
Base,q0013,9,0.0,-0.07590399999999999,-0.848073768258021,0.08978944444444444,0.013885444444444443,miscellaneous
Base,q0014,19,0.10526315789473684,-0.09952089473684209,-0.8269923777988187,0.11996278947368422,0.020441894736842103,high_school_geography
Base,q0015,17,0.11764705882352941,-0.09732041176470586,-0.8447496194080562,0.11422917647058824,0.016908764705882352,miscellaneous
Base,q0017,3,0.0,-0.080363,-0.7250360880548539,0.11084,0.030477,high_school_us_history
Base,q0018,18,0.0,-0.09160027777777775,-0.684567595648787,0.13321933333333333,0.041619055555555555,miscellaneous
Base,q0019,18,0.1111111111111111,-0.1666242222222222,-0.6544298063528299,0.2529297222222222,0.0863055,astronomy
Base,q0020,1,1.0,-0.04715,-0.8778462512334531,0.053711,0.006561,miscellaneous
Base,q0021,1,0.0,-0.017334,-0.40571094207138675,0.042725,0.025391,miscellaneous
Base,q0022,3,0.3333333333333333,-0.07177733333333335,-0.5513571833480571,0.13997400000000002,0.06819666666666667,anatomy
Base,q0023,9,0.0,-0.04212766666666663,-0.4370810436126753,0.09667955555555556,0.054551888888888886,conceptual_physics
Base,q0024,19,0.10526315789473684,-0.18214931578947366,-0.8271155130668454,0.22013773684210525,0.03798842105263158,miscellaneous
Base,q0025,10,0.2,-0.03570259999999999,-0.7118864189808963,0.0492188,0.0135162,high_school_biology
Base,q0028,19,0.05263157894736842,-0.06324431578947365,-0.6745639245435033,0.09161684210526316,0.028372526315789477,nutrition
Base,q0029,7,0.0,-0.010707142857142872,-0.18249078864080248,0.06689442857142858,0.05618728571428572,conceptual_physics
Base,q0031,19,0.15789473684210525,-0.03965526315789472,-0.6041362471402544,0.06518563157894737,0.02553036842105263,jurisprudence
Base,q0032,15,0.6666666666666666,-0.08397839999999998,-0.8419875901454059,0.09980473333333334,0.015826333333333335,high_school_european_history
Base,q0034,17,0.058823529411764705,-0.07831341176470587,-0.719251302200465,0.1078239411764706,0.029510529411764706,world_religions
Base,q0035,17,0.11764705882352941,-0.11988011764705882,-0.7647884339434027,0.15693917647058822,0.03705905882352941,miscellaneous
Base,q0036,2,0.0,-0.05053699999999995,-0.4975975266339768,0.101562,0.051025,high_school_chemistry
Base,q0038,11,0.5454545454545454,-0.04672245454545454,-0.7083446621434352,0.06844800000000001,0.021725545454545456,philosophy
Base,q0039,18,0.0,-0.12465405555555553,-0.742677360160131,0.16718205555555554,0.042527999999999996,anatomy
Base,q0040,1,0.0,-0.1249999999999999,-0.8421024266023519,0.148438,0.023438,high_school_us_history
Base,q0041,1,0.0,-0.115723,-0.6657327933359413,0.173828,0.058105,anatomy
Base,q0042,9,0.0,-0.06374777777777775,-0.49475909052191736,0.12348088888888888,0.05973311111111111,prehistory
Base,q0044,13,0.7692307692307693,-0.1346976153846154,-0.9109304067201156,0.1487756923076923,0.014078076923076924,high_school_world_history
Base,q0045,3,0.0,-0.06913266666666663,-0.7759687837147643,0.08675133333333333,0.017618666666666668,high_school_us_history
Base,q0046,18,0.05555555555555555,-0.11201577777777774,-0.8536005228713434,0.1308867222222222,0.018870944444444444,miscellaneous
Base,q0047,12,0.25,-0.06533824999999997,-0.6770936186449262,0.09586591666666666,0.030527666666666665,high_school_physics
Base,q0048,19,0.21052631578947367,-0.05851263157894735,-0.916384233030734,0.06368210526315789,0.005169473684210527,miscellaneous
Base,q0050,7,0.7142857142857143,-0.11672428571428571,-0.8401410350465978,0.1420897142857143,0.02536542857142857,astronomy
Base,q0051,1,0.0,-0.030274,-0.43972228677666736,0.068848,0.038574,philosophy
Base,q0052,10,0.2,-0.08593119999999997,-0.7803181789059697,0.1106444,0.024713199999999998,philosophy
Base,q0053,19,0.15789473684210525,-0.08428784210526315,-0.8047511452048943,0.10446652631578947,0.020178684210526314,miscellaneous
Base,q0054,16,0.1875,-0.05047956249999995,-0.8078468558663209,0.060714937499999996,0.010235375,high_school_geography
Base,q0055,14,0.14285714285714285,-0.14789685714285714,-0.7528434313393486,0.18910428571428572,0.04120742857142857,high_school_geography
Base,q0057,3,0.3333333333333333,-0.07141099999999996,-0.6268604067625715,0.11311833333333332,0.04170733333333334,anatomy
Base,q0058,16,0.0625,-0.026191749999999975,-0.4251502825307965,0.061737,0.03554525,nutrition
Base,q0059,19,0.05263157894736842,-0.11381278947368419,-0.8228708556006429,0.13846615789473682,0.024653368421052632,high_school_geography
Base,q0062,19,0.10526315789473684,-0.09465589473684209,-0.7451916100303831,0.12582236842105263,0.031166473684210525,college_biology
Base,q0063,16,0.0625,-0.05576687499999998,-0.4622430995798573,0.1217345,0.065967625,astronomy
Base,q0064,10,0.2,-0.05251619999999997,-0.7631538332884096,0.0686523,0.0161361,high_school_us_history
Base,q0065,10,0.0,-0.04949329999999997,-0.6169083935290673,0.0711669,0.021673599999999998,high_school_geography
Base,q0068,14,0.5,-0.1124900714285714,-0.9454654658927302,0.11858264285714284,0.006092571428571429,nutrition
Base,q0069,16,0.3125,-0.047680062499999974,-0.6584871606931159,0.0665818125,0.018901750000000002,world_religions
Base,q0070,16,0.0625,-0.0754548125,-0.7218868211754536,0.1038208125,0.028366,high_school_european_history
Base,q0071,17,0.23529411764705882,-0.13270288235294117,-0.7713406982339288,0.17296635294117646,0.04026347058823529,conceptual_physics
Base,q0073,18,0.1111111111111111,-0.06313505555555554,-0.7079923734653104,0.09037277777777779,0.027237722222222222,miscellaneous
Base,q0074,19,0.15789473684210525,-0.0735152105263158,-0.761750350232961,0.0963713157894737,0.022856105263157893,miscellaneous
Base,q0075,19,0.05263157894736842,-0.07708631578947366,-0.7722124386962622,0.09953247368421052,0.02244615789473684,miscellaneous
Base,q0076,15,0.0,-0.056880666666666656,-0.7176164138832204,0.0776612,0.020780533333333333,prehistory
Base,q0078,19,0.10526315789473684,-0.04532657894736839,-0.45296143495668906,0.09479084210526316,0.04946426315789474,college_biology
Base,q0081,18,0.1111111111111111,-0.08443349999999998,-0.7128021057639887,0.11325405555555555,0.028820555555555554,jurisprudence
Base,q0082,19,0.7368421052631579,-0.04134489473684209,-0.8319204160831895,0.04947063157894736,0.008125736842105264,high_school_us_history
Base,q0083,2,0.0,-0.01629699999999995,-0.4265781266854418,0.0383305,0.0220335,high_school_world_history
Base,q0085,14,0.5714285714285714,-0.04767085714285712,-0.9002394667492613,0.05299585714285714,0.005325000000000001,high_school_european_history
Base,q0086,16,0.0625,-0.049225812499999966,-0.5221612487333818,0.0942688125,0.045043,conceptual_physics
Base,q0087,19,0.5789473684210527,-0.10304131578947368,-0.8504612957284347,0.12122215789473685,0.01818084210526316,philosophy
Base,q0090,1,1.0,-0.0766599999999999,-0.6181111568015601,0.124023,0.047363,anatomy
Base,q0091,19,0.0,-0.2392835789473684,-0.7235979183011932,0.33305926315789475,0.09377568421052632,miscellaneous
Base,q0092,18,0.1111111111111111,-0.06810838888888886,-0.5768536201013998,0.11254872222222222,0.04444033333333333,philosophy
Base,q0095,5,0.4,-0.0854724,-0.8627831702830937,0.09873080000000001,0.013258399999999998,high_school_us_history
Base,q0096,15,0.06666666666666667,-0.06983633333333332,-0.9050386351954172,0.0772134,0.007377066666666667,world_religions
Base,q0097,2,1.0,-0.1167145,-0.9119148811504929,0.128418,0.0117035,high_school_european_history
Base,q0098,15,0.0,-0.054162533333333325,-0.554301856594757,0.09677726666666667,0.042614733333333335,miscellaneous
Base,q0100,11,0.18181818181818182,-0.19150063636363635,-0.8106054785145126,0.23308772727272728,0.04158709090909091,high_school_biology
Base,q0101,9,0.3333333333333333,-0.03797911111111111,-0.8083459302539562,0.046034,0.00805488888888889,nutrition
Base,q0104,4,0.5,-0.11418924999999996,-0.8670286607093403,0.130127,0.01593775,prehistory
Base,q0105,1,0.0,-0.003418,-0.15300595371323694,0.022339,0.018921,miscellaneous
Base,q0106,15,0.26666666666666666,-0.11543906666666665,-0.8871509893335771,0.12932939999999998,0.013890333333333333,high_school_world_history
Base,q0107,7,0.42857142857142855,-0.11297814285714283,-0.8311066793564752,0.13623028571428572,0.023252142857142857,prehistory
Base,q0108,1,1.0,-0.051452,-0.893000329763785,0.057617,0.006165,miscellaneous
Base,q0109,19,0.10526315789473684,-0.069866,-0.9104126954668131,0.07655736842105264,0.006691368421052632,world_religions
Base,q0110,19,0.0,-0.009055684210526294,-0.31050669631661093,0.055400631578947375,0.04634494736842105,miscellaneous
Base,q0112,18,0.1111111111111111,-0.0926897222222222,-0.8718520455246862,0.10590294444444444,0.013213222222222222,miscellaneous
Base,q0113,2,1.0,-0.0841905,-0.9377136888110523,0.08911150000000001,0.004921,college_biology
Base,q0114,18,0.3888888888888889,-0.07634827777777775,-0.7742881528866246,0.10319011111111111,0.026841833333333332,miscellaneous
Base,q0115,12,0.08333333333333333,-0.059544833333333304,-0.5489406709146316,0.10709633333333334,0.0475515,high_school_biology
Base,q0118,17,0.17647058823529413,-0.05533023529411763,-0.806017758336996,0.06874723529411765,0.013417,world_religions
Base,q0119,9,0.2222222222222222,-0.0956883333333333,-0.8300756578693895,0.11528866666666666,0.019600333333333334,nutrition
Base,q0121,15,0.06666666666666667,-0.08461513333333331,-0.6753026977080332,0.1243816,0.039766466666666674,miscellaneous
Base,q0122,3,0.0,-0.05489099999999997,-0.7219908624058832,0.07649733333333333,0.021606333333333335,philosophy
Base,q0123,14,0.21428571428571427,-0.04660442857142854,-0.5726960884134578,0.08098471428571428,0.03438028571428571,high_school_world_history
Base,q0124,15,0.06666666666666667,-0.11038006666666668,-0.7975268686169368,0.13815100000000002,0.027770933333333334,prehistory
Base,q0125,8,0.375,-0.041324749999999966,-0.7200698001427882,0.058899,0.01757425,world_religions
Base,q0129,19,0.10526315789473684,-0.10726921052631576,-0.8320274050213581,0.12877773684210525,0.021508526315789474,prehistory
Base,q0130,5,0.8,-0.06964719999999999,-0.8671273096937696,0.0798828,0.010235600000000001,high_school_world_history
Base,q0131,17,0.058823529411764705,-0.15842582352941176,-0.6729088795081954,0.23454741176470587,0.07612158823529412,prehistory
Base,q0132,3,0.0,-0.027302666666666666,-0.553206222893725,0.049722999999999996,0.022420333333333334,high_school_geography
Base,q0133,14,0.14285714285714285,-0.15201471428571423,-0.8971054226756875,0.1698172857142857,0.017802571428571428,high_school_biology
Base,q0134,9,0.3333333333333333,-0.04150388888888886,-0.5564689229848668,0.07443577777777778,0.03293188888888889,high_school_physics
Base,q0135,6,0.6666666666666666,-0.04495049999999995,-0.9217066397698365,0.04838033333333333,0.0034298333333333333,nutrition
Base,q0136,14,0.21428571428571427,-0.08647814285714284,-0.7668695335187711,0.1120955,0.025617357142857143,philosophy
Base,q0137,8,0.0,-0.029731749999999987,-0.7137254361292973,0.0424805,0.01274875,conceptual_physics
Base,q0138,17,0.11764705882352941,-0.1642115294117647,-0.8906264392177186,0.18525958823529412,0.021048058823529413,prehistory
Base,q0139,11,0.09090909090909091,-0.0921090909090909,-0.8094798746095598,0.11288172727272729,0.020772636363636365,miscellaneous
Base,q0140,19,0.5789473684210527,-0.14581442105263157,-0.8969611117083215,0.1623661052631579,0.016551684210526316,nutrition
Base,q0141,3,0.3333333333333333,-0.100647,-0.8026646259945295,0.12548833333333334,0.024841333333333337,high_school_european_history
Base,q0142,18,0.05555555555555555,-0.23074338888888882,-0.7921130044689504,0.2912326111111111,0.06048922222222222,high_school_biology
Base,q0143,6,0.0,-0.0013019999999999501,-0.14183121737829066,0.0379435,0.0366415,conceptual_physics
Base,q0144,1,0.0,0.010254,0.010592778233462599,0.031982,0.042236,nutrition
Base,q0145,18,0.16666666666666666,-0.07928805555555554,-0.693579221747778,0.11507155555555555,0.035783499999999996,nutrition
Base,q0146,4,0.0,-0.01049775,-0.23775548108057282,0.17297325000000002,0.16247550000000002,prehistory
Base,q0148,19,0.21052631578947367,-0.07203794736842103,-0.7228914127638578,0.10030326315789473,0.028265315789473684,miscellaneous
Base,q0149,7,0.14285714285714285,-0.09545899999999999,-0.4923318539599511,0.17041014285714287,0.07495114285714286,high_school_biology
Base,q0150,12,0.5833333333333334,-0.0986635,-0.9123361754394789,0.10786966666666666,0.009206166666666666,high_school_us_history
Base,q0151,19,0.05263157894736842,-0.10817994736842106,-0.7672620081331674,0.13995684210526316,0.03177689473684211,miscellaneous
Base,q0152,6,0.0,-0.0529685,-0.6553335652201929,0.07840983333333333,0.025441333333333333,high_school_physics
Base,q0153,19,0.10526315789473684,-0.11947136842105262,-0.8357986170202312,0.14106184210526315,0.021590473684210527,nutrition
Base,q0154,10,0.2,0.03139419999999998,-0.5873346017602368,0.05281980000000001,0.084214,world_religions
Base,q0155,3,0.3333333333333333,-0.11889633333333333,-0.861751903580945,0.136556,0.017659666666666667,conceptual_physics
Base,q0157,5,0.4,-0.04387179999999998,-0.563225437480974,0.0741698,0.030298000000000002,philosophy
Base,q0159,18,0.2777777777777778,-0.22267272222222217,-0.8376334389111008,0.26817477777777776,0.04550205555555556,high_school_biology
Base,q0160,10,0.3,-0.07763099999999998,-0.6506965463151211,0.1141114,0.0364804,college_biology
Base,q0161,15,0.9333333333333333,-0.08759373333333333,-0.9236892267437402,0.09443346666666666,0.006839733333333333,high_school_us_history
Base,q0162,18,0.0,-0.09403133333333329,-0.6865826506410221,0.13416877777777778,0.04013744444444444,miscellaneous
Base,q0164,11,0.0,-0.16866763636363635,-0.7122872945701142,0.23339827272727273,0.06473063636363637,conceptual_physics
Base,q0165,19,0.0,-0.025233105263157887,-0.5152790882275619,0.04862252631578947,0.023389421052631577,miscellaneous
Base,q0166,1,0.0,-0.0954589999999999,-0.7851408925663331,0.121582,0.026123,anatomy
Base,q0167,10,0.0,-0.12631849999999997,-0.7575246367172839,0.1666016,0.0402831,prehistory
Base,q0169,16,0.125,-0.08434875,-0.7637176983195526,0.1098328125,0.0254840625,miscellaneous
Base,q0170,5,0.4,-0.06305539999999998,-0.6671169664678285,0.0870118,0.0239564,high_school_us_history
Base,q0171,1,0.0,-0.072601,-0.9655030254671189,0.075195,0.002594,philosophy
Base,q0172,2,0.0,-0.1104735,-0.7855893333333333,0.140625,0.0301515,high_school_biology
Base,q0175,19,0.0,-0.12762773684210527,-0.7805569325459716,0.1635485789473684,0.03592084210526316,miscellaneous
Base,q0176,4,0.0,-0.05552674999999998,-0.7783896351889873,0.06994625,0.0144195,astronomy
Base,q0179,4,0.75,-0.056999249999999946,-0.8451768125965344,0.068054,0.01105475,miscellaneous
Base,q0180,1,0.0,-0.033753,-0.9035980082454356,0.037354,0.003601,global_facts
Base,q0183,3,0.0,-0.028503333333333335,-0.6664963039975086,0.040446,0.011942666666666666,miscellaneous
Base,q0185,17,0.4117647058823529,-0.060451058823529386,-0.8869044689482577,0.06805770588235294,0.0076066470588235305,high_school_world_history
Base,q0186,4,0.5,-0.05415375,-0.7403312710100207,0.074463,0.02030925,high_school_physics
Base,q0187,12,0.4166666666666667,-0.14997841666666664,-0.732376039446586,0.20385725,0.05387883333333334,college_biology
Base,q0188,17,0.11764705882352941,-0.08539364705882352,-0.8402123932625881,0.10113170588235294,0.01573805882352941,world_religions
Base,q0189,19,0.2631578947368421,-0.056184578947368384,-0.5454653377501577,0.10156252631578948,0.04537794736842105,high_school_chemistry
Base,q0191,19,0.15789473684210525,-0.12348857894736841,-0.7528967680566434,0.16192957894736842,0.038441,prehistory
Base,q0194,18,0.2222222222222222,-0.17555694444444442,-0.8474613488963392,0.20800788888888888,0.03245094444444444,prehistory
Base,q0196,10,0.1,-0.031439099999999956,-0.4633518664304937,0.067456,0.036016900000000004,miscellaneous
Base,q0198,18,0.0,-0.25610166666666667,-0.944003364592888,0.2712672222222222,0.015165555555555555,jurisprudence
Base,q0199,7,0.42857142857142855,-0.06545599999999999,-0.8005225366801894,0.08314728571428572,0.017691285714285715,philosophy
Base,q0200,2,0.0,-0.052276500000000004,-0.9150606522081605,0.057129,0.0048525,global_facts
Base,q0201,10,0.1,-0.10705569999999998,-0.7358352513330108,0.14350580000000002,0.0364501,prehistory
Base,q0203,14,0.0,-0.14979349999999997,-0.7950040751259279,0.18819757142857144,0.03840407142857143,anatomy
Base,q0208,19,0.0,-0.0820214736842105,-0.7705118891748388,0.10427357894736843,0.022252105263157896,nutrition
Base,q0209,19,0.05263157894736842,-0.1168083684210526,-0.6837070086209446,0.17125826315789472,0.05444989473684211,miscellaneous
Base,q0210,19,0.10526315789473684,-0.08891863157894736,-0.7500281766867845,0.11862668421052631,0.029708052631578948,miscellaneous
Base,q0211,16,0.25,-0.0853073125,-0.8888061185809049,0.09532175,0.0100144375,world_religions
Base,q0214,6,0.3333333333333333,-0.05784366666666666,-0.9008180522755751,0.064087,0.006243333333333333,global_facts
Base,q0215,10,0.0,-0.042443999999999996,-0.5355294326426105,0.0772462,0.0348022,high_school_world_history
Base,q0216,14,0.0,-0.02714321428571428,-0.41779679040966916,0.061610571428571424,0.03446735714285714,world_religions
Base,q0217,1,0.0,-0.061096,-0.8286450562864505,0.07373,0.012634,global_facts
Base,q0218,19,0.05263157894736842,-0.23210084210526316,-0.8331390948431863,0.2766243157894737,0.04452347368421052,jurisprudence
Base,q0220,10,0.3,-0.04308869999999998,-0.8601964884840456,0.0495852,0.0064965,nutrition
Base,q0222,19,0.21052631578947367,-0.055933,-0.8228593819152862,0.06883473684210527,0.012901736842105263,nutrition
Base,q0223,14,0.35714285714285715,-0.16275892857142857,-0.8580945262811728,0.19238285714285716,0.02962392857142857,high_school_geography
Base,q0224,5,0.6,-0.06468519999999997,-0.9151247888366895,0.071875,0.0071898000000000005,high_school_geography
Base,q0225,14,0.07142857142857142,-0.05989092857142857,-0.8629004516653825,0.06952792857142857,0.009637000000000001,nutrition
Base,q0226,5,0.0,-0.08140819999999997,-0.7931013579503656,0.10292939999999999,0.0215212,miscellaneous
Base,q0227,19,0.0,-0.016007368421052635,-0.32490166822346317,0.16694089473684212,0.15093352631578946,conceptual_physics
Base,q0229,18,0.0,-0.1337787222222222,-0.8600255659941137,0.15505644444444444,0.021277722222222222,miscellaneous
Base,q0230,18,0.05555555555555555,-0.08281788888888889,-0.6521179661726434,0.12597650000000002,0.04315861111111111,world_religions
Base,q0231,9,0.1111111111111111,-0.06232777777777776,-0.8557247974287268,0.07307922222222223,0.010751444444444445,high_school_european_history
Base,q0232,15,0.06666666666666667,-0.10663266666666665,-0.74561147591794,0.14251306666666666,0.0358804,conceptual_physics
Base,q0233,15,0.0,-0.06546226666666666,-0.7327976585719118,0.08841153333333333,0.02294926666666667,miscellaneous
Base,q0235,4,0.25,-0.024642749999999977,-0.5789931687353798,0.04168675,0.017044,miscellaneous
Base,q0236,7,0.42857142857142855,-0.06634071428571427,-0.6855444948740804,0.09814442857142858,0.03180371428571428,jurisprudence
Base,q0237,18,0.0,-0.18994488888888886,-0.8671130606782811,0.2203233888888889,0.0303785,high_school_biology
Base,q0238,19,0.21052631578947367,-0.10518515789473681,-0.7147824965714302,0.1457391052631579,0.04055394736842105,miscellaneous
Base,q0239,17,0.0,-0.16475188235294116,-0.6393897253615812,0.25298711764705883,0.08823523529411764,miscellaneous
Base,q0242,18,0.0,-0.1076897222222222,-0.7413209876225326,0.14756955555555554,0.03987983333333334,prehistory
Base,q0243,19,0.2631578947368421,-0.20456652631578945,-0.8958941720738788,0.2274875789473684,0.022921052631578946,prehistory
Base,q0245,11,0.36363636363636365,-0.11364845454545452,-0.8346535026222983,0.13512054545454547,0.02147209090909091,high_school_european_history
Base,q0247,9,0.1111111111111111,-0.023057888888888843,-0.3421370556353106,0.07104488888888888,0.047987,high_school_biology
Base,q0248,14,0.07142857142857142,-0.10302871428571425,-0.6800245315722225,0.17766464285714287,0.07463592857142856,prehistory
Base,q0250,19,0.05263157894736842,-0.07686557894736837,-0.5177022790000487,0.14379863157894737,0.06693305263157895,conceptual_physics
Base,q0252,7,0.0,-0.1047538571428571,-0.6973852703989268,0.14857714285714282,0.04382328571428572,high_school_biology
Base,q0253,11,0.45454545454545453,-0.07186390909090906,-0.8634298726130837,0.08371809090909091,0.01185418181818182,nutrition
Base,q0254,1,0.0,-0.039428,-0.7021655506482405,0.056152,0.016724,high_school_world_history
Base,q0255,14,0.14285714285714285,-0.08291735714285711,-0.6773288600190993,0.11366492857142858,0.03074757142857143,high_school_biology
Base,q0256,8,0.125,-0.0665205,-0.8218270645099103,0.079589625,0.013069125,global_facts
Base,q0258,16,0.125,-0.04997643749999997,-0.7064997889518572,0.0706176875,0.02064125,miscellaneous
Base,q0259,14,0.14285714285714285,-0.03528257142857141,-0.638105608812008,0.056379071428571424,0.021096499999999997,high_school_european_history
Base,q0260,4,0.0,-0.033966,-0.5026533107896851,0.06713875,0.03317275,anatomy
Base,q0261,1,0.0,-0.20459,-0.7817162682113259,0.261719,0.057129,anatomy
Base,q0263,10,0.1,-0.060919499999999974,-0.48283074099788503,0.12251000000000001,0.06159049999999999,miscellaneous
Base,q0264,6,0.16666666666666666,0.041038499999999985,-0.09274707838990542,0.22395833333333334,0.2649968333333333,anatomy
Base,q0265,2,0.0,-0.073608,-0.5624985671600731,0.130859,0.057250999999999996,prehistory
Base,q0266,1,0.0,-0.059753,-0.838179803335718,0.071289,0.011536,prehistory
Base,q0267,2,0.5,-0.035049000000000004,-0.7238752459096205,0.046630500000000005,0.0115815,high_school_european_history
Base,q0268,8,0.625,-0.0573955,-0.8453260663900352,0.069030375,0.011634875000000001,miscellaneous
Base,q0269,19,0.15789473684210525,-0.08530442105263158,-0.8259438325062541,0.10220484210526315,0.01690042105263158,miscellaneous
Base,q0270,7,0.2857142857142857,-0.10973914285714285,-0.9218274119952509,0.11928014285714286,0.009541,high_school_geography
Base,q0271,18,0.3888888888888889,-0.1562907222222222,-0.7425058385650467,0.2096897222222222,0.053399,high_school_biology
Base,q0273,19,0.0,-0.0837706842105263,-0.8120039276566513,0.1032328947368421,0.01946221052631579,miscellaneous
Base,q0274,17,0.0,-0.13450699999999996,-0.8066221625215957,0.16638899999999998,0.031882,high_school_geography
Base,q0275,19,0.05263157894736842,-0.13742863157894733,-0.8187102294573156,0.16642673684210527,0.028998105263157894,miscellaneous
Base,q0276,12,0.0,-0.06020591666666664,-0.7415661443668776,0.08121741666666667,0.021011500000000002,conceptual_physics
Base,q0279,8,0.0,-0.01621987499999996,-0.3105126545093706,0.0449675,0.028747625,astronomy
Base,q0280,18,0.16666666666666666,-0.07774161111111108,-0.9278141863158537,0.08371311111111111,0.0059715,nutrition
Base,q0283,13,0.23076923076923078,-0.13785130769230766,-0.764494425688389,0.17735876923076924,0.03950746153846153,high_school_geography
Base,q0285,3,0.0,-0.0551763333333333,-0.6272526062691842,0.08772799999999999,0.032551666666666666,anatomy
Base,q0286,10,0.0,-0.02923589999999997,-0.32308399189656756,0.0899903,0.0607544,high_school_geography
Base,q0287,9,0.1111111111111111,-0.07643644444444443,-0.5831802054498394,0.13058822222222222,0.05415177777777778,high_school_chemistry
Base,q0288,19,0.3157894736842105,-0.0806924736842105,-0.8035336909391916,0.09881268421052632,0.018120210526315787,miscellaneous
Base,q0289,6,0.0,-0.07737199999999995,-0.6800714844742798,0.11051416666666668,0.03314216666666667,miscellaneous
Base,q0290,7,0.8571428571428571,-0.052167000000000005,-0.8136560112660204,0.061401285714285714,0.009234285714285714,philosophy
Base,q0291,7,0.0,-0.06427871428571429,-0.6799071702860122,0.09361057142857143,0.029331857142857142,conceptual_physics
Base,q0292,2,0.5,0.0522465,0.06135386970312675,0.1455075,0.19775399999999999,anatomy
Base,q0293,11,0.36363636363636365,-0.055344727272727275,-0.6050257208497265,0.0911309090909091,0.03578618181818182,high_school_biology
Base,q0294,18,0.05555555555555555,-0.10188799999999998,-0.6864150457008596,0.14789494444444445,0.04600694444444445,miscellaneous
Base,q0295,6,0.16666666666666666,-0.10167466666666662,-0.7827149526474001,0.1269125,0.025237833333333334,philosophy
Base,q0298,18,0.4444444444444444,-0.028410055555555536,-0.5782902043106714,0.04984533333333333,0.021435277777777775,prehistory
Base,q0300,1,1.0,-0.069824,-0.5143875882188269,0.135742,0.065918,anatomy
Base,q0302,19,0.05263157894736842,-0.10452094736842103,-0.899628175966194,0.1158511052631579,0.011330157894736842,miscellaneous
Base,q0304,17,0.8235294117647058,-0.12222005882352942,-0.7405489932515158,0.17589623529411763,0.05367617647058824,prehistory
Base,q0305,4,0.75,-0.03284474999999997,-0.7715521571766533,0.04168725,0.0088425,miscellaneous
Base,q0306,6,1.0,-0.06333416666666666,-0.9583918868269716,0.06636550000000001,0.0030313333333333334,nutrition
Base,q0311,12,0.0,-0.08511475,-0.8831591162972391,0.09680175,0.011687000000000001,college_biology
Base,q0312,18,0.0,-0.11827233333333331,-0.6064474663402949,0.19661444444444445,0.07834211111111111,jurisprudence
Base,q0315,3,0.3333333333333333,-0.0575153333333333,-0.6748100288564277,0.08414733333333334,0.026632,philosophy
Base,q0316,15,0.2,-0.130434,-0.8411546727547832,0.1543294,0.0238954,high_school_world_history
Base,q0318,14,0.07142857142857142,-0.09422514285714285,-0.6946876747874642,0.13804392857142858,0.04381878571428571,miscellaneous
Base,q0319,2,0.0,-0.0592645,-0.7960630098080269,0.0744625,0.015198,high_school_biology
Base,q0320,13,0.15384615384615385,-0.0386070769230769,-0.6301907232751909,0.06030284615384615,0.02169576923076923,high_school_world_history
Base,q0321,7,0.0,-0.012625428571428557,-0.426897298853648,0.028233142857142856,0.015607714285714286,high_school_european_history
Base,q0325,18,0.1111111111111111,-0.045439499999999994,-0.6938251028845074,0.06555177777777778,0.020112277777777778,world_religions
Base,q0326,15,0.0,-0.25236013333333335,-0.858018288543234,0.29407553333333336,0.0417154,jurisprudence
Base,q0327,12,0.08333333333333333,-0.049949833333333304,-0.5556827880488492,0.091797,0.041847166666666664,conceptual_physics
Base,q0331,8,0.375,-0.073436875,-0.8356038681588493,0.087768375,0.0143315,high_school_world_history
Base,q0333,7,0.14285714285714285,-0.07162914285714282,-0.7963445540785363,0.08984371428571428,0.01821457142857143,miscellaneous
Base,q0334,14,0.21428571428571427,-0.05426578571428569,-0.8081720654334317,0.06719092857142857,0.012925142857142857,nutrition
Base,q0337,16,0.0625,-0.05254931249999997,-0.5985965749708105,0.083389125,0.0308398125,high_school_biology
Base,q0338,19,0.15789473684210525,-0.1203756842105263,-0.8945626674838509,0.13440573684210527,0.014030052631578948,miscellaneous
Base,q0339,4,0.0,-0.04962124999999998,-0.5345908137812443,0.07995575,0.0303345,miscellaneous
Base,q0341,19,0.05263157894736842,-0.11025521052631576,-0.7431655865250427,0.14689547368421052,0.03664026315789474,miscellaneous
Base,q0344,7,0.14285714285714285,-0.12348599999999998,-0.8440100890754335,0.14142714285714283,0.017941142857142857,jurisprudence
Base,q0345,16,0.25,-0.11241062499999997,-0.838675329671433,0.132873625,0.020463000000000002,philosophy
Base,q0346,9,0.2222222222222222,-0.09023688888888885,-0.6135735830945367,0.1464842222222222,0.056247333333333344,anatomy
Base,q0347,6,0.16666666666666666,-0.05598966666666667,-0.7097240144491531,0.09602866666666666,0.040039,philosophy
Base,q0348,10,0.3,-0.0865541,-0.8295650717062613,0.1029786,0.0164245,philosophy
Base,q0349,19,0.15789473684210525,-0.0745562105263158,-0.7370506941967235,0.10017478947368422,0.02561857894736842,nutrition
Base,q0351,19,0.5263157894736842,-0.0876755789473684,-0.7204960019429553,0.12052842105263158,0.03285284210526316,high_school_biology
Base,q0353,1,0.0,-0.046387,-0.6375869368007258,0.072754,0.026367,astronomy
Base,q0354,1,0.0,-0.093139,-0.7629966412714017,0.12207,0.028931,prehistory
Base,q0355,1,0.0,-0.0351569999999999,-0.33333965430600365,0.105469,0.070312,jurisprudence
Base,q0356,1,0.0,-0.080567,-0.8461586934831697,0.095215,0.014648,high_school_us_history
Base,q0357,18,0.05555555555555555,-0.04540322222222221,-0.5331894569155703,0.08938255555555556,0.043979333333333336,miscellaneous
Base,q0358,14,0.0,-0.08988742857142852,-0.6791469843833119,0.12451185714285715,0.03462442857142857,college_biology
Base,q0359,15,0.0,-0.031290733333333286,-0.43951956914998197,0.07290053333333332,0.0416098,high_school_geography
Base,q0361,6,0.16666666666666666,-0.048571,-0.5995972373804698,0.076253,0.027682,prehistory
Base,q0362,18,0.2222222222222222,-0.1341188333333333,-0.8305554862873952,0.16086155555555556,0.026742722222222223,jurisprudence
Base,q0363,3,0.0,-0.18359366666666663,-0.8934251171646901,0.2054033333333333,0.021809666666666668,high_school_world_history
Base,q0364,6,0.16666666666666666,-0.12869233333333333,-0.8570073607494232,0.15087883333333332,0.022186499999999998,prehistory
Base,q0365,5,0.8,-0.08131079999999999,-0.8875732144963928,0.0901366,0.0088258,high_school_geography
Base,q0366,7,0.14285714285714285,-0.02608842857142857,-0.7682673101720894,0.033709,0.007620571428571429,world_religions
Base,q0368,16,0.0625,-0.114051875,-0.6283647771164222,0.17834475,0.064292875,miscellaneous
Base,q0369,19,0.21052631578947367,-0.0345562631578947,-0.6278592563595384,0.05302989473684211,0.01847363157894737,miscellaneous
Base,q0370,8,0.125,-0.07226574999999998,-0.5788971755973631,0.124878,0.05261225,conceptual_physics
Base,q0371,15,0.0,-0.05918779999999997,-0.6809931354490932,0.08733719999999999,0.028149399999999998,high_school_biology
Base,q0372,19,0.15789473684210525,-0.08016147368421049,-0.6881392733272653,0.11651926315789474,0.03635778947368421,philosophy
Base,q0373,2,0.5,-0.08007800000000001,-0.70196407588152,0.1157225,0.0356445,college_biology
Base,q0374,3,0.6666666666666666,-0.1430103333333333,-0.9633990303029641,0.14892566666666665,0.005915333333333332,philosophy
Base,q0376,5,0.4,-0.060363799999999954,-0.8206533490161692,0.0710938,0.01073,miscellaneous
Base,q0377,12,0.0,-0.03924066666666665,-0.6230262870670146,0.062317000000000004,0.023076333333333334,jurisprudence
Base,q0380,8,0.25,-0.11663187499999997,-0.9240926206945377,0.125793625,0.00916175,high_school_world_history
Base,q0381,1,0.0,-0.021667,-0.693344,0.03125,0.009583,high_school_geography
Base,q0383,10,0.1,-0.10138549999999999,-0.8702183309839977,0.11630860000000001,0.0149231,philosophy
Base,q0384,15,0.06666666666666667,-0.09897859999999997,-0.7521206106557178,0.12994786666666666,0.030969266666666665,high_school_world_history
Base,q0385,5,0.4,-0.01948860000000002,-0.5250150480242629,0.038452200000000006,0.0189636,world_religions
Base,q0386,1,1.0,-0.027771,-0.9063642297650131,0.03064,0.002869,global_facts
Base,q0387,4,0.25,-0.026901249999999974,-0.6046169843244658,0.0460205,0.019119249999999997,nutrition
Base,q0388,15,0.13333333333333333,-0.21030699999999997,-0.7922977913897367,0.26080739999999997,0.0505004,philosophy
Base,q0390,7,0.14285714285714285,-0.08954285714285713,-0.804381864862628,0.11216514285714285,0.022622285714285713,prehistory
Base,q0392,8,0.25,-0.02908337499999996,-0.514061754382933,0.052932875,0.0238495,high_school_european_history
Base,q0393,7,0.0,-0.08010385714285713,-0.8051183332845525,0.09678414285714286,0.016680285714285713,high_school_geography
Base,q0394,8,0.0,-0.09329574999999997,-0.8913854929281801,0.10400375,0.010708,high_school_chemistry
Base,q0395,19,0.0,-0.03904978947368418,-0.27758484347164986,0.27102184210526314,0.23197205263157894,college_biology
Base,q0397,10,0.1,-0.05575579999999999,-0.5816128301390024,0.0785157,0.0227599,miscellaneous
Base,q0398,19,0.2631578947368421,-0.10108221052631579,-0.823108027047326,0.12196747368421051,0.020885263157894737,miscellaneous
Base,q0399,3,0.6666666666666666,-0.057270999999999996,-0.7280196825615156,0.07828766666666666,0.021016666666666666,high_school_us_history
Base,q0403,19,0.05263157894736842,-0.22679684210526313,-0.8916930014913129,0.25421457894736843,0.027417736842105262,prehistory
Base,q0404,19,0.0,-0.21630215789473684,-0.9051273872263598,0.23905226315789477,0.022750105263157894,philosophy
Base,q0406,19,0.05263157894736842,-0.10467215789473683,-0.6983723352349326,0.15098168421052632,0.046309526315789475,miscellaneous
Base,q0407,19,0.2631578947368421,-0.117703,-0.7995990934254663,0.14702405263157894,0.02932105263157895,philosophy
Base,q0408,11,0.09090909090909091,-0.04546554545454542,-0.652217734466615,0.06924709090909091,0.023781545454545458,miscellaneous
Base,q0409,18,0.16666666666666666,-0.06555599999999998,-0.8103472895043576,0.08022727777777777,0.014671277777777778,miscellaneous
Base,q0411,16,0.125,-0.07596193749999998,-0.7817561026029332,0.0962065625,0.020244625,high_school_chemistry
Base,q0412,17,0.35294117647058826,-0.0915875882352941,-0.776765410533825,0.11753200000000001,0.025944411764705883,prehistory
Base,q0413,19,0.0,-0.19849278947368418,-0.8515856359471868,0.23134242105263159,0.032849631578947366,conceptual_physics
Base,q0414,17,0.058823529411764705,-0.04870229411764705,-0.383709198094652,0.12732647058823532,0.07862417647058824,college_biology
Base,q0415,13,0.3076923076923077,-0.10872699999999999,-0.8000517040432602,0.1348406153846154,0.026113615384615388,conceptual_physics
Base,q0416,13,0.23076923076923078,-0.05204892307692304,-0.692137987521137,0.07346769230769232,0.021418769230769234,prehistory
Base,q0419,8,0.125,-0.044281,-0.6644929460640308,0.0634155,0.0191345,world_religions
Base,q0420,19,0.05263157894736842,-0.17553547368421052,-0.8041401958456543,0.2164371052631579,0.04090163157894737,miscellaneous
Base,q0421,11,0.09090909090909091,-0.10095218181818182,-0.6513993965972784,0.15252136363636362,0.05156918181818182,anatomy
Base,q0422,6,0.0,-0.03943916666666665,-0.6667343657897954,0.06197116666666667,0.022532,miscellaneous
Base,q0423,9,0.2222222222222222,-0.16084466666666664,-0.865235934904811,0.18652344444444444,0.02567877777777778,high_school_biology
Base,q0424,1,0.0,-0.023804,-0.7222306502017658,0.032959,0.009155,nutrition
Base,q0426,3,0.3333333333333333,-0.14054399999999997,-0.8347014619365413,0.16862,0.028076,philosophy
Base,q0427,17,0.0,-0.08445829411764703,-0.7105744125897309,0.12166817647058824,0.037209882352941176,miscellaneous
Base,q0428,19,0.21052631578947367,-0.18711447368421052,-0.860214089504435,0.21767057894736844,0.030556105263157895,prehistory
Base,q0429,18,0.05555555555555555,-0.16816477777777777,-0.8390733287090686,0.19889333333333334,0.030728555555555554,conceptual_physics
Base,q0430,15,0.0,-0.04411606666666664,-0.4853158192317733,0.08899733333333333,0.04488126666666667,anatomy
Base,q0431,11,0.0,-0.08298554545454545,-0.7486636324405637,0.11048463636363635,0.027499090909090907,high_school_geography
Base,q0432,19,0.0,-0.11037105263157891,-0.6378958568476507,0.17082147368421052,0.06045042105263158,miscellaneous
Base,q0434,5,0.0,-0.04125979999999998,-0.6204832032587737,0.0661624,0.0249026,high_school_geography
Base,q0435,4,0.25,-0.13140074999999996,-0.812446882070072,0.16381825,0.0324175,miscellaneous
Base,q0436,19,0.21052631578947367,-0.04928584210526314,-0.8963027654548302,0.05491873684210526,0.005632894736842105,nutrition
Base,q0437,17,0.17647058823529413,-0.237773294117647,-0.8795414981307288,0.2691291176470588,0.03135582352941176,prehistory
Base,q0438,15,0.06666666666666667,-0.1618734,-0.7666488835756684,0.21171879999999998,0.049845400000000005,college_biology
Base,q0440,16,0.25,-0.11281587499999998,-0.7365585342308217,0.1511231875,0.0383073125,high_school_biology
Base,q0441,18,0.16666666666666666,-0.10482444444444444,-0.7011834102230806,0.14605038888888888,0.04122594444444445,conceptual_physics
Base,q0442,13,0.23076923076923078,-0.1477333076923077,-0.8019036086702152,0.18254223076923076,0.03480892307692308,high_school_biology
Base,q0443,17,0.17647058823529413,-0.09161188235294115,-0.8596292496698255,0.10647405882352942,0.014862176470588236,miscellaneous
Base,q0444,19,0.05263157894736842,-0.18863552631578945,-0.8157179474272612,0.23129110526315788,0.04265557894736842,prehistory
Base,q0445,17,0.11764705882352941,-0.13036052941176468,-0.7635759752374026,0.1704965294117647,0.040136000000000005,prehistory
Base,q0446,2,0.0,-0.12634249999999994,-0.7584138579285216,0.16601549999999998,0.039673,philosophy
Base,q0448,13,0.0,-0.17343384615384613,-0.750810179349976,0.22633730769230767,0.052903461538461545,jurisprudence
Base,q0449,16,0.1875,-0.06984325,-0.797286233732474,0.0870361875,0.0171929375,high_school_world_history
Base,q0453,1,1.0,-0.0083009999999999,-0.15668472413597653,0.052979,0.044678,college_chemistry
Base,q0454,4,0.25,-0.07132299999999997,-0.6474741510431562,0.10595674999999999,0.034633750000000005,philosophy
Base,q0455,19,0.15789473684210525,-0.156385,-0.6020548498293387,0.25503710526315787,0.09865210526315789,astronomy
Base,q0456,19,0.05263157894736842,-0.11107631578947368,-0.8302300401472933,0.13270963157894736,0.021633315789473685,miscellaneous
Base,q0460,19,0.10526315789473684,-0.09385599999999998,-0.7024240223781041,0.13234994736842104,0.03849394736842105,miscellaneous
Base,q0462,17,0.47058823529411764,-0.16601723529411763,-0.8191932047217246,0.2016314117647059,0.03561417647058823,miscellaneous
Base,q0463,6,0.16666666666666666,-0.13404333333333332,-0.8356756900412295,0.16096983333333334,0.026926500000000003,high_school_chemistry
Base,q0464,15,0.4666666666666667,-0.11459559999999999,-0.9270008507558415,0.12265633333333333,0.008060733333333334,miscellaneous
Base,q0469,7,0.14285714285714285,-0.08100657142857139,-0.8573868613460017,0.09350585714285715,0.012499285714285715,world_religions
Base,q0470,17,0.23529411764705882,-0.09276170588235294,-0.7976009762968391,0.116814,0.02405229411764706,philosophy
Base,q0471,12,0.5,-0.08284491666666666,-0.6029784014211877,0.13972958333333332,0.05688466666666667,anatomy
Base,q0472,8,0.75,-0.026397124999999973,-0.8457139276996082,0.03086875,0.004471625,high_school_us_history
Base,q0474,3,0.0,-0.03271466666666666,-0.26278509917625703,0.10416666666666667,0.071452,high_school_biology
Base,q0476,19,0.05263157894736842,-0.33172926315789475,-0.8524630634428627,0.38836342105263155,0.056634157894736845,miscellaneous
Base,q0477,17,0.23529411764705882,-0.08998717647058822,-0.7511895950695843,0.11891076470588235,0.028923588235294118,high_school_biology
Base,q0478,7,0.7142857142857143,-0.05888828571428571,-0.7696472451903252,0.07686971428571429,0.01798142857142857,world_religions
Base,q0479,15,0.06666666666666667,-0.09565646666666665,-0.7087663798175132,0.13603526666666668,0.040378800000000006,high_school_biology
Base,q0480,14,0.5,-0.06289021428571427,-0.6696283645926379,0.09423828571428572,0.03134807142857143,high_school_biology
Base,q0482,13,0.38461538461538464,-0.06882415384615383,-0.8001742617189787,0.08535538461538462,0.01653123076923077,global_facts
Base,q0483,7,0.2857142857142857,-0.09288657142857137,-0.7387578712109953,0.12416285714285714,0.031276285714285715,high_school_world_history
Base,q0484,10,0.0,-0.08304439999999996,-0.6574338165190445,0.1225098,0.0394654,high_school_biology
Base,q0485,18,0.3333333333333333,-0.08362338888888887,-0.9178923844593441,0.09084733333333334,0.007223944444444445,prehistory
Base,q0487,10,0.8,-0.1481771,-0.8858661498972774,0.168701,0.0205239,high_school_world_history
Base,q0489,16,0.25,-0.058693937499999994,-0.7857384719443402,0.07333375,0.0146398125,nutrition
Base,q0490,19,0.0,-0.20088915789473683,-0.694907820963496,0.2785772631578947,0.07768810526315789,miscellaneous
Base,q0491,1,0.0,-0.057128,-0.7748270717482707,0.07373,0.016602,global_facts
Base,q0492,17,0.0,-0.13531147058823526,-0.6884498906545027,0.19617429411764706,0.06086282352941176,high_school_geography
Base,q0493,16,0.1875,-0.11640118749999996,-0.7568188457982077,0.14788825,0.0314870625,high_school_biology
Base,q0495,7,0.14285714285714285,-0.07982957142857143,-0.6379810679264012,0.12744128571428573,0.04761171428571429,high_school_world_history
Base,q0496,3,0.6666666666666666,-0.04431133333333329,-0.5751896636609999,0.07552066666666667,0.031209333333333335,miscellaneous
Base,q0497,16,0.0625,-0.027570812499999986,-0.39918949463076103,0.0688325,0.0412616875,nutrition
Base,q0498,1,0.0,-0.026123,-0.5846949281525583,0.044678,0.018555,conceptual_physics
Base,q0499,8,0.625,-0.06311537499999999,-0.8438235024903825,0.074707,0.011591625,miscellaneous
Base,q0500,6,0.16666666666666666,-0.06947616666666663,-0.6433832029231759,0.108236,0.038759833333333334,conceptual_physics
DPO,q0001,18,0.2777777777777778,-0.16375877777777775,-0.49893101589925554,0.3001302777777778,0.13637149999999998,college_biology
DPO,q0003,18,0.1111111111111111,-0.021281,-0.1756855931519494,0.28368472222222224,0.2624037222222222,prehistory
DPO,q0004,9,0.4444444444444444,-0.06272755555555556,-0.6633124476412022,0.093194,0.030466444444444445,high_school_us_history
DPO,q0005,13,0.6923076923076923,-0.2975972307692308,-0.637349926793251,0.45222353846153845,0.1546263076923077,philosophy
DPO,q0006,18,0.1111111111111111,0.19571472222222222,0.1556738239968987,0.19118249999999998,0.3868972222222222,philosophy
DPO,q0009,4,1.0,-0.30850999999999995,-0.715584282304981,0.41406275000000003,0.10555275,conceptual_physics
DPO,q0010,17,0.11764705882352941,-0.07291094117647057,-0.29061574813331376,0.2859030588235294,0.21299211764705883,high_school_biology
DPO,q0011,1,0.0,-0.1660159999999999,-0.5120489545646613,0.324219,0.158203,high_school_world_history
DPO,q0012,7,0.5714285714285714,-0.37598985714285715,-0.39599395995013126,0.7483259999999999,0.37233614285714284,philosophy
DPO,q0013,9,0.5555555555555556,-0.14854588888888884,-0.5423293159662448,0.2537977777777778,0.1052518888888889,miscellaneous
DPO,q0014,19,0.5789473684210527,-0.12562557894736842,-0.6771069759816587,0.20226384210526316,0.07663826315789474,high_school_geography
DPO,q0015,17,0.11764705882352941,-0.04390841176470588,-0.365498933299018,0.19671264705882352,0.15280423529411763,miscellaneous
DPO,q0017,3,1.0,-0.516365,-0.9939060421803511,0.519531,0.003166,high_school_us_history
DPO,q0018,18,0.5555555555555556,-0.3029146111111111,-0.29405293117439907,0.6908637222222223,0.3879491111111111,miscellaneous
DPO,q0019,18,0.5555555555555556,-0.34007027777777776,-0.5561956376887229,0.6047091111111111,0.2646388333333334,astronomy
DPO,q0020,1,1.0,-0.2077639999999999,-0.776461443018484,0.267578,0.059814,miscellaneous
DPO,q0021,1,0.0,-0.113282,-0.9789065267924266,0.115723,0.002441,miscellaneous
DPO,q0022,3,1.0,-0.6531226666666666,-0.9696154540173479,0.6783853333333333,0.02526266666666667,anatomy
DPO,q0023,9,0.0,-0.07854033333333331,-0.8115293163890261,0.09366855555555556,0.015128222222222222,conceptual_physics
DPO,q0024,19,0.631578947368421,-0.4792257894736842,-0.6243225602786355,0.7275905263157895,0.24836473684210528,miscellaneous
DPO,q0025,10,0.3,-0.05131819999999998,-0.0925394509078005,0.5095701,0.45825190000000005,high_school_biology
DPO,q0028,19,0.21052631578947367,-0.16963215789473685,0.033848986470327545,0.8593751578947368,0.689743,nutrition
DPO,q0029,7,0.8571428571428571,-0.2388242857142857,-0.7887458658816463,0.3151507142857143,0.07632642857142857,conceptual_physics
DPO,q0031,19,0.42105263157894735,-0.20292284210526312,-0.5237621277678725,0.40732942105263154,0.20440657894736844,jurisprudence
DPO,q0032,15,0.8,-0.1356871333333333,-0.9071444900312018,0.14941386666666664,0.013726733333333333,high_school_european_history
DPO,q0034,17,0.23529411764705882,0.1381025882352941,0.09641126993758498,0.27151323529411764,0.4096158235294118,world_religions
DPO,q0035,17,0.35294117647058826,-0.05596417647058825,-0.4281883415631981,0.2416563529411765,0.18569217647058825,miscellaneous
DPO,q0036,2,1.0,-0.1180854999999999,-0.9952255334929029,0.118652,0.0005665000000000001,high_school_chemistry
DPO,q0038,11,0.5454545454545454,-0.1781159090909091,-0.632871600227952,0.3245737272727273,0.14645781818181816,philosophy
DPO,q0039,18,0.3333333333333333,-0.0902778888888889,0.09172617114498635,0.6788196111111111,0.5885417222222222,anatomy
DPO,q0040,1,0.0,0.262207,0.27162364865144845,0.034668,0.296875,high_school_us_history
DPO,q0041,1,1.0,-0.6923520000000001,-0.9957429182870424,0.695312,0.00296,anatomy
DPO,q0042,9,0.2222222222222222,-0.13484711111111108,-0.513838601336411,0.30414511111111114,0.169298,prehistory
DPO,q0044,13,0.7692307692307693,-0.027988153846153822,-0.7572549822716046,0.043785923076923076,0.015797769230769233,high_school_world_history
DPO,q0045,3,0.6666666666666666,-0.205252,-0.7962999448163214,0.22167966666666664,0.016427666666666667,high_school_us_history
DPO,q0046,18,0.2222222222222222,0.0056559444444444495,-0.3221835259105323,0.129374,0.13502994444444444,miscellaneous
DPO,q0047,12,0.6666666666666666,-0.06526124999999999,-0.7592645590403239,0.08241783333333334,0.017156583333333333,high_school_physics
DPO,q0048,19,0.5789473684210527,-0.2519844210526316,-0.6503795517887714,0.35190957894736846,0.09992515789473684,miscellaneous
DPO,q0050,7,0.5714285714285714,-0.25491657142857144,-0.8085453663157527,0.29854914285714285,0.04363257142857143,astronomy
DPO,q0051,1,1.0,-0.278587,-0.9974579032356236,0.279297,0.00071,philosophy
DPO,q0052,10,0.6,-0.1898688,-0.5754126847024587,0.2536619,0.0637931,philosophy
DPO,q0053,19,0.5263157894736842,0.0017500526315789471,-0.33959078630894995,0.027499894736842105,0.02924994736842105,miscellaneous
DPO,q0054,16,0.75,-0.014906812499999993,-0.6513360260891943,0.0451470625,0.03024025,high_school_geography
DPO,q0055,14,0.35714285714285715,0.03368292857142855,-0.2960642126200539,0.018839214285714286,0.05252214285714286,high_school_geography
DPO,q0057,3,0.6666666666666666,-0.24440000000000003,-0.5884714744706363,0.4052733333333333,0.16087333333333334,anatomy
DPO,q0058,16,0.625,-0.43189675,-0.6465260903172312,0.6552734375,0.2233766875,nutrition
DPO,q0059,19,0.10526315789473684,0.020487789473684227,-0.021868375620492313,0.40111015789473686,0.42159794736842104,high_school_geography
DPO,q0062,19,0.21052631578947367,-0.26179036842105263,-0.499536884177047,0.5612663157894736,0.29947594736842104,college_biology
DPO,q0063,16,0.375,-0.116053625,-0.4668106986599224,0.2578276875,0.1417740625,astronomy
DPO,q0064,10,0.4,-0.134646,-0.42878074269860067,0.2460693,0.1114233,high_school_us_history
DPO,q0065,10,0.8,-0.5477475,-0.8312067701383965,0.6679688,0.1202213,high_school_geography
DPO,q0068,14,0.7857142857142857,-0.342177,-0.6807764701865796,0.49086228571428575,0.14868528571428571,nutrition
DPO,q0069,16,0.75,0.019219000000000007,-0.5554394397379285,0.016628375,0.035847375,world_religions
DPO,q0070,16,0.625,-0.07852056250000002,-0.4845339007565213,0.117423875,0.0389033125,high_school_european_history
DPO,q0071,17,0.4117647058823529,-0.22603700000000002,-0.3853694543987558,0.5509248235294117,0.32488782352941176,conceptual_physics
DPO,q0073,18,0.5555555555555556,-0.12057772222222221,-0.5926332658164081,0.2733832222222222,0.1528055,miscellaneous
DPO,q0074,19,0.15789473684210525,-0.15391342105263153,-0.8700515550515713,0.16527042105263157,0.011357,miscellaneous
DPO,q0075,19,0.15789473684210525,-0.15374505263157895,-0.5987852250978195,0.3371966842105263,0.18345163157894737,miscellaneous
DPO,q0076,15,0.6666666666666666,-0.0041639333333333564,-0.4272473458505169,0.08955880000000001,0.08539486666666667,prehistory
DPO,q0078,19,0.5263157894736842,0.04312421052631577,-0.43080699259757577,0.049187894736842104,0.09231210526315789,college_biology
DPO,q0081,18,0.7222222222222222,-0.058589000000000016,-0.5189912869623052,0.17735800000000002,0.118769,jurisprudence
DPO,q0082,19,0.9473684210526315,-0.09545063157894737,-0.9655257220738835,0.09779752631578949,0.002346894736842105,high_school_us_history
DPO,q0083,2,0.5,-0.015136999999999949,-0.543149217869761,0.0322875,0.0171505,high_school_world_history
DPO,q0085,14,0.42857142857142855,-0.016258857142857137,-0.6021697847181428,0.022186357142857143,0.0059275000000000005,high_school_european_history
DPO,q0086,16,0.25,-0.13236575,-0.4226956631472334,0.38099675,0.248631,conceptual_physics
DPO,q0087,19,0.21052631578947367,-0.12087457894736844,-0.2140701695473655,0.48838410526315795,0.3675095263157895,philosophy
DPO,q0090,1,1.0,-0.822265,-0.9314157487664417,0.882812,0.060547,anatomy
DPO,q0091,19,0.10526315789473684,-0.08354015789473683,-0.41268003100398676,0.3504061052631579,0.266865947368421,miscellaneous
DPO,q0092,18,0.8888888888888888,-0.22346799999999994,-0.8289550891343641,0.2861870555555555,0.06271905555555556,philosophy
DPO,q0095,5,0.6,-0.1948664,-0.8614548293774567,0.22426779999999996,0.0294014,high_school_us_history
DPO,q0096,15,0.8,-0.009304533333333333,-0.6141009484020368,0.03708886666666667,0.027784333333333334,world_religions
DPO,q0097,2,1.0,-0.157791,-0.9216532221461475,0.1655275,0.0077365,high_school_european_history
DPO,q0098,15,0.5333333333333333,-0.03331659999999998,-0.5678940518957972,0.06771453333333334,0.03439793333333333,miscellaneous
DPO,q0100,11,0.7272727272727273,-0.6414483636363637,-0.8522706014512077,0.7508879090909091,0.10943954545454546,high_school_biology
DPO,q0101,9,1.0,-0.10640388888888888,-0.9299978024887393,0.11824555555555556,0.011841666666666667,nutrition
DPO,q0104,4,1.0,-0.62984675,-0.9937706835621415,0.63378875,0.003942,prehistory
DPO,q0105,1,0.0,0.625,0.9638546784735008,0.351562,0.976562,miscellaneous
DPO,q0106,15,0.8,-0.04195126666666667,-0.7800867498552068,0.06064253333333334,0.018691266666666664,high_school_world_history
DPO,q0107,7,1.0,-0.8151471428571428,-0.966903981066558,0.8420757142857143,0.02692857142857143,prehistory
DPO,q0108,1,1.0,-0.459717,-0.9973510537208908,0.460938,0.001221,miscellaneous
DPO,q0109,19,0.05263157894736842,0.02698184210526315,-0.364266647177709,0.11136652631578947,0.13834836842105264,world_religions
DPO,q0110,19,0.6842105263157895,-0.36828926315789473,-0.6929757265406908,0.5434312631578947,0.175142,miscellaneous
DPO,q0112,18,0.7777777777777778,-0.24685238888888886,-0.930289109444558,0.25879583333333334,0.011943444444444444,miscellaneous
DPO,q0113,2,1.0,-0.964503,-0.9996446552136876,0.9648435,0.0003405,college_biology
DPO,q0114,18,0.2777777777777778,0.03446583333333331,-0.20033997480373394,0.027704444444444445,0.062170277777777776,miscellaneous
DPO,q0115,12,0.16666666666666666,0.05506016666666666,-0.24954346157528426,0.12760416666666666,0.18266433333333335,high_school_biology
DPO,q0118,17,0.47058823529411764,-0.08385529411764704,-0.6746161734248387,0.15111582352941177,0.0672605294117647,world_religions
DPO,q0119,9,0.5555555555555556,-0.05836244444444441,-0.6337934819490623,0.15375444444444444,0.095392,nutrition
DPO,q0121,15,0.26666666666666666,-0.0480686,-0.5716797485437278,0.13214513333333333,0.08407653333333334,miscellaneous
DPO,q0122,3,0.6666666666666666,-0.21370833333333336,-0.7843346361326082,0.29150400000000004,0.07779566666666667,philosophy
DPO,q0123,14,0.42857142857142855,-0.13678449999999998,-0.7183348025381866,0.1669834285714286,0.030198928571428568,high_school_world_history
DPO,q0124,15,0.5333333333333333,-0.06805786666666667,-0.6300085628134204,0.1757812,0.10772333333333334,prehistory
DPO,q0125,8,0.875,-0.17337675,-0.8499549765057111,0.19299325,0.019616500000000002,world_religions
DPO,q0129,19,0.47368421052631576,-0.05221210526315789,-0.1530443621510821,0.35722273684210526,0.30501063157894737,prehistory
DPO,q0130,5,0.6,-0.1607874,-0.766377169659993,0.17939460000000002,0.018607199999999997,high_school_world_history
DPO,q0131,17,0.5882352941176471,-0.17698141176470586,-0.4599240485499232,0.4319565294117647,0.2549751176470588,prehistory
DPO,q0132,3,1.0,-0.316386,-0.9586327993971674,0.3307293333333334,0.014343333333333333,high_school_geography
DPO,q0133,14,0.21428571428571427,-0.10238435714285714,0.13001363603235128,0.7525112142857143,0.6501268571428571,high_school_biology
DPO,q0134,9,0.5555555555555556,-0.2262927777777778,-0.839422113693723,0.2571614444444445,0.03086866666666667,high_school_physics
DPO,q0135,6,1.0,-0.294971,-0.9829237253934348,0.3006185,0.0056475,nutrition
DPO,q0136,14,0.6428571428571429,-0.3368192857142857,-0.6513296365379858,0.5474332142857143,0.21061392857142858,philosophy
DPO,q0137,8,1.0,-0.47077112499999996,-0.9815173245443589,0.473571625,0.0028005,conceptual_physics
DPO,q0138,17,0.6470588235294118,-0.22633947058823528,-0.8707116800275091,0.27076635294117646,0.04442688235294118,prehistory
DPO,q0139,11,0.9090909090909091,-0.5337855454545455,-0.7720657334203366,0.6495029090909091,0.11571736363636363,miscellaneous
DPO,q0140,19,0.9473684210526315,-0.9320622631578948,-0.946008923242021,0.9856087368421051,0.053546473684210526,nutrition
DPO,q0141,3,0.3333333333333333,-0.148557,-0.8500048571472841,0.180013,0.031456000000000005,high_school_european_history
DPO,q0142,18,0.7222222222222222,-0.5566045000000001,-0.6128214151646072,0.8158093888888889,0.25920488888888893,high_school_biology
DPO,q0143,6,1.0,-0.45205183333333326,-0.9517720139038969,0.47688816666666667,0.024836333333333335,conceptual_physics
DPO,q0144,1,0.0,0.3945309999999999,0.8416661333333332,0.53125,0.925781,nutrition
DPO,q0145,18,0.16666666666666666,-0.1917276111111111,-0.5638359659951941,0.39377172222222223,0.20204411111111112,nutrition
DPO,q0146,4,0.75,-0.1542935,-0.49723262510086674,0.20556649999999999,0.051273,prehistory
DPO,q0148,19,0.5263157894736842,-0.19777384210526316,-0.6954283444085131,0.3439875789473684,0.14621373684210526,miscellaneous
DPO,q0149,7,0.2857142857142857,-0.12724514285714286,-0.7237321795132067,0.1559535714285714,0.028708428571428572,high_school_biology
DPO,q0150,12,0.5833333333333334,-0.08508191666666665,-0.8500407792968575,0.09539808333333333,0.010316166666666666,high_school_us_history
DPO,q0151,19,0.3684210526315789,-0.038512368421052615,-0.4250460649598995,0.29634494736842104,0.2578325789473684,miscellaneous
DPO,q0152,6,0.6666666666666666,-0.12047533333333332,-0.7582404489648824,0.1303505,0.009875166666666666,high_school_physics
DPO,q0153,19,0.15789473684210525,-0.15098747368421053,0.08763615797477008,0.8211348421052631,0.6701473684210526,nutrition
DPO,q0154,10,0.4,-0.027126500000000008,-0.5543911626496489,0.0443788,0.017252299999999998,world_religions
DPO,q0155,3,1.0,-0.6967720000000001,-0.8819375818351817,0.7825516666666666,0.08577966666666666,conceptual_physics
DPO,q0157,5,1.0,-0.31033039999999995,-0.9603910078357434,0.3203122,0.0099818,philosophy
DPO,q0159,18,0.3888888888888889,-0.24410538888888889,-0.5374325171427944,0.43924977777777774,0.1951443888888889,high_school_biology
DPO,q0160,10,0.7,-0.3899977,-0.561773657195144,0.6789063,0.28890859999999996,college_biology
DPO,q0161,15,0.9333333333333333,-0.10614906666666665,-0.9272991856552437,0.10948880000000001,0.0033397333333333333,high_school_us_history
DPO,q0162,18,0.1111111111111111,0.005360333333333332,-0.3866518044936238,0.10858833333333334,0.11394866666666667,miscellaneous
DPO,q0164,11,0.36363636363636365,-0.07837699999999999,-0.49808813802153085,0.13745136363636365,0.05907436363636364,conceptual_physics
DPO,q0165,19,0.10526315789473684,-0.034967105263157904,0.010651315981827798,0.5978618421052632,0.5628947368421052,miscellaneous
DPO,q0166,1,0.0,0.386719,0.8918919542244587,0.566406,0.953125,anatomy
DPO,q0167,10,0.9,-0.01545390000000001,-0.5662998803128245,0.0875,0.0720461,prehistory
DPO,q0169,16,0.5,-0.029808750000000002,-0.549979227695904,0.07091512500000001,0.041106375,miscellaneous
DPO,q0170,5,0.8,-0.12679979999999996,-0.7608021841764019,0.18007820000000002,0.053278400000000004,high_school_us_history
DPO,q0171,1,0.0,0.107422,0.19572980970358655,0.451172,0.558594,philosophy
DPO,q0172,2,0.5,-0.43306,-0.7484827566320207,0.6533205,0.2202605,high_school_biology
DPO,q0175,19,0.2631578947368421,-0.18261405263157895,-0.33870667445883806,0.5379832105263158,0.35536915789473683,miscellaneous
DPO,q0176,4,0.75,0.06365949999999998,-0.13314616647006078,0.10656750000000001,0.17022700000000002,astronomy
DPO,q0179,4,1.0,-0.047647749999999975,-0.8663333443392904,0.0507505,0.0031027499999999996,miscellaneous
DPO,q0180,1,1.0,-0.056755,-0.9934534124525197,0.057129,0.000374,global_facts
DPO,q0183,3,0.0,-0.290446,-0.8232517125829135,0.35286466666666666,0.06241866666666666,miscellaneous
DPO,q0185,17,0.6470588235294118,-0.1791755294117647,-0.9409975391926315,0.1918945294117647,0.012719,high_school_world_history
DPO,q0186,4,0.5,-0.04876150000000003,-0.48197645549430884,0.08721899999999999,0.0384575,high_school_physics
DPO,q0187,12,0.5,-0.08044408333333335,-0.4428038255075654,0.19724525,0.11680116666666666,college_biology
DPO,q0188,17,0.4117647058823529,-0.19665576470588234,-0.7092416572238013,0.23692688235294118,0.040271117647058825,world_religions
DPO,q0189,19,0.42105263157894735,-0.3575383157894737,-0.6540916617967333,0.501798947368421,0.14426063157894736,high_school_chemistry
DPO,q0191,19,0.8421052631578947,-0.2738343157894737,-0.9197962562674192,0.29451068421052634,0.02067636842105263,prehistory
DPO,q0194,18,0.4444444444444444,-0.1577798888888889,-0.5236580259660666,0.3213433333333333,0.16356344444444446,prehistory
DPO,q0196,10,0.3,-0.2215391,-0.17058121265408913,0.7972655,0.5757264,miscellaneous
DPO,q0198,18,0.3333333333333333,-0.04270844444444444,-0.318537981273623,0.27468555555555557,0.23197711111111113,jurisprudence
DPO,q0199,7,0.8571428571428571,-0.0211824285714286,-0.486980434477589,0.05813171428571429,0.036949285714285705,philosophy
DPO,q0200,2,1.0,-0.1525875,-0.8629701197096804,0.18457,0.0319825,global_facts
DPO,q0201,10,0.5,-0.080159,-0.6327775793409228,0.1441162,0.0639572,prehistory
DPO,q0203,14,0.2857142857142857,-0.2392475714285714,-0.3140807395441078,0.6569474285714286,0.4176998571428571,anatomy
DPO,q0208,19,0.3157894736842105,-0.02006442105263162,0.1878184433779931,0.6449424736842105,0.6248780526315789,nutrition
DPO,q0209,19,0.21052631578947367,0.10501836842105261,0.0644806832790219,0.3246171052631579,0.4296354736842105,miscellaneous
DPO,q0210,19,0.631578947368421,-0.2835944210526316,-0.6969119270356771,0.38263273684210525,0.09903831578947368,miscellaneous
DPO,q0211,16,0.625,0.006847187500000003,-0.503883529770871,0.0441741875,0.051021375,world_religions
DPO,q0214,6,1.0,-0.14522299999999996,-0.9251871074986978,0.160726,0.015503000000000003,global_facts
DPO,q0215,10,0.2,0.0141173,-0.24306370157457985,0.0195756,0.033692900000000005,high_school_world_history
DPO,q0216,14,0.6428571428571429,-0.14648121428571428,-0.8140984973464749,0.1706895,0.024208285714285713,world_religions
DPO,q0217,1,0.0,0.308594,0.3397852682715208,0.091797,0.400391,global_facts
DPO,q0218,19,0.631578947368421,-0.36480026315789477,-0.5338787412179916,0.608861052631579,0.2440607894736842,jurisprudence
DPO,q0220,10,0.7,-0.09141250000000001,-0.641824848401552,0.197461,0.10604850000000002,nutrition
DPO,q0222,19,0.42105263157894735,-0.2568263684210526,-0.6399950273228344,0.4358552105263158,0.17902884210526315,nutrition
DPO,q0223,14,0.6428571428571429,0.03796714285714286,-0.594514583233635,0.030334714285714288,0.06830185714285715,high_school_geography
DPO,q0224,5,0.8,-0.2663714,-0.9533100137728571,0.27734380000000003,0.010972399999999998,high_school_geography
DPO,q0225,14,0.42857142857142855,-0.2160705,-0.6626959607533741,0.3363211428571429,0.12025064285714286,nutrition
DPO,q0226,5,0.2,-0.16311340000000002,-0.9423164515473121,0.1721682,0.0090548,miscellaneous
DPO,q0227,19,0.21052631578947367,-0.17847873684210527,-0.2207148483469641,0.5867213684210526,0.40824263157894736,conceptual_physics
DPO,q0229,18,0.6111111111111112,-0.12973605555555554,-0.834850757910113,0.14221866666666666,0.01248261111111111,miscellaneous
DPO,q0230,18,0.16666666666666666,-0.11393472222222223,-0.6403859018929842,0.1391091111111111,0.025174388888888885,world_religions
DPO,q0231,9,0.4444444444444444,-0.2052091111111111,-0.7337205315033795,0.35351577777777776,0.14830666666666667,high_school_european_history
DPO,q0232,15,0.3333333333333333,-0.22317246666666668,-0.33586198906915526,0.5378907333333333,0.3147182666666667,conceptual_physics
DPO,q0233,15,0.6,-0.20057873333333334,-0.4541899707417498,0.4149088666666667,0.21433013333333334,miscellaneous
DPO,q0235,4,0.5,-0.22887425000000003,-0.6768114274417406,0.3100585,0.08118425,miscellaneous
DPO,q0236,7,0.7142857142857143,-0.046859428571428566,-0.5653817840975627,0.12988285714285713,0.08302342857142857,jurisprudence
DPO,q0237,18,0.4444444444444444,-0.15647566666666662,-0.26693749908336595,0.5053438888888889,0.3488682222222222,high_school_biology
DPO,q0238,19,0.7894736842105263,-0.2995798947368421,-0.7494670191465264,0.3873227894736842,0.08774289473684212,miscellaneous
DPO,q0239,17,0.29411764705882354,-0.4444164705882353,-0.47938647174449445,0.8548944117647059,0.41047794117647063,miscellaneous
DPO,q0242,18,0.2777777777777778,-0.06341388888888888,-0.46046845025242206,0.20763472222222223,0.14422083333333335,prehistory
DPO,q0243,19,0.3684210526315789,-0.20121052631578945,-0.5321526109371179,0.3947882105263158,0.19357768421052632,prehistory
DPO,q0245,11,0.18181818181818182,0.03977999999999999,-0.19621152574781037,0.10688927272727274,0.14666927272727273,high_school_european_history
DPO,q0247,9,0.4444444444444444,0.014362222222222273,-0.47959441939377956,0.04336211111111111,0.05772433333333333,high_school_biology
DPO,q0248,14,0.5714285714285714,-0.15267107142857145,-0.4285968255983007,0.313058,0.16038692857142858,prehistory
DPO,q0250,19,0.7368421052631579,-0.5897562105263158,-0.7030539519271588,0.7709704736842106,0.1812142631578947,conceptual_physics
DPO,q0252,7,0.42857142857142855,-0.539731,-0.7290204256211529,0.7692521428571428,0.22952114285714287,high_school_biology
DPO,q0253,11,0.9090909090909091,-0.4760964545454545,-0.8451098512929921,0.5458095454545454,0.0697130909090909,nutrition
DPO,q0254,1,1.0,-0.179577,-0.9993822625884867,0.179688,0.000111,high_school_world_history
DPO,q0255,14,0.42857142857142855,-0.06294907142857142,-0.5407919404909496,0.1607665,0.09781742857142858,high_school_biology
DPO,q0256,8,0.5,-0.13869912499999998,-0.3216315804456459,0.4645995,0.325900375,global_facts
DPO,q0258,16,0.3125,-0.04645531249999998,-0.35989442137400884,0.33789075,0.2914354375,miscellaneous
DPO,q0259,14,0.5714285714285714,-0.0015862857142857152,-0.45443477874847255,0.03234757142857143,0.030761285714285713,high_school_european_history
DPO,q0260,4,0.75,-0.36552625000000005,-0.6370483645694197,0.5537110000000001,0.18818474999999998,anatomy
DPO,q0261,1,1.0,-0.52729,-0.9998976000485451,0.527344,5.4e-05,anatomy
DPO,q0263,10,0.4,-0.3831586,-0.7565192953559835,0.4343262,0.0511676,miscellaneous
DPO,q0264,6,0.3333333333333333,-0.17890249999999996,-0.2149741534650819,0.6347655,0.45586299999999996,anatomy
DPO,q0265,2,1.0,-0.33104349999999994,-0.9411979912856769,0.36523449999999996,0.034191,prehistory
DPO,q0266,1,0.0,0.023437,0.07142704761904761,0.671875,0.695312,prehistory
DPO,q0267,2,0.5,-0.004908499999999949,-0.9287712079860146,0.0052645,0.000356,high_school_european_history
DPO,q0268,8,0.75,-0.23441549999999997,-0.6399459181485628,0.385497875,0.15108237500000002,miscellaneous
DPO,q0269,19,0.2631578947368421,-0.15751752631578947,-0.46914635098471863,0.419562,0.2620444736842105,miscellaneous
DPO,q0270,7,0.8571428571428571,-0.07065714285714285,-0.8341385919387713,0.089809,0.019151857142857144,high_school_geography
DPO,q0271,18,0.5555555555555556,-0.30362255555555556,-0.336905055668026,0.6953124444444444,0.3916898888888889,high_school_biology
DPO,q0273,19,0.5263157894736842,-0.0701262631578947,-0.7086315749363464,0.1696393157894737,0.09951305263157895,miscellaneous
DPO,q0274,17,0.23529411764705882,0.08346664705882353,-0.015320162166542358,0.2546960588235294,0.3381627058823529,high_school_geography
DPO,q0275,19,0.2631578947368421,-0.19753136842105265,-0.3005818571452664,0.536184052631579,0.33865268421052636,miscellaneous
DPO,q0276,12,0.4166666666666667,-0.11208099999999999,-0.43163503546972026,0.24759916666666668,0.1355181666666667,conceptual_physics
DPO,q0279,8,0.25,-0.16548187499999997,-0.573327086939264,0.25341800000000003,0.087936125,astronomy
DPO,q0280,18,0.16666666666666666,-0.017085499999999993,-0.10771613021137133,0.5035807777777778,0.48649527777777773,nutrition
DPO,q0283,13,0.7692307692307693,-0.04433861538461538,-0.5580543668992465,0.06450246153846154,0.02016384615384615,high_school_geography
DPO,q0285,3,0.3333333333333333,-0.1343586666666667,-0.5778527798199162,0.25504566666666667,0.12068699999999999,anatomy
DPO,q0286,10,1.0,-0.6050445,-0.9544951825848621,0.632031,0.026986499999999997,high_school_geography
DPO,q0287,9,0.5555555555555556,0.013708555555555592,-0.5610070112902726,0.052164666666666665,0.06587322222222222,high_school_chemistry
DPO,q0288,19,0.21052631578947367,-0.1264193684210526,-0.6157733913477955,0.27171563157894735,0.14529626315789473,miscellaneous
DPO,q0289,6,0.8333333333333334,-0.17073283333333333,-0.9026224190384405,0.18505833333333332,0.0143255,miscellaneous
DPO,q0290,7,0.8571428571428571,-0.5758424285714285,-0.8793271797916642,0.675781,0.09993857142857143,philosophy
DPO,q0291,7,0.5714285714285714,-0.4683097142857143,-0.8848036100387983,0.5212055714285715,0.05289585714285715,conceptual_physics
DPO,q0292,2,1.0,-0.42976400000000003,-0.9289106863697547,0.45410150000000005,0.0243375,anatomy
DPO,q0293,11,0.45454545454545453,-0.392987909090909,-0.5048458914942743,0.7373936363636364,0.3444057272727273,high_school_biology
DPO,q0294,18,0.1111111111111111,-0.10719372222222223,-0.508294653083051,0.21756655555555557,0.11037283333333334,miscellaneous
DPO,q0295,6,0.8333333333333334,-0.07160499999999999,-0.7017688895517371,0.11507166666666668,0.043466666666666674,philosophy
DPO,q0298,18,0.7222222222222222,-0.11243416666666664,-0.8212873873230716,0.1848416111111111,0.07240744444444444,prehistory
DPO,q0300,1,1.0,-0.680496,-0.99546807022882,0.683594,0.003098,anatomy
DPO,q0302,19,0.6842105263157895,-0.20720315789473684,-0.6264745509253744,0.24662078947368418,0.03941763157894737,miscellaneous
DPO,q0304,17,0.8235294117647058,-0.14975335294117648,-0.8816422737788471,0.16108976470588238,0.011336411764705883,prehistory
DPO,q0305,4,0.75,-0.41747325,-0.499542553650235,0.67187525,0.254402,miscellaneous
DPO,q0306,6,1.0,-0.8467993333333333,-0.9756267057652726,0.8678386666666666,0.021039333333333337,nutrition
DPO,q0311,12,0.5,-0.5840033333333333,-0.6276693330027708,0.90332025,0.3193169166666667,college_biology
DPO,q0312,18,0.16666666666666666,-0.00774933333333334,0.08557804412085213,0.5430772777777777,0.5353279444444445,jurisprudence
DPO,q0315,3,1.0,-0.7802733333333333,-0.9081575680416791,0.8554689999999999,0.07519566666666667,philosophy
DPO,q0316,15,0.8666666666666667,-0.23100513333333333,-0.837774687651751,0.2785482,0.04754306666666667,high_school_world_history
DPO,q0318,14,0.7142857142857143,-0.24239492857142855,-0.9761119196969209,0.25048835714285717,0.00809342857142857,miscellaneous
DPO,q0319,2,0.5,-0.31842050000000005,-0.35073556336784384,0.707031,0.38861049999999997,high_school_biology
DPO,q0320,13,0.6923076923076923,0.02748361538461537,-0.2538266967954868,0.03087807692307692,0.05836169230769231,high_school_world_history
DPO,q0321,7,0.7142857142857143,-0.1284998571428571,-0.801150182263863,0.14487999999999998,0.016380142857142857,high_school_european_history
DPO,q0325,18,0.7777777777777778,-0.0750042222222222,-0.6314750503972759,0.0864545,0.011450277777777778,world_religions
DPO,q0326,15,0.3333333333333333,-0.063146,-0.4616332843469513,0.16772453333333334,0.10457853333333333,jurisprudence
DPO,q0327,12,0.5,-0.08876916666666664,-0.5613746230574911,0.14294433333333334,0.05417516666666667,conceptual_physics
DPO,q0331,8,0.625,0.015510000000000012,-0.5575808798964079,0.0083695,0.0238795,high_school_world_history
DPO,q0333,7,0.8571428571428571,-0.2670281428571429,-0.8093425883609424,0.30231585714285714,0.03528771428571429,miscellaneous
DPO,q0334,14,0.5714285714285714,-0.15362342857142858,-0.7884551045661328,0.181222,0.027598571428571427,nutrition
DPO,q0337,16,0.5,-0.12056787499999999,-0.8799991819171642,0.1302108125,0.0096429375,high_school_biology
DPO,q0338,19,0.5263157894736842,-0.33286463157894736,-0.5840778012137612,0.5983243157894736,0.2654596842105263,miscellaneous
DPO,q0339,4,0.0,-0.03808574999999998,-0.011123500543503442,0.722656,0.68457025,miscellaneous
DPO,q0341,19,0.6842105263157895,-0.5818697368421052,-0.670271502236801,0.7216797368421053,0.13981,miscellaneous
DPO,q0344,7,0.2857142857142857,-0.14523128571428567,-0.5283794186152556,0.22991085714285714,0.08467957142857142,jurisprudence
DPO,q0345,16,0.25,-0.18351887499999997,-0.5173060694459753,0.398971625,0.21545275,philosophy
DPO,q0346,9,0.7777777777777778,-0.3210198888888889,-0.8783899463496287,0.36588566666666666,0.044865777777777775,anatomy
DPO,q0347,6,0.6666666666666666,-0.19452383333333334,-0.5075193146935136,0.31844083333333334,0.123917,philosophy
DPO,q0348,10,0.4,-0.43441640000000004,-0.4535364134479214,0.9687501000000001,0.5343337,philosophy
DPO,q0349,19,0.21052631578947367,-0.14304973684210529,-0.20478394001769315,0.5831620000000001,0.44011226315789476,nutrition
DPO,q0351,19,0.631578947368421,-0.6310804210526315,-0.6921203774122955,0.9229030000000001,0.2918225789473684,high_school_biology
DPO,q0353,1,1.0,-0.101074,-0.5098515955246617,0.198242,0.097168,astronomy
DPO,q0354,1,0.0,-0.2031249999999999,-0.3687944936372168,0.550781,0.347656,prehistory
DPO,q0355,1,0.0,0.031982,0.033771162413505085,0.052979,0.084961,jurisprudence
DPO,q0356,1,1.0,-0.255115,-0.9970921484098663,0.255859,0.000744,high_school_us_history
DPO,q0357,18,0.4444444444444444,-0.3149698333333333,-0.7501873602183387,0.4162327777777778,0.10126294444444445,miscellaneous
DPO,q0358,14,0.42857142857142855,-0.0943932142857143,-0.6245754892512235,0.15416592857142858,0.05977271428571428,college_biology
DPO,q0359,15,0.4666666666666667,-0.21186526666666664,-0.3075302725455989,0.6210938,0.40922853333333337,high_school_geography
DPO,q0361,6,0.8333333333333334,-0.15315383333333335,-0.813766410530691,0.16715483333333334,0.014001,prehistory
DPO,q0362,18,0.6666666666666666,-0.1936555,-0.7442687107677126,0.3338758333333333,0.1402203333333333,jurisprudence
DPO,q0363,3,1.0,-0.166615,-0.6637730423748359,0.16852333333333333,0.0019083333333333333,high_school_world_history
DPO,q0364,6,0.5,-0.3845458333333333,-0.5914740946240544,0.74528,0.36073416666666663,prehistory
DPO,q0365,5,1.0,-0.0694716,-0.9878258102141183,0.0700562,0.0005846,high_school_geography
DPO,q0366,7,0.5714285714285714,-0.05930257142857139,-0.6304547289392836,0.07954614285714286,0.020243571428571427,world_religions
DPO,q0368,16,0.25,-0.10078424999999999,-0.7085797255686855,0.1777343125,0.0769500625,miscellaneous
DPO,q0369,19,0.5789473684210527,-0.3564012105263158,-0.6923608240859555,0.4990684210526316,0.14266721052631579,miscellaneous
DPO,q0370,8,0.875,-0.20635449999999997,-0.8284194825672365,0.280883875,0.07452937500000001,conceptual_physics
DPO,q0371,15,0.8666666666666667,-0.6189875333333333,-0.9548142905818875,0.6466146666666667,0.027627133333333335,high_school_biology
DPO,q0372,19,0.8421052631578947,-0.22764915789473683,-0.776801201856523,0.2955257894736842,0.06787663157894737,philosophy
DPO,q0373,2,0.5,-0.340992,-0.9976448008613299,0.341797,0.000805,college_biology
DPO,q0374,3,1.0,-0.2765556666666667,-0.9956475372849689,0.2776693333333333,0.0011136666666666667,philosophy
DPO,q0376,5,0.6,-0.0194006,-0.623173688708629,0.035791,0.0163904,miscellaneous
DPO,q0377,12,0.6666666666666666,-0.2705201666666666,-0.9131873522182273,0.28963225,0.019112083333333335,jurisprudence
DPO,q0380,8,0.625,-0.13101824999999998,-0.6703398235834147,0.16439825,0.03338,high_school_world_history
DPO,q0381,1,1.0,-0.1064399999999999,-0.9999530273850336,0.106445,5e-06,high_school_geography
DPO,q0383,10,0.3,0.056046899999999976,-0.058717179149637574,0.3201662,0.3762131,philosophy
DPO,q0384,15,0.4666666666666667,-0.020451533333333334,-0.4829457316505852,0.1399904,0.11953886666666666,high_school_world_history
DPO,q0385,5,0.6,0.008591999999999983,-0.5649770275433645,0.0583008,0.0668928,world_religions
DPO,q0386,1,1.0,-0.075143,-0.9993084646585545,0.075195,5.2e-05,global_facts
DPO,q0387,4,0.5,-0.24596874999999999,-0.8828499644644745,0.267334,0.02136525,nutrition
DPO,q0388,15,0.6,-0.5582321333333333,-0.6053401689140094,0.9434897333333333,0.3852576,philosophy
DPO,q0390,7,0.5714285714285714,-0.08734499999999999,-0.7576105856123801,0.114467,0.027122,prehistory
DPO,q0392,8,0.875,-0.04437275,-0.7464321711871906,0.060157625,0.015784874999999997,high_school_european_history
DPO,q0393,7,0.7142857142857143,-0.12959314285714285,-0.6522700782343985,0.18666285714285716,0.057069714285714286,high_school_geography
DPO,q0394,8,0.375,-0.12224199999999996,-0.6982542725562589,0.190918,0.068676,high_school_chemistry
DPO,q0395,19,0.10526315789473684,-0.17930847368421055,-0.0016357902191673182,0.9486019473684211,0.7692934736842105,college_biology
DPO,q0397,10,0.7,-0.25671299999999997,-0.8301108312422066,0.2967773,0.040064300000000004,miscellaneous
DPO,q0398,19,0.8947368421052632,-0.13562805263157895,-0.9001627994292648,0.14154994736842105,0.005921894736842105,miscellaneous
DPO,q0399,3,0.6666666666666666,-0.16812033333333332,-0.6258476413436029,0.211507,0.043386666666666664,high_school_us_history
DPO,q0403,19,0.631578947368421,-0.29013,-0.7171490346590906,0.36464336842105266,0.07451336842105263,prehistory
DPO,q0404,19,0.6842105263157895,-0.47783010526315794,-0.6351651537346156,0.6988076842105263,0.2209775789473684,philosophy
DPO,q0406,19,0.10526315789473684,-0.11952894736842104,-0.39409241264102474,0.3995167894736842,0.2799878421052632,miscellaneous
DPO,q0407,19,0.5263157894736842,-0.12329242105263158,-0.48855461421463164,0.27323673684210525,0.14994431578947368,philosophy
DPO,q0408,11,0.5454545454545454,-0.055653090909090895,-0.8936304965318911,0.05927054545454546,0.0036174545454545457,miscellaneous
DPO,q0409,18,0.5,-0.1517193888888889,-0.648964809865589,0.275906,0.12418661111111111,miscellaneous
DPO,q0411,16,0.75,-0.0745108125,-0.8118748008538454,0.0886535,0.0141426875,high_school_chemistry
DPO,q0412,17,0.17647058823529413,-0.20244876470588236,-0.410852972364804,0.49833394117647056,0.2958851764705882,prehistory
DPO,q0413,19,0.10526315789473684,-0.06435673684210524,0.12533081037867144,0.638581947368421,0.5742252105263158,conceptual_physics
DPO,q0414,17,0.23529411764705882,-0.18348664705882353,-0.29075011766527975,0.555606705882353,0.3721200588235294,college_biology
DPO,q0415,13,0.38461538461538464,-0.26570492307692306,-0.728139152192524,0.368765,0.10306007692307692,conceptual_physics
DPO,q0416,13,0.9230769230769231,-0.36695907692307694,-0.8074924176159927,0.4530499230769231,0.08609084615384616,prehistory
DPO,q0419,8,0.625,0.03144137499999999,-0.3516612764905499,0.01396175,0.045403124999999996,world_religions
DPO,q0420,19,0.8947368421052632,-0.28107299999999996,-0.9136886394049824,0.30162926315789473,0.020556263157894737,miscellaneous
DPO,q0421,11,0.8181818181818182,-0.5116238181818182,-0.686558522624468,0.6812855454545454,0.16966172727272727,anatomy
DPO,q0422,6,0.6666666666666666,-0.23881049999999995,-0.4990108895589733,0.4507651666666666,0.21195466666666665,miscellaneous
DPO,q0423,9,0.6666666666666666,-0.025528333333333344,-0.5805001974706246,0.10188811111111112,0.07635977777777778,high_school_biology
DPO,q0424,1,0.0,-0.000732,-0.04475148254569909,0.016357,0.015625,nutrition
DPO,q0426,3,1.0,-0.7770586666666667,-0.9595791064777973,0.8098956666666667,0.032837,philosophy
DPO,q0427,17,0.17647058823529413,-0.037034529411764695,-0.5813890564969454,0.07720594117647059,0.040171411764705886,miscellaneous
DPO,q0428,19,0.5789473684210527,-0.4012741578947368,-0.4179052010548749,0.8050987368421052,0.4038245789473684,prehistory
DPO,q0429,18,0.16666666666666666,-0.19548138888888886,-0.8331405568845187,0.23581283333333333,0.04033144444444445,conceptual_physics
DPO,q0430,15,0.4,-0.12738686666666663,-0.6197358768944683,0.2205566,0.09316973333333335,anatomy
DPO,q0431,11,0.6363636363636364,-0.42125827272727273,-0.7863311770249205,0.5240591818181818,0.1028009090909091,high_school_geography
DPO,q0432,19,0.21052631578947367,-0.05442342105263159,-0.04357296508383126,0.5232318421052632,0.4688084210526316,miscellaneous
DPO,q0434,5,1.0,-0.20062259999999993,-0.6647988705490098,0.2941408,0.0935182,high_school_geography
DPO,q0435,4,0.25,0.077237,-0.23652733927247704,0.20782475,0.28506175,miscellaneous
DPO,q0436,19,0.5263157894736842,-0.4860382105263158,-0.49833331238223194,0.8343953684210527,0.34835715789473687,nutrition
DPO,q0437,17,0.7058823529411765,-0.2997601176470588,-0.6369315755716458,0.46495852941176474,0.16519841176470587,prehistory
DPO,q0438,15,0.4666666666666667,-0.3114824666666667,-0.5609732189454331,0.5587891333333332,0.24730666666666667,college_biology
DPO,q0440,16,0.375,-0.1292875,-0.6348872705590294,0.19929493750000002,0.07000743749999999,high_school_biology
DPO,q0441,18,0.7222222222222222,-0.417085,-0.8326515872829298,0.5060221111111111,0.0889371111111111,conceptual_physics
DPO,q0442,13,0.6923076923076923,-0.36055661538461536,-0.7243831990787073,0.5054085384615384,0.14485192307692307,high_school_biology
DPO,q0443,17,0.23529411764705882,-0.07624894117647057,-0.5462010203929999,0.11936329411764707,0.04311435294117647,miscellaneous
DPO,q0444,19,0.42105263157894735,-0.007692052631578946,-0.37882928781194486,0.16199694736842107,0.15430489473684209,prehistory
DPO,q0445,17,0.23529411764705882,-0.21357952941176467,-0.3614486946102153,0.4618888823529412,0.24830935294117645,prehistory
DPO,q0446,2,1.0,-0.45783950000000007,-0.9599343934213357,0.47949200000000003,0.021652499999999998,philosophy
DPO,q0448,13,0.23076923076923078,-0.2946483846153846,-0.7076448163754143,0.41000607692307695,0.1153576923076923,jurisprudence
DPO,q0449,16,0.375,0.004257187500000013,-0.256417562468707,0.02012075,0.024377937500000002,high_school_world_history
DPO,q0453,1,1.0,-0.261544,-0.9993313439222984,0.261719,0.000175,college_chemistry
DPO,q0454,4,1.0,-0.0426905,-0.9817993667009356,0.04373175,0.00104125,philosophy
DPO,q0455,19,0.5789473684210527,-0.1531327368421053,-0.4668111268180972,0.34479073684210526,0.191658,astronomy
DPO,q0456,19,0.05263157894736842,0.06762673684210527,-0.23309648146558354,0.26940273684210525,0.33702947368421055,miscellaneous
DPO,q0460,19,0.47368421052631576,-0.09631468421052634,-0.4254588784014287,0.29367547368421054,0.19736078947368418,miscellaneous
DPO,q0462,17,0.6470588235294118,-0.16793041176470586,-0.8482627442836647,0.19591582352941175,0.027985411764705884,miscellaneous
DPO,q0463,6,0.8333333333333334,-0.03678949999999998,-0.6504226735552106,0.0582175,0.021428000000000003,high_school_chemistry
DPO,q0464,15,0.8,-0.28960193333333334,-0.8745647345469739,0.33932300000000004,0.04972106666666666,miscellaneous
DPO,q0469,7,0.5714285714285714,-0.375364,-0.4519922998046311,0.5938897142857142,0.21852571428571427,world_religions
DPO,q0470,17,0.17647058823529413,0.029507117647058802,-0.2862945710956297,0.0662304705882353,0.0957375882352941,philosophy
DPO,q0471,12,0.4166666666666667,-0.187416,-0.5619606486133156,0.27014175,0.08272575,anatomy
DPO,q0472,8,0.75,-0.037878499999999975,-0.8777498690600627,0.040740875,0.002862375,high_school_us_history
DPO,q0474,3,1.0,-0.585681,-0.9707716999907593,0.6041663333333334,0.018485333333333333,high_school_biology
DPO,q0476,19,0.3684210526315789,-0.14099810526315787,-0.27810202456867017,0.5332546842105262,0.39225657894736843,miscellaneous
DPO,q0477,17,0.29411764705882354,-0.18690423529411762,-0.3881832680399318,0.4916705294117647,0.30476629411764705,high_school_biology
DPO,q0478,7,0.8571428571428571,-0.0495282857142857,-0.8394640805319337,0.062692,0.013163714285714287,world_religions
DPO,q0479,15,0.13333333333333333,-0.1548572,-0.4912168657915774,0.3216308666666666,0.16677366666666668,high_school_biology
DPO,q0480,14,0.5,-0.05153335714285713,-0.5332628087968124,0.13380635714285713,0.082273,high_school_biology
DPO,q0482,13,0.5384615384615384,-0.11076869230769232,-0.6458170068650445,0.17871092307692307,0.06794223076923077,global_facts
DPO,q0483,7,0.5714285714285714,-0.027133999999999985,-0.6192267386651383,0.04187885714285715,0.014744857142857143,high_school_world_history
DPO,q0484,10,0.8,-0.16639350000000003,-0.5622141559992245,0.27202160000000003,0.1056281,high_school_biology
DPO,q0485,18,0.3333333333333333,-0.04375538888888889,-0.5147806089204381,0.11884911111111111,0.07509372222222223,prehistory
DPO,q0487,10,0.7,-0.07307209999999999,-0.8420862211121565,0.08664540000000001,0.0135733,high_school_world_history
DPO,q0489,16,0.1875,-0.296432625,-0.26856424330678313,0.869873125,0.5734405,nutrition
DPO,q0490,19,0.2631578947368421,-0.2340466842105263,-0.6079414322744662,0.49799542105263156,0.26394873684210524,miscellaneous
DPO,q0491,1,1.0,-0.062012,-0.39197739613028826,0.158203,0.096191,global_facts
DPO,q0492,17,0.5294117647058824,-0.215559,-0.6046322578730932,0.36033735294117647,0.14477835294117647,high_school_geography
DPO,q0493,16,0.8125,-0.23266074999999997,-0.8080961546289993,0.279602125,0.046941375,high_school_biology
DPO,q0495,7,0.14285714285714285,-0.15252757142857143,-0.2945718112293142,0.4590542857142857,0.3065267142857143,high_school_world_history
DPO,q0496,3,0.6666666666666666,-0.10341233333333327,-0.950363748915231,0.10709666666666666,0.0036843333333333333,miscellaneous
DPO,q0497,16,0.875,-0.4594123125,-0.8447438828182983,0.543151875,0.0837395625,nutrition
DPO,q0498,1,1.0,-0.161346,-0.9952932903170089,0.162109,0.000763,conceptual_physics
DPO,q0499,8,0.875,-0.168344375,-0.9680655028235918,0.17002862500000002,0.00168425,miscellaneous
DPO,q0500,6,0.16666666666666666,-0.030694833333333348,-0.21182309278942912,0.21022533333333335,0.1795305,conceptual_physics
RLVR,q0001,18,0.3888888888888889,-0.38513188888888883,-0.46158406684452413,0.7054035555555556,0.3202716666666667,college_biology
RLVR,q0003,18,0.1111111111111111,-0.0283737777777778,0.21581081969225296,0.6188692777777778,0.5904955,prehistory
RLVR,q0004,9,0.6666666666666666,-0.18106266666666665,-0.6439389596652796,0.2651911111111111,0.08412844444444444,high_school_us_history
RLVR,q0005,13,0.8461538461538461,-0.3247682307692308,-0.7082503751683452,0.45733184615384614,0.13256361538461536,philosophy
RLVR,q0006,18,0.2222222222222222,0.02284338888888887,0.044499059974463046,0.4577365,0.48057988888888886,philosophy
RLVR,q0009,4,1.0,-0.552349,-0.8300821196093595,0.6728514999999999,0.12050250000000001,conceptual_physics
RLVR,q0010,17,0.23529411764705882,-0.24338788235294118,-0.29548464707571853,0.5824908823529412,0.33910300000000004,high_school_biology
RLVR,q0011,1,0.0,-0.2285159999999999,-0.4365674635773481,0.523438,0.294922,high_school_world_history
RLVR,q0012,7,0.42857142857142855,-0.4561748571428571,-0.4045156129284013,0.8833705714285714,0.4271957142857143,philosophy
RLVR,q0013,9,0.4444444444444444,-0.2075741111111111,-0.39377034967463165,0.5609812222222222,0.3534071111111111,miscellaneous
RLVR,q0014,19,0.5263157894736842,-0.17898894736842105,-0.23044447370477397,0.5925678421052631,0.4135788947368421,high_school_geography
RLVR,q0015,17,0.11764705882352941,-0.05935117647058824,-0.11683127954366379,0.47785494117647054,0.4185037647058824,miscellaneous
RLVR,q0017,3,1.0,-0.8072703333333333,-0.9983630021164309,0.8085939999999999,0.0013236666666666666,high_school_us_history
RLVR,q0018,18,0.6666666666666666,-0.5084048888888888,-0.4714642719167196,0.899522611111111,0.3911177222222222,miscellaneous
RLVR,q0019,18,0.6111111111111112,-0.5560883888888889,-0.5386979248137107,0.9071180555555556,0.35102966666666663,astronomy
RLVR,q0020,1,1.0,-0.333984,-0.7953477074313801,0.419922,0.085938,miscellaneous
RLVR,q0021,1,0.0,-0.2072139999999999,-0.9557973588195404,0.216797,0.009583,miscellaneous
RLVR,q0022,3,1.0,-0.73467,-0.9842441208962464,0.7486980000000001,0.014028,anatomy
RLVR,q0023,9,0.0,-0.12529488888888884,-0.6728074614228126,0.2573784444444444,0.13208355555555557,conceptual_physics
RLVR,q0024,19,0.6842105263157895,-0.6428581052631579,-0.63706395653784,0.9518914736842105,0.30903336842105267,miscellaneous
RLVR,q0025,10,0.3,-0.3240418,-0.2418298965004663,0.8121095,0.48806770000000005,high_school_biology
RLVR,q0028,19,0.15789473684210525,-0.2539520526315789,-0.19181925750278478,0.9897204210526315,0.7357683684210526,nutrition
RLVR,q0029,7,0.7142857142857143,-0.29232871428571433,-0.39416984135028393,0.6369978571428572,0.34466914285714284,conceptual_physics
RLVR,q0031,19,0.631578947368421,-0.4246512105263158,-0.6519884327100129,0.6679687894736842,0.24331757894736844,jurisprudence
RLVR,q0032,15,0.8,-0.4703912,-0.6633952787742331,0.6580729333333333,0.18768173333333332,high_school_european_history
RLVR,q0034,17,0.23529411764705882,0.010733176470588246,0.05168593525043714,0.46736770588235294,0.4781008823529412,world_religions
RLVR,q0035,17,0.5294117647058824,-0.24639052941176467,-0.5116673797824566,0.5079847647058823,0.2615942352941176,miscellaneous
RLVR,q0036,2,1.0,-0.3528065,-0.9925098953776561,0.355469,0.0026625,high_school_chemistry
RLVR,q0038,11,0.6363636363636364,-0.2774063636363636,-0.5934982395822443,0.4992896363636364,0.22188327272727273,philosophy
RLVR,q0039,18,0.2777777777777778,-0.28649383333333334,-0.021764379684898767,0.9670138888888888,0.6805200555555556,anatomy
RLVR,q0040,1,0.0,0.5380860000000001,0.6662638354566583,0.192383,0.730469,high_school_us_history
RLVR,q0041,1,1.0,-0.682495,-0.9871117693511482,0.691406,0.008911,anatomy
RLVR,q0042,9,0.2222222222222222,-0.010959333333333357,-0.06719889546859374,0.5060764444444446,0.4951171111111111,prehistory
RLVR,q0044,13,0.7692307692307693,-0.13635238461538463,-0.830688556674377,0.1582407692307692,0.021888384615384615,high_school_world_history
RLVR,q0045,3,0.6666666666666666,-0.409414,-0.7399581393612498,0.570312,0.160898,high_school_us_history
RLVR,q0046,18,0.2777777777777778,0.050560444444444436,0.03859480988349987,0.38178172222222223,0.4323421666666667,miscellaneous
RLVR,q0047,12,0.5833333333333334,-0.3944003333333333,-0.7036779003602768,0.5732421666666666,0.17884183333333334,high_school_physics
RLVR,q0048,19,0.5789473684210527,-0.397294,-0.6691129266385136,0.5688219473684211,0.17152794736842106,miscellaneous
RLVR,q0050,7,0.7142857142857143,-0.43274757142857145,-0.7271205170291759,0.560547,0.12779942857142856,astronomy
RLVR,q0051,1,1.0,-0.6630400000000001,-0.998460987076508,0.664062,0.001022,philosophy
RLVR,q0052,10,0.5,-0.2405242,-0.44010960639697644,0.46806649999999994,0.2275423,philosophy
RLVR,q0053,19,0.47368421052631576,-0.04536215789473684,-0.39355582605613443,0.08794036842105263,0.04257821052631579,miscellaneous
RLVR,q0054,16,0.6875,-0.10694643749999999,-0.6009176821186415,0.2183341875,0.11138775,high_school_geography
RLVR,q0055,14,0.5,-0.0017510714285714451,-0.38880749964962513,0.07234635714285716,0.07059528571428572,high_school_geography
RLVR,q0057,3,0.6666666666666666,-0.4151560000000001,-0.359533488092747,0.75,0.334844,anatomy
RLVR,q0058,16,0.75,-0.4990796875,-0.6673711871786974,0.716552625,0.2174729375,nutrition
RLVR,q0059,19,0.05263157894736842,0.0328531052631579,0.3489004475381885,0.7339637894736842,0.7668168947368421,high_school_geography
RLVR,q0062,19,0.21052631578947367,-0.22079178947368422,-0.11197420736869564,0.8928866842105263,0.672094894736842,college_biology
RLVR,q0063,16,0.375,-0.13296650000000002,-0.30756769847642046,0.446258625,0.313292125,astronomy
RLVR,q0064,10,0.2,-0.25618779999999997,-0.5519333322837924,0.4836913,0.2275035,high_school_us_history
RLVR,q0065,10,0.8,-0.7602171,-0.8710739576885832,0.8757811999999999,0.11556410000000002,high_school_geography
RLVR,q0068,14,0.7857142857142857,-0.5652080714285714,-0.7063086014464053,0.7988282857142857,0.23362021428571428,nutrition
RLVR,q0069,16,0.6875,-0.010590749999999996,-0.6218786410046357,0.0733491875,0.0627584375,world_religions
RLVR,q0070,16,0.625,-0.1467956875,-0.5869487162237507,0.304428125,0.1576324375,high_school_european_history
RLVR,q0071,17,0.47058823529411764,-0.40923847058823526,-0.3731789731406771,0.8718980588235294,0.46265958823529413,conceptual_physics
RLVR,q0073,18,0.6111111111111112,-0.2443087777777778,-0.39351816944079093,0.5404186666666667,0.2961098888888889,miscellaneous
RLVR,q0074,19,0.21052631578947367,-0.21227584210526312,-0.4896382888329538,0.45340784210526314,0.241132,miscellaneous
RLVR,q0075,19,0.42105263157894735,-0.26601794736842105,-0.12456089877975683,0.7477384736842105,0.4817205263157895,miscellaneous
RLVR,q0076,15,0.6666666666666666,-0.1414934,-0.583979857959233,0.28512360000000003,0.1436302,prehistory
RLVR,q0078,19,0.5263157894736842,-0.021495052631578925,-0.49707670617647864,0.18301542105263158,0.16152036842105263,college_biology
RLVR,q0081,18,0.7222222222222222,-0.3408743888888889,-0.6062744489889299,0.4970025555555556,0.15612816666666665,jurisprudence
RLVR,q0082,19,0.9473684210526315,-0.28792073684210523,-0.9893427586872625,0.2911955789473684,0.003274842105263158,high_school_us_history
RLVR,q0083,2,0.5,-0.192169,-0.7828305818351604,0.26855450000000003,0.07638550000000001,high_school_world_history
RLVR,q0085,14,0.5,-0.06878249999999998,-0.7308040951528648,0.08206607142857143,0.013283571428571428,high_school_european_history
RLVR,q0086,16,0.25,-0.28837725,-0.4769037386695185,0.6182861875,0.3299089375,conceptual_physics
RLVR,q0087,19,0.2631578947368421,-0.3797937368421052,-0.4282454742079568,0.8937087894736843,0.513915052631579,philosophy
RLVR,q0090,1,1.0,-0.884887,-0.9722366275671424,0.910156,0.025269,anatomy
RLVR,q0091,19,0.42105263157894735,-0.28403584210526317,-0.28039893165728913,0.7231703157894737,0.43913447368421055,miscellaneous
RLVR,q0092,18,0.8888888888888888,-0.4221904444444444,-0.8651224365603164,0.48844405555555553,0.06625361111111111,philosophy
RLVR,q0095,5,0.6,-0.3022416,-0.2996075018016538,0.6960938,0.3938522,high_school_us_history
RLVR,q0096,15,0.8,-0.0325178,-0.5878650079264008,0.13968906666666667,0.10717126666666667,world_religions
RLVR,q0097,2,1.0,-0.44807949999999996,-0.9667801001348542,0.4609375,0.012858000000000001,high_school_european_history
RLVR,q0098,15,0.4666666666666667,-0.13967426666666666,-0.6093100150797084,0.21821293333333333,0.07853866666666667,miscellaneous
RLVR,q0100,11,0.7272727272727273,-0.8240597272727274,-0.8462778487927625,0.9740767272727272,0.150017,high_school_biology
RLVR,q0101,9,1.0,-0.3197483333333333,-0.9409533161810553,0.3468967777777778,0.027148444444444444,nutrition
RLVR,q0104,4,1.0,-0.62148925,-0.9933921135902637,0.625,0.00351075,prehistory
RLVR,q0105,1,0.0,0.21875,0.9655193721806833,0.773438,0.992188,miscellaneous
RLVR,q0106,15,0.6666666666666666,-0.13375133333333336,-0.5953022773306836,0.321175,0.18742366666666666,high_school_world_history
RLVR,q0107,7,1.0,-0.8164490000000001,-0.9543111237755652,0.8504465714285715,0.033997571428571426,prehistory
RLVR,q0108,1,1.0,-0.6130249999999999,-0.9995825730782463,0.613281,0.000256,miscellaneous
RLVR,q0109,19,0.05263157894736842,0.07124142105263158,0.04553474996657088,0.3958162631578947,0.4670576842105263,world_religions
RLVR,q0110,19,0.7368421052631579,-0.4906288421052631,-0.6314802633698328,0.7724097894736841,0.281780947368421,miscellaneous
RLVR,q0112,18,0.8333333333333334,-0.4230303888888889,-0.8518086912606653,0.5001221111111112,0.07709172222222221,miscellaneous
RLVR,q0113,2,1.0,-0.995915,-0.9998203779928804,0.996094,0.00017900000000000001,college_biology
RLVR,q0114,18,0.2777777777777778,0.03769177777777779,-0.34707284429904306,0.11440861111111111,0.15210038888888888,miscellaneous
RLVR,q0115,12,0.08333333333333333,0.22554666666666665,0.4549449807311892,0.46533208333333337,0.69087875,high_school_biology
RLVR,q0118,17,0.7647058823529411,-0.30299194117647055,-0.6144667780616538,0.4887982352941177,0.18580629411764707,world_religions
RLVR,q0119,9,0.4444444444444444,-0.07719988888888889,-0.2640901857317623,0.43142377777777774,0.3542238888888889,nutrition
RLVR,q0121,15,0.2,-0.08271006666666667,-0.20045711033276767,0.4882814,0.40557133333333334,miscellaneous
RLVR,q0122,3,0.6666666666666666,-0.30537666666666663,-0.4440527157289407,0.6035156666666667,0.298139,philosophy
RLVR,q0123,14,0.6428571428571429,-0.43792292857142856,-0.8020752644288855,0.5239258571428571,0.08600292857142856,high_school_world_history
RLVR,q0124,15,0.4666666666666667,-0.15804633333333334,-0.22518415630666097,0.5515624666666666,0.39351613333333335,prehistory
RLVR,q0125,8,1.0,-0.446711125,-0.8618744637374921,0.470825125,0.024114000000000003,world_religions
RLVR,q0129,19,0.5263157894736842,-0.31749536842105264,-0.24968004518248624,0.6865684210526316,0.3690730526315789,prehistory
RLVR,q0130,5,0.8,-0.34150800000000003,-0.7431059259526267,0.40175799999999995,0.06024999999999999,high_school_world_history
RLVR,q0131,17,0.47058823529411764,-0.3538602941176471,-0.38899467274462474,0.8137638823529412,0.45990358823529415,prehistory
RLVR,q0132,3,1.0,-0.40684733333333334,-0.9718370292429023,0.41861966666666667,0.011772333333333334,high_school_geography
RLVR,q0133,14,0.21428571428571427,-0.3391852142857143,-0.28039140925540923,0.966796642857143,0.6276114285714286,high_school_biology
RLVR,q0134,9,0.7777777777777778,-0.5130442222222222,-0.7530738598748009,0.6783855555555556,0.16534133333333334,high_school_physics
RLVR,q0135,6,1.0,-0.7947771666666666,-0.9778291350219236,0.8131511666666666,0.018374,nutrition
RLVR,q0136,14,0.7142857142857143,-0.5621298571428571,-0.7060995848738179,0.8091515714285714,0.2470217142857143,philosophy
RLVR,q0137,8,1.0,-0.704609375,-0.9953875815128236,0.7070308750000001,0.0024215,conceptual_physics
RLVR,q0138,17,0.7647058823529411,-0.2627157647058823,-0.4822184945162456,0.5274297058823529,0.26471394117647057,prehistory
RLVR,q0139,11,0.9090909090909091,-0.7594549090909091,-0.7880725127165079,0.8757099090909091,0.116255,miscellaneous
RLVR,q0140,19,0.9473684210526315,-0.9426876842105262,-0.9453487349987743,0.9973274736842105,0.05463978947368422,nutrition
RLVR,q0141,3,0.3333333333333333,-0.410806,-0.5540218832212443,0.7708333333333334,0.3600273333333333,high_school_european_history
RLVR,q0142,18,0.6666666666666666,-0.6569193888888889,-0.6168732482282616,0.9704861111111112,0.3135667222222222,high_school_biology
RLVR,q0143,6,1.0,-0.7667223333333334,-0.9409624487608692,0.8131511666666666,0.04642883333333333,conceptual_physics
RLVR,q0144,1,0.0,0.125,0.6037743139916245,0.792969,0.917969,nutrition
RLVR,q0145,18,0.2777777777777778,-0.15444650000000001,0.13643453417083415,0.8355033888888889,0.6810568888888889,nutrition
RLVR,q0146,4,1.0,-0.307554,-0.511780102258994,0.43457049999999997,0.1270165,prehistory
RLVR,q0148,19,0.5263157894736842,-0.24753231578947368,-0.4212025077761396,0.574887,0.3273546842105263,miscellaneous
RLVR,q0149,7,0.2857142857142857,-0.04637228571428571,-0.23849001326842606,0.3503767142857143,0.30400442857142856,high_school_biology
RLVR,q0150,12,0.5,-0.28584058333333334,-0.5107655404899445,0.54402675,0.25818616666666666,high_school_us_history
RLVR,q0151,19,0.42105263157894735,-0.1590722105263158,-0.5009407839931715,0.46574963157894733,0.30667742105263157,miscellaneous
RLVR,q0152,6,0.6666666666666666,-0.31235850000000004,-0.9047695808726064,0.3342286666666667,0.021870166666666663,high_school_physics
RLVR,q0153,19,0.2631578947368421,-0.30993,-0.2369904984517792,0.9701892105263158,0.6602592105263158,nutrition
RLVR,q0154,10,0.5,-0.10018159999999998,-0.6527948640583037,0.1305665,0.030384900000000003,world_religions
RLVR,q0155,3,1.0,-0.8534446666666667,-0.8881280294642226,0.9596356666666667,0.106191,conceptual_physics
RLVR,q0157,5,1.0,-0.6057956,-0.949168130739273,0.634375,0.028579399999999998,philosophy
RLVR,q0159,18,0.2222222222222222,-0.35913399999999995,-0.4420115363419359,0.8079426666666667,0.4488086666666667,high_school_biology
RLVR,q0160,10,0.6,-0.5490595,-0.6111866490861706,0.9191404000000001,0.3700809,college_biology
RLVR,q0161,15,0.8666666666666667,-0.23400946666666664,-0.9033074867206997,0.25274253333333335,0.01873306666666667,high_school_us_history
RLVR,q0162,18,0.1111111111111111,0.03382705555555554,0.020122443505458092,0.4175076111111111,0.45133466666666666,miscellaneous
RLVR,q0164,11,0.36363636363636365,-0.2645490909090909,-0.5300217611262742,0.4178798181818182,0.15333072727272729,conceptual_physics
RLVR,q0165,19,0.15789473684210525,-0.16075294736842108,0.05783786148580836,0.8980263157894737,0.7372733684210526,miscellaneous
RLVR,q0166,1,0.0,0.050781,0.4999999999999998,0.898438,0.949219,anatomy
RLVR,q0167,10,0.9,-0.2132046,-0.6528658001043843,0.30410170000000003,0.0908971,prehistory
RLVR,q0169,16,0.5625,-0.13861712499999998,-0.546406803085332,0.25729375,0.11867662500000001,miscellaneous
RLVR,q0170,5,0.8,-0.455837,-0.8602006933372752,0.5214842,0.06564719999999999,high_school_us_history
RLVR,q0171,1,1.0,-0.2753909999999999,-0.405172667459187,0.679688,0.404297,philosophy
RLVR,q0172,2,0.5,-0.33691449999999995,-0.4174050047383182,0.851563,0.5146485,high_school_biology
RLVR,q0175,19,0.3157894736842105,-0.2772328947368421,-0.007885425578577158,0.8803454210526315,0.6031125263157895,miscellaneous
RLVR,q0176,4,0.5,-0.05090350000000003,-0.20647668471759464,0.364746,0.31384249999999997,astronomy
RLVR,q0179,4,1.0,-0.08182624999999995,-0.9459221929162867,0.08407575,0.0022495,miscellaneous
RLVR,q0180,1,1.0,-0.089229,-0.9985898942420681,0.089355,0.000126,global_facts
RLVR,q0183,3,0.6666666666666666,-0.09049466666666663,-0.017144119388262435,0.6354166666666666,0.544922,miscellaneous
RLVR,q0185,17,0.6470588235294118,-0.32744211764705883,-0.5331170447081628,0.5991498235294117,0.27170770588235293,high_school_world_history
RLVR,q0186,4,0.5,-0.08764525000000005,-0.4411391784644441,0.19604525,0.1084,high_school_physics
RLVR,q0187,12,0.5,-0.2600436666666667,-0.5205758869196329,0.48681624999999995,0.2267725833333333,college_biology
RLVR,q0188,17,0.47058823529411764,-0.2772708235294118,-0.5600973573013021,0.46613623529411763,0.1888654117647059,world_religions
RLVR,q0189,19,0.631578947368421,-0.6101726842105263,-0.6864640574518922,0.8678043157894736,0.25763163157894736,high_school_chemistry
RLVR,q0191,19,0.631578947368421,-0.3584732105263158,-0.383523535751838,0.6948496842105264,0.33637647368421053,prehistory
RLVR,q0194,18,0.5555555555555556,-0.4417638333333333,-0.444379256497842,0.8171658333333334,0.375402,prehistory
RLVR,q0196,10,0.3,-0.31444710000000003,-0.2793106124933449,0.909375,0.5949279,miscellaneous
RLVR,q0198,18,0.2777777777777778,-0.25180027777777775,-0.3369205920860836,0.6039496111111111,0.35214933333333337,jurisprudence
RLVR,q0199,7,0.8571428571428571,-0.11923514285714283,-0.7530538788218085,0.14617042857142856,0.026935285714285717,philosophy
RLVR,q0200,2,0.5,-0.12109149999999999,-0.43129085493874564,0.4003905,0.279299,global_facts
RLVR,q0201,10,0.6,-0.23666560000000003,-0.6904640694069508,0.33041960000000004,0.093754,prehistory
RLVR,q0203,14,0.2857142857142857,-0.3073246428571429,-0.15871455833619125,0.8783482142857143,0.5710235714285714,anatomy
RLVR,q0208,19,0.2631578947368421,-0.19492063157894735,0.048164848989699006,0.8922697368421053,0.6973491052631579,nutrition
RLVR,q0209,19,0.2631578947368421,0.0050247894736841795,0.1717647604212566,0.5807462631578947,0.5857710526315789,miscellaneous
RLVR,q0210,19,0.631578947368421,-0.4261347894736843,-0.5779407521065753,0.6688938421052631,0.24275905263157896,miscellaneous
RLVR,q0211,16,0.6875,-0.09038925,-0.6104194647706381,0.17057806250000002,0.0801888125,world_religions
RLVR,q0214,6,1.0,-0.275793,-0.926885809958108,0.2988281666666667,0.023035166666666666,global_facts
RLVR,q0215,10,0.2,-0.00124510000000001,-0.3166744604714366,0.1125489,0.1113038,high_school_world_history
RLVR,q0216,14,0.7857142857142857,-0.3341409285714286,-0.7464677856460092,0.4515905,0.11744957142857144,world_religions
RLVR,q0217,1,1.0,-0.008789,-0.04639145328920629,0.189453,0.180664,global_facts
RLVR,q0218,19,0.6842105263157895,-0.46984526315789477,-0.5191143460169603,0.7742599473684211,0.3044146842105263,jurisprudence
RLVR,q0220,10,0.6,-0.3436878,-0.6414791860037728,0.5496094,0.2059216,nutrition
RLVR,q0222,19,0.6842105263157895,-0.608672,-0.5551753695787202,0.9072778421052631,0.2986058421052632,nutrition
RLVR,q0223,14,0.6428571428571429,-0.044631142857142855,-0.6009821493928761,0.16539657142857142,0.12076542857142857,high_school_geography
RLVR,q0224,5,0.8,-0.5340642,-0.9449940508055024,0.5679687999999999,0.03390459999999999,high_school_geography
RLVR,q0225,14,0.42857142857142855,-0.42323500000000003,-0.7158821890312338,0.5801477142857143,0.1569127142857143,nutrition
RLVR,q0226,5,0.4,-0.30136739999999995,-0.945236155681269,0.3212892,0.019921799999999996,miscellaneous
RLVR,q0227,19,0.2631578947368421,-0.37481394736842105,-0.23600601671177535,0.8643091052631577,0.4894951578947368,conceptual_physics
RLVR,q0229,18,0.5555555555555556,-0.22311650000000002,-0.6837928430091821,0.35206444444444446,0.12894794444444446,miscellaneous
RLVR,q0230,18,0.2777777777777778,-0.020443388888888876,-0.2119596414935032,0.38388405555555555,0.3634406666666667,world_religions
RLVR,q0231,9,0.2222222222222222,-0.2992613333333333,-0.3959350648136373,0.7230903333333334,0.423829,high_school_european_history
RLVR,q0232,15,0.3333333333333333,-0.3475012,-0.2815683117212302,0.8348958666666667,0.4873946666666667,conceptual_physics
RLVR,q0233,15,0.4666666666666667,-0.3298988666666666,-0.29355386325473243,0.8395832666666666,0.5096844,miscellaneous
RLVR,q0235,4,0.5,-0.4544255,-0.7201967600536501,0.571289,0.1168635,miscellaneous
RLVR,q0236,7,0.7142857142857143,-0.2282062857142857,-0.6011208120250222,0.4114121428571429,0.18320585714285714,jurisprudence
RLVR,q0237,18,0.3888888888888889,-0.428457,-0.33259862575624133,0.9262152222222222,0.4977582222222222,high_school_biology
RLVR,q0238,19,0.8421052631578947,-0.5128748421052631,-0.7967337480506085,0.6417042105263158,0.12882936842105264,miscellaneous
RLVR,q0239,17,0.23529411764705882,-0.4006124117647059,-0.323948402795772,0.9738051764705882,0.5731927647058823,miscellaneous
RLVR,q0242,18,0.2777777777777778,-0.1169633888888889,-0.3576509418490595,0.41984044444444446,0.30287705555555555,prehistory
RLVR,q0243,19,0.3157894736842105,-0.21592452631578948,-0.04147305889106366,0.797903,0.5819784736842105,prehistory
RLVR,q0245,11,0.2727272727272727,0.028125090909090922,-0.02008968925495637,0.3788174545454545,0.40694254545454545,high_school_european_history
RLVR,q0247,9,0.3333333333333333,-0.022927999999999973,-0.48723142066134095,0.13327355555555556,0.11034555555555554,high_school_biology
RLVR,q0248,14,0.6428571428571429,-0.3904471428571429,-0.5942456614559776,0.5800781428571428,0.18963100000000002,prehistory
RLVR,q0250,19,0.7368421052631579,-0.6937802631578948,-0.6554698083458862,0.9397616315789474,0.24598136842105262,conceptual_physics
RLVR,q0252,7,0.5714285714285714,-0.5977602857142857,-0.6666057896331307,0.8945311428571429,0.2967708571428571,high_school_biology
RLVR,q0253,11,0.9090909090909091,-0.7238656363636363,-0.8909917391185854,0.7943890909090908,0.07052345454545454,nutrition
RLVR,q0254,1,1.0,-0.44131,-0.9997825131511578,0.441406,9.6e-05,high_school_world_history
RLVR,q0255,14,0.5,-0.17607935714285716,-0.36988655228719974,0.42497921428571434,0.24889985714285714,high_school_biology
RLVR,q0256,8,0.625,-0.3843095,-0.5156347067261272,0.66943375,0.28512425,global_facts
RLVR,q0258,16,0.375,-0.15359850000000003,-0.25381945430450265,0.537964,0.38436549999999997,miscellaneous
RLVR,q0259,14,0.5714285714285714,-0.17510985714285715,-0.4852612080929612,0.28397028571428573,0.10886042857142857,high_school_european_history
RLVR,q0260,4,0.75,-0.48187349999999995,-0.6048731844440741,0.703125,0.22125150000000002,anatomy
RLVR,q0261,1,1.0,-0.445262,-0.9998877191721759,0.445312,5e-05,anatomy
RLVR,q0263,10,0.5,-0.4750639,-0.5528525143020697,0.7810547999999999,0.30599089999999995,miscellaneous
RLVR,q0264,6,0.3333333333333333,-0.17545516666666672,0.11048784612912581,0.8535156666666667,0.6780605,anatomy
RLVR,q0265,2,1.0,-0.49266,-0.895589569704222,0.5791014999999999,0.0864415,prehistory
RLVR,q0266,1,1.0,-0.751464,-0.9160709583670603,0.820312,0.068848,prehistory
RLVR,q0267,2,1.0,-0.0211285,-0.9506475126090901,0.022156000000000002,0.0010275,high_school_european_history
RLVR,q0268,8,0.75,-0.41150987499999997,-0.5425032848511229,0.6767577499999999,0.265247875,miscellaneous
RLVR,q0269,19,0.2631578947368421,-0.12429247368421055,0.1494405682315438,0.7767270526315789,0.6524345789473684,miscellaneous
RLVR,q0270,7,1.0,-0.26343,-0.9376019092240838,0.27859942857142855,0.015169428571428572,high_school_geography
RLVR,q0271,18,0.5,-0.5273951666666666,-0.5067837513261806,0.9648437777777777,0.4374486111111111,high_school_biology
RLVR,q0273,19,0.5263157894736842,-0.19150347368421053,-0.6738799337616979,0.3472449473684211,0.1557414736842105,miscellaneous
RLVR,q0274,17,0.35294117647058826,-0.12358947058823526,-0.07307638352845017,0.6038027058823529,0.48021323529411764,high_school_geography
RLVR,q0275,19,0.3684210526315789,-0.3444123684210526,-0.2941894960710748,0.7948190526315789,0.4504066842105263,miscellaneous
RLVR,q0276,12,0.5833333333333334,-0.20901650000000002,-0.46733076348330743,0.3840331666666667,0.17501666666666668,conceptual_physics
RLVR,q0279,8,0.625,-0.36778625,-0.5273729918128535,0.63696275,0.2691765,astronomy
RLVR,q0280,18,0.16666666666666666,-0.03124466666666668,0.08849609952581045,0.717014,0.6857693333333333,nutrition
RLVR,q0283,13,0.6153846153846154,-0.19896961538461536,-0.637946560332519,0.2852877692307692,0.08631815384615385,high_school_geography
RLVR,q0285,3,0.6666666666666666,-0.2191976666666667,-0.308131233484724,0.5690106666666667,0.349813,anatomy
RLVR,q0286,10,1.0,-0.7862335,-0.955550663844625,0.8261718,0.039938299999999996,high_school_geography
RLVR,q0287,9,0.6666666666666666,-0.16549288888888888,-0.5527637652642153,0.3802083333333333,0.21471544444444446,high_school_chemistry
RLVR,q0288,19,0.3684210526315789,-0.15938168421052631,-0.1766138861610636,0.5953434736842106,0.43596178947368425,miscellaneous
RLVR,q0289,6,0.8333333333333334,-0.20039099999999999,-0.5542382942044951,0.4195963333333334,0.21920533333333334,miscellaneous
RLVR,q0290,7,0.8571428571428571,-0.7711644285714286,-0.8920442313846001,0.8772318571428571,0.10606742857142858,philosophy
RLVR,q0291,7,0.8571428571428571,-0.7124277142857143,-0.7839792573882233,0.8995535714285714,0.18712585714285712,conceptual_physics
RLVR,q0292,2,1.0,-0.5262549999999999,-0.9682465337935551,0.5400395,0.0137845,anatomy
RLVR,q0293,11,0.45454545454545453,-0.44635145454545455,-0.447600213120922,0.8899147272727272,0.44356327272727275,high_school_biology
RLVR,q0294,18,0.1111111111111111,-0.10731366666666667,-0.2469913060869403,0.5169542222222222,0.40964055555555556,miscellaneous
RLVR,q0295,6,0.8333333333333334,-0.10892966666666666,-0.5677549789116618,0.29296883333333334,0.18403916666666664,philosophy
RLVR,q0298,18,0.7222222222222222,-0.2111481111111111,-0.7906798165307243,0.3490669444444444,0.13791883333333332,prehistory
RLVR,q0300,1,1.0,-0.8665889999999999,-0.9993092616595248,0.867188,0.000599,anatomy
RLVR,q0302,19,0.631578947368421,-0.3361781052631579,-0.6805169044430918,0.4784127894736842,0.14223468421052632,miscellaneous
RLVR,q0304,17,0.8823529411764706,-0.3564511176470588,-0.9375757809017736,0.3768955882352941,0.020444470588235297,prehistory
RLVR,q0305,4,0.75,-0.5941235,-0.5156815896372828,0.8466795,0.252556,miscellaneous
RLVR,q0306,6,1.0,-0.850774,-0.9800976472943658,0.8678381666666667,0.01706416666666667,nutrition
RLVR,q0311,12,0.5833333333333334,-0.61688375,-0.6250465956814872,0.9827475833333333,0.36586383333333333,college_biology
RLVR,q0312,18,0.16666666666666666,-0.14983611111111111,0.27167370419958914,0.929687611111111,0.7798514999999999,jurisprudence
RLVR,q0315,3,1.0,-0.8978673333333332,-0.936677219589483,0.958333,0.06046566666666666,philosophy
RLVR,q0316,15,0.8,-0.35987420000000003,-0.7550411282309433,0.4994138666666667,0.13953966666666667,high_school_world_history
RLVR,q0318,14,0.7142857142857143,-0.4536903571428571,-0.8221369381952488,0.5830775,0.12938714285714287,miscellaneous
RLVR,q0319,2,0.5,-0.5014645,-0.5167861971518866,0.9589840000000001,0.45751949999999997,high_school_biology
RLVR,q0320,13,0.5384615384615384,-0.01457807692307689,-0.401833414468011,0.13440630769230769,0.11982823076923076,high_school_world_history
RLVR,q0321,7,0.7142857142857143,-0.2982795714285714,-0.7863702321980186,0.364537,0.06625742857142856,high_school_european_history
RLVR,q0325,18,0.7777777777777778,-0.11257349999999998,-0.6249213114212147,0.17756483333333334,0.06499133333333333,world_religions
RLVR,q0326,15,0.6,-0.1669028,-0.4583767905788111,0.3766276666666667,0.20972486666666665,jurisprudence
RLVR,q0327,12,0.5833333333333334,-0.26285825,-0.7083995260007754,0.37272124999999995,0.109863,conceptual_physics
RLVR,q0331,8,0.5,0.025749875000000012,-0.6199080443687268,0.05289475,0.078644625,high_school_world_history
RLVR,q0333,7,0.5714285714285714,-0.3544587142857143,-0.6971320050702831,0.5097657142857143,0.155307,miscellaneous
RLVR,q0334,14,0.5,-0.23800349999999998,-0.5701855488223322,0.470773,0.23276950000000002,nutrition
RLVR,q0337,16,0.625,-0.2228245625,-0.7771075393418906,0.3017273125,0.07890275,high_school_biology
RLVR,q0338,19,0.7368421052631579,-0.5395824736842105,-0.6184583951867083,0.8131167894736842,0.2735343157894737,miscellaneous
RLVR,q0339,4,0.0,-0.20800799999999997,-0.22697240473466956,0.917969,0.7099610000000001,miscellaneous
RLVR,q0341,19,0.5789473684210527,-0.6722815789473685,-0.6506260881520681,0.8721217894736842,0.1998402105263158,miscellaneous
RLVR,q0344,7,0.2857142857142857,-0.12358828571428573,-0.2856566627539931,0.41650371428571425,0.29291542857142855,jurisprudence
RLVR,q0345,16,0.375,-0.31488075,-0.47984302074422247,0.620575,0.30569425,philosophy
RLVR,q0346,9,0.8888888888888888,-0.684838,-0.882618843079332,0.7829861111111112,0.09814811111111112,anatomy
RLVR,q0347,6,0.3333333333333333,-0.24187933333333334,-0.34959116502929416,0.5662433333333333,0.32436400000000004,philosophy
RLVR,q0348,10,0.4,-0.5000579,-0.5067936519858195,0.9914064999999999,0.49134859999999997,philosophy
RLVR,q0349,19,0.21052631578947367,-0.2094893157894737,0.13401015679364167,0.8863075789473683,0.6768182631578948,nutrition
RLVR,q0351,19,0.5789473684210527,-0.6384197368421053,-0.6675977156167586,0.9660774736842105,0.32765773684210525,high_school_biology
RLVR,q0353,1,1.0,-0.132812,-0.3636353680106453,0.365234,0.232422,astronomy
RLVR,q0354,1,1.0,-0.364257,-0.7173067985790016,0.507812,0.143555,prehistory
RLVR,q0355,1,0.0,0.113281,0.1266373105012571,0.105469,0.21875,jurisprudence
RLVR,q0356,1,1.0,-0.5048060000000001,-0.9940804864792483,0.507812,0.003006,high_school_us_history
RLVR,q0357,18,0.3888888888888889,-0.45400788888888893,-0.6512309522781695,0.6672092222222222,0.21320133333333333,miscellaneous
RLVR,q0358,14,0.5,-0.3076472142857143,-0.4164955646673412,0.6102467857142857,0.3025995714285714,college_biology
RLVR,q0359,15,0.3333333333333333,-0.3533039333333334,-0.38584853087857063,0.8572915333333333,0.5039876,high_school_geography
RLVR,q0361,6,0.8333333333333334,-0.3249395,-0.8185137302881839,0.35449200000000003,0.0295525,prehistory
RLVR,q0362,18,0.7222222222222222,-0.4761895,-0.8158179661111898,0.6490341666666667,0.17284466666666667,jurisprudence
RLVR,q0363,3,1.0,-0.33866833333333335,-0.9163084907994482,0.34187800000000007,0.0032096666666666667,high_school_world_history
RLVR,q0364,6,0.5,-0.5000725,-0.5586168149504268,0.9296873333333333,0.42961483333333333,prehistory
RLVR,q0365,5,1.0,-0.1566842,-0.9413001305576415,0.1615236,0.0048394,high_school_geography
RLVR,q0366,7,0.7142857142857143,-0.22714071428571428,-0.7181683565810255,0.2612652857142857,0.03412457142857143,world_religions
RLVR,q0368,16,0.375,-0.2014728125,-0.35524538442113773,0.5562743125,0.3548015,miscellaneous
RLVR,q0369,19,0.5789473684210527,-0.31755852631578946,-0.4792549941650137,0.6409076842105264,0.32334915789473684,miscellaneous
RLVR,q0370,8,0.875,-0.4967405,-0.8210281430858899,0.6086425,0.111902,conceptual_physics
RLVR,q0371,15,0.9333333333333333,-0.7730767333333333,-0.9419823416533455,0.8208331999999999,0.04775646666666667,high_school_biology
RLVR,q0372,19,0.8421052631578947,-0.4684434210526316,-0.8615243798030612,0.5510896842105263,0.08264626315789474,philosophy
RLVR,q0373,2,1.0,-0.4146885,-0.9921513317973343,0.417969,0.0032805,college_biology
RLVR,q0374,3,1.0,-0.508207,-0.9908337219150436,0.51237,0.004163000000000001,philosophy
RLVR,q0376,5,0.8,-0.07018419999999996,-0.7684371545752992,0.097119,0.026934800000000002,miscellaneous
RLVR,q0377,12,0.6666666666666666,-0.2593151666666667,-0.4969477271454095,0.5371093333333333,0.2777941666666667,jurisprudence
RLVR,q0380,8,0.375,-0.11064875000000002,-0.2733533853993869,0.47351062499999996,0.362861875,high_school_world_history
RLVR,q0381,1,1.0,-0.374998,-0.9999946666666667,0.375,2e-06,high_school_geography
RLVR,q0383,10,0.4,-0.08101620000000001,0.07587188895774319,0.5850584000000001,0.5040422,philosophy
RLVR,q0384,15,0.4,-0.12715733333333332,-0.24511935736013726,0.5428711333333334,0.41571379999999997,high_school_world_history
RLVR,q0385,5,0.6,-0.06042559999999999,-0.5985647488950102,0.2132812,0.1528556,world_religions
RLVR,q0386,1,1.0,-0.146475,-0.9999385598427132,0.146484,9e-06,global_facts
RLVR,q0387,4,0.75,-0.4979205,-0.5880929586426062,0.72558625,0.22766575,nutrition
RLVR,q0388,15,0.7333333333333333,-0.6262608000000001,-0.7107033799521965,0.9122397333333333,0.28597893333333335,philosophy
RLVR,q0390,7,0.5714285714285714,-0.1831435714285714,-0.7652475724271266,0.23458414285714285,0.05144057142857143,prehistory
RLVR,q0392,8,0.875,-0.11299962499999999,-0.7792344532913691,0.163299375,0.05029975,high_school_european_history
RLVR,q0393,7,0.7142857142857143,-0.29901314285714287,-0.7053304714087186,0.4143417142857143,0.11532857142857143,high_school_geography
RLVR,q0394,8,0.5,-0.147136375,-0.039905962538740444,0.65673825,0.509601875,high_school_chemistry
RLVR,q0395,19,0.10526315789473684,-0.19289705263157889,-0.1943208782072013,0.9899261052631579,0.797029052631579,college_biology
RLVR,q0397,10,0.8,-0.5949155,-0.9316311683983407,0.6320313,0.0371158,miscellaneous
RLVR,q0398,19,0.8947368421052632,-0.28439978947368416,-0.931421139055887,0.2973634210526315,0.012963631578947369,miscellaneous
RLVR,q0399,3,0.6666666666666666,-0.4695473333333333,-0.6259965988753227,0.5167236666666667,0.04717633333333333,high_school_us_history
RLVR,q0403,19,0.631578947368421,-0.4718444210526315,-0.565104158085353,0.7062603157894737,0.23441589473684213,prehistory
RLVR,q0404,19,0.6842105263157895,-0.608493947368421,-0.5915303697976548,0.9134457368421053,0.3049517894736842,philosophy
RLVR,q0406,19,0.15789473684210525,-0.04479668421052632,0.20385532795066477,0.7294408947368421,0.6846442105263159,miscellaneous
RLVR,q0407,19,0.5789473684210527,-0.1924767894736842,-0.45828952755866653,0.4387527894736842,0.246276,philosophy
RLVR,q0408,11,0.45454545454545453,-0.14874818181818178,-0.9081924384461573,0.17045454545454544,0.021706363636363638,miscellaneous
RLVR,q0409,18,0.4444444444444444,-0.1863673888888889,-0.2964053308385013,0.5705295,0.3841621111111111,miscellaneous
RLVR,q0411,16,0.75,-0.3788219375,-0.9197247886841832,0.4014129375,0.022591,high_school_chemistry
RLVR,q0412,17,0.29411764705882354,-0.18285476470588236,-0.04188227621411719,0.7394300588235294,0.5565752941176471,prehistory
RLVR,q0413,19,0.05263157894736842,-0.21777094736842104,-0.06341191782808833,0.8351152631578947,0.6173443157894737,conceptual_physics
RLVR,q0414,17,0.29411764705882354,-0.3688961176470588,-0.12894965954618207,0.9326745882352941,0.5637784705882353,college_biology
RLVR,q0415,13,0.3076923076923077,-0.14243084615384616,0.05282767317783969,0.7602163076923076,0.6177854615384616,conceptual_physics
RLVR,q0416,13,0.9230769230769231,-0.5476072307692308,-0.8432537211353608,0.6332632307692307,0.08565600000000001,prehistory
RLVR,q0419,8,0.75,-0.0007131250000000002,-0.5374028898048615,0.044983125,0.044270000000000004,world_religions
RLVR,q0420,19,0.8947368421052632,-0.6013120526315789,-0.8581864222561546,0.7018913684210526,0.10057931578947368,miscellaneous
RLVR,q0421,11,0.6363636363636364,-0.6826200909090909,-0.7146215561518022,0.9012785454545454,0.21865845454545454,anatomy
RLVR,q0422,6,0.6666666666666666,-0.31144200000000005,-0.48461848375932964,0.6158853333333333,0.30444333333333334,miscellaneous
RLVR,q0423,9,0.6666666666666666,-0.17097633333333334,-0.6767101260483822,0.2705078888888889,0.09953155555555554,high_school_biology
RLVR,q0424,1,0.0,-0.0107419999999999,-0.2256390866889302,0.047607,0.036865,nutrition
RLVR,q0426,3,1.0,-0.8359676666666666,-0.9804406396678035,0.8528643333333333,0.016896666666666667,philosophy
RLVR,q0427,17,0.17647058823529413,-0.10904476470588237,-0.5329139710662989,0.29839723529411766,0.1893524705882353,miscellaneous
RLVR,q0428,19,0.5263157894736842,-0.5386703157894737,-0.5518655812136966,0.9631991578947369,0.42452884210526315,prehistory
RLVR,q0429,18,0.16666666666666666,-0.18614127777777775,-0.3713307040995902,0.5623914444444444,0.37625016666666666,conceptual_physics
RLVR,q0430,15,0.26666666666666666,0.035925666666666634,0.14362354904540137,0.5270834666666667,0.5630091333333334,anatomy
RLVR,q0431,11,0.8181818181818182,-0.774472909090909,-0.8264048354929112,0.9282671818181818,0.15379427272727272,high_school_geography
RLVR,q0432,19,0.10526315789473684,-0.08388168421052632,0.02269915048016005,0.7986226842105263,0.714741,miscellaneous
RLVR,q0434,5,1.0,-0.5166234000000001,-0.8044348063722438,0.628125,0.1115016,high_school_geography
RLVR,q0435,4,0.5,-0.046858999999999956,-0.06804600795709237,0.54687475,0.50001575,miscellaneous
RLVR,q0436,19,0.5789473684210527,-0.6065732105263159,-0.58965990773665,0.9796465263157895,0.37307331578947367,nutrition
RLVR,q0437,17,0.7058823529411765,-0.5376024705882353,-0.5551959688166698,0.8391543529411765,0.30155188235294117,prehistory
RLVR,q0438,15,0.4666666666666667,-0.505777,-0.5679112542052499,0.8661458666666667,0.3603688666666667,college_biology
RLVR,q0440,16,0.4375,-0.3043083125,-0.6647344924523986,0.496704,0.1923956875,high_school_biology
RLVR,q0441,18,0.8333333333333334,-0.5994466666666667,-0.7181900140771695,0.8200953888888889,0.22064872222222223,conceptual_physics
RLVR,q0442,13,0.6153846153846154,-0.6151813846153846,-0.6443317733862346,0.885817076923077,0.2706356923076923,high_school_biology
RLVR,q0443,17,0.23529411764705882,-0.028688294117647044,-0.24269639588080708,0.3072294705882353,0.27854117647058824,miscellaneous
RLVR,q0444,19,0.47368421052631576,-0.22607305263157895,-0.5435643269761666,0.48201063157894736,0.2559375789473684,prehistory
RLVR,q0445,17,0.29411764705882354,-0.280012,-0.36679893706887867,0.6705824117647059,0.39057041176470586,prehistory
RLVR,q0446,2,1.0,-0.648132,-0.9763963024332418,0.665039,0.016907000000000002,philosophy
RLVR,q0448,13,0.38461538461538464,-0.4697826153846154,-0.5163353619966163,0.7450421538461539,0.27525953846153844,jurisprudence
RLVR,q0449,16,0.375,-0.0794700625,-0.4800797484196251,0.12442775,0.0449576875,high_school_world_history
RLVR,q0453,1,1.0,-0.41595,-0.9998413522556825,0.416016,6.6e-05,college_chemistry
RLVR,q0454,4,1.0,-0.12235999999999997,-0.9919388661035583,0.12365725,0.00129725,philosophy
RLVR,q0455,19,0.5789473684210527,-0.26862936842105267,-0.3098650700100815,0.7040500526315789,0.4354206842105263,astronomy
RLVR,q0456,19,0.05263157894736842,0.022057421052631566,0.03343482763542513,0.5018502105263158,0.5239076315789474,miscellaneous
RLVR,q0460,19,0.47368421052631576,-0.23427315789473682,-0.29023352281060777,0.581106,0.34683284210526316,miscellaneous
RLVR,q0462,17,0.5882352941176471,-0.1962806470588235,-0.6495823853589296,0.35535370588235293,0.1590730588235294,miscellaneous
RLVR,q0463,6,0.8333333333333334,-0.23698416666666666,-0.8531899448172977,0.275228,0.03824383333333333,high_school_chemistry
RLVR,q0464,15,0.8666666666666667,-0.5197426666666667,-0.802595433013101,0.6338542,0.11411153333333333,miscellaneous
RLVR,q0469,7,0.5714285714285714,-0.4112162857142857,-0.5477407124863541,0.6710031428571429,0.25978685714285715,world_religions
RLVR,q0470,17,0.29411764705882354,-0.0025356470588235413,-0.2262116925169969,0.22210341176470585,0.21956776470588235,philosophy
RLVR,q0471,12,0.8333333333333334,-0.4771651666666666,-0.8279585683842422,0.5893556666666666,0.11219050000000001,anatomy
RLVR,q0472,8,0.75,-0.139728,-0.9323052383069483,0.14453125,0.00480325,high_school_us_history
RLVR,q0474,3,1.0,-0.8531666666666666,-0.9477110205611995,0.8997396666666667,0.046573,high_school_biology
RLVR,q0476,19,0.47368421052631576,-0.2760924736842105,-0.07500613277491297,0.8068462105263158,0.5307537368421054,miscellaneous
RLVR,q0477,17,0.35294117647058826,-0.3638069411764706,-0.35852673046276307,0.8791360588235294,0.5153291176470588,high_school_biology
RLVR,q0478,7,0.8571428571428571,-0.029990857142857135,-0.730863085454071,0.15171614285714283,0.12172528571428573,world_religions
RLVR,q0479,15,0.2,-0.11803386666666667,-0.04967397380536995,0.6381510666666668,0.5201172,high_school_biology
RLVR,q0480,14,0.35714285714285715,-0.1634305714285714,-0.3186508873568853,0.5041853571428572,0.3407547857142857,high_school_biology
RLVR,q0482,13,0.6153846153846154,-0.21051615384615385,-0.6185158034593715,0.33375923076923075,0.12324307692307693,global_facts
RLVR,q0483,7,0.5714285714285714,-0.21384085714285714,-0.7380726565971649,0.2626255714285714,0.048784714285714285,high_school_world_history
RLVR,q0484,10,0.8,-0.4041785,-0.7449200981207498,0.5036132999999999,0.0994348,high_school_biology
RLVR,q0485,18,0.3333333333333333,-0.1217927222222222,-0.47946463422197805,0.3013915555555556,0.17959883333333332,prehistory
RLVR,q0487,10,0.7,-0.25026889999999996,-0.8919042537011406,0.2794434,0.0291745,high_school_world_history
RLVR,q0489,16,0.25,-0.37514018749999994,-0.3342884414518703,0.9724120625,0.597271875,nutrition
RLVR,q0490,19,0.3157894736842105,-0.30522705263157895,-0.2515098491553823,0.7917352631578948,0.48650821052631577,miscellaneous
RLVR,q0491,1,0.0,0.144532,0.2761205720639311,0.476562,0.621094,global_facts
RLVR,q0492,17,0.5882352941176471,-0.28827135294117645,-0.5672291540703132,0.5189566470588235,0.23068529411764707,high_school_geography
RLVR,q0493,16,0.8125,-0.523120625,-0.7714458758304468,0.6357421875,0.1126215625,high_school_biology
RLVR,q0495,7,0.14285714285714285,-0.09088057142857144,-0.022243043503498944,0.7530691428571429,0.6621885714285715,high_school_world_history
RLVR,q0496,3,0.6666666666666666,-0.18717366666666668,-0.9637607915667866,0.19205766666666668,0.0048839999999999995,miscellaneous
RLVR,q0497,16,0.875,-0.6945288125,-0.8230733285662055,0.824707,0.13017818750000001,nutrition
RLVR,q0498,1,1.0,-0.470031,-0.9944462780542296,0.472656,0.002625,conceptual_physics
RLVR,q0499,8,0.875,-0.36878924999999996,-0.946044165391051,0.38855012499999997,0.019760875,miscellaneous
RLVR,q0500,6,0.16666666666666666,-0.045083166666666674,0.07397185792476353,0.5400391666666667,0.494956,conceptual_physics
SFT,q0001,18,0.5555555555555556,-0.08704077777777774,-0.6682275991101294,0.10956483333333333,0.022524055555555554,college_biology
SFT,q0003,18,0.2777777777777778,-0.08000199999999999,-0.307239098624265,0.2991673888888889,0.2191653888888889,prehistory
SFT,q0004,9,0.3333333333333333,-0.07331522222222223,-0.6439563417155983,0.09784611111111112,0.02453088888888889,high_school_us_history
SFT,q0005,13,0.7692307692307693,-0.22388353846153844,-0.6834546631506798,0.34607853846153847,0.122195,philosophy
SFT,q0006,18,0.7222222222222222,-0.20953738888888887,-0.7444298264777984,0.2543402777777778,0.044802888888888885,philosophy
SFT,q0009,4,1.0,-0.2822875,-0.7232192082465416,0.37939449999999997,0.097107,conceptual_physics
SFT,q0010,17,0.29411764705882354,-0.08646229411764705,-0.4986294497580275,0.21617923529411764,0.12971694117647056,high_school_biology
SFT,q0011,1,1.0,-0.087768,-0.9170872386445567,0.095703,0.007935,high_school_world_history
SFT,q0012,7,0.5714285714285714,-0.30616114285714285,-0.42841438652081426,0.6562498571428571,0.35008871428571425,philosophy
SFT,q0013,9,0.3333333333333333,-0.13914666666666664,-0.778533234954161,0.1824002222222222,0.04325355555555556,miscellaneous
SFT,q0014,19,0.9473684210526315,-0.21217726315789473,-0.9506532564154796,0.21885273684210527,0.006675473684210526,high_school_geography
SFT,q0015,17,0.058823529411764705,-0.12055876470588232,-0.5866083960361912,0.161736,0.041177235294117646,miscellaneous
SFT,q0017,3,1.0,-0.39147899999999997,-0.9454598586685085,0.414062,0.022583000000000002,high_school_us_history
SFT,q0018,18,0.5555555555555556,-0.2935426666666667,-0.5283539605912179,0.5792644444444445,0.28572177777777774,miscellaneous
SFT,q0019,18,0.6666666666666666,-0.18403405555555555,-0.76129684106786,0.2482096666666667,0.06417561111111111,astronomy
SFT,q0020,1,1.0,-0.13916,-0.567728880493805,0.245117,0.105957,miscellaneous
SFT,q0021,1,0.0,-0.146729,-0.8635079624769012,0.169922,0.023193,miscellaneous
SFT,q0022,3,1.0,-0.4163103333333333,-0.8464088112388802,0.5156246666666666,0.09931433333333332,anatomy
SFT,q0023,9,0.1111111111111111,-0.041195666666666665,-0.5018219196570599,0.06768133333333333,0.026485666666666668,conceptual_physics
SFT,q0024,19,0.7368421052631579,-0.5350643684210526,-0.8104932657817139,0.6656045263157895,0.13054015789473683,miscellaneous
SFT,q0025,10,0.2,-0.14213889999999996,-0.7794899871792392,0.1822267,0.0400878,high_school_biology
SFT,q0028,19,0.2631578947368421,-0.33717384210526313,-0.6404273223465684,0.5656866842105263,0.22851284210526318,nutrition
SFT,q0029,7,0.5714285714285714,-0.0018441428571428498,-0.30327454008308063,0.28233114285714284,0.280487,conceptual_physics
SFT,q0031,19,0.7368421052631579,-0.28107973684210524,-0.8601109055445497,0.334087,0.053007263157894745,jurisprudence
SFT,q0032,15,0.8666666666666667,-0.10147873333333333,-0.7650910351320271,0.1278318,0.026353066666666664,high_school_european_history
SFT,q0034,17,0.29411764705882354,-0.0025060000000000048,-0.3674544760380557,0.28445264705882356,0.2819466470588235,world_religions
SFT,q0035,17,0.47058823529411764,-0.11802517647058819,-0.6229075989568528,0.19508270588235296,0.0770575294117647,miscellaneous
SFT,q0036,2,1.0,-0.04032349999999995,-0.9715569583654575,0.041504,0.0011805000000000001,high_school_chemistry
SFT,q0038,11,0.8181818181818182,-0.16244481818181816,-0.7734798405566987,0.21803963636363638,0.055594818181818176,philosophy
SFT,q0039,18,0.3333333333333333,-0.13444866666666666,-0.21167729886055053,0.5659722222222222,0.43152355555555555,anatomy
SFT,q0040,1,0.0,0.013428,0.013995182772209328,0.040527,0.053955,high_school_us_history
SFT,q0041,1,1.0,-0.293335,-0.9386720000000001,0.3125,0.019165,anatomy
SFT,q0042,9,0.2222222222222222,-0.14737955555555557,-0.5710069157259318,0.2889538888888889,0.14157433333333333,prehistory
SFT,q0044,13,0.8461538461538461,-0.0141703846153846,-0.6728741974206487,0.03586069230769231,0.021690307692307693,high_school_world_history
SFT,q0045,3,0.6666666666666666,-0.12012499999999988,-0.8082979790420715,0.14225266666666667,0.022127666666666667,high_school_us_history
SFT,q0046,18,0.3888888888888889,-0.2048617222222222,-0.6410638670581541,0.3030328888888889,0.09817116666666666,miscellaneous
SFT,q0047,12,0.5833333333333334,0.00712641666666665,-0.07168092296595416,0.00427325,0.011399666666666667,high_school_physics
SFT,q0048,19,0.7368421052631579,-0.23559278947368423,-0.6839861357842838,0.3169716842105263,0.08137889473684211,miscellaneous
SFT,q0050,7,0.42857142857142855,-0.15648899999999993,-0.8376726012661514,0.17829242857142855,0.021803428571428574,astronomy
SFT,q0051,1,1.0,-0.141662,-0.923962953300287,0.15332,0.011658,philosophy
SFT,q0052,10,0.7,-0.1353972,-0.7237793657997813,0.1798339,0.0444367,philosophy
SFT,q0053,19,0.5263157894736842,-0.014485894736842109,-0.34499824749265506,0.06718363157894737,0.05269773684210527,miscellaneous
SFT,q0054,16,0.875,-0.10468062499999997,-0.8546828518984306,0.1434783125,0.0387976875,high_school_geography
SFT,q0055,14,0.35714285714285715,-0.02224685714285715,-0.5167326496588059,0.05346685714285714,0.031219999999999998,high_school_geography
SFT,q0057,3,0.6666666666666666,-0.14688133333333336,-0.4856218371396956,0.38411466666666666,0.23723333333333332,anatomy
SFT,q0058,16,0.625,-0.06007312499999998,-0.89396403416036,0.06697075,0.006897625,nutrition
SFT,q0059,19,0.05263157894736842,-0.06142063157894736,-0.4006257199662035,0.23337284210526313,0.1719522105263158,high_school_geography
SFT,q0062,19,0.5789473684210527,-0.2991966315789474,-0.7059412562403494,0.43436478947368423,0.13516815789473682,college_biology
SFT,q0063,16,0.625,-0.1587961875,-0.7493395276023442,0.22354125,0.0647450625,astronomy
SFT,q0064,10,0.2,-0.10153419999999998,-0.43143148642860396,0.2102294,0.10869519999999999,high_school_us_history
SFT,q0065,10,0.9,-0.28830769999999994,-0.7454621329856612,0.3910156,0.1027079,high_school_geography
SFT,q0068,14,0.6428571428571429,-0.30123321428571426,-0.7532002670562205,0.42313049999999996,0.12189728571428571,nutrition
SFT,q0069,16,1.0,-0.04798999999999998,-0.7915513995419108,0.0576325,0.0096425,world_religions
SFT,q0070,16,0.625,-0.06364743749999999,-0.5383587669071488,0.13577275,0.0721253125,high_school_european_history
SFT,q0071,17,0.7647058823529411,-0.45592547058823524,-0.7981846590715107,0.601964705882353,0.14603923529411764,conceptual_physics
SFT,q0073,18,0.6666666666666666,-0.048977555555555545,-0.6621416699817668,0.16716844444444445,0.11819088888888889,miscellaneous
SFT,q0074,19,0.2631578947368421,-0.17619652631578944,-0.875777217916189,0.19932147368421052,0.02312494736842105,miscellaneous
SFT,q0075,19,0.3684210526315789,-0.04816599999999998,-0.38437011733427096,0.336066,0.28790000000000004,miscellaneous
SFT,q0076,15,0.8666666666666667,-0.12181466666666663,-0.7151631577566084,0.16051433333333334,0.03869966666666667,prehistory
SFT,q0078,19,0.7368421052631579,-0.07765247368421054,-0.7262930566677369,0.11358963157894736,0.035937157894736844,college_biology
SFT,q0081,18,0.8888888888888888,-0.16625033333333328,-0.6876069293815957,0.20212133333333332,0.035871,jurisprudence
SFT,q0082,19,0.9473684210526315,-0.05785184210526314,-0.8636033808046857,0.06626473684210527,0.008412894736842105,high_school_us_history
SFT,q0083,2,0.5,-0.0172119999999999,-0.3281600623184419,0.050171,0.032959,high_school_world_history
SFT,q0085,14,0.7142857142857143,-0.0836420714285714,-0.8280166466497445,0.09645292857142858,0.012810857142857143,high_school_european_history
SFT,q0086,16,0.3125,-0.23138599999999998,-0.681842795184017,0.364929125,0.13354312499999998,conceptual_physics
SFT,q0087,19,0.15789473684210525,-0.18693768421052628,-0.6800804689152846,0.27765215789473685,0.09071447368421053,philosophy
SFT,q0090,1,1.0,-0.263183,-0.728376987114201,0.361328,0.098145,anatomy
SFT,q0091,19,0.5263157894736842,-0.13996031578947368,-0.6009181910251855,0.3460629473684211,0.20610263157894737,miscellaneous
SFT,q0092,18,0.9444444444444444,-0.2071332777777778,-0.8952998337779453,0.23052316666666664,0.02338988888888889,philosophy
SFT,q0095,5,0.6,-0.10930699999999997,-0.7834558441103202,0.1208252,0.0115182,high_school_us_history
SFT,q0096,15,0.8,-0.05944979999999998,-0.7022433353468844,0.07552906666666666,0.016079266666666668,world_religions
SFT,q0097,2,1.0,-0.0663225,-0.8261597325111225,0.0817875,0.015465,high_school_european_history
SFT,q0098,15,0.5333333333333333,-0.1232248,-0.768377934782054,0.1534992,0.0302744,miscellaneous
SFT,q0100,11,0.7272727272727273,-0.339503,-0.8235567759542911,0.42906590909090914,0.08956290909090908,high_school_biology
SFT,q0101,9,1.0,-0.21425699999999998,-0.8729726779643132,0.24479155555555554,0.030534555555555558,nutrition
SFT,q0104,4,1.0,-0.44493875000000005,-0.9596189364261735,0.46533225,0.020393500000000002,prehistory
SFT,q0105,1,0.0,-0.0401619999999999,-0.7580739538307613,0.052979,0.012817,miscellaneous
SFT,q0106,15,0.7333333333333333,-0.03354233333333332,-0.6724227505026524,0.05280753333333333,0.0192652,high_school_world_history
SFT,q0107,7,0.8571428571428571,-0.24532257142857142,-0.7244622269151374,0.34542414285714285,0.10010157142857143,prehistory
SFT,q0108,1,1.0,-0.217652,-0.9096958095445085,0.239258,0.021606,miscellaneous
SFT,q0109,19,0.05263157894736842,-0.06974515789473684,-0.5085000906628558,0.11224031578947369,0.042495157894736846,world_religions
SFT,q0110,19,0.6842105263157895,-0.33057921052631584,-0.7540997868797352,0.4516857368421053,0.12110652631578947,miscellaneous
SFT,q0112,18,0.6111111111111112,-0.13484455555555552,-0.7979884116284796,0.15165216666666667,0.01680761111111111,miscellaneous
SFT,q0113,2,1.0,-0.2444305,-0.8580498208836669,0.28515599999999997,0.0407255,college_biology
SFT,q0114,18,0.2777777777777778,-0.022932444444444422,-0.3655271385726191,0.05370072222222222,0.03076827777777778,miscellaneous
SFT,q0115,12,0.08333333333333333,-0.05792341666666668,-0.43881413862907387,0.10461408333333333,0.046690666666666665,high_school_biology
SFT,q0118,17,0.5882352941176471,-0.1482121176470588,-0.7813175263621183,0.1759535294117647,0.027741411764705882,world_religions
SFT,q0119,9,0.4444444444444444,-0.07256455555555555,-0.6353635833668936,0.1223958888888889,0.04983133333333333,nutrition
SFT,q0121,15,0.2,-0.1272854,-0.529134059635197,0.21279286666666666,0.08550746666666667,miscellaneous
SFT,q0122,3,0.6666666666666666,-0.10317,-0.4631896925274262,0.3502606666666666,0.24709066666666665,philosophy
SFT,q0123,14,0.7142857142857143,-0.09423864285714285,-0.7172058246764426,0.12733657142857144,0.03309792857142857,high_school_world_history
SFT,q0124,15,0.4,-0.19343153333333332,-0.9035369118642987,0.2137532,0.02032166666666667,prehistory
SFT,q0125,8,0.875,-0.17904737499999998,-0.8319419111268536,0.197845375,0.018798000000000002,world_religions
SFT,q0129,19,0.631578947368421,-0.19400584210526314,-0.4499311899123968,0.3352853684210526,0.14127952631578947,prehistory
SFT,q0130,5,0.8,-0.051417599999999994,-0.8747222648520087,0.0579102,0.006492599999999999,high_school_world_history
SFT,q0131,17,0.7647058823529411,-0.18192288235294118,-0.6576727941657525,0.26782217647058826,0.08589929411764706,prehistory
SFT,q0132,3,1.0,-0.13801066666666664,-0.8473543841242913,0.1674806666666667,0.02947,high_school_geography
SFT,q0133,14,0.6428571428571429,-0.2399923571428571,-0.7321184593883789,0.31640621428571425,0.07641385714285716,high_school_biology
SFT,q0134,9,0.6666666666666666,-0.008958777777777767,-0.49055605426297433,0.017500111111111112,0.008541333333333333,high_school_physics
SFT,q0135,6,0.6666666666666666,-0.14561416666666666,-0.9208184712985137,0.157389,0.011774833333333333,nutrition
SFT,q0136,14,0.7857142857142857,-0.3717330714285714,-0.8199610980721271,0.4748885,0.10315542857142856,philosophy
SFT,q0137,8,0.875,-0.177292125,-0.8571279248779943,0.20642112499999998,0.029129,conceptual_physics
SFT,q0138,17,0.7647058823529411,-0.20681264705882352,-0.8627972113496769,0.2413258823529412,0.03451323529411765,prehistory
SFT,q0139,11,0.9090909090909091,-0.3616043636363636,-0.9636533615617201,0.3761540909090909,0.014549727272727271,miscellaneous
SFT,q0140,19,0.9473684210526315,-0.7207087894736842,-0.9202853154645572,0.7818668421052631,0.06115805263157894,nutrition
SFT,q0141,3,0.3333333333333333,-0.3276613333333333,-0.8936551128263615,0.3671873333333333,0.039526,high_school_european_history
SFT,q0142,18,0.6666666666666666,-0.566176,-0.8017963447934497,0.7166341666666667,0.15045816666666667,high_school_biology
SFT,q0143,6,0.8333333333333334,-0.16972833333333334,-0.4860691297725251,0.35318999999999995,0.18346166666666666,conceptual_physics
SFT,q0144,1,0.0,-0.044556,-0.6426098996192454,0.069336,0.02478,nutrition
SFT,q0145,18,0.3333333333333333,-0.05938388888888887,-0.507386245030518,0.2765301111111111,0.2171462222222222,nutrition
SFT,q0146,4,1.0,-0.13616875,-0.8498282514016771,0.15173350000000002,0.01556475,prehistory
SFT,q0148,19,0.5263157894736842,-0.20811310526315788,-0.6551499260545068,0.34462384210526315,0.13651073684210527,miscellaneous
SFT,q0149,7,0.2857142857142857,-0.03678457142857141,-0.5231713457926184,0.07120171428571428,0.034417142857142854,high_school_biology
SFT,q0150,12,0.6666666666666666,-0.06529066666666666,-0.8370255768637334,0.07623291666666666,0.01094225,high_school_us_history
SFT,q0151,19,0.42105263157894735,-0.079097,-0.4813970993158733,0.3172478947368421,0.23815089473684212,miscellaneous
SFT,q0152,6,0.5,-0.03073100000000002,-0.5012200043416775,0.05214433333333333,0.02141333333333333,high_school_physics
SFT,q0153,19,0.3157894736842105,-0.24895121052631577,-0.35100834639636913,0.6798931578947368,0.430941947368421,nutrition
SFT,q0154,10,0.5,-0.05157009999999999,-0.6311067425674594,0.0765746,0.025004500000000002,world_religions
SFT,q0155,3,1.0,-0.154887,-0.9407628659150168,0.160807,0.005919999999999999,conceptual_physics
SFT,q0157,5,1.0,-0.12484519999999999,-0.8691112124894733,0.1411134,0.0162682,philosophy
SFT,q0159,18,0.6666666666666666,-0.12569538888888887,-0.8225427847503881,0.15690105555555556,0.03120566666666667,high_school_biology
SFT,q0160,10,0.6,-0.03989409999999999,-0.7380741830978548,0.05769029999999999,0.0177962,college_biology
SFT,q0161,15,0.9333333333333333,-0.07247333333333332,-0.8554602444765381,0.08321933333333333,0.010746,high_school_us_history
SFT,q0162,18,0.1111111111111111,-0.061838,-0.4159242523851479,0.18122016666666668,0.11938216666666666,miscellaneous
SFT,q0164,11,0.36363636363636365,-0.1279345454545454,-0.7381899451217099,0.16006745454545454,0.032132909090909094,conceptual_physics
SFT,q0165,19,0.10526315789473684,-0.14505794736842106,-0.4841909733910661,0.4022408947368421,0.25718294736842107,miscellaneous
SFT,q0166,1,0.0,-0.160157,-0.7592610150850013,0.210938,0.050781,anatomy
SFT,q0167,10,0.9,-0.0907542,-0.860156179617072,0.1017822,0.011028,prehistory
SFT,q0169,16,0.5625,-0.05112481249999999,-0.6217057015595021,0.0787203125,0.0275955,miscellaneous
SFT,q0170,5,1.0,-0.17217159999999998,-0.8715822174668947,0.19394519999999998,0.0217736,high_school_us_history
SFT,q0171,1,0.0,-0.0302739999999999,-0.14091154512111068,0.214844,0.18457,philosophy
SFT,q0172,2,0.0,-0.026215000000000044,-0.42958408972169654,0.22509800000000002,0.198883,high_school_biology
SFT,q0175,19,0.3684210526315789,-0.22413594736842105,-0.5721281653536573,0.4712684736842105,0.24713252631578947,miscellaneous
SFT,q0176,4,1.0,-0.055573,-0.4976795154762841,0.1044925,0.0489195,astronomy
SFT,q0179,4,1.0,-0.046814499999999974,-0.9018829006462528,0.0497135,0.002899,miscellaneous
SFT,q0180,1,1.0,-0.0608519999999999,-0.8776393215645538,0.069336,0.008484,global_facts
SFT,q0183,3,0.0,-0.026041333333333333,-0.23184803541752644,0.11246733333333332,0.086426,miscellaneous
SFT,q0185,17,0.7647058823529411,-0.13577335294117643,-0.9228893621064921,0.14369829411764706,0.00792494117647059,high_school_world_history
SFT,q0186,4,0.5,-0.013479249999999974,-0.5299658761258121,0.023193500000000002,0.00971425,high_school_physics
SFT,q0187,12,0.8333333333333334,-0.10020174999999996,-0.8126940475274287,0.11619058333333332,0.015988833333333334,college_biology
SFT,q0188,17,0.29411764705882354,-0.2508682352941176,-0.7019036707476115,0.32459205882352943,0.07372382352941177,world_religions
SFT,q0189,19,0.47368421052631576,-0.047147315789473655,-0.8466148466698081,0.054983052631578946,0.007835736842105263,high_school_chemistry
SFT,q0191,19,0.6842105263157895,-0.2014725263157895,-0.6888091553246903,0.3576789473684211,0.15620642105263158,prehistory
SFT,q0194,18,0.5,-0.4519981111111111,-0.7689162508739025,0.5883247222222222,0.1363266111111111,prehistory
SFT,q0196,10,0.4,-0.0672364,-0.154126099006412,0.5072266,0.4399902,miscellaneous
SFT,q0198,18,0.4444444444444444,-0.24779261111111112,-0.6572324516789663,0.38834627777777775,0.14055366666666666,jurisprudence
SFT,q0199,7,1.0,-0.12583457142857143,-0.8762666376721198,0.14327542857142858,0.017440857142857143,philosophy
SFT,q0200,2,0.5,-0.10641300000000001,-0.7054808377476882,0.1726075,0.0661945,global_facts
SFT,q0201,10,0.7,-0.06887809999999998,-0.6922817990732097,0.10651859999999999,0.0376405,prehistory
SFT,q0203,14,0.35714285714285715,-0.2280427142857143,-0.4674558251438153,0.5464563571428571,0.31841364285714285,anatomy
SFT,q0208,19,0.3157894736842105,-0.03297178947368422,-0.05173529784682138,0.5080180000000001,0.4750462105263158,nutrition
SFT,q0209,19,0.3684210526315789,-0.14362357894736844,-0.48680306907843823,0.31432463157894736,0.17070105263157895,miscellaneous
SFT,q0210,19,0.8421052631578947,-0.21543936842105263,-0.7718168936448727,0.30576684210526317,0.09032747368421053,miscellaneous
SFT,q0211,16,0.875,-0.040666125,-0.6783702924333971,0.057693375000000005,0.017027249999999997,world_religions
SFT,q0214,6,0.8333333333333334,-0.0994633333333333,-0.7137334518667249,0.14697266666666667,0.04750933333333333,global_facts
SFT,q0215,10,0.2,-0.042369199999999996,-0.6314482175741637,0.064264,0.0218948,high_school_world_history
SFT,q0216,14,0.7857142857142857,-0.07074614285714284,-0.7353478325845935,0.09164007142857143,0.020893928571428574,world_religions
SFT,q0217,1,1.0,-0.043945,-0.35999836159580567,0.12207,0.078125,global_facts
SFT,q0218,19,0.7894736842105263,-0.2966266842105263,-0.6568378264127162,0.4771794210526316,0.18055273684210524,jurisprudence
SFT,q0220,10,0.6,-0.003596299999999971,-0.718559297657863,0.0210635,0.0174672,nutrition
SFT,q0222,19,0.47368421052631576,-0.18237831578947367,-0.659886741159662,0.34441810526315786,0.1620397894736842,nutrition
SFT,q0223,14,0.8571428571428571,-0.08469585714285711,-0.8104812952024653,0.0949185,0.010222642857142857,high_school_geography
SFT,q0224,5,0.6,-0.24684239999999996,-0.9591523239936152,0.25546860000000005,0.0086262,high_school_geography
SFT,q0225,14,0.42857142857142855,-0.19159149999999997,-0.6510726144752644,0.3479352857142857,0.15634378571428573,nutrition
SFT,q0226,5,0.6,-0.1276,-0.8599244297174888,0.1450194,0.017419399999999998,miscellaneous
SFT,q0227,19,0.5789473684210527,-0.47490252631578944,-0.6943073926124377,0.7215512631578948,0.24664873684210528,conceptual_physics
SFT,q0229,18,0.5,-0.15704288888888887,-0.785823602403,0.18138294444444444,0.02434005555555556,miscellaneous
SFT,q0230,18,0.3333333333333333,-0.11415749999999997,-0.6671259034180619,0.15524633333333332,0.04108883333333333,world_religions
SFT,q0231,9,0.3333333333333333,-0.1385006666666667,-0.6481351183480214,0.279731,0.14123033333333332,high_school_european_history
SFT,q0232,15,0.2,-0.12695166666666663,-0.5589388769489411,0.2789063333333333,0.15195466666666668,conceptual_physics
SFT,q0233,15,0.4,-0.27187086666666666,-0.7344337733455972,0.38619786666666667,0.114327,miscellaneous
SFT,q0235,4,0.5,-0.07418075,-0.5731484018993925,0.130005,0.05582425,miscellaneous
SFT,q0236,7,1.0,-0.05679342857142857,-0.6625916614578481,0.08572828571428572,0.028934857142857144,jurisprudence
SFT,q0237,18,0.2777777777777778,-0.1385077222222222,-0.6472349366192117,0.2511935,0.11268577777777779,high_school_biology
SFT,q0238,19,0.8421052631578947,-0.2656155789473684,-0.8540211419380557,0.31391326315789475,0.04829768421052632,miscellaneous
SFT,q0239,17,0.29411764705882354,-0.311830294117647,-0.6830824727033875,0.476275294117647,0.16444499999999998,miscellaneous
SFT,q0242,18,0.3888888888888889,-0.13811983333333333,-0.6930194118119447,0.203125,0.06500516666666666,prehistory
SFT,q0243,19,0.631578947368421,-0.145209,-0.7931031911956281,0.19064805263157894,0.04543905263157895,prehistory
SFT,q0245,11,0.45454545454545453,-0.03359736363636362,-0.37142949194767305,0.11467945454545454,0.08108209090909091,high_school_european_history
SFT,q0247,9,0.3333333333333333,-0.07160699999999996,-0.8164511294258633,0.08764655555555555,0.016039555555555557,high_school_biology
SFT,q0248,14,0.8571428571428571,-0.13973707142857142,-0.6450942204485776,0.18212892857142857,0.04239185714285714,prehistory
SFT,q0250,19,0.8947368421052632,-0.4937267368421053,-0.7620315231455276,0.6199628947368421,0.12623615789473686,conceptual_physics
SFT,q0252,7,0.2857142857142857,-0.1461212857142857,-0.7378548662619053,0.23842057142857145,0.09229928571428572,high_school_biology
SFT,q0253,11,0.7272727272727273,-0.19126072727272725,-0.9364888838943549,0.20521127272727274,0.013950545454545453,nutrition
SFT,q0254,1,1.0,-0.106827,-0.976704,0.109375,0.002548,high_school_world_history
SFT,q0255,14,0.5714285714285714,-0.11006121428571428,-0.7026872233424656,0.2118092857142857,0.10174807142857144,high_school_biology
SFT,q0256,8,0.5,-0.119911,-0.46132832442395033,0.34790025,0.22798925,global_facts
SFT,q0258,16,0.375,-0.09696587499999999,-0.6489201860762487,0.1578063125,0.0608404375,miscellaneous
SFT,q0259,14,0.7142857142857143,-0.05185107142857144,-0.5934769010112123,0.074659,0.022807928571428573,high_school_european_history
SFT,q0260,4,0.75,-0.15781325000000002,-0.9628002360195953,0.1638185,0.006005249999999999,anatomy
SFT,q0261,1,1.0,-0.354271,-0.9966298045680496,0.355469,0.001198,anatomy
SFT,q0263,10,0.3,-0.15797279999999997,-0.7710411125954215,0.1818845,0.0239117,miscellaneous
SFT,q0264,6,0.5,-0.19255333333333333,-0.5221371241661953,0.43326833333333337,0.240715,anatomy
SFT,q0265,2,0.5,-0.20544849999999995,-0.7399553588388633,0.32666,0.1212115,prehistory
SFT,q0266,1,1.0,-0.066406,-0.2023801904761905,0.328125,0.261719,prehistory
SFT,q0267,2,1.0,-0.022057,-0.8552754398044602,0.025634999999999998,0.0035779999999999996,high_school_european_history
SFT,q0268,8,0.625,-0.08148375,-0.6362918022976589,0.212158125,0.130674375,miscellaneous
SFT,q0269,19,0.3684210526315789,-0.11695768421052632,-0.4761882589897521,0.34457231578947367,0.2276146315789474,miscellaneous
SFT,q0270,7,0.8571428571428571,-0.08005628571428568,-0.7833312987482498,0.09898171428571427,0.018925428571428572,high_school_geography
SFT,q0271,18,0.8333333333333334,-0.2695371111111111,-0.690229392798481,0.40505644444444444,0.13551933333333332,high_school_biology
SFT,q0273,19,0.47368421052631576,-0.13193405263157892,-0.7867490780736902,0.2224506315789474,0.09051657894736842,miscellaneous
SFT,q0274,17,0.5294117647058824,-0.2787398823529412,-0.6082797827110032,0.3686236470588235,0.08988376470588236,high_school_geography
SFT,q0275,19,0.47368421052631576,-0.25571094736842104,-0.5528216480245192,0.38849205263157893,0.1327811052631579,miscellaneous
SFT,q0276,12,0.75,-0.1383370833333333,-0.5864913070254584,0.19665508333333334,0.058318,conceptual_physics
SFT,q0279,8,0.375,-0.03454112500000001,-0.5912663718307096,0.056014999999999995,0.021473874999999996,astronomy
SFT,q0280,18,0.3333333333333333,-0.21624727777777775,-0.525008267818118,0.46766483333333336,0.25141755555555556,nutrition
SFT,q0283,13,0.9230769230769231,-0.03680961538461537,-0.6583842610216737,0.04666138461538461,0.00985176923076923,high_school_geography
SFT,q0285,3,0.3333333333333333,-0.046752999999999934,-0.7217229751812629,0.059977333333333334,0.013224333333333333,anatomy
SFT,q0286,10,0.9,-0.3242739,-0.8042952415333312,0.408008,0.0837341,high_school_geography
SFT,q0287,9,0.2222222222222222,0.016760999999999988,-0.10379017011304101,0.005445666666666666,0.022206666666666666,high_school_chemistry
SFT,q0288,19,0.3684210526315789,-0.1765756842105263,-0.7948614984189156,0.20556636842105264,0.028990684210526314,miscellaneous
SFT,q0289,6,0.6666666666666666,-0.12485766666666658,-0.8420616035305349,0.14746099999999998,0.022603333333333333,miscellaneous
SFT,q0290,7,0.8571428571428571,-0.421443,-0.7277465523169482,0.6054685714285714,0.18402557142857143,philosophy
SFT,q0291,7,0.8571428571428571,-0.23793685714285712,-0.5584649906554934,0.38448657142857146,0.1465497142857143,conceptual_physics
SFT,q0292,2,1.0,-0.27056899999999995,-0.8498456482108145,0.30908199999999997,0.038513,anatomy
SFT,q0293,11,0.5454545454545454,-0.36092872727272723,-0.6715768919664898,0.5713779090909091,0.21044918181818184,high_school_biology
SFT,q0294,18,0.4444444444444444,-0.15901844444444443,-0.561523995889011,0.29160555555555556,0.1325871111111111,miscellaneous
SFT,q0295,6,1.0,-0.22480599999999998,-0.9356354198524136,0.2483725,0.0235665,philosophy
SFT,q0298,18,0.7777777777777778,-0.07145911111111108,-0.8068445195452942,0.095459,0.02399988888888889,prehistory
SFT,q0300,1,1.0,-0.267578,-0.9647874120226145,0.277344,0.009766,anatomy
SFT,q0302,19,0.6842105263157895,-0.14574063157894734,-0.7881263087425845,0.16994752631578947,0.024206894736842104,miscellaneous
SFT,q0304,17,0.8823529411764706,-0.22699623529411764,-0.9388330406749044,0.23595482352941174,0.00895858823529412,prehistory
SFT,q0305,4,0.75,-0.004129250000000022,-0.32994332314262576,0.290039,0.28590974999999996,miscellaneous
SFT,q0306,6,1.0,-0.43400049999999996,-0.7507337586104449,0.5748696666666667,0.14086916666666666,nutrition
SFT,q0311,12,0.5833333333333334,-0.28437891666666665,-0.6378721568374222,0.43652358333333335,0.15214466666666668,college_biology
SFT,q0312,18,0.2777777777777778,-0.20964405555555554,-0.2458872460497542,0.6412763333333333,0.4316322777777778,jurisprudence
SFT,q0315,3,1.0,-0.7052360000000001,-0.9159580717554668,0.7682293333333333,0.06299333333333333,philosophy
SFT,q0316,15,0.9333333333333333,-0.1538802,-0.852734736077539,0.17451166666666668,0.020631466666666667,high_school_world_history
SFT,q0318,14,0.7142857142857143,-0.2561906428571429,-0.7611653795898767,0.35044657142857144,0.09425592857142857,miscellaneous
SFT,q0319,2,0.0,-0.10659749999999996,-0.7174790131392086,0.130371,0.023773500000000003,high_school_biology
SFT,q0320,13,0.6153846153846154,-0.008904153846153855,-0.39308722938220064,0.047541692307692306,0.03863753846153846,high_school_world_history
SFT,q0321,7,0.2857142857142857,-0.07420557142857143,-0.5911643475181731,0.11530385714285714,0.04109828571428571,high_school_european_history
SFT,q0325,18,0.8333333333333334,-0.07757699999999998,-0.5859653217167881,0.09988066666666667,0.022303666666666666,world_religions
SFT,q0326,15,0.7333333333333333,-0.18252526666666666,-0.8720878205006968,0.2093748666666667,0.026849599999999998,jurisprudence
SFT,q0327,12,0.4166666666666667,-0.1781445833333333,-0.8408626953368827,0.20735675,0.029212166666666668,conceptual_physics
SFT,q0331,8,0.5,-0.04377799999999998,-0.7980682848388028,0.056366125,0.012588125,high_school_world_history
SFT,q0333,7,0.8571428571428571,-0.1887762857142857,-0.8308951968938192,0.22391185714285713,0.035135571428571426,miscellaneous
SFT,q0334,14,0.7142857142857143,-0.11457507142857139,-0.7831212939341533,0.13581185714285712,0.021236785714285715,nutrition
SFT,q0337,16,0.625,-0.13625081249999998,-0.9121616862086518,0.1480638125,0.011813,high_school_biology
SFT,q0338,19,0.5789473684210527,-0.1943792105263158,-0.8087599520414827,0.2548315263157895,0.06045231578947369,miscellaneous
SFT,q0339,4,0.25,-0.0548095,-0.15147506080286857,0.5009765,0.446167,miscellaneous
SFT,q0341,19,0.7894736842105263,-0.5458443157894737,-0.7847877647485322,0.6831825263157895,0.13733821052631578,miscellaneous
SFT,q0344,7,0.7142857142857143,-0.18637914285714285,-0.8523712720327845,0.2046597142857143,0.018280571428571427,jurisprudence
SFT,q0345,16,0.4375,-0.2695999375,-0.6535150491350654,0.434143125,0.1645431875,philosophy
SFT,q0346,9,0.7777777777777778,-0.11208099999999997,-0.7438440996377448,0.14713544444444446,0.035054444444444444,anatomy
SFT,q0347,6,0.8333333333333334,-0.25268050000000003,-0.8518953521596863,0.2823893333333333,0.029708833333333334,philosophy
SFT,q0348,10,0.4,-0.693317,-0.8471113688187307,0.8246095,0.1312925,philosophy
SFT,q0349,19,0.3157894736842105,-0.30354626315789474,-0.38464254041806356,0.6414473684210527,0.3379011052631579,nutrition
SFT,q0351,19,0.5789473684210527,-0.21554973684210524,-0.719947236043183,0.3338301052631579,0.11828036842105262,high_school_biology
SFT,q0353,1,0.0,-0.0512699999999999,-0.32812799999999936,0.15625,0.10498,astronomy
SFT,q0354,1,1.0,-0.4282229999999999,-0.8912604143035241,0.480469,0.052246,prehistory
SFT,q0355,1,1.0,-0.018799,-0.34841997961264015,0.053955,0.035156,jurisprudence
SFT,q0356,1,1.0,-0.0977789999999999,-0.7643164230438514,0.12793,0.030151,high_school_us_history
SFT,q0357,18,0.5555555555555556,-0.2320045,-0.8789978386549495,0.2545030555555556,0.022498555555555556,miscellaneous
SFT,q0358,14,0.35714285714285715,-0.21433335714285714,-0.5910038015427215,0.37262828571428575,0.15829492857142857,college_biology
SFT,q0359,15,0.4,-0.1001341333333333,-0.5317951955079276,0.23619779999999999,0.1360636666666667,high_school_geography
SFT,q0361,6,0.8333333333333334,-0.12731683333333332,-0.704894933398377,0.152588,0.025271166666666667,prehistory
SFT,q0362,18,0.6666666666666666,-0.21131833333333333,-0.7482101254033219,0.31232377777777776,0.10100544444444444,jurisprudence
SFT,q0363,3,1.0,-0.14930333333333334,-0.6173635500476825,0.17557766666666666,0.026274333333333334,high_school_world_history
SFT,q0364,6,0.6666666666666666,-0.3749773333333333,-0.6669408880690283,0.5883791666666666,0.21340183333333332,prehistory
SFT,q0365,5,1.0,-0.056798400000000006,-0.9709818882994897,0.058325,0.0015266,high_school_geography
SFT,q0366,7,1.0,-0.06016299999999998,-0.8544022391828195,0.06495871428571429,0.004795714285714286,world_religions
SFT,q0368,16,0.4375,-0.15110099999999999,-0.7497778292904109,0.2291413125,0.0780403125,miscellaneous
SFT,q0369,19,0.6842105263157895,-0.24597531578947365,-0.6947988568628072,0.3222527894736842,0.07627747368421053,miscellaneous
SFT,q0370,8,0.625,-0.15069624999999998,-0.7222108727328548,0.235595625,0.084899375,conceptual_physics
SFT,q0371,15,0.8,-0.2330402666666666,-0.770193278675383,0.30787760000000003,0.07483733333333334,high_school_biology
SFT,q0372,19,0.9473684210526315,-0.30855494736842104,-0.8785150770964917,0.3471423157894737,0.038587368421052634,philosophy
SFT,q0373,2,1.0,-0.04738,-0.8437811654081777,0.056152,0.008771999999999999,college_biology
SFT,q0374,3,1.0,-0.09682166666666664,-0.9186311684076172,0.10465466666666667,0.007833,philosophy
SFT,q0376,5,1.0,-0.05122299999999996,-0.6960774707876829,0.0770018,0.0257788,miscellaneous
SFT,q0377,12,0.5,-0.19725716666666662,-0.8657699707851757,0.23295074999999998,0.035693583333333334,jurisprudence
SFT,q0380,8,0.75,-0.13967112499999995,-0.7892861604220065,0.16271975,0.023048625000000003,high_school_world_history
SFT,q0381,1,1.0,-0.27519,-0.9992701286534418,0.275391,0.000201,high_school_geography
SFT,q0383,10,0.5,-0.3208773,-0.6278946531128297,0.4813479,0.1604706,philosophy
SFT,q0384,15,0.13333333333333333,-0.02896919999999999,-0.4308097644133903,0.08195806666666666,0.05298886666666667,high_school_world_history
SFT,q0385,5,0.8,-0.04055159999999998,-0.6975683358013874,0.06201179999999999,0.021460200000000002,world_religions
SFT,q0386,1,1.0,-0.108978,-0.9661769790678499,0.112793,0.003815,global_facts
SFT,q0387,4,0.5,-0.07327749999999995,-0.8206888523057687,0.08551025,0.01223275,nutrition
SFT,q0388,15,0.8,-0.5817426,-0.6773705729158385,0.8648437333333334,0.2831011333333333,philosophy
SFT,q0390,7,0.5714285714285714,-0.06632028571428572,-0.692924920101939,0.09249442857142857,0.026174142857142858,prehistory
SFT,q0392,8,0.875,-0.073404125,-0.9081665199015354,0.084030375,0.01062625,high_school_european_history
SFT,q0393,7,0.7142857142857143,-0.1636787142857143,-0.7050687836534204,0.2188894285714286,0.05521071428571429,high_school_geography
SFT,q0394,8,0.25,-0.03892324999999999,-0.3753207684167813,0.26605225,0.227129,high_school_chemistry
SFT,q0395,19,0.21052631578947367,-0.2216412631578947,-0.2422416633451141,0.7995478421052632,0.5779065789473684,college_biology
SFT,q0397,10,0.5,-0.23186349999999994,-0.8242869321164881,0.2967286,0.0648651,miscellaneous
SFT,q0398,19,0.9473684210526315,-0.0860861052631579,-0.8897541844761164,0.0933901052631579,0.007303999999999999,miscellaneous
SFT,q0399,3,1.0,-0.1511636666666666,-0.7032436065392753,0.16813133333333333,0.01696766666666667,high_school_us_history
SFT,q0403,19,0.7368421052631579,-0.2534252105263158,-0.83042267956851,0.2885740526315789,0.03514884210526316,prehistory
SFT,q0404,19,0.8947368421052632,-0.46128157894736843,-0.821532787938942,0.5722142105263158,0.11093263157894737,philosophy
SFT,q0406,19,0.10526315789473684,-0.0835972105263158,-0.4338270456364868,0.25573089473684213,0.17213368421052633,miscellaneous
SFT,q0407,19,0.7368421052631579,-0.22140863157894736,-0.8122352042744435,0.24768384210526317,0.02627521052631579,philosophy
SFT,q0408,11,0.36363636363636365,-0.06021354545454543,-0.7747834700589177,0.07488436363636364,0.01467081818181818,miscellaneous
SFT,q0409,18,0.5555555555555556,-0.15792327777777776,-0.8402170844304042,0.1879068888888889,0.02998361111111111,miscellaneous
SFT,q0411,16,0.9375,-0.10533412499999999,-0.8793033129825525,0.111968875,0.00663475,high_school_chemistry
SFT,q0412,17,0.29411764705882354,-0.14433917647058822,-0.4265641107000775,0.36652682352941174,0.22218764705882355,prehistory
SFT,q0413,19,0.3157894736842105,-0.20958973684210525,-0.3425384163983718,0.4951941052631579,0.28560436842105263,conceptual_physics
SFT,q0414,17,0.11764705882352941,-0.16223435294117647,-0.6708855419829485,0.25982323529411766,0.09758888235294118,college_biology
SFT,q0415,13,0.6153846153846154,-0.2241613076923077,-0.7357996892391873,0.32789992307692306,0.10373861538461539,conceptual_physics
SFT,q0416,13,0.9230769230769231,-0.08388146153846152,-0.8578860236960094,0.0943133076923077,0.010431846153846153,prehistory
SFT,q0419,8,0.875,-0.01582849999999999,-0.63906687821775,0.027878,0.012049500000000001,world_religions
SFT,q0420,19,0.9473684210526315,-0.3816726842105263,-0.9569445178618076,0.3973068421052631,0.015634157894736843,miscellaneous
SFT,q0421,11,0.18181818181818182,-0.12387018181818182,-0.6408413094735883,0.1676138181818182,0.043743636363636366,anatomy
SFT,q0422,6,0.5,-0.15861016666666664,-0.6052122410003199,0.30419916666666663,0.145589,miscellaneous
SFT,q0423,9,0.6666666666666666,-0.14956566666666665,-0.7942823249707988,0.17648655555555556,0.02692088888888889,high_school_biology
SFT,q0424,1,0.0,-0.006103,-0.11960803527682508,0.051025,0.044922,nutrition
SFT,q0426,3,1.0,-0.523193,-0.852262069413257,0.6204423333333334,0.09724933333333334,philosophy
SFT,q0427,17,0.23529411764705882,-0.0787794705882353,-0.6839862115289492,0.11244823529411765,0.033668764705882356,miscellaneous
SFT,q0428,19,0.6842105263157895,-0.4571318421052631,-0.6175928767992621,0.722862,0.26573015789473686,prehistory
SFT,q0429,18,0.5,-0.24802283333333333,-0.8166080766050781,0.31635205555555557,0.06832922222222222,conceptual_physics
SFT,q0430,15,0.2,-0.11289666666666665,-0.6265372061121711,0.17132160000000002,0.05842493333333333,anatomy
SFT,q0431,11,0.36363636363636365,-0.2943809090909091,-0.9529445111149513,0.30712890909090906,0.012748000000000002,high_school_geography
SFT,q0432,19,0.21052631578947367,-0.1292693684210526,-0.44060469751134934,0.3520251578947368,0.2227557894736842,miscellaneous
SFT,q0434,5,1.0,-0.2513796,-0.7324665508033591,0.3492188,0.0978392,high_school_geography
SFT,q0435,4,0.5,0.016329000000000003,-0.4011521097591222,0.0878295,0.1041585,miscellaneous
SFT,q0436,19,0.5789473684210527,-0.42067947368421055,-0.7361584491556571,0.5844984210526316,0.16381894736842104,nutrition
SFT,q0437,17,0.7058823529411765,-0.41245517647058827,-0.7757833119124565,0.48601211764705887,0.07355694117647059,prehistory
SFT,q0438,15,0.6,-0.23468879999999998,-0.8629229039341717,0.28561186666666666,0.05092306666666667,college_biology
SFT,q0440,16,0.375,-0.09044856249999998,-0.8833426219146896,0.103576625,0.013128062499999999,high_school_biology
SFT,q0441,18,0.8888888888888888,-0.3271951111111111,-0.8636787784990773,0.38330083333333337,0.056105722222222223,conceptual_physics
SFT,q0442,13,0.5384615384615384,-0.05366076923076922,-0.7764791077530393,0.06979623076923078,0.01613546153846154,high_school_biology
SFT,q0443,17,0.5294117647058824,-0.12002294117647055,-0.7078319026976451,0.14743205882352942,0.027409117647058823,miscellaneous
SFT,q0444,19,0.6842105263157895,-0.1202243684210526,-0.5915508752082295,0.17258168421052633,0.05235731578947369,prehistory
SFT,q0445,17,0.6470588235294118,-0.25285411764705884,-0.5823678891668425,0.35191423529411764,0.09906011764705881,prehistory
SFT,q0446,2,1.0,-0.410767,-0.8781106852014582,0.47168,0.060913,philosophy
SFT,q0448,13,0.6153846153846154,-0.21651530769230767,-0.8979699373441085,0.23418715384615382,0.017671846153846153,jurisprudence
SFT,q0449,16,0.5,0.0006041249999999808,-0.30394116890161627,0.032402,0.033006125,high_school_world_history
SFT,q0453,1,1.0,-0.0061039999999999,-0.7042806045921196,0.008667,0.002563,college_chemistry
SFT,q0454,4,1.0,-0.048362249999999954,-0.7120025567636047,0.06701625,0.018654,philosophy
SFT,q0455,19,0.8947368421052632,-0.22516,-0.7816188728370657,0.2986737368421053,0.07351373684210526,astronomy
SFT,q0456,19,0.05263157894736842,-0.0019322105263157863,-0.3472981970315519,0.2984684210526316,0.2965362105263158,miscellaneous
SFT,q0460,19,0.47368421052631576,-0.16144031578947368,-0.463678102383229,0.41560436842105264,0.25416405263157893,miscellaneous
SFT,q0462,17,0.7647058823529411,-0.1937375882352941,-0.8849614518526676,0.2163660588235294,0.02262847058823529,miscellaneous
SFT,q0463,6,0.5,-0.006675666666666633,-0.36187341430470416,0.021382666666666664,0.014707,high_school_chemistry
SFT,q0464,15,0.8,-0.18718639999999998,-0.8369971686225944,0.21722006666666666,0.03003366666666667,miscellaneous
SFT,q0469,7,0.2857142857142857,-0.036483857142857144,-0.19887425137538658,0.34402914285714287,0.3075452857142857,world_religions
SFT,q0470,17,0.29411764705882354,-0.05451100000000002,-0.3933103429070705,0.1015625294117647,0.04705152941176471,philosophy
SFT,q0471,12,0.75,-0.11364108333333332,-0.780858004363759,0.13779708333333332,0.024156,anatomy
SFT,q0472,8,0.5,-0.02698312500000001,-0.7078277313056142,0.03848275,0.011499625,high_school_us_history
SFT,q0474,3,0.3333333333333333,-0.013143333333333299,-0.3868274273459309,0.07991566666666666,0.06677233333333334,high_school_biology
SFT,q0476,19,0.7368421052631579,-0.2984178947368421,-0.6835358138854096,0.4713198947368421,0.172902,miscellaneous
SFT,q0477,17,0.6470588235294118,-0.19266699999999998,-0.720366472306579,0.2661994705882353,0.0735324705882353,high_school_biology
SFT,q0478,7,0.8571428571428571,-0.08752742857142856,-0.9165309988438926,0.09751685714285714,0.009989428571428571,world_religions
SFT,q0479,15,0.2,-0.21490606666666665,-0.6884438504831736,0.3128255333333333,0.09791946666666666,high_school_biology
SFT,q0480,14,0.5,-0.05442528571428569,-0.7130915829477181,0.07268407142857143,0.018258785714285714,high_school_biology
SFT,q0482,13,0.6923076923076923,-0.08659392307692307,-0.6782427434264631,0.11617338461538461,0.02957946153846154,global_facts
SFT,q0483,7,0.2857142857142857,-0.006709571428571428,-0.3829013545553109,0.033011285714285715,0.026301714285714286,high_school_world_history
SFT,q0484,10,0.8,-0.18530229999999998,-0.8012566149356232,0.2157228,0.0304205,high_school_biology
SFT,q0485,18,0.3333333333333333,-0.11969927777777774,-0.6092100415492331,0.1767442777777778,0.057045,prehistory
SFT,q0487,10,0.8,-0.0664176,-0.8753495806687471,0.0740357,0.0076181,high_school_world_history
SFT,q0489,16,0.3125,-0.1175479375,-0.5900956562550015,0.2481078125,0.130559875,nutrition
SFT,q0490,19,0.5789473684210527,-0.2239047894736842,-0.7598206118618238,0.3086451052631579,0.08474031578947368,miscellaneous
SFT,q0491,1,0.0,-0.083496,-0.890624,0.09375,0.010254,global_facts
SFT,q0492,17,0.5882352941176471,-0.36837582352941173,-0.838535590759725,0.4591854705882353,0.09080964705882354,high_school_geography
SFT,q0493,16,0.5625,-0.038183249999999995,-0.6926648257225859,0.057762125,0.019578875,high_school_biology
SFT,q0495,7,0.14285714285714285,-0.0817848571428571,-0.2609510440572789,0.32163785714285714,0.239853,high_school_world_history
SFT,q0496,3,0.6666666666666666,-0.09039566666666667,-0.9203448146011582,0.09716799999999999,0.0067723333333333325,miscellaneous
SFT,q0497,16,0.8125,-0.13582312499999996,-0.8551796064693957,0.1570585625,0.0212354375,nutrition
SFT,q0498,1,1.0,-0.155151,-0.9026967272727273,0.171875,0.016724,conceptual_physics
SFT,q0499,8,1.0,-0.12818549999999998,-0.9566420717998263,0.133728,0.0055425,miscellaneous
SFT,q0500,6,0.3333333333333333,0.0026041666666666665,-0.2295481620211716,0.11848983333333334,0.121094,conceptual_physics
