pair,scenario,condition,class,turn,agent,logprob_diff
v0.2×v0.2,key,false_deceive,ava_strategy,0,1,-2.643770694732666
v0.2×v0.3,key,false_deceive,ava_strategy,0,1,-2.643770694732666
v0.3×v0.2,key,false_deceive,ava_strategy,0,1,-2.0680489540100098
v0.3×v0.3,key,false_deceive,ava_strategy,0,1,-2.0680489540100098
v0.2×v0.2,pkg,false_deceive,ava_strategy,0,1,-2.1214065551757812
v0.2×v0.3,pkg,false_deceive,ava_strategy,0,1,-2.1214065551757812
v0.3×v0.2,pkg,false_deceive,ava_strategy,0,1,-1.5959420204162598
v0.3×v0.3,pkg,false_deceive,ava_strategy,0,1,-1.5959420204162598
v0.2×v0.2,wallet,false_deceive,ava_strategy,0,1,-2.2828378677368164
v0.2×v0.3,wallet,false_deceive,ava_strategy,0,1,-2.2828378677368164
v0.3×v0.2,wallet,false_deceive,ava_strategy,0,1,-1.831688404083252
v0.3×v0.3,wallet,false_deceive,ava_strategy,0,1,-1.831688404083252
v0.2×v0.2,key,false_help,ava_strategy,0,1,-2.771522045135498
v0.2×v0.3,key,false_help,ava_strategy,0,1,-2.7724623680114746
v0.3×v0.2,key,false_help,ava_strategy,0,1,-1.8790979385375977
v0.3×v0.3,key,false_help,ava_strategy,0,1,-1.8790979385375977
v0.2×v0.3,pkg,false_help,ava_strategy,0,1,-2.143979072570801
v0.3×v0.2,pkg,false_help,ava_strategy,0,1,-1.6889019012451172
v0.3×v0.3,pkg,false_help,ava_strategy,0,1,-1.687920093536377
v0.2×v0.3,wallet,false_help,ava_strategy,0,1,-2.4585061073303223
v0.3×v0.2,wallet,false_help,ava_strategy,0,1,-1.9154472351074219
v0.3×v0.3,wallet,false_help,ava_strategy,0,1,-1.9154472351074219
v0.2×v0.2,key,ignorance_deceive,ava_strategy,0,1,-2.643770694732666
v0.2×v0.3,key,ignorance_deceive,ava_strategy,0,1,-2.6422371864318848
v0.3×v0.2,key,ignorance_deceive,ava_strategy,0,1,-2.0680489540100098
v0.3×v0.3,key,ignorance_deceive,ava_strategy,0,1,-2.0680489540100098
v0.2×v0.3,pkg,ignorance_deceive,ava_strategy,0,1,-2.1214065551757812
v0.3×v0.2,pkg,ignorance_deceive,ava_strategy,0,1,-1.5959420204162598
v0.3×v0.3,pkg,ignorance_deceive,ava_strategy,0,1,-1.5959420204162598
v0.2×v0.2,wallet,ignorance_deceive,ava_strategy,0,1,-2.284670352935791
v0.2×v0.3,wallet,ignorance_deceive,ava_strategy,0,1,-2.2828378677368164
v0.3×v0.2,wallet,ignorance_deceive,ava_strategy,0,1,-1.8280096054077148
v0.3×v0.3,wallet,ignorance_deceive,ava_strategy,0,1,-1.831688404083252
v0.2×v0.2,key,ignorance_help,ava_strategy,0,1,-2.7724623680114746
v0.2×v0.3,key,ignorance_help,ava_strategy,0,1,-2.7724623680114746
v0.3×v0.2,key,ignorance_help,ava_strategy,0,1,-1.8790979385375977
v0.3×v0.3,key,ignorance_help,ava_strategy,0,1,-1.8790979385375977
v0.2×v0.2,pkg,ignorance_help,ava_strategy,0,1,-2.143979072570801
v0.2×v0.3,pkg,ignorance_help,ava_strategy,0,1,-2.143979072570801
v0.3×v0.2,pkg,ignorance_help,ava_strategy,0,1,-1.687920093536377
v0.3×v0.3,pkg,ignorance_help,ava_strategy,0,1,-1.687920093536377
v0.2×v0.2,wallet,ignorance_help,ava_strategy,0,1,-2.4572930335998535
v0.2×v0.3,wallet,ignorance_help,ava_strategy,0,1,-2.4572930335998535
v0.3×v0.2,wallet,ignorance_help,ava_strategy,0,1,-1.9154472351074219
v0.3×v0.3,wallet,ignorance_help,ava_strategy,0,1,-1.9154472351074219
v0.2×v0.2,key,shared_deceive,ava_strategy,0,1,-2.643770694732666
v0.2×v0.3,key,shared_deceive,ava_strategy,0,1,-2.643770694732666
v0.3×v0.2,key,shared_deceive,ava_strategy,0,1,-2.0680489540100098
v0.3×v0.3,key,shared_deceive,ava_strategy,0,1,-2.0680489540100098
v0.2×v0.2,pkg,shared_deceive,ava_strategy,0,1,-2.1214065551757812
v0.2×v0.3,pkg,shared_deceive,ava_strategy,0,1,-2.1214065551757812
v0.3×v0.2,pkg,shared_deceive,ava_strategy,0,1,-1.5959420204162598
v0.3×v0.3,pkg,shared_deceive,ava_strategy,0,1,-1.5959420204162598
v0.2×v0.2,wallet,shared_deceive,ava_strategy,0,1,-2.2828378677368164
v0.2×v0.3,wallet,shared_deceive,ava_strategy,0,1,-2.2828378677368164
v0.3×v0.3,wallet,shared_deceive,ava_strategy,0,1,-1.831688404083252
v0.2×v0.2,key,shared_help,ava_strategy,0,1,-2.7724623680114746
v0.2×v0.3,key,shared_help,ava_strategy,0,1,-2.7724623680114746
v0.3×v0.2,key,shared_help,ava_strategy,0,1,-1.8790979385375977
v0.3×v0.3,key,shared_help,ava_strategy,0,1,-1.8790979385375977
v0.2×v0.3,pkg,shared_help,ava_strategy,0,1,-2.1454248428344727
v0.3×v0.2,pkg,shared_help,ava_strategy,0,1,-1.687920093536377
v0.3×v0.3,pkg,shared_help,ava_strategy,0,1,-1.687920093536377
v0.2×v0.2,wallet,shared_help,ava_strategy,0,1,-2.4572930335998535
v0.2×v0.3,wallet,shared_help,ava_strategy,0,1,-2.4572930335998535
v0.3×v0.2,wallet,shared_help,ava_strategy,0,1,-1.9154472351074219
v0.3×v0.3,wallet,shared_help,ava_strategy,0,1,-1.9154472351074219
v0.2×v0.2,key,false_deceive,ava_think_location,0,1,-1.0053174495697021
v0.2×v0.3,key,false_deceive,ava_think_location,0,1,-1.0053174495697021
v0.3×v0.2,key,false_deceive,ava_think_location,0,1,-0.4888031482696533
v0.3×v0.3,key,false_deceive,ava_think_location,0,1,-0.4888031482696533
v0.2×v0.2,pkg,false_deceive,ava_think_location,0,1,-1.2679791450500488
v0.2×v0.3,pkg,false_deceive,ava_think_location,0,1,-1.2679791450500488
v0.3×v0.2,pkg,false_deceive,ava_think_location,0,1,-0.8705220222473145
v0.3×v0.3,pkg,false_deceive,ava_think_location,0,1,-0.8705220222473145
v0.2×v0.2,wallet,false_deceive,ava_think_location,0,1,-0.4248628616333008
v0.2×v0.3,wallet,false_deceive,ava_think_location,0,1,-0.4248628616333008
v0.3×v0.2,wallet,false_deceive,ava_think_location,0,1,-0.15344858169555664
v0.3×v0.3,wallet,false_deceive,ava_think_location,0,1,-0.15344858169555664
v0.2×v0.2,key,false_help,ava_think_location,0,1,-1.0572900772094727
v0.2×v0.3,key,false_help,ava_think_location,0,1,-1.0569872856140137
v0.3×v0.2,key,false_help,ava_think_location,0,1,-0.5564355850219727
v0.3×v0.3,key,false_help,ava_think_location,0,1,-0.5564355850219727
v0.2×v0.3,pkg,false_help,ava_think_location,0,1,-0.9630827903747559
v0.3×v0.2,pkg,false_help,ava_think_location,0,1,-0.937049388885498
v0.3×v0.3,pkg,false_help,ava_think_location,0,1,-0.939049243927002
v0.2×v0.3,wallet,false_help,ava_think_location,0,1,-0.3277730941772461
v0.3×v0.2,wallet,false_help,ava_think_location,0,1,-0.1802387237548828
v0.3×v0.3,wallet,false_help,ava_think_location,0,1,-0.1802387237548828
v0.2×v0.2,key,ignorance_deceive,ava_think_location,0,1,-1.0053174495697021
v0.2×v0.3,key,ignorance_deceive,ava_think_location,0,1,-1.0062403678894043
v0.3×v0.2,key,ignorance_deceive,ava_think_location,0,1,-0.4888031482696533
v0.3×v0.3,key,ignorance_deceive,ava_think_location,0,1,-0.4888031482696533
v0.2×v0.3,pkg,ignorance_deceive,ava_think_location,0,1,-1.2679791450500488
v0.3×v0.2,pkg,ignorance_deceive,ava_think_location,0,1,-0.8705220222473145
v0.3×v0.3,pkg,ignorance_deceive,ava_think_location,0,1,-0.8705220222473145
v0.2×v0.2,wallet,ignorance_deceive,ava_think_location,0,1,-0.4243488311767578
v0.2×v0.3,wallet,ignorance_deceive,ava_think_location,0,1,-0.4248628616333008
v0.3×v0.2,wallet,ignorance_deceive,ava_think_location,0,1,-0.15231847763061523
v0.3×v0.3,wallet,ignorance_deceive,ava_think_location,0,1,-0.15344858169555664
v0.2×v0.2,key,ignorance_help,ava_think_location,0,1,-1.0569872856140137
v0.2×v0.3,key,ignorance_help,ava_think_location,0,1,-1.0569872856140137
v0.3×v0.2,key,ignorance_help,ava_think_location,0,1,-0.5564355850219727
v0.3×v0.3,key,ignorance_help,ava_think_location,0,1,-0.5564355850219727
v0.2×v0.2,pkg,ignorance_help,ava_think_location,0,1,-0.9630827903747559
v0.2×v0.3,pkg,ignorance_help,ava_think_location,0,1,-0.9630827903747559
v0.3×v0.2,pkg,ignorance_help,ava_think_location,0,1,-0.939049243927002
v0.3×v0.3,pkg,ignorance_help,ava_think_location,0,1,-0.939049243927002
v0.2×v0.2,wallet,ignorance_help,ava_think_location,0,1,-0.32879018783569336
v0.2×v0.3,wallet,ignorance_help,ava_think_location,0,1,-0.32879018783569336
v0.3×v0.2,wallet,ignorance_help,ava_think_location,0,1,-0.1802387237548828
v0.3×v0.3,wallet,ignorance_help,ava_think_location,0,1,-0.1802387237548828
v0.2×v0.2,key,shared_deceive,ava_think_location,0,1,-1.0053174495697021
v0.2×v0.3,key,shared_deceive,ava_think_location,0,1,-1.0053174495697021
v0.3×v0.2,key,shared_deceive,ava_think_location,0,1,-0.4888031482696533
v0.3×v0.3,key,shared_deceive,ava_think_location,0,1,-0.4888031482696533
v0.2×v0.2,pkg,shared_deceive,ava_think_location,0,1,-1.2679791450500488
v0.2×v0.3,pkg,shared_deceive,ava_think_location,0,1,-1.2679791450500488
v0.3×v0.2,pkg,shared_deceive,ava_think_location,0,1,-0.8705220222473145
v0.3×v0.3,pkg,shared_deceive,ava_think_location,0,1,-0.8705220222473145
v0.2×v0.2,wallet,shared_deceive,ava_think_location,0,1,-0.4248628616333008
v0.2×v0.3,wallet,shared_deceive,ava_think_location,0,1,-0.4248628616333008
v0.3×v0.3,wallet,shared_deceive,ava_think_location,0,1,-0.15344858169555664
v0.2×v0.2,key,shared_help,ava_think_location,0,1,-1.0569872856140137
v0.2×v0.3,key,shared_help,ava_think_location,0,1,-1.0569872856140137
v0.3×v0.2,key,shared_help,ava_think_location,0,1,-0.5564355850219727
v0.3×v0.3,key,shared_help,ava_think_location,0,1,-0.5564355850219727
v0.2×v0.3,pkg,shared_help,ava_think_location,0,1,-0.9635424613952637
v0.3×v0.2,pkg,shared_help,ava_think_location,0,1,-0.939049243927002
v0.3×v0.3,pkg,shared_help,ava_think_location,0,1,-0.939049243927002
v0.2×v0.2,wallet,shared_help,ava_think_location,0,1,-0.32879018783569336
v0.2×v0.3,wallet,shared_help,ava_think_location,0,1,-0.32879018783569336
v0.3×v0.2,wallet,shared_help,ava_think_location,0,1,-0.1802387237548828
v0.3×v0.3,wallet,shared_help,ava_think_location,0,1,-0.1802387237548828
v0.2×v0.2,key,false_deceive,decision_confidence,0,1,-0.887394905090332
v0.2×v0.3,key,false_deceive,decision_confidence,0,1,-0.887394905090332
v0.3×v0.2,key,false_deceive,decision_confidence,0,1,-1.122610092163086
v0.3×v0.3,key,false_deceive,decision_confidence,0,1,-1.122610092163086
v0.2×v0.2,pkg,false_deceive,decision_confidence,0,1,-1.1526541709899902
v0.2×v0.3,pkg,false_deceive,decision_confidence,0,1,-1.1526541709899902
v0.3×v0.2,pkg,false_deceive,decision_confidence,0,1,-0.655881404876709
v0.3×v0.3,pkg,false_deceive,decision_confidence,0,1,-0.655881404876709
v0.2×v0.2,wallet,false_deceive,decision_confidence,0,1,-0.4465055465698242
v0.2×v0.3,wallet,false_deceive,decision_confidence,0,1,-0.4465055465698242
v0.3×v0.2,wallet,false_deceive,decision_confidence,0,1,-0.10374975204467773
v0.3×v0.3,wallet,false_deceive,decision_confidence,0,1,-0.10374975204467773
v0.2×v0.2,key,false_help,decision_confidence,0,1,-0.8044662475585938
v0.2×v0.3,key,false_help,decision_confidence,0,1,-0.8037900924682617
v0.3×v0.2,key,false_help,decision_confidence,0,1,-0.5551128387451172
v0.3×v0.3,key,false_help,decision_confidence,0,1,-0.5551128387451172
v0.2×v0.3,pkg,false_help,decision_confidence,0,1,-1.2890033721923828
v0.3×v0.2,pkg,false_help,decision_confidence,0,1,-0.9727625846862793
v0.3×v0.3,pkg,false_help,decision_confidence,0,1,-0.9719982147216797
v0.2×v0.3,wallet,false_help,decision_confidence,0,1,-1.2341575622558594
v0.3×v0.2,wallet,false_help,decision_confidence,0,1,-0.3576488494873047
v0.3×v0.3,wallet,false_help,decision_confidence,0,1,-0.3576488494873047
v0.2×v0.2,key,ignorance_deceive,decision_confidence,0,1,-0.887394905090332
v0.2×v0.3,key,ignorance_deceive,decision_confidence,0,1,-0.8872356414794922
v0.3×v0.2,key,ignorance_deceive,decision_confidence,0,1,-1.122610092163086
v0.3×v0.3,key,ignorance_deceive,decision_confidence,0,1,-1.122610092163086
v0.2×v0.3,pkg,ignorance_deceive,decision_confidence,0,1,-1.1526541709899902
v0.3×v0.2,pkg,ignorance_deceive,decision_confidence,0,1,-0.655881404876709
v0.3×v0.3,pkg,ignorance_deceive,decision_confidence,0,1,-0.655881404876709
v0.2×v0.2,wallet,ignorance_deceive,decision_confidence,0,1,-0.44899463653564453
v0.2×v0.3,wallet,ignorance_deceive,decision_confidence,0,1,-0.4465055465698242
v0.3×v0.2,wallet,ignorance_deceive,decision_confidence,0,1,-0.10556316375732422
v0.3×v0.3,wallet,ignorance_deceive,decision_confidence,0,1,-0.10374975204467773
v0.2×v0.2,key,ignorance_help,decision_confidence,0,1,-0.8037900924682617
v0.2×v0.3,key,ignorance_help,decision_confidence,0,1,-0.8037900924682617
v0.3×v0.2,key,ignorance_help,decision_confidence,0,1,-0.5551128387451172
v0.3×v0.3,key,ignorance_help,decision_confidence,0,1,-0.5551128387451172
v0.2×v0.2,pkg,ignorance_help,decision_confidence,0,1,-1.2890033721923828
v0.2×v0.3,pkg,ignorance_help,decision_confidence,0,1,-1.2890033721923828
v0.3×v0.2,pkg,ignorance_help,decision_confidence,0,1,-0.9719982147216797
v0.3×v0.3,pkg,ignorance_help,decision_confidence,0,1,-0.9719982147216797
v0.2×v0.2,wallet,ignorance_help,decision_confidence,0,1,-1.2366390228271484
v0.2×v0.3,wallet,ignorance_help,decision_confidence,0,1,-1.2366390228271484
v0.3×v0.2,wallet,ignorance_help,decision_confidence,0,1,-0.3576488494873047
v0.3×v0.3,wallet,ignorance_help,decision_confidence,0,1,-0.3576488494873047
v0.2×v0.2,key,shared_deceive,decision_confidence,0,1,-0.887394905090332
v0.2×v0.3,key,shared_deceive,decision_confidence,0,1,-0.887394905090332
v0.3×v0.2,key,shared_deceive,decision_confidence,0,1,-1.122610092163086
v0.3×v0.3,key,shared_deceive,decision_confidence,0,1,-1.122610092163086
v0.2×v0.2,pkg,shared_deceive,decision_confidence,0,1,-1.1526541709899902
v0.2×v0.3,pkg,shared_deceive,decision_confidence,0,1,-1.1526541709899902
v0.3×v0.2,pkg,shared_deceive,decision_confidence,0,1,-0.655881404876709
v0.3×v0.3,pkg,shared_deceive,decision_confidence,0,1,-0.655881404876709
v0.2×v0.2,wallet,shared_deceive,decision_confidence,0,1,-0.4465055465698242
v0.2×v0.3,wallet,shared_deceive,decision_confidence,0,1,-0.4465055465698242
v0.3×v0.3,wallet,shared_deceive,decision_confidence,0,1,-0.10374975204467773
v0.2×v0.2,key,shared_help,decision_confidence,0,1,-0.8037900924682617
v0.2×v0.3,key,shared_help,decision_confidence,0,1,-0.8037900924682617
v0.3×v0.2,key,shared_help,decision_confidence,0,1,-0.5551128387451172
v0.3×v0.3,key,shared_help,decision_confidence,0,1,-0.5551128387451172
v0.2×v0.3,pkg,shared_help,decision_confidence,0,1,-1.2858219146728516
v0.3×v0.2,pkg,shared_help,decision_confidence,0,1,-0.9719982147216797
v0.3×v0.3,pkg,shared_help,decision_confidence,0,1,-0.9719982147216797
v0.2×v0.2,wallet,shared_help,decision_confidence,0,1,-1.2366390228271484
v0.2×v0.3,wallet,shared_help,decision_confidence,0,1,-1.2366390228271484
v0.3×v0.2,wallet,shared_help,decision_confidence,0,1,-0.3576488494873047
v0.3×v0.3,wallet,shared_help,decision_confidence,0,1,-0.3576488494873047
v0.2×v0.2,key,false_deceive,mia_strategy,0,1,-2.871185779571533
v0.2×v0.3,key,false_deceive,mia_strategy,0,1,-2.871185779571533
v0.3×v0.2,key,false_deceive,mia_strategy,0,1,-1.9248790740966797
v0.3×v0.3,key,false_deceive,mia_strategy,0,1,-1.9248790740966797
v0.2×v0.2,pkg,false_deceive,mia_strategy,0,1,-2.813448905944824
v0.2×v0.3,pkg,false_deceive,mia_strategy,0,1,-2.813448905944824
v0.3×v0.2,pkg,false_deceive,mia_strategy,0,1,-2.0975728034973145
v0.3×v0.3,pkg,false_deceive,mia_strategy,0,1,-2.0975728034973145
v0.2×v0.2,wallet,false_deceive,mia_strategy,0,1,-2.917327880859375
v0.2×v0.3,wallet,false_deceive,mia_strategy,0,1,-2.917327880859375
v0.3×v0.2,wallet,false_deceive,mia_strategy,0,1,-1.9535903930664062
v0.3×v0.3,wallet,false_deceive,mia_strategy,0,1,-1.9535903930664062
v0.2×v0.2,key,false_help,mia_strategy,0,1,-0.15415000915527344
v0.2×v0.3,key,false_help,mia_strategy,0,1,-0.15324974060058594
v0.3×v0.2,key,false_help,mia_strategy,0,1,-0.24675989151000977
v0.3×v0.3,key,false_help,mia_strategy,0,1,-0.24675989151000977
v0.2×v0.3,pkg,false_help,mia_strategy,0,1,0.15208101272583008
v0.3×v0.2,pkg,false_help,mia_strategy,0,1,-0.33335399627685547
v0.3×v0.3,pkg,false_help,mia_strategy,0,1,-0.3308134078979492
v0.2×v0.3,wallet,false_help,mia_strategy,0,1,-0.05737447738647461
v0.3×v0.2,wallet,false_help,mia_strategy,0,1,-0.3594350814819336
v0.3×v0.3,wallet,false_help,mia_strategy,0,1,-0.3594350814819336
v0.2×v0.2,key,ignorance_deceive,mia_strategy,0,1,-2.871185779571533
v0.2×v0.3,key,ignorance_deceive,mia_strategy,0,1,-2.8694276809692383
v0.3×v0.2,key,ignorance_deceive,mia_strategy,0,1,-1.9248790740966797
v0.3×v0.3,key,ignorance_deceive,mia_strategy,0,1,-1.9248790740966797
v0.2×v0.3,pkg,ignorance_deceive,mia_strategy,0,1,-2.813448905944824
v0.3×v0.2,pkg,ignorance_deceive,mia_strategy,0,1,-2.0975728034973145
v0.3×v0.3,pkg,ignorance_deceive,mia_strategy,0,1,-2.0975728034973145
v0.2×v0.2,wallet,ignorance_deceive,mia_strategy,0,1,-2.9164211750030518
v0.2×v0.3,wallet,ignorance_deceive,mia_strategy,0,1,-2.917327880859375
v0.3×v0.2,wallet,ignorance_deceive,mia_strategy,0,1,-1.952890396118164
v0.3×v0.3,wallet,ignorance_deceive,mia_strategy,0,1,-1.9535903930664062
v0.2×v0.2,key,ignorance_help,mia_strategy,0,1,-0.15324974060058594
v0.2×v0.3,key,ignorance_help,mia_strategy,0,1,-0.15324974060058594
v0.3×v0.2,key,ignorance_help,mia_strategy,0,1,-0.24675989151000977
v0.3×v0.3,key,ignorance_help,mia_strategy,0,1,-0.24675989151000977
v0.2×v0.2,pkg,ignorance_help,mia_strategy,0,1,0.15208101272583008
v0.2×v0.3,pkg,ignorance_help,mia_strategy,0,1,0.15208101272583008
v0.3×v0.2,pkg,ignorance_help,mia_strategy,0,1,-0.3308134078979492
v0.3×v0.3,pkg,ignorance_help,mia_strategy,0,1,-0.3308134078979492
v0.2×v0.2,wallet,ignorance_help,mia_strategy,0,1,-0.05685567855834961
v0.2×v0.3,wallet,ignorance_help,mia_strategy,0,1,-0.05685567855834961
v0.3×v0.2,wallet,ignorance_help,mia_strategy,0,1,-0.3594350814819336
v0.3×v0.3,wallet,ignorance_help,mia_strategy,0,1,-0.3594350814819336
v0.2×v0.2,key,shared_deceive,mia_strategy,0,1,-2.871185779571533
v0.2×v0.3,key,shared_deceive,mia_strategy,0,1,-2.871185779571533
v0.3×v0.2,key,shared_deceive,mia_strategy,0,1,-1.9248790740966797
v0.3×v0.3,key,shared_deceive,mia_strategy,0,1,-1.9248790740966797
v0.2×v0.2,pkg,shared_deceive,mia_strategy,0,1,-2.813448905944824
v0.2×v0.3,pkg,shared_deceive,mia_strategy,0,1,-2.813448905944824
v0.3×v0.2,pkg,shared_deceive,mia_strategy,0,1,-2.0975728034973145
v0.3×v0.3,pkg,shared_deceive,mia_strategy,0,1,-2.0975728034973145
v0.2×v0.2,wallet,shared_deceive,mia_strategy,0,1,-2.917327880859375
v0.2×v0.3,wallet,shared_deceive,mia_strategy,0,1,-2.917327880859375
v0.3×v0.3,wallet,shared_deceive,mia_strategy,0,1,-1.9535903930664062
v0.2×v0.2,key,shared_help,mia_strategy,0,1,-0.15324974060058594
v0.2×v0.3,key,shared_help,mia_strategy,0,1,-0.15324974060058594
v0.3×v0.2,key,shared_help,mia_strategy,0,1,-0.24675989151000977
v0.3×v0.3,key,shared_help,mia_strategy,0,1,-0.24675989151000977
v0.2×v0.3,pkg,shared_help,mia_strategy,0,1,0.15181970596313477
v0.3×v0.2,pkg,shared_help,mia_strategy,0,1,-0.3308134078979492
v0.3×v0.3,pkg,shared_help,mia_strategy,0,1,-0.3308134078979492
v0.2×v0.2,wallet,shared_help,mia_strategy,0,1,-0.05685567855834961
v0.2×v0.3,wallet,shared_help,mia_strategy,0,1,-0.05685567855834961
v0.3×v0.2,wallet,shared_help,mia_strategy,0,1,-0.3594350814819336
v0.3×v0.3,wallet,shared_help,mia_strategy,0,1,-0.3594350814819336
v0.2×v0.2,key,false_deceive,mia_think_location,0,1,0.1238715648651123
v0.2×v0.3,key,false_deceive,mia_think_location,0,1,0.1238715648651123
v0.3×v0.2,key,false_deceive,mia_think_location,0,1,0.6872467994689941
v0.3×v0.3,key,false_deceive,mia_think_location,0,1,0.6872467994689941
v0.2×v0.2,pkg,false_deceive,mia_think_location,0,1,-1.0560171604156494
v0.2×v0.3,pkg,false_deceive,mia_think_location,0,1,-1.0560171604156494
v0.3×v0.2,pkg,false_deceive,mia_think_location,0,1,0.07842135429382324
v0.3×v0.3,pkg,false_deceive,mia_think_location,0,1,0.07842135429382324
v0.2×v0.2,wallet,false_deceive,mia_think_location,0,1,-0.3123664855957031
v0.2×v0.3,wallet,false_deceive,mia_think_location,0,1,-0.3123664855957031
v0.3×v0.2,wallet,false_deceive,mia_think_location,0,1,0.5083575248718262
v0.3×v0.3,wallet,false_deceive,mia_think_location,0,1,0.5083575248718262
v0.2×v0.2,key,false_help,mia_think_location,0,1,1.253023624420166
v0.2×v0.3,key,false_help,mia_think_location,0,1,1.2535438537597656
v0.3×v0.2,key,false_help,mia_think_location,0,1,0.9508316516876221
v0.3×v0.3,key,false_help,mia_think_location,0,1,0.9508316516876221
v0.2×v0.3,pkg,false_help,mia_think_location,0,1,1.1023001670837402
v0.3×v0.2,pkg,false_help,mia_think_location,0,1,0.8365421295166016
v0.3×v0.3,pkg,false_help,mia_think_location,0,1,0.8371419906616211
v0.2×v0.3,wallet,false_help,mia_think_location,0,1,0.6712298393249512
v0.3×v0.2,wallet,false_help,mia_think_location,0,1,0.6073093414306641
v0.3×v0.3,wallet,false_help,mia_think_location,0,1,0.6073093414306641
v0.2×v0.2,key,ignorance_deceive,mia_think_location,0,1,0.1238715648651123
v0.2×v0.3,key,ignorance_deceive,mia_think_location,0,1,0.13872885704040527
v0.3×v0.2,key,ignorance_deceive,mia_think_location,0,1,0.6872467994689941
v0.3×v0.3,key,ignorance_deceive,mia_think_location,0,1,0.6872467994689941
v0.2×v0.3,pkg,ignorance_deceive,mia_think_location,0,1,-1.0560171604156494
v0.3×v0.2,pkg,ignorance_deceive,mia_think_location,0,1,0.07842135429382324
v0.3×v0.3,pkg,ignorance_deceive,mia_think_location,0,1,0.07842135429382324
v0.2×v0.2,wallet,ignorance_deceive,mia_think_location,0,1,-0.3125791549682617
v0.2×v0.3,wallet,ignorance_deceive,mia_think_location,0,1,-0.3123664855957031
v0.3×v0.2,wallet,ignorance_deceive,mia_think_location,0,1,0.509335994720459
v0.3×v0.3,wallet,ignorance_deceive,mia_think_location,0,1,0.5083575248718262
v0.2×v0.2,key,ignorance_help,mia_think_location,0,1,1.2535438537597656
v0.2×v0.3,key,ignorance_help,mia_think_location,0,1,1.2535438537597656
v0.3×v0.2,key,ignorance_help,mia_think_location,0,1,0.9508316516876221
v0.3×v0.3,key,ignorance_help,mia_think_location,0,1,0.9508316516876221
v0.2×v0.2,pkg,ignorance_help,mia_think_location,0,1,1.1023001670837402
v0.2×v0.3,pkg,ignorance_help,mia_think_location,0,1,1.1023001670837402
v0.3×v0.2,pkg,ignorance_help,mia_think_location,0,1,0.8371419906616211
v0.3×v0.3,pkg,ignorance_help,mia_think_location,0,1,0.8371419906616211
v0.2×v0.2,wallet,ignorance_help,mia_think_location,0,1,0.6697478294372559
v0.2×v0.3,wallet,ignorance_help,mia_think_location,0,1,0.6697478294372559
v0.3×v0.2,wallet,ignorance_help,mia_think_location,0,1,0.6073093414306641
v0.3×v0.3,wallet,ignorance_help,mia_think_location,0,1,0.6073093414306641
v0.2×v0.2,key,shared_deceive,mia_think_location,0,1,0.1238715648651123
v0.2×v0.3,key,shared_deceive,mia_think_location,0,1,0.1238715648651123
v0.3×v0.2,key,shared_deceive,mia_think_location,0,1,0.6872467994689941
v0.3×v0.3,key,shared_deceive,mia_think_location,0,1,0.6872467994689941
v0.2×v0.2,pkg,shared_deceive,mia_think_location,0,1,-1.0560171604156494
v0.2×v0.3,pkg,shared_deceive,mia_think_location,0,1,-1.0560171604156494
v0.3×v0.2,pkg,shared_deceive,mia_think_location,0,1,0.07842135429382324
v0.3×v0.3,pkg,shared_deceive,mia_think_location,0,1,0.07842135429382324
v0.2×v0.2,wallet,shared_deceive,mia_think_location,0,1,-0.3123664855957031
v0.2×v0.3,wallet,shared_deceive,mia_think_location,0,1,-0.3123664855957031
v0.3×v0.3,wallet,shared_deceive,mia_think_location,0,1,0.5083575248718262
v0.2×v0.2,key,shared_help,mia_think_location,0,1,1.2535438537597656
v0.2×v0.3,key,shared_help,mia_think_location,0,1,1.2535438537597656
v0.3×v0.2,key,shared_help,mia_think_location,0,1,0.9508316516876221
v0.3×v0.3,key,shared_help,mia_think_location,0,1,0.9508316516876221
v0.2×v0.3,pkg,shared_help,mia_think_location,0,1,1.1029045581817627
v0.3×v0.2,pkg,shared_help,mia_think_location,0,1,0.8371419906616211
v0.3×v0.3,pkg,shared_help,mia_think_location,0,1,0.8371419906616211
v0.2×v0.2,wallet,shared_help,mia_think_location,0,1,0.6697478294372559
v0.2×v0.3,wallet,shared_help,mia_think_location,0,1,0.6697478294372559
v0.3×v0.2,wallet,shared_help,mia_think_location,0,1,0.6073093414306641
v0.3×v0.3,wallet,shared_help,mia_think_location,0,1,0.6073093414306641
v0.2×v0.2,key,false_deceive,other_honesty,0,1,-3.3460946083068848
v0.2×v0.3,key,false_deceive,other_honesty,0,1,-3.3460946083068848
v0.3×v0.2,key,false_deceive,other_honesty,0,1,-2.1836318969726562
v0.3×v0.3,key,false_deceive,other_honesty,0,1,-2.1836318969726562
v0.2×v0.2,pkg,false_deceive,other_honesty,0,1,-2.53310489654541
v0.2×v0.3,pkg,false_deceive,other_honesty,0,1,-2.53310489654541
v0.3×v0.2,pkg,false_deceive,other_honesty,0,1,-1.94563627243042
v0.3×v0.3,pkg,false_deceive,other_honesty,0,1,-1.94563627243042
v0.2×v0.2,wallet,false_deceive,other_honesty,0,1,-2.589235305786133
v0.2×v0.3,wallet,false_deceive,other_honesty,0,1,-2.589235305786133
v0.3×v0.2,wallet,false_deceive,other_honesty,0,1,-2.0070438385009766
v0.3×v0.3,wallet,false_deceive,other_honesty,0,1,-2.0070438385009766
v0.2×v0.2,key,false_help,other_honesty,0,1,-3.419618606567383
v0.2×v0.3,key,false_help,other_honesty,0,1,-3.42254638671875
v0.3×v0.2,key,false_help,other_honesty,0,1,-2.0590744018554688
v0.3×v0.3,key,false_help,other_honesty,0,1,-2.0590744018554688
v0.2×v0.3,pkg,false_help,other_honesty,0,1,-2.3702096939086914
v0.3×v0.2,pkg,false_help,other_honesty,0,1,-1.7806816101074219
v0.3×v0.3,pkg,false_help,other_honesty,0,1,-1.7777042388916016
v0.2×v0.3,wallet,false_help,other_honesty,0,1,-2.707564353942871
v0.3×v0.2,wallet,false_help,other_honesty,0,1,-1.7699241638183594
v0.3×v0.3,wallet,false_help,other_honesty,0,1,-1.7699241638183594
v0.2×v0.2,key,ignorance_deceive,other_honesty,0,1,-3.3460946083068848
v0.2×v0.3,key,ignorance_deceive,other_honesty,0,1,-3.344634532928467
v0.3×v0.2,key,ignorance_deceive,other_honesty,0,1,-2.1836318969726562
v0.3×v0.3,key,ignorance_deceive,other_honesty,0,1,-2.1836318969726562
v0.2×v0.3,pkg,ignorance_deceive,other_honesty,0,1,-2.53310489654541
v0.3×v0.2,pkg,ignorance_deceive,other_honesty,0,1,-1.94563627243042
v0.3×v0.3,pkg,ignorance_deceive,other_honesty,0,1,-1.94563627243042
v0.2×v0.2,wallet,ignorance_deceive,other_honesty,0,1,-2.5875940322875977
v0.2×v0.3,wallet,ignorance_deceive,other_honesty,0,1,-2.589235305786133
v0.3×v0.2,wallet,ignorance_deceive,other_honesty,0,1,-2.0094876289367676
v0.3×v0.3,wallet,ignorance_deceive,other_honesty,0,1,-2.0070438385009766
v0.2×v0.2,key,ignorance_help,other_honesty,0,1,-3.42254638671875
v0.2×v0.3,key,ignorance_help,other_honesty,0,1,-3.42254638671875
v0.3×v0.2,key,ignorance_help,other_honesty,0,1,-2.0590744018554688
v0.3×v0.3,key,ignorance_help,other_honesty,0,1,-2.0590744018554688
v0.2×v0.2,pkg,ignorance_help,other_honesty,0,1,-2.3702096939086914
v0.2×v0.3,pkg,ignorance_help,other_honesty,0,1,-2.3702096939086914
v0.3×v0.2,pkg,ignorance_help,other_honesty,0,1,-1.7777042388916016
v0.3×v0.3,pkg,ignorance_help,other_honesty,0,1,-1.7777042388916016
v0.2×v0.2,wallet,ignorance_help,other_honesty,0,1,-2.7078804969787598
v0.2×v0.3,wallet,ignorance_help,other_honesty,0,1,-2.7078804969787598
v0.3×v0.2,wallet,ignorance_help,other_honesty,0,1,-1.7699241638183594
v0.3×v0.3,wallet,ignorance_help,other_honesty,0,1,-1.7699241638183594
v0.2×v0.2,key,shared_deceive,other_honesty,0,1,-3.3460946083068848
v0.2×v0.3,key,shared_deceive,other_honesty,0,1,-3.3460946083068848
v0.3×v0.2,key,shared_deceive,other_honesty,0,1,-2.1836318969726562
v0.3×v0.3,key,shared_deceive,other_honesty,0,1,-2.1836318969726562
v0.2×v0.2,pkg,shared_deceive,other_honesty,0,1,-2.53310489654541
v0.2×v0.3,pkg,shared_deceive,other_honesty,0,1,-2.53310489654541
v0.3×v0.2,pkg,shared_deceive,other_honesty,0,1,-1.94563627243042
v0.3×v0.3,pkg,shared_deceive,other_honesty,0,1,-1.94563627243042
v0.2×v0.2,wallet,shared_deceive,other_honesty,0,1,-2.589235305786133
v0.2×v0.3,wallet,shared_deceive,other_honesty,0,1,-2.589235305786133
v0.3×v0.3,wallet,shared_deceive,other_honesty,0,1,-2.0070438385009766
v0.2×v0.2,key,shared_help,other_honesty,0,1,-3.42254638671875
v0.2×v0.3,key,shared_help,other_honesty,0,1,-3.42254638671875
v0.3×v0.2,key,shared_help,other_honesty,0,1,-2.0590744018554688
v0.3×v0.3,key,shared_help,other_honesty,0,1,-2.0590744018554688
v0.2×v0.3,pkg,shared_help,other_honesty,0,1,-2.369626998901367
v0.3×v0.2,pkg,shared_help,other_honesty,0,1,-1.7777042388916016
v0.3×v0.3,pkg,shared_help,other_honesty,0,1,-1.7777042388916016
v0.2×v0.2,wallet,shared_help,other_honesty,0,1,-2.7078804969787598
v0.2×v0.3,wallet,shared_help,other_honesty,0,1,-2.7078804969787598
v0.3×v0.2,wallet,shared_help,other_honesty,0,1,-1.7699241638183594
v0.3×v0.3,wallet,shared_help,other_honesty,0,1,-1.7699241638183594
v0.2×v0.2,key,false_deceive,other_strategy,0,1,-2.6907906532287598
v0.2×v0.3,key,false_deceive,other_strategy,0,1,-2.6907906532287598
v0.3×v0.2,key,false_deceive,other_strategy,0,1,-1.5747604370117188
v0.3×v0.3,key,false_deceive,other_strategy,0,1,-1.5747604370117188
v0.2×v0.2,pkg,false_deceive,other_strategy,0,1,-1.8766517639160156
v0.2×v0.3,pkg,false_deceive,other_strategy,0,1,-1.8766517639160156
v0.3×v0.2,pkg,false_deceive,other_strategy,0,1,-1.2707738876342773
v0.3×v0.3,pkg,false_deceive,other_strategy,0,1,-1.2707738876342773
v0.2×v0.2,wallet,false_deceive,other_strategy,0,1,-2.0325160026550293
v0.2×v0.3,wallet,false_deceive,other_strategy,0,1,-2.0325160026550293
v0.3×v0.2,wallet,false_deceive,other_strategy,0,1,-1.4876604080200195
v0.3×v0.3,wallet,false_deceive,other_strategy,0,1,-1.4876604080200195
v0.2×v0.2,key,false_help,other_strategy,0,1,-2.759138584136963
v0.2×v0.3,key,false_help,other_strategy,0,1,-2.7607407569885254
v0.3×v0.2,key,false_help,other_strategy,0,1,-1.8027138710021973
v0.3×v0.3,key,false_help,other_strategy,0,1,-1.8027138710021973
v0.2×v0.3,pkg,false_help,other_strategy,0,1,-1.89225435256958
v0.3×v0.2,pkg,false_help,other_strategy,0,1,-1.452796459197998
v0.3×v0.3,pkg,false_help,other_strategy,0,1,-1.4528584480285645
v0.2×v0.3,wallet,false_help,other_strategy,0,1,-2.2169723510742188
v0.3×v0.2,wallet,false_help,other_strategy,0,1,-1.5145173072814941
v0.3×v0.3,wallet,false_help,other_strategy,0,1,-1.5145173072814941
v0.2×v0.2,key,ignorance_deceive,other_strategy,0,1,-2.6907906532287598
v0.2×v0.3,key,ignorance_deceive,other_strategy,0,1,-2.6879658699035645
v0.3×v0.2,key,ignorance_deceive,other_strategy,0,1,-1.5747604370117188
v0.3×v0.3,key,ignorance_deceive,other_strategy,0,1,-1.5747604370117188
v0.2×v0.3,pkg,ignorance_deceive,other_strategy,0,1,-1.8766517639160156
v0.3×v0.2,pkg,ignorance_deceive,other_strategy,0,1,-1.2707738876342773
v0.3×v0.3,pkg,ignorance_deceive,other_strategy,0,1,-1.2707738876342773
v0.2×v0.2,wallet,ignorance_deceive,other_strategy,0,1,-2.0309572219848633
v0.2×v0.3,wallet,ignorance_deceive,other_strategy,0,1,-2.0325160026550293
v0.3×v0.2,wallet,ignorance_deceive,other_strategy,0,1,-1.490943431854248
v0.3×v0.3,wallet,ignorance_deceive,other_strategy,0,1,-1.4876604080200195
v0.2×v0.2,key,ignorance_help,other_strategy,0,1,-2.7607407569885254
v0.2×v0.3,key,ignorance_help,other_strategy,0,1,-2.7607407569885254
v0.3×v0.2,key,ignorance_help,other_strategy,0,1,-1.8027138710021973
v0.3×v0.3,key,ignorance_help,other_strategy,0,1,-1.8027138710021973
v0.2×v0.2,pkg,ignorance_help,other_strategy,0,1,-1.89225435256958
v0.2×v0.3,pkg,ignorance_help,other_strategy,0,1,-1.89225435256958
v0.3×v0.2,pkg,ignorance_help,other_strategy,0,1,-1.4528584480285645
v0.3×v0.3,pkg,ignorance_help,other_strategy,0,1,-1.4528584480285645
v0.2×v0.2,wallet,ignorance_help,other_strategy,0,1,-2.21669864654541
v0.2×v0.3,wallet,ignorance_help,other_strategy,0,1,-2.21669864654541
v0.3×v0.2,wallet,ignorance_help,other_strategy,0,1,-1.5145173072814941
v0.3×v0.3,wallet,ignorance_help,other_strategy,0,1,-1.5145173072814941
v0.2×v0.2,key,shared_deceive,other_strategy,0,1,-2.6907906532287598
v0.2×v0.3,key,shared_deceive,other_strategy,0,1,-2.6907906532287598
v0.3×v0.2,key,shared_deceive,other_strategy,0,1,-1.5747604370117188
v0.3×v0.3,key,shared_deceive,other_strategy,0,1,-1.5747604370117188
v0.2×v0.2,pkg,shared_deceive,other_strategy,0,1,-1.8766517639160156
v0.2×v0.3,pkg,shared_deceive,other_strategy,0,1,-1.8766517639160156
v0.3×v0.2,pkg,shared_deceive,other_strategy,0,1,-1.2707738876342773
v0.3×v0.3,pkg,shared_deceive,other_strategy,0,1,-1.2707738876342773
v0.2×v0.2,wallet,shared_deceive,other_strategy,0,1,-2.0325160026550293
v0.2×v0.3,wallet,shared_deceive,other_strategy,0,1,-2.0325160026550293
v0.3×v0.3,wallet,shared_deceive,other_strategy,0,1,-1.4876604080200195
v0.2×v0.2,key,shared_help,other_strategy,0,1,-2.7607407569885254
v0.2×v0.3,key,shared_help,other_strategy,0,1,-2.7607407569885254
v0.3×v0.2,key,shared_help,other_strategy,0,1,-1.8027138710021973
v0.3×v0.3,key,shared_help,other_strategy,0,1,-1.8027138710021973
v0.2×v0.3,pkg,shared_help,other_strategy,0,1,-1.889209270477295
v0.3×v0.2,pkg,shared_help,other_strategy,0,1,-1.4528584480285645
v0.3×v0.3,pkg,shared_help,other_strategy,0,1,-1.4528584480285645
v0.2×v0.2,wallet,shared_help,other_strategy,0,1,-2.21669864654541
v0.2×v0.3,wallet,shared_help,other_strategy,0,1,-2.21669864654541
v0.3×v0.2,wallet,shared_help,other_strategy,0,1,-1.5145173072814941
v0.3×v0.3,wallet,shared_help,other_strategy,0,1,-1.5145173072814941
v0.2×v0.2,key,false_deceive,other_think_location,0,1,-0.953606128692627
v0.2×v0.3,key,false_deceive,other_think_location,0,1,-0.953606128692627
v0.3×v0.2,key,false_deceive,other_think_location,0,1,-0.19541358947753906
v0.3×v0.3,key,false_deceive,other_think_location,0,1,-0.19541358947753906
v0.2×v0.2,pkg,false_deceive,other_think_location,0,1,-1.1388373374938965
v0.2×v0.3,pkg,false_deceive,other_think_location,0,1,-1.1388373374938965
v0.3×v0.2,pkg,false_deceive,other_think_location,0,1,-0.44989633560180664
v0.3×v0.3,pkg,false_deceive,other_think_location,0,1,-0.44989633560180664
v0.2×v0.2,wallet,false_deceive,other_think_location,0,1,-0.2993030548095703
v0.2×v0.3,wallet,false_deceive,other_think_location,0,1,-0.2993030548095703
v0.3×v0.2,wallet,false_deceive,other_think_location,0,1,0.01276254653930664
v0.3×v0.3,wallet,false_deceive,other_think_location,0,1,0.01276254653930664
v0.2×v0.2,key,false_help,other_think_location,0,1,-1.1703815460205078
v0.2×v0.3,key,false_help,other_think_location,0,1,-1.1701445579528809
v0.3×v0.2,key,false_help,other_think_location,0,1,-0.28378963470458984
v0.3×v0.3,key,false_help,other_think_location,0,1,-0.28378963470458984
v0.2×v0.3,pkg,false_help,other_think_location,0,1,-0.932600736618042
v0.3×v0.2,pkg,false_help,other_think_location,0,1,-0.7600388526916504
v0.3×v0.3,pkg,false_help,other_think_location,0,1,-0.7606151103973389
v0.2×v0.3,wallet,false_help,other_think_location,0,1,-0.268951416015625
v0.3×v0.2,wallet,false_help,other_think_location,0,1,-0.1571335792541504
v0.3×v0.3,wallet,false_help,other_think_location,0,1,-0.1571335792541504
v0.2×v0.2,key,ignorance_deceive,other_think_location,0,1,-0.953606128692627
v0.2×v0.3,key,ignorance_deceive,other_think_location,0,1,-0.9554853439331055
v0.3×v0.2,key,ignorance_deceive,other_think_location,0,1,-0.19541358947753906
v0.3×v0.3,key,ignorance_deceive,other_think_location,0,1,-0.19541358947753906
v0.2×v0.3,pkg,ignorance_deceive,other_think_location,0,1,-1.1388373374938965
v0.3×v0.2,pkg,ignorance_deceive,other_think_location,0,1,-0.44989633560180664
v0.3×v0.3,pkg,ignorance_deceive,other_think_location,0,1,-0.44989633560180664
v0.2×v0.2,wallet,ignorance_deceive,other_think_location,0,1,-0.29818248748779297
v0.2×v0.3,wallet,ignorance_deceive,other_think_location,0,1,-0.2993030548095703
v0.3×v0.2,wallet,ignorance_deceive,other_think_location,0,1,0.014341354370117188
v0.3×v0.3,wallet,ignorance_deceive,other_think_location,0,1,0.01276254653930664
v0.2×v0.2,key,ignorance_help,other_think_location,0,1,-1.1701445579528809
v0.2×v0.3,key,ignorance_help,other_think_location,0,1,-1.1701445579528809
v0.3×v0.2,key,ignorance_help,other_think_location,0,1,-0.28378963470458984
v0.3×v0.3,key,ignorance_help,other_think_location,0,1,-0.28378963470458984
v0.2×v0.2,pkg,ignorance_help,other_think_location,0,1,-0.932600736618042
v0.2×v0.3,pkg,ignorance_help,other_think_location,0,1,-0.932600736618042
v0.3×v0.2,pkg,ignorance_help,other_think_location,0,1,-0.7606151103973389
v0.3×v0.3,pkg,ignorance_help,other_think_location,0,1,-0.7606151103973389
v0.2×v0.2,wallet,ignorance_help,other_think_location,0,1,-0.2682666778564453
v0.2×v0.3,wallet,ignorance_help,other_think_location,0,1,-0.2682666778564453
v0.3×v0.2,wallet,ignorance_help,other_think_location,0,1,-0.1571335792541504
v0.3×v0.3,wallet,ignorance_help,other_think_location,0,1,-0.1571335792541504
v0.2×v0.2,key,shared_deceive,other_think_location,0,1,-0.953606128692627
v0.2×v0.3,key,shared_deceive,other_think_location,0,1,-0.953606128692627
v0.3×v0.2,key,shared_deceive,other_think_location,0,1,-0.19541358947753906
v0.3×v0.3,key,shared_deceive,other_think_location,0,1,-0.19541358947753906
v0.2×v0.2,pkg,shared_deceive,other_think_location,0,1,-1.1388373374938965
v0.2×v0.3,pkg,shared_deceive,other_think_location,0,1,-1.1388373374938965
v0.3×v0.2,pkg,shared_deceive,other_think_location,0,1,-0.44989633560180664
v0.3×v0.3,pkg,shared_deceive,other_think_location,0,1,-0.44989633560180664
v0.2×v0.2,wallet,shared_deceive,other_think_location,0,1,-0.2993030548095703
v0.2×v0.3,wallet,shared_deceive,other_think_location,0,1,-0.2993030548095703
v0.3×v0.3,wallet,shared_deceive,other_think_location,0,1,0.01276254653930664
v0.2×v0.2,key,shared_help,other_think_location,0,1,-1.1701445579528809
v0.2×v0.3,key,shared_help,other_think_location,0,1,-1.1701445579528809
v0.3×v0.2,key,shared_help,other_think_location,0,1,-0.28378963470458984
v0.3×v0.3,key,shared_help,other_think_location,0,1,-0.28378963470458984
v0.2×v0.3,pkg,shared_help,other_think_location,0,1,-0.9324586391448975
v0.3×v0.2,pkg,shared_help,other_think_location,0,1,-0.7606151103973389
v0.3×v0.3,pkg,shared_help,other_think_location,0,1,-0.7606151103973389
v0.2×v0.2,wallet,shared_help,other_think_location,0,1,-0.2682666778564453
v0.2×v0.3,wallet,shared_help,other_think_location,0,1,-0.2682666778564453
v0.3×v0.2,wallet,shared_help,other_think_location,0,1,-0.1571335792541504
v0.3×v0.3,wallet,shared_help,other_think_location,0,1,-0.1571335792541504
v0.2×v0.2,key,false_deceive,self_belief_location,0,1,-1.7475882768630981
v0.2×v0.3,key,false_deceive,self_belief_location,0,1,-1.7475882768630981
v0.3×v0.2,key,false_deceive,self_belief_location,0,1,-0.9221832752227783
v0.3×v0.3,key,false_deceive,self_belief_location,0,1,-0.9221832752227783
v0.2×v0.2,pkg,false_deceive,self_belief_location,0,1,-2.4674733877182007
v0.2×v0.3,pkg,false_deceive,self_belief_location,0,1,-2.4674733877182007
v0.3×v0.2,pkg,false_deceive,self_belief_location,0,1,-1.547121286392212
v0.3×v0.3,pkg,false_deceive,self_belief_location,0,1,-1.547121286392212
v0.2×v0.2,wallet,false_deceive,self_belief_location,0,1,-0.7060394287109375
v0.2×v0.3,wallet,false_deceive,self_belief_location,0,1,-0.7060394287109375
v0.3×v0.2,wallet,false_deceive,self_belief_location,0,1,-0.2925453186035156
v0.3×v0.3,wallet,false_deceive,self_belief_location,0,1,-0.2925453186035156
v0.2×v0.2,key,false_help,self_belief_location,0,1,2.034272789955139
v0.2×v0.3,key,false_help,self_belief_location,0,1,2.033670723438263
v0.3×v0.2,key,false_help,self_belief_location,0,1,1.6423518657684326
v0.3×v0.3,key,false_help,self_belief_location,0,1,1.6423518657684326
v0.2×v0.3,pkg,false_help,self_belief_location,0,1,1.697832703590393
v0.3×v0.2,pkg,false_help,self_belief_location,0,1,1.3884111642837524
v0.3×v0.3,pkg,false_help,self_belief_location,0,1,1.388729453086853
v0.2×v0.3,wallet,false_help,self_belief_location,0,1,0.8840130567550659
v0.3×v0.2,wallet,false_help,self_belief_location,0,1,0.9623057842254639
v0.3×v0.3,wallet,false_help,self_belief_location,0,1,0.9623057842254639
v0.2×v0.2,key,ignorance_deceive,self_belief_location,0,1,-1.7475882768630981
v0.2×v0.3,key,ignorance_deceive,self_belief_location,0,1,-1.746586799621582
v0.3×v0.2,key,ignorance_deceive,self_belief_location,0,1,-0.9221832752227783
v0.3×v0.3,key,ignorance_deceive,self_belief_location,0,1,-0.9221832752227783
v0.2×v0.3,pkg,ignorance_deceive,self_belief_location,0,1,-2.4674733877182007
v0.3×v0.2,pkg,ignorance_deceive,self_belief_location,0,1,-1.547121286392212
v0.3×v0.3,pkg,ignorance_deceive,self_belief_location,0,1,-1.547121286392212
v0.2×v0.2,wallet,ignorance_deceive,self_belief_location,0,1,-0.7056474685668945
v0.2×v0.3,wallet,ignorance_deceive,self_belief_location,0,1,-0.7060394287109375
v0.3×v0.2,wallet,ignorance_deceive,self_belief_location,0,1,-0.2920069694519043
v0.3×v0.3,wallet,ignorance_deceive,self_belief_location,0,1,-0.2925453186035156
v0.2×v0.2,key,ignorance_help,self_belief_location,0,1,2.033670723438263
v0.2×v0.3,key,ignorance_help,self_belief_location,0,1,2.033670723438263
v0.3×v0.2,key,ignorance_help,self_belief_location,0,1,1.6423518657684326
v0.3×v0.3,key,ignorance_help,self_belief_location,0,1,1.6423518657684326
v0.2×v0.2,pkg,ignorance_help,self_belief_location,0,1,1.697832703590393
v0.2×v0.3,pkg,ignorance_help,self_belief_location,0,1,1.697832703590393
v0.3×v0.2,pkg,ignorance_help,self_belief_location,0,1,1.388729453086853
v0.3×v0.3,pkg,ignorance_help,self_belief_location,0,1,1.388729453086853
v0.2×v0.2,wallet,ignorance_help,self_belief_location,0,1,0.8823221921920776
v0.2×v0.3,wallet,ignorance_help,self_belief_location,0,1,0.8823221921920776
v0.3×v0.2,wallet,ignorance_help,self_belief_location,0,1,0.9623057842254639
v0.3×v0.3,wallet,ignorance_help,self_belief_location,0,1,0.9623057842254639
v0.2×v0.2,key,shared_deceive,self_belief_location,0,1,-1.7475882768630981
v0.2×v0.3,key,shared_deceive,self_belief_location,0,1,-1.7475882768630981
v0.3×v0.2,key,shared_deceive,self_belief_location,0,1,-0.9221832752227783
v0.3×v0.3,key,shared_deceive,self_belief_location,0,1,-0.9221832752227783
v0.2×v0.2,pkg,shared_deceive,self_belief_location,0,1,-2.4674733877182007
v0.2×v0.3,pkg,shared_deceive,self_belief_location,0,1,-2.4674733877182007
v0.3×v0.2,pkg,shared_deceive,self_belief_location,0,1,-1.547121286392212
v0.3×v0.3,pkg,shared_deceive,self_belief_location,0,1,-1.547121286392212
v0.2×v0.2,wallet,shared_deceive,self_belief_location,0,1,-0.7060394287109375
v0.2×v0.3,wallet,shared_deceive,self_belief_location,0,1,-0.7060394287109375
v0.3×v0.3,wallet,shared_deceive,self_belief_location,0,1,-0.2925453186035156
v0.2×v0.2,key,shared_help,self_belief_location,0,1,2.033670723438263
v0.2×v0.3,key,shared_help,self_belief_location,0,1,2.033670723438263
v0.3×v0.2,key,shared_help,self_belief_location,0,1,1.6423518657684326
v0.3×v0.3,key,shared_help,self_belief_location,0,1,1.6423518657684326
v0.2×v0.3,pkg,shared_help,self_belief_location,0,1,1.698775053024292
v0.3×v0.2,pkg,shared_help,self_belief_location,0,1,1.388729453086853
v0.3×v0.3,pkg,shared_help,self_belief_location,0,1,1.388729453086853
v0.2×v0.2,wallet,shared_help,self_belief_location,0,1,0.8823221921920776
v0.2×v0.3,wallet,shared_help,self_belief_location,0,1,0.8823221921920776
v0.3×v0.2,wallet,shared_help,self_belief_location,0,1,0.9623057842254639
v0.3×v0.3,wallet,shared_help,self_belief_location,0,1,0.9623057842254639
v0.2×v0.2,key,false_deceive,self_believe_location,0,1,-1.4189289808273315
v0.2×v0.3,key,false_deceive,self_believe_location,0,1,-1.4189289808273315
v0.3×v0.2,key,false_deceive,self_believe_location,0,1,-0.795623779296875
v0.3×v0.3,key,false_deceive,self_believe_location,0,1,-0.795623779296875
v0.2×v0.2,pkg,false_deceive,self_believe_location,0,1,-1.9082708358764648
v0.2×v0.3,pkg,false_deceive,self_believe_location,0,1,-1.9082708358764648
v0.3×v0.2,pkg,false_deceive,self_believe_location,0,1,-1.3817126750946045
v0.3×v0.3,pkg,false_deceive,self_believe_location,0,1,-1.3817126750946045
v0.2×v0.2,wallet,false_deceive,self_believe_location,0,1,-0.5360922813415527
v0.2×v0.3,wallet,false_deceive,self_believe_location,0,1,-0.5360922813415527
v0.3×v0.2,wallet,false_deceive,self_believe_location,0,1,-0.3191854953765869
v0.3×v0.3,wallet,false_deceive,self_believe_location,0,1,-0.3191854953765869
v0.2×v0.2,key,false_help,self_believe_location,0,1,1.5354862213134766
v0.2×v0.3,key,false_help,self_believe_location,0,1,1.5345892906188965
v0.3×v0.2,key,false_help,self_believe_location,0,1,1.2617573738098145
v0.3×v0.3,key,false_help,self_believe_location,0,1,1.2617573738098145
v0.2×v0.3,pkg,false_help,self_believe_location,0,1,1.3501174449920654
v0.3×v0.2,pkg,false_help,self_believe_location,0,1,1.0121443271636963
v0.3×v0.3,pkg,false_help,self_believe_location,0,1,1.0127954483032227
v0.2×v0.3,wallet,false_help,self_believe_location,0,1,0.5949239730834961
v0.3×v0.2,wallet,false_help,self_believe_location,0,1,0.6488974094390869
v0.3×v0.3,wallet,false_help,self_believe_location,0,1,0.6488974094390869
v0.2×v0.2,key,ignorance_deceive,self_believe_location,0,1,-1.4189289808273315
v0.2×v0.3,key,ignorance_deceive,self_believe_location,0,1,-1.4202879667282104
v0.3×v0.2,key,ignorance_deceive,self_believe_location,0,1,-0.795623779296875
v0.3×v0.3,key,ignorance_deceive,self_believe_location,0,1,-0.795623779296875
v0.2×v0.3,pkg,ignorance_deceive,self_believe_location,0,1,-1.9082708358764648
v0.3×v0.2,pkg,ignorance_deceive,self_believe_location,0,1,-1.3817126750946045
v0.3×v0.3,pkg,ignorance_deceive,self_believe_location,0,1,-1.3817126750946045
v0.2×v0.2,wallet,ignorance_deceive,self_believe_location,0,1,-0.5352957248687744
v0.2×v0.3,wallet,ignorance_deceive,self_believe_location,0,1,-0.5360922813415527
v0.3×v0.2,wallet,ignorance_deceive,self_believe_location,0,1,-0.31972789764404297
v0.3×v0.3,wallet,ignorance_deceive,self_believe_location,0,1,-0.3191854953765869
v0.2×v0.2,key,ignorance_help,self_believe_location,0,1,1.5345892906188965
v0.2×v0.3,key,ignorance_help,self_believe_location,0,1,1.5345892906188965
v0.3×v0.2,key,ignorance_help,self_believe_location,0,1,1.2617573738098145
v0.3×v0.3,key,ignorance_help,self_believe_location,0,1,1.2617573738098145
v0.2×v0.2,pkg,ignorance_help,self_believe_location,0,1,1.3501174449920654
v0.2×v0.3,pkg,ignorance_help,self_believe_location,0,1,1.3501174449920654
v0.3×v0.2,pkg,ignorance_help,self_believe_location,0,1,1.0127954483032227
v0.3×v0.3,pkg,ignorance_help,self_believe_location,0,1,1.0127954483032227
v0.2×v0.2,wallet,ignorance_help,self_believe_location,0,1,0.5922880172729492
v0.2×v0.3,wallet,ignorance_help,self_believe_location,0,1,0.5922880172729492
v0.3×v0.2,wallet,ignorance_help,self_believe_location,0,1,0.6488974094390869
v0.3×v0.3,wallet,ignorance_help,self_believe_location,0,1,0.6488974094390869
v0.2×v0.2,key,shared_deceive,self_believe_location,0,1,-1.4189289808273315
v0.2×v0.3,key,shared_deceive,self_believe_location,0,1,-1.4189289808273315
v0.3×v0.2,key,shared_deceive,self_believe_location,0,1,-0.795623779296875
v0.3×v0.3,key,shared_deceive,self_believe_location,0,1,-0.795623779296875
v0.2×v0.2,pkg,shared_deceive,self_believe_location,0,1,-1.9082708358764648
v0.2×v0.3,pkg,shared_deceive,self_believe_location,0,1,-1.9082708358764648
v0.3×v0.2,pkg,shared_deceive,self_believe_location,0,1,-1.3817126750946045
v0.3×v0.3,pkg,shared_deceive,self_believe_location,0,1,-1.3817126750946045
v0.2×v0.2,wallet,shared_deceive,self_believe_location,0,1,-0.5360922813415527
v0.2×v0.3,wallet,shared_deceive,self_believe_location,0,1,-0.5360922813415527
v0.3×v0.3,wallet,shared_deceive,self_believe_location,0,1,-0.3191854953765869
v0.2×v0.2,key,shared_help,self_believe_location,0,1,1.5345892906188965
v0.2×v0.3,key,shared_help,self_believe_location,0,1,1.5345892906188965
v0.3×v0.2,key,shared_help,self_believe_location,0,1,1.2617573738098145
v0.3×v0.3,key,shared_help,self_believe_location,0,1,1.2617573738098145
v0.2×v0.3,pkg,shared_help,self_believe_location,0,1,1.349907636642456
v0.3×v0.2,pkg,shared_help,self_believe_location,0,1,1.0127954483032227
v0.3×v0.3,pkg,shared_help,self_believe_location,0,1,1.0127954483032227
v0.2×v0.2,wallet,shared_help,self_believe_location,0,1,0.5922880172729492
v0.2×v0.3,wallet,shared_help,self_believe_location,0,1,0.5922880172729492
v0.3×v0.2,wallet,shared_help,self_believe_location,0,1,0.6488974094390869
v0.3×v0.3,wallet,shared_help,self_believe_location,0,1,0.6488974094390869
v0.2×v0.2,key,false_deceive,self_honesty,0,1,-1.8466424942016602
v0.2×v0.3,key,false_deceive,self_honesty,0,1,-1.8466424942016602
v0.3×v0.2,key,false_deceive,self_honesty,0,1,-1.9526023864746094
v0.3×v0.3,key,false_deceive,self_honesty,0,1,-1.9526023864746094
v0.2×v0.2,pkg,false_deceive,self_honesty,0,1,-2.2771573066711426
v0.2×v0.3,pkg,false_deceive,self_honesty,0,1,-2.2771573066711426
v0.3×v0.2,pkg,false_deceive,self_honesty,0,1,-2.370100498199463
v0.3×v0.3,pkg,false_deceive,self_honesty,0,1,-2.370100498199463
v0.2×v0.2,wallet,false_deceive,self_honesty,0,1,-1.8742976188659668
v0.2×v0.3,wallet,false_deceive,self_honesty,0,1,-1.8742976188659668
v0.3×v0.2,wallet,false_deceive,self_honesty,0,1,-1.7317652702331543
v0.3×v0.3,wallet,false_deceive,self_honesty,0,1,-1.7317652702331543
v0.2×v0.2,key,false_help,self_honesty,0,1,-1.7439789772033691
v0.2×v0.3,key,false_help,self_honesty,0,1,-1.7415580749511719
v0.3×v0.2,key,false_help,self_honesty,0,1,-1.3059215545654297
v0.3×v0.3,key,false_help,self_honesty,0,1,-1.3059215545654297
v0.2×v0.3,pkg,false_help,self_honesty,0,1,-2.1839566230773926
v0.3×v0.2,pkg,false_help,self_honesty,0,1,-1.3234729766845703
v0.3×v0.3,pkg,false_help,self_honesty,0,1,-1.3208603858947754
v0.2×v0.3,wallet,false_help,self_honesty,0,1,-1.6464242935180664
v0.3×v0.2,wallet,false_help,self_honesty,0,1,-1.302457332611084
v0.3×v0.3,wallet,false_help,self_honesty,0,1,-1.302457332611084
v0.2×v0.2,key,ignorance_deceive,self_honesty,0,1,-1.8466424942016602
v0.2×v0.3,key,ignorance_deceive,self_honesty,0,1,-1.8460578918457031
v0.3×v0.2,key,ignorance_deceive,self_honesty,0,1,-1.9526023864746094
v0.3×v0.3,key,ignorance_deceive,self_honesty,0,1,-1.9526023864746094
v0.2×v0.3,pkg,ignorance_deceive,self_honesty,0,1,-2.2771573066711426
v0.3×v0.2,pkg,ignorance_deceive,self_honesty,0,1,-2.370100498199463
v0.3×v0.3,pkg,ignorance_deceive,self_honesty,0,1,-2.370100498199463
v0.2×v0.2,wallet,ignorance_deceive,self_honesty,0,1,-1.8691186904907227
v0.2×v0.3,wallet,ignorance_deceive,self_honesty,0,1,-1.8742976188659668
v0.3×v0.2,wallet,ignorance_deceive,self_honesty,0,1,-1.732466697692871
v0.3×v0.3,wallet,ignorance_deceive,self_honesty,0,1,-1.7317652702331543
v0.2×v0.2,key,ignorance_help,self_honesty,0,1,-1.7415580749511719
v0.2×v0.3,key,ignorance_help,self_honesty,0,1,-1.7415580749511719
v0.3×v0.2,key,ignorance_help,self_honesty,0,1,-1.3059215545654297
v0.3×v0.3,key,ignorance_help,self_honesty,0,1,-1.3059215545654297
v0.2×v0.2,pkg,ignorance_help,self_honesty,0,1,-2.1839566230773926
v0.2×v0.3,pkg,ignorance_help,self_honesty,0,1,-2.1839566230773926
v0.3×v0.2,pkg,ignorance_help,self_honesty,0,1,-1.3208603858947754
v0.3×v0.3,pkg,ignorance_help,self_honesty,0,1,-1.3208603858947754
v0.2×v0.2,wallet,ignorance_help,self_honesty,0,1,-1.6362156867980957
v0.2×v0.3,wallet,ignorance_help,self_honesty,0,1,-1.6362156867980957
v0.3×v0.2,wallet,ignorance_help,self_honesty,0,1,-1.302457332611084
v0.3×v0.3,wallet,ignorance_help,self_honesty,0,1,-1.302457332611084
v0.2×v0.2,key,shared_deceive,self_honesty,0,1,-1.8466424942016602
v0.2×v0.3,key,shared_deceive,self_honesty,0,1,-1.8466424942016602
v0.3×v0.2,key,shared_deceive,self_honesty,0,1,-1.9526023864746094
v0.3×v0.3,key,shared_deceive,self_honesty,0,1,-1.9526023864746094
v0.2×v0.2,pkg,shared_deceive,self_honesty,0,1,-2.2771573066711426
v0.2×v0.3,pkg,shared_deceive,self_honesty,0,1,-2.2771573066711426
v0.3×v0.2,pkg,shared_deceive,self_honesty,0,1,-2.370100498199463
v0.3×v0.3,pkg,shared_deceive,self_honesty,0,1,-2.370100498199463
v0.2×v0.2,wallet,shared_deceive,self_honesty,0,1,-1.8742976188659668
v0.2×v0.3,wallet,shared_deceive,self_honesty,0,1,-1.8742976188659668
v0.3×v0.3,wallet,shared_deceive,self_honesty,0,1,-1.7317652702331543
v0.2×v0.2,key,shared_help,self_honesty,0,1,-1.7415580749511719
v0.2×v0.3,key,shared_help,self_honesty,0,1,-1.7415580749511719
v0.3×v0.2,key,shared_help,self_honesty,0,1,-1.3059215545654297
v0.3×v0.3,key,shared_help,self_honesty,0,1,-1.3059215545654297
v0.2×v0.3,pkg,shared_help,self_honesty,0,1,-2.1845808029174805
v0.3×v0.2,pkg,shared_help,self_honesty,0,1,-1.3208603858947754
v0.3×v0.3,pkg,shared_help,self_honesty,0,1,-1.3208603858947754
v0.2×v0.2,wallet,shared_help,self_honesty,0,1,-1.6362156867980957
v0.2×v0.3,wallet,shared_help,self_honesty,0,1,-1.6362156867980957
v0.3×v0.2,wallet,shared_help,self_honesty,0,1,-1.302457332611084
v0.3×v0.3,wallet,shared_help,self_honesty,0,1,-1.302457332611084
v0.2×v0.2,key,false_deceive,self_think_location,0,1,-1.5035393238067627
v0.2×v0.3,key,false_deceive,self_think_location,0,1,-1.5035393238067627
v0.3×v0.2,key,false_deceive,self_think_location,0,1,-0.9580415487289429
v0.3×v0.3,key,false_deceive,self_think_location,0,1,-0.9580415487289429
v0.2×v0.2,pkg,false_deceive,self_think_location,0,1,-1.9770605564117432
v0.2×v0.3,pkg,false_deceive,self_think_location,0,1,-1.9770605564117432
v0.3×v0.2,pkg,false_deceive,self_think_location,0,1,-1.4647068977355957
v0.3×v0.3,pkg,false_deceive,self_think_location,0,1,-1.4647068977355957
v0.2×v0.2,wallet,false_deceive,self_think_location,0,1,-0.4631040096282959
v0.2×v0.3,wallet,false_deceive,self_think_location,0,1,-0.4631040096282959
v0.3×v0.2,wallet,false_deceive,self_think_location,0,1,-0.35352134704589844
v0.3×v0.3,wallet,false_deceive,self_think_location,0,1,-0.35352134704589844
v0.2×v0.2,key,false_help,self_think_location,0,1,1.5600786209106445
v0.2×v0.3,key,false_help,self_think_location,0,1,1.5595273971557617
v0.3×v0.2,key,false_help,self_think_location,0,1,1.2325619459152222
v0.3×v0.3,key,false_help,self_think_location,0,1,1.2325619459152222
v0.2×v0.3,pkg,false_help,self_think_location,0,1,1.3185079097747803
v0.3×v0.2,pkg,false_help,self_think_location,0,1,1.0002212524414062
v0.3×v0.3,pkg,false_help,self_think_location,0,1,1.000190258026123
v0.2×v0.3,wallet,false_help,self_think_location,0,1,0.7255346775054932
v0.3×v0.2,wallet,false_help,self_think_location,0,1,0.7367801666259766
v0.3×v0.3,wallet,false_help,self_think_location,0,1,0.7367801666259766
v0.2×v0.2,key,ignorance_deceive,self_think_location,0,1,-1.5035393238067627
v0.2×v0.3,key,ignorance_deceive,self_think_location,0,1,-1.5032118558883667
v0.3×v0.2,key,ignorance_deceive,self_think_location,0,1,-0.9580415487289429
v0.3×v0.3,key,ignorance_deceive,self_think_location,0,1,-0.9580415487289429
v0.2×v0.3,pkg,ignorance_deceive,self_think_location,0,1,-1.9770605564117432
v0.3×v0.2,pkg,ignorance_deceive,self_think_location,0,1,-1.4647068977355957
v0.3×v0.3,pkg,ignorance_deceive,self_think_location,0,1,-1.4647068977355957
v0.2×v0.2,wallet,ignorance_deceive,self_think_location,0,1,-0.4612302780151367
v0.2×v0.3,wallet,ignorance_deceive,self_think_location,0,1,-0.4631040096282959
v0.3×v0.2,wallet,ignorance_deceive,self_think_location,0,1,-0.3540043830871582
v0.3×v0.3,wallet,ignorance_deceive,self_think_location,0,1,-0.35352134704589844
v0.2×v0.2,key,ignorance_help,self_think_location,0,1,1.5595273971557617
v0.2×v0.3,key,ignorance_help,self_think_location,0,1,1.5595273971557617
v0.3×v0.2,key,ignorance_help,self_think_location,0,1,1.2325619459152222
v0.3×v0.3,key,ignorance_help,self_think_location,0,1,1.2325619459152222
v0.2×v0.2,pkg,ignorance_help,self_think_location,0,1,1.3185079097747803
v0.2×v0.3,pkg,ignorance_help,self_think_location,0,1,1.3185079097747803
v0.3×v0.2,pkg,ignorance_help,self_think_location,0,1,1.000190258026123
v0.3×v0.3,pkg,ignorance_help,self_think_location,0,1,1.000190258026123
v0.2×v0.2,wallet,ignorance_help,self_think_location,0,1,0.7237124443054199
v0.2×v0.3,wallet,ignorance_help,self_think_location,0,1,0.7237124443054199
v0.3×v0.2,wallet,ignorance_help,self_think_location,0,1,0.7367801666259766
v0.3×v0.3,wallet,ignorance_help,self_think_location,0,1,0.7367801666259766
v0.2×v0.2,key,shared_deceive,self_think_location,0,1,-1.5035393238067627
v0.2×v0.3,key,shared_deceive,self_think_location,0,1,-1.5035393238067627
v0.3×v0.2,key,shared_deceive,self_think_location,0,1,-0.9580415487289429
v0.3×v0.3,key,shared_deceive,self_think_location,0,1,-0.9580415487289429
v0.2×v0.2,pkg,shared_deceive,self_think_location,0,1,-1.9770605564117432
v0.2×v0.3,pkg,shared_deceive,self_think_location,0,1,-1.9770605564117432
v0.3×v0.2,pkg,shared_deceive,self_think_location,0,1,-1.4647068977355957
v0.3×v0.3,pkg,shared_deceive,self_think_location,0,1,-1.4647068977355957
v0.2×v0.2,wallet,shared_deceive,self_think_location,0,1,-0.4631040096282959
v0.2×v0.3,wallet,shared_deceive,self_think_location,0,1,-0.4631040096282959
v0.3×v0.3,wallet,shared_deceive,self_think_location,0,1,-0.35352134704589844
v0.2×v0.2,key,shared_help,self_think_location,0,1,1.5595273971557617
v0.2×v0.3,key,shared_help,self_think_location,0,1,1.5595273971557617
v0.3×v0.2,key,shared_help,self_think_location,0,1,1.2325619459152222
v0.3×v0.3,key,shared_help,self_think_location,0,1,1.2325619459152222
v0.2×v0.3,pkg,shared_help,self_think_location,0,1,1.3179399967193604
v0.3×v0.2,pkg,shared_help,self_think_location,0,1,1.000190258026123
v0.3×v0.3,pkg,shared_help,self_think_location,0,1,1.000190258026123
v0.2×v0.2,wallet,shared_help,self_think_location,0,1,0.7237124443054199
v0.2×v0.3,wallet,shared_help,self_think_location,0,1,0.7237124443054199
v0.3×v0.2,wallet,shared_help,self_think_location,0,1,0.7367801666259766
v0.3×v0.3,wallet,shared_help,self_think_location,0,1,0.7367801666259766
v0.2×v0.2,key,false_deceive,tell_location,0,1,-1.2050318717956543
v0.2×v0.3,key,false_deceive,tell_location,0,1,-1.2050318717956543
v0.3×v0.2,key,false_deceive,tell_location,0,1,-0.6947042942047119
v0.3×v0.3,key,false_deceive,tell_location,0,1,-0.6947042942047119
v0.2×v0.2,pkg,false_deceive,tell_location,0,1,-1.5283703804016113
v0.2×v0.3,pkg,false_deceive,tell_location,0,1,-1.5283703804016113
v0.3×v0.2,pkg,false_deceive,tell_location,0,1,-0.9188060760498047
v0.3×v0.3,pkg,false_deceive,tell_location,0,1,-0.9188060760498047
v0.2×v0.2,wallet,false_deceive,tell_location,0,1,-0.38293933868408203
v0.2×v0.3,wallet,false_deceive,tell_location,0,1,-0.38293933868408203
v0.3×v0.2,wallet,false_deceive,tell_location,0,1,-0.19771718978881836
v0.3×v0.3,wallet,false_deceive,tell_location,0,1,-0.19771718978881836
v0.2×v0.2,key,false_help,tell_location,0,1,1.2407546043395996
v0.2×v0.3,key,false_help,tell_location,0,1,1.2409133911132812
v0.3×v0.2,key,false_help,tell_location,0,1,1.0032320022583008
v0.3×v0.3,key,false_help,tell_location,0,1,1.0032320022583008
v0.2×v0.3,pkg,false_help,tell_location,0,1,1.003446340560913
v0.3×v0.2,pkg,false_help,tell_location,0,1,0.8916058540344238
v0.3×v0.3,pkg,false_help,tell_location,0,1,0.8915908336639404
v0.2×v0.3,wallet,false_help,tell_location,0,1,0.6340904235839844
v0.3×v0.2,wallet,false_help,tell_location,0,1,0.568453311920166
v0.3×v0.3,wallet,false_help,tell_location,0,1,0.568453311920166
v0.2×v0.2,key,ignorance_deceive,tell_location,0,1,-1.2050318717956543
v0.2×v0.3,key,ignorance_deceive,tell_location,0,1,-1.2043089866638184
v0.3×v0.2,key,ignorance_deceive,tell_location,0,1,-0.6947042942047119
v0.3×v0.3,key,ignorance_deceive,tell_location,0,1,-0.6947042942047119
v0.2×v0.3,pkg,ignorance_deceive,tell_location,0,1,-1.5283703804016113
v0.3×v0.2,pkg,ignorance_deceive,tell_location,0,1,-0.9188060760498047
v0.3×v0.3,pkg,ignorance_deceive,tell_location,0,1,-0.9188060760498047
v0.2×v0.2,wallet,ignorance_deceive,tell_location,0,1,-0.3831624984741211
v0.2×v0.3,wallet,ignorance_deceive,tell_location,0,1,-0.38293933868408203
v0.3×v0.2,wallet,ignorance_deceive,tell_location,0,1,-0.1972513198852539
v0.3×v0.3,wallet,ignorance_deceive,tell_location,0,1,-0.19771718978881836
v0.2×v0.2,key,ignorance_help,tell_location,0,1,1.2409133911132812
v0.2×v0.3,key,ignorance_help,tell_location,0,1,1.2409133911132812
v0.3×v0.2,key,ignorance_help,tell_location,0,1,1.0032320022583008
v0.3×v0.3,key,ignorance_help,tell_location,0,1,1.0032320022583008
v0.2×v0.2,pkg,ignorance_help,tell_location,0,1,1.003446340560913
v0.2×v0.3,pkg,ignorance_help,tell_location,0,1,1.003446340560913
v0.3×v0.2,pkg,ignorance_help,tell_location,0,1,0.8915908336639404
v0.3×v0.3,pkg,ignorance_help,tell_location,0,1,0.8915908336639404
v0.2×v0.2,wallet,ignorance_help,tell_location,0,1,0.632652759552002
v0.2×v0.3,wallet,ignorance_help,tell_location,0,1,0.632652759552002
v0.3×v0.2,wallet,ignorance_help,tell_location,0,1,0.568453311920166
v0.3×v0.3,wallet,ignorance_help,tell_location,0,1,0.568453311920166
v0.2×v0.2,key,shared_deceive,tell_location,0,1,-1.2050318717956543
v0.2×v0.3,key,shared_deceive,tell_location,0,1,-1.2050318717956543
v0.3×v0.2,key,shared_deceive,tell_location,0,1,-0.6947042942047119
v0.3×v0.3,key,shared_deceive,tell_location,0,1,-0.6947042942047119
v0.2×v0.2,pkg,shared_deceive,tell_location,0,1,-1.5283703804016113
v0.2×v0.3,pkg,shared_deceive,tell_location,0,1,-1.5283703804016113
v0.3×v0.2,pkg,shared_deceive,tell_location,0,1,-0.9188060760498047
v0.3×v0.3,pkg,shared_deceive,tell_location,0,1,-0.9188060760498047
v0.2×v0.2,wallet,shared_deceive,tell_location,0,1,-0.38293933868408203
v0.2×v0.3,wallet,shared_deceive,tell_location,0,1,-0.38293933868408203
v0.3×v0.3,wallet,shared_deceive,tell_location,0,1,-0.19771718978881836
v0.2×v0.2,key,shared_help,tell_location,0,1,1.2409133911132812
v0.2×v0.3,key,shared_help,tell_location,0,1,1.2409133911132812
v0.3×v0.2,key,shared_help,tell_location,0,1,1.0032320022583008
v0.3×v0.3,key,shared_help,tell_location,0,1,1.0032320022583008
v0.2×v0.3,pkg,shared_help,tell_location,0,1,1.0032761096954346
v0.3×v0.2,pkg,shared_help,tell_location,0,1,0.8915908336639404
v0.3×v0.3,pkg,shared_help,tell_location,0,1,0.8915908336639404
v0.2×v0.2,wallet,shared_help,tell_location,0,1,0.632652759552002
v0.2×v0.3,wallet,shared_help,tell_location,0,1,0.632652759552002
v0.3×v0.2,wallet,shared_help,tell_location,0,1,0.568453311920166
v0.3×v0.3,wallet,shared_help,tell_location,0,1,0.568453311920166
v0.2×v0.2,key,false_deceive,want_check,0,1,-1.6067113876342773
v0.2×v0.3,key,false_deceive,want_check,0,1,-1.6067113876342773
v0.3×v0.2,key,false_deceive,want_check,0,1,-1.0579032897949219
v0.3×v0.3,key,false_deceive,want_check,0,1,-1.0579032897949219
v0.2×v0.2,pkg,false_deceive,want_check,0,1,-1.9340877532958984
v0.2×v0.3,pkg,false_deceive,want_check,0,1,-1.9340877532958984
v0.3×v0.2,pkg,false_deceive,want_check,0,1,-1.3363046646118164
v0.3×v0.3,pkg,false_deceive,want_check,0,1,-1.3363046646118164
v0.2×v0.2,wallet,false_deceive,want_check,0,1,-1.5269899368286133
v0.2×v0.3,wallet,false_deceive,want_check,0,1,-1.5269899368286133
v0.3×v0.2,wallet,false_deceive,want_check,0,1,-1.0283565521240234
v0.3×v0.3,wallet,false_deceive,want_check,0,1,-1.0283565521240234
v0.2×v0.2,key,false_help,want_check,0,1,1.6320157051086426
v0.2×v0.3,key,false_help,want_check,0,1,1.6323680877685547
v0.3×v0.2,key,false_help,want_check,0,1,1.312699317932129
v0.3×v0.3,key,false_help,want_check,0,1,1.312699317932129
v0.2×v0.3,pkg,false_help,want_check,0,1,1.5380516052246094
v0.3×v0.2,pkg,false_help,want_check,0,1,1.0737123489379883
v0.3×v0.3,pkg,false_help,want_check,0,1,1.0748496055603027
v0.2×v0.3,wallet,false_help,want_check,0,1,0.5803508758544922
v0.3×v0.2,wallet,false_help,want_check,0,1,0.49573230743408203
v0.3×v0.3,wallet,false_help,want_check,0,1,0.49573230743408203
v0.2×v0.2,key,ignorance_deceive,want_check,0,1,-1.6067113876342773
v0.2×v0.3,key,ignorance_deceive,want_check,0,1,-1.6050052642822266
v0.3×v0.2,key,ignorance_deceive,want_check,0,1,-1.0579032897949219
v0.3×v0.3,key,ignorance_deceive,want_check,0,1,-1.0579032897949219
v0.2×v0.3,pkg,ignorance_deceive,want_check,0,1,-1.9340877532958984
v0.3×v0.2,pkg,ignorance_deceive,want_check,0,1,-1.3363046646118164
v0.3×v0.3,pkg,ignorance_deceive,want_check,0,1,-1.3363046646118164
v0.2×v0.2,wallet,ignorance_deceive,want_check,0,1,-1.5258808135986328
v0.2×v0.3,wallet,ignorance_deceive,want_check,0,1,-1.5269899368286133
v0.3×v0.2,wallet,ignorance_deceive,want_check,0,1,-1.0265679359436035
v0.3×v0.3,wallet,ignorance_deceive,want_check,0,1,-1.0283565521240234
v0.2×v0.2,key,ignorance_help,want_check,0,1,1.6323680877685547
v0.2×v0.3,key,ignorance_help,want_check,0,1,1.6323680877685547
v0.3×v0.2,key,ignorance_help,want_check,0,1,1.312699317932129
v0.3×v0.3,key,ignorance_help,want_check,0,1,1.312699317932129
v0.2×v0.2,pkg,ignorance_help,want_check,0,1,1.5380516052246094
v0.2×v0.3,pkg,ignorance_help,want_check,0,1,1.5380516052246094
v0.3×v0.2,pkg,ignorance_help,want_check,0,1,1.0748496055603027
v0.3×v0.3,pkg,ignorance_help,want_check,0,1,1.0748496055603027
v0.2×v0.2,wallet,ignorance_help,want_check,0,1,0.5771937370300293
v0.2×v0.3,wallet,ignorance_help,want_check,0,1,0.5771937370300293
v0.3×v0.2,wallet,ignorance_help,want_check,0,1,0.49573230743408203
v0.3×v0.3,wallet,ignorance_help,want_check,0,1,0.49573230743408203
v0.2×v0.2,key,shared_deceive,want_check,0,1,-1.6067113876342773
v0.2×v0.3,key,shared_deceive,want_check,0,1,-1.6067113876342773
v0.3×v0.2,key,shared_deceive,want_check,0,1,-1.0579032897949219
v0.3×v0.3,key,shared_deceive,want_check,0,1,-1.0579032897949219
v0.2×v0.2,pkg,shared_deceive,want_check,0,1,-1.9340877532958984
v0.2×v0.3,pkg,shared_deceive,want_check,0,1,-1.9340877532958984
v0.3×v0.2,pkg,shared_deceive,want_check,0,1,-1.3363046646118164
v0.3×v0.3,pkg,shared_deceive,want_check,0,1,-1.3363046646118164
v0.2×v0.2,wallet,shared_deceive,want_check,0,1,-1.5269899368286133
v0.2×v0.3,wallet,shared_deceive,want_check,0,1,-1.5269899368286133
v0.3×v0.3,wallet,shared_deceive,want_check,0,1,-1.0283565521240234
v0.2×v0.2,key,shared_help,want_check,0,1,1.6323680877685547
v0.2×v0.3,key,shared_help,want_check,0,1,1.6323680877685547
v0.3×v0.2,key,shared_help,want_check,0,1,1.312699317932129
v0.3×v0.3,key,shared_help,want_check,0,1,1.312699317932129
v0.2×v0.3,pkg,shared_help,want_check,0,1,1.536325454711914
v0.3×v0.2,pkg,shared_help,want_check,0,1,1.0748496055603027
v0.3×v0.3,pkg,shared_help,want_check,0,1,1.0748496055603027
v0.2×v0.2,wallet,shared_help,want_check,0,1,0.5771937370300293
v0.2×v0.3,wallet,shared_help,want_check,0,1,0.5771937370300293
v0.3×v0.2,wallet,shared_help,want_check,0,1,0.49573230743408203
v0.3×v0.3,wallet,shared_help,want_check,0,1,0.49573230743408203
v0.2×v0.2,key,false_deceive,will_check,0,1,-1.9326539039611816
v0.2×v0.3,key,false_deceive,will_check,0,1,-1.9326539039611816
v0.3×v0.2,key,false_deceive,will_check,0,1,-1.430016040802002
v0.3×v0.3,key,false_deceive,will_check,0,1,-1.430016040802002
v0.2×v0.2,pkg,false_deceive,will_check,0,1,-2.150421142578125
v0.2×v0.3,pkg,false_deceive,will_check,0,1,-2.150421142578125
v0.3×v0.2,pkg,false_deceive,will_check,0,1,-1.5810213088989258
v0.3×v0.3,pkg,false_deceive,will_check,0,1,-1.5810213088989258
v0.2×v0.2,wallet,false_deceive,will_check,0,1,-2.0884060859680176
v0.2×v0.3,wallet,false_deceive,will_check,0,1,-2.0884060859680176
v0.3×v0.2,wallet,false_deceive,will_check,0,1,-1.3250718116760254
v0.3×v0.3,wallet,false_deceive,will_check,0,1,-1.3250718116760254
v0.2×v0.2,key,false_help,will_check,0,1,2.1591649055480957
v0.2×v0.3,key,false_help,will_check,0,1,2.159276008605957
v0.3×v0.2,key,false_help,will_check,0,1,1.4414844512939453
v0.3×v0.3,key,false_help,will_check,0,1,1.4414844512939453
v0.2×v0.3,pkg,false_help,will_check,0,1,1.7693042755126953
v0.3×v0.2,pkg,false_help,will_check,0,1,1.0282416343688965
v0.3×v0.3,pkg,false_help,will_check,0,1,1.027975082397461
v0.2×v0.3,wallet,false_help,will_check,0,1,0.8872427940368652
v0.3×v0.2,wallet,false_help,will_check,0,1,0.32967185974121094
v0.3×v0.3,wallet,false_help,will_check,0,1,0.32967185974121094
v0.2×v0.2,key,ignorance_deceive,will_check,0,1,-1.9326539039611816
v0.2×v0.3,key,ignorance_deceive,will_check,0,1,-1.931910514831543
v0.3×v0.2,key,ignorance_deceive,will_check,0,1,-1.430016040802002
v0.3×v0.3,key,ignorance_deceive,will_check,0,1,-1.430016040802002
v0.2×v0.3,pkg,ignorance_deceive,will_check,0,1,-2.150421142578125
v0.3×v0.2,pkg,ignorance_deceive,will_check,0,1,-1.5810213088989258
v0.3×v0.3,pkg,ignorance_deceive,will_check,0,1,-1.5810213088989258
v0.2×v0.2,wallet,ignorance_deceive,will_check,0,1,-2.084527015686035
v0.2×v0.3,wallet,ignorance_deceive,will_check,0,1,-2.0884060859680176
v0.3×v0.2,wallet,ignorance_deceive,will_check,0,1,-1.3281054496765137
v0.3×v0.3,wallet,ignorance_deceive,will_check,0,1,-1.3250718116760254
v0.2×v0.2,key,ignorance_help,will_check,0,1,2.159276008605957
v0.2×v0.3,key,ignorance_help,will_check,0,1,2.159276008605957
v0.3×v0.2,key,ignorance_help,will_check,0,1,1.4414844512939453
v0.3×v0.3,key,ignorance_help,will_check,0,1,1.4414844512939453
v0.2×v0.2,pkg,ignorance_help,will_check,0,1,1.7693042755126953
v0.2×v0.3,pkg,ignorance_help,will_check,0,1,1.7693042755126953
v0.3×v0.2,pkg,ignorance_help,will_check,0,1,1.027975082397461
v0.3×v0.3,pkg,ignorance_help,will_check,0,1,1.027975082397461
v0.2×v0.2,wallet,ignorance_help,will_check,0,1,0.8848533630371094
v0.2×v0.3,wallet,ignorance_help,will_check,0,1,0.8848533630371094
v0.3×v0.2,wallet,ignorance_help,will_check,0,1,0.32967185974121094
v0.3×v0.3,wallet,ignorance_help,will_check,0,1,0.32967185974121094
v0.2×v0.2,key,shared_deceive,will_check,0,1,-1.9326539039611816
v0.2×v0.3,key,shared_deceive,will_check,0,1,-1.9326539039611816
v0.3×v0.2,key,shared_deceive,will_check,0,1,-1.430016040802002
v0.3×v0.3,key,shared_deceive,will_check,0,1,-1.430016040802002
v0.2×v0.2,pkg,shared_deceive,will_check,0,1,-2.150421142578125
v0.2×v0.3,pkg,shared_deceive,will_check,0,1,-2.150421142578125
v0.3×v0.2,pkg,shared_deceive,will_check,0,1,-1.5810213088989258
v0.3×v0.3,pkg,shared_deceive,will_check,0,1,-1.5810213088989258
v0.2×v0.2,wallet,shared_deceive,will_check,0,1,-2.0884060859680176
v0.2×v0.3,wallet,shared_deceive,will_check,0,1,-2.0884060859680176
v0.3×v0.3,wallet,shared_deceive,will_check,0,1,-1.3250718116760254
v0.2×v0.2,key,shared_help,will_check,0,1,2.159276008605957
v0.2×v0.3,key,shared_help,will_check,0,1,2.159276008605957
v0.3×v0.2,key,shared_help,will_check,0,1,1.4414844512939453
v0.3×v0.3,key,shared_help,will_check,0,1,1.4414844512939453
v0.2×v0.3,pkg,shared_help,will_check,0,1,1.7701892852783203
v0.3×v0.2,pkg,shared_help,will_check,0,1,1.027975082397461
v0.3×v0.3,pkg,shared_help,will_check,0,1,1.027975082397461
v0.2×v0.2,wallet,shared_help,will_check,0,1,0.8848533630371094
v0.2×v0.3,wallet,shared_help,will_check,0,1,0.8848533630371094
v0.3×v0.2,wallet,shared_help,will_check,0,1,0.32967185974121094
v0.3×v0.3,wallet,shared_help,will_check,0,1,0.32967185974121094
v0.2×v0.2,key,false_deceive,ava_strategy,1,2,-2.3190879821777344
v0.2×v0.3,key,false_deceive,ava_strategy,1,2,-1.931455135345459
v0.3×v0.2,key,false_deceive,ava_strategy,1,2,-2.527988910675049
v0.3×v0.3,key,false_deceive,ava_strategy,1,2,-2.290653705596924
v0.2×v0.2,pkg,false_deceive,ava_strategy,1,2,-1.8937482833862305
v0.2×v0.3,pkg,false_deceive,ava_strategy,1,2,-1.3244271278381348
v0.3×v0.2,pkg,false_deceive,ava_strategy,1,2,-2.140212059020996
v0.3×v0.3,pkg,false_deceive,ava_strategy,1,2,-1.527125358581543
v0.2×v0.2,wallet,false_deceive,ava_strategy,1,2,-2.540727138519287
v0.2×v0.3,wallet,false_deceive,ava_strategy,1,2,-1.9746460914611816
v0.3×v0.2,wallet,false_deceive,ava_strategy,1,2,-2.606289863586426
v0.3×v0.3,wallet,false_deceive,ava_strategy,1,2,-1.4414706230163574
v0.2×v0.2,key,false_help,ava_strategy,1,2,-2.914379596710205
v0.2×v0.3,key,false_help,ava_strategy,1,2,-2.147461414337158
v0.3×v0.2,key,false_help,ava_strategy,1,2,-2.914815902709961
v0.3×v0.3,key,false_help,ava_strategy,1,2,-2.147461414337158
v0.2×v0.3,pkg,false_help,ava_strategy,1,2,-1.7179741859436035
v0.3×v0.2,pkg,false_help,ava_strategy,1,2,-2.4253439903259277
v0.3×v0.3,pkg,false_help,ava_strategy,1,2,-1.6806669235229492
v0.2×v0.3,wallet,false_help,ava_strategy,1,2,-1.81817626953125
v0.3×v0.2,wallet,false_help,ava_strategy,1,2,-2.642575740814209
v0.3×v0.3,wallet,false_help,ava_strategy,1,2,-2.10225248336792
v0.2×v0.2,key,ignorance_deceive,ava_strategy,1,2,-2.2595696449279785
v0.2×v0.3,key,ignorance_deceive,ava_strategy,1,2,-1.4235129356384277
v0.3×v0.2,key,ignorance_deceive,ava_strategy,1,2,-2.1408886909484863
v0.3×v0.3,key,ignorance_deceive,ava_strategy,1,2,-1.6215386390686035
v0.2×v0.3,pkg,ignorance_deceive,ava_strategy,1,2,-1.1967344284057617
v0.3×v0.2,pkg,ignorance_deceive,ava_strategy,1,2,-2.0512914657592773
v0.3×v0.3,pkg,ignorance_deceive,ava_strategy,1,2,-1.0589499473571777
v0.2×v0.2,wallet,ignorance_deceive,ava_strategy,1,2,-1.9209346771240234
v0.2×v0.3,wallet,ignorance_deceive,ava_strategy,1,2,-1.3382282257080078
v0.3×v0.2,wallet,ignorance_deceive,ava_strategy,1,2,-1.799830436706543
v0.3×v0.3,wallet,ignorance_deceive,ava_strategy,1,2,-0.990290641784668
v0.2×v0.2,key,ignorance_help,ava_strategy,1,2,-2.4322123527526855
v0.2×v0.3,key,ignorance_help,ava_strategy,1,2,-1.7141146659851074
v0.3×v0.2,key,ignorance_help,ava_strategy,1,2,-2.4322123527526855
v0.3×v0.3,key,ignorance_help,ava_strategy,1,2,-1.7141146659851074
v0.2×v0.2,pkg,ignorance_help,ava_strategy,1,2,-1.9944710731506348
v0.2×v0.3,pkg,ignorance_help,ava_strategy,1,2,-1.308180332183838
v0.3×v0.2,pkg,ignorance_help,ava_strategy,1,2,-1.94651460647583
v0.3×v0.3,pkg,ignorance_help,ava_strategy,1,2,-1.3495502471923828
v0.2×v0.2,wallet,ignorance_help,ava_strategy,1,2,-2.231840133666992
v0.2×v0.3,wallet,ignorance_help,ava_strategy,1,2,-1.5195603370666504
v0.3×v0.2,wallet,ignorance_help,ava_strategy,1,2,-2.278217315673828
v0.3×v0.3,wallet,ignorance_help,ava_strategy,1,2,-1.4955859184265137
v0.2×v0.2,key,shared_deceive,ava_strategy,1,2,-2.8684020042419434
v0.2×v0.3,key,shared_deceive,ava_strategy,1,2,-1.566373348236084
v0.3×v0.2,key,shared_deceive,ava_strategy,1,2,-2.57273006439209
v0.3×v0.3,key,shared_deceive,ava_strategy,1,2,-2.293450355529785
v0.2×v0.2,pkg,shared_deceive,ava_strategy,1,2,-2.7585549354553223
v0.2×v0.3,pkg,shared_deceive,ava_strategy,1,2,-1.4834203720092773
v0.3×v0.2,pkg,shared_deceive,ava_strategy,1,2,-2.9107155799865723
v0.3×v0.3,pkg,shared_deceive,ava_strategy,1,2,-1.880077838897705
v0.2×v0.2,wallet,shared_deceive,ava_strategy,1,2,-2.1811342239379883
v0.2×v0.3,wallet,shared_deceive,ava_strategy,1,2,-1.7493515014648438
v0.3×v0.3,wallet,shared_deceive,ava_strategy,1,2,-1.2388486862182617
v0.2×v0.2,key,shared_help,ava_strategy,1,2,-2.8369274139404297
v0.2×v0.3,key,shared_help,ava_strategy,1,2,-2.426203727722168
v0.3×v0.2,key,shared_help,ava_strategy,1,2,-2.8369274139404297
v0.3×v0.3,key,shared_help,ava_strategy,1,2,-2.426203727722168
v0.2×v0.3,pkg,shared_help,ava_strategy,1,2,-1.7539782524108887
v0.3×v0.2,pkg,shared_help,ava_strategy,1,2,-2.3440651893615723
v0.3×v0.3,pkg,shared_help,ava_strategy,1,2,-1.8556909561157227
v0.2×v0.2,wallet,shared_help,ava_strategy,1,2,-2.8341989517211914
v0.2×v0.3,wallet,shared_help,ava_strategy,1,2,-2.0714640617370605
v0.3×v0.2,wallet,shared_help,ava_strategy,1,2,-2.824631690979004
v0.3×v0.3,wallet,shared_help,ava_strategy,1,2,-2.3657073974609375
v0.2×v0.2,key,false_deceive,ava_think_location,1,2,-0.08326530456542969
v0.2×v0.3,key,false_deceive,ava_think_location,1,2,-0.2913782596588135
v0.3×v0.2,key,false_deceive,ava_think_location,1,2,-1.1625604629516602
v0.3×v0.3,key,false_deceive,ava_think_location,1,2,-0.5807781219482422
v0.2×v0.2,pkg,false_deceive,ava_think_location,1,2,-0.13312244415283203
v0.2×v0.3,pkg,false_deceive,ava_think_location,1,2,0.3392472267150879
v0.3×v0.2,pkg,false_deceive,ava_think_location,1,2,-0.6137630939483643
v0.3×v0.3,pkg,false_deceive,ava_think_location,1,2,-0.37196803092956543
v0.2×v0.2,wallet,false_deceive,ava_think_location,1,2,0.23598909378051758
v0.2×v0.3,wallet,false_deceive,ava_think_location,1,2,0.24693727493286133
v0.3×v0.2,wallet,false_deceive,ava_think_location,1,2,-0.07753324508666992
v0.3×v0.3,wallet,false_deceive,ava_think_location,1,2,0.1251387596130371
v0.2×v0.2,key,false_help,ava_think_location,1,2,-1.1776623725891113
v0.2×v0.3,key,false_help,ava_think_location,1,2,-0.575524091720581
v0.3×v0.2,key,false_help,ava_think_location,1,2,-1.1777725219726562
v0.3×v0.3,key,false_help,ava_think_location,1,2,-0.575524091720581
v0.2×v0.3,pkg,false_help,ava_think_location,1,2,-0.6453216075897217
v0.3×v0.2,pkg,false_help,ava_think_location,1,2,-1.226365566253662
v0.3×v0.3,pkg,false_help,ava_think_location,1,2,-0.6568167209625244
v0.2×v0.3,wallet,false_help,ava_think_location,1,2,-0.011291980743408203
v0.3×v0.2,wallet,false_help,ava_think_location,1,2,-0.054239749908447266
v0.3×v0.3,wallet,false_help,ava_think_location,1,2,-0.017205238342285156
v0.2×v0.2,key,ignorance_deceive,ava_think_location,1,2,1.3613109588623047
v0.2×v0.3,key,ignorance_deceive,ava_think_location,1,2,0.664339542388916
v0.3×v0.2,key,ignorance_deceive,ava_think_location,1,2,0.6337924003601074
v0.3×v0.3,key,ignorance_deceive,ava_think_location,1,2,0.06770658493041992
v0.2×v0.3,pkg,ignorance_deceive,ava_think_location,1,2,0.0617222785949707
v0.3×v0.2,pkg,ignorance_deceive,ava_think_location,1,2,1.0537352561950684
v0.3×v0.3,pkg,ignorance_deceive,ava_think_location,1,2,0.24316740036010742
v0.2×v0.2,wallet,ignorance_deceive,ava_think_location,1,2,1.078845500946045
v0.2×v0.3,wallet,ignorance_deceive,ava_think_location,1,2,0.6216602325439453
v0.3×v0.2,wallet,ignorance_deceive,ava_think_location,1,2,0.13642501831054688
v0.3×v0.3,wallet,ignorance_deceive,ava_think_location,1,2,0.2996230125427246
v0.2×v0.2,key,ignorance_help,ava_think_location,1,2,-1.3532848358154297
v0.2×v0.3,key,ignorance_help,ava_think_location,1,2,-0.55291748046875
v0.3×v0.2,key,ignorance_help,ava_think_location,1,2,-1.3532848358154297
v0.3×v0.3,key,ignorance_help,ava_think_location,1,2,-0.55291748046875
v0.2×v0.2,pkg,ignorance_help,ava_think_location,1,2,-1.0366730690002441
v0.2×v0.3,pkg,ignorance_help,ava_think_location,1,2,0.10865449905395508
v0.3×v0.2,pkg,ignorance_help,ava_think_location,1,2,-1.0356087684631348
v0.3×v0.3,pkg,ignorance_help,ava_think_location,1,2,-0.4137997627258301
v0.2×v0.2,wallet,ignorance_help,ava_think_location,1,2,-0.5359926223754883
v0.2×v0.3,wallet,ignorance_help,ava_think_location,1,2,-0.49202775955200195
v0.3×v0.2,wallet,ignorance_help,ava_think_location,1,2,-0.4540238380432129
v0.3×v0.3,wallet,ignorance_help,ava_think_location,1,2,0.25498008728027344
v0.2×v0.2,key,shared_deceive,ava_think_location,1,2,1.3029346466064453
v0.2×v0.3,key,shared_deceive,ava_think_location,1,2,0.46392130851745605
v0.3×v0.2,key,shared_deceive,ava_think_location,1,2,1.007462501525879
v0.3×v0.3,key,shared_deceive,ava_think_location,1,2,-0.05187582969665527
v0.2×v0.2,pkg,shared_deceive,ava_think_location,1,2,1.078315258026123
v0.2×v0.3,pkg,shared_deceive,ava_think_location,1,2,0.5499565601348877
v0.3×v0.2,pkg,shared_deceive,ava_think_location,1,2,1.4434080123901367
v0.3×v0.3,pkg,shared_deceive,ava_think_location,1,2,0.8484740257263184
v0.2×v0.2,wallet,shared_deceive,ava_think_location,1,2,1.0492186546325684
v0.2×v0.3,wallet,shared_deceive,ava_think_location,1,2,0.693030834197998
v0.3×v0.3,wallet,shared_deceive,ava_think_location,1,2,0.5145282745361328
v0.2×v0.2,key,shared_help,ava_think_location,1,2,-0.03626585006713867
v0.2×v0.3,key,shared_help,ava_think_location,1,2,0.29937052726745605
v0.3×v0.2,key,shared_help,ava_think_location,1,2,-0.03626585006713867
v0.3×v0.3,key,shared_help,ava_think_location,1,2,0.29937052726745605
v0.2×v0.3,pkg,shared_help,ava_think_location,1,2,-0.04776430130004883
v0.3×v0.2,pkg,shared_help,ava_think_location,1,2,-0.5662326812744141
v0.3×v0.3,pkg,shared_help,ava_think_location,1,2,0.12522602081298828
v0.2×v0.2,wallet,shared_help,ava_think_location,1,2,0.5331583023071289
v0.2×v0.3,wallet,shared_help,ava_think_location,1,2,0.4191770553588867
v0.3×v0.2,wallet,shared_help,ava_think_location,1,2,0.12517833709716797
v0.3×v0.3,wallet,shared_help,ava_think_location,1,2,0.46014928817749023
v0.2×v0.2,key,false_deceive,decision_confidence,1,2,0.18529796600341797
v0.2×v0.3,key,false_deceive,decision_confidence,1,2,-1.4145383834838867
v0.3×v0.2,key,false_deceive,decision_confidence,1,2,0.6659035682678223
v0.3×v0.3,key,false_deceive,decision_confidence,1,2,-0.29262590408325195
v0.2×v0.2,pkg,false_deceive,decision_confidence,1,2,0.4576559066772461
v0.2×v0.3,pkg,false_deceive,decision_confidence,1,2,-1.518855094909668
v0.3×v0.2,pkg,false_deceive,decision_confidence,1,2,0.17726421356201172
v0.3×v0.3,pkg,false_deceive,decision_confidence,1,2,-1.1269893646240234
v0.2×v0.2,wallet,false_deceive,decision_confidence,1,2,1.7423028945922852
v0.2×v0.3,wallet,false_deceive,decision_confidence,1,2,-0.31244564056396484
v0.3×v0.2,wallet,false_deceive,decision_confidence,1,2,1.0950870513916016
v0.3×v0.3,wallet,false_deceive,decision_confidence,1,2,-0.15908050537109375
v0.2×v0.2,key,false_help,decision_confidence,1,2,0.02317667007446289
v0.2×v0.3,key,false_help,decision_confidence,1,2,-0.8667149543762207
v0.3×v0.2,key,false_help,decision_confidence,1,2,0.021434783935546875
v0.3×v0.3,key,false_help,decision_confidence,1,2,-0.8667149543762207
v0.2×v0.3,pkg,false_help,decision_confidence,1,2,-1.109914779663086
v0.3×v0.2,pkg,false_help,decision_confidence,1,2,-0.45323896408081055
v0.3×v0.3,pkg,false_help,decision_confidence,1,2,-1.268366813659668
v0.2×v0.3,wallet,false_help,decision_confidence,1,2,-0.7122187614440918
v0.3×v0.2,wallet,false_help,decision_confidence,1,2,-0.145111083984375
v0.3×v0.3,wallet,false_help,decision_confidence,1,2,-0.9361476898193359
v0.2×v0.2,key,ignorance_deceive,decision_confidence,1,2,0.1081538200378418
v0.2×v0.3,key,ignorance_deceive,decision_confidence,1,2,-0.5289735794067383
v0.3×v0.2,key,ignorance_deceive,decision_confidence,1,2,0.05403470993041992
v0.3×v0.3,key,ignorance_deceive,decision_confidence,1,2,-1.4342079162597656
v0.2×v0.3,pkg,ignorance_deceive,decision_confidence,1,2,-2.091507911682129
v0.3×v0.2,pkg,ignorance_deceive,decision_confidence,1,2,-0.875424861907959
v0.3×v0.3,pkg,ignorance_deceive,decision_confidence,1,2,-1.6249146461486816
v0.2×v0.2,wallet,ignorance_deceive,decision_confidence,1,2,0.08652877807617188
v0.2×v0.3,wallet,ignorance_deceive,decision_confidence,1,2,-0.9836721420288086
v0.3×v0.2,wallet,ignorance_deceive,decision_confidence,1,2,0.18017959594726562
v0.3×v0.3,wallet,ignorance_deceive,decision_confidence,1,2,-0.7333507537841797
v0.2×v0.2,key,ignorance_help,decision_confidence,1,2,0.7131443023681641
v0.2×v0.3,key,ignorance_help,decision_confidence,1,2,-0.2244882583618164
v0.3×v0.2,key,ignorance_help,decision_confidence,1,2,0.7131443023681641
v0.3×v0.3,key,ignorance_help,decision_confidence,1,2,-0.2244882583618164
v0.2×v0.2,pkg,ignorance_help,decision_confidence,1,2,-1.3114848136901855
v0.2×v0.3,pkg,ignorance_help,decision_confidence,1,2,-1.1814417839050293
v0.3×v0.2,pkg,ignorance_help,decision_confidence,1,2,-1.0690131187438965
v0.3×v0.3,pkg,ignorance_help,decision_confidence,1,2,-1.323112964630127
v0.2×v0.2,wallet,ignorance_help,decision_confidence,1,2,0.7076539993286133
v0.2×v0.3,wallet,ignorance_help,decision_confidence,1,2,-0.5395975112915039
v0.3×v0.2,wallet,ignorance_help,decision_confidence,1,2,0.3193659782409668
v0.3×v0.3,wallet,ignorance_help,decision_confidence,1,2,-0.20912599563598633
v0.2×v0.2,key,shared_deceive,decision_confidence,1,2,-0.6032371520996094
v0.2×v0.3,key,shared_deceive,decision_confidence,1,2,-0.8248329162597656
v0.3×v0.2,key,shared_deceive,decision_confidence,1,2,-0.3405618667602539
v0.3×v0.3,key,shared_deceive,decision_confidence,1,2,-0.6781330108642578
v0.2×v0.2,pkg,shared_deceive,decision_confidence,1,2,-0.7300233840942383
v0.2×v0.3,pkg,shared_deceive,decision_confidence,1,2,-0.88690185546875
v0.3×v0.2,pkg,shared_deceive,decision_confidence,1,2,-1.169297218322754
v0.3×v0.3,pkg,shared_deceive,decision_confidence,1,2,-0.869267463684082
v0.2×v0.2,wallet,shared_deceive,decision_confidence,1,2,1.0694141387939453
v0.2×v0.3,wallet,shared_deceive,decision_confidence,1,2,-0.3070354461669922
v0.3×v0.3,wallet,shared_deceive,decision_confidence,1,2,-0.4738774299621582
v0.2×v0.2,key,shared_help,decision_confidence,1,2,-0.6490859985351562
v0.2×v0.3,key,shared_help,decision_confidence,1,2,-0.41753339767456055
v0.3×v0.2,key,shared_help,decision_confidence,1,2,-0.6490859985351562
v0.3×v0.3,key,shared_help,decision_confidence,1,2,-0.41753339767456055
v0.2×v0.3,pkg,shared_help,decision_confidence,1,2,-0.9572949409484863
v0.3×v0.2,pkg,shared_help,decision_confidence,1,2,-0.41835451126098633
v0.3×v0.3,pkg,shared_help,decision_confidence,1,2,-0.6700329780578613
v0.2×v0.2,wallet,shared_help,decision_confidence,1,2,0.38736391067504883
v0.2×v0.3,wallet,shared_help,decision_confidence,1,2,0.09327888488769531
v0.3×v0.2,wallet,shared_help,decision_confidence,1,2,1.874039649963379
v0.3×v0.3,wallet,shared_help,decision_confidence,1,2,0.49252796173095703
v0.2×v0.2,key,false_deceive,mia_strategy,1,2,-2.345996379852295
v0.2×v0.3,key,false_deceive,mia_strategy,1,2,-1.2274870872497559
v0.3×v0.2,key,false_deceive,mia_strategy,1,2,-1.4258918762207031
v0.3×v0.3,key,false_deceive,mia_strategy,1,2,-1.0681629180908203
v0.2×v0.2,pkg,false_deceive,mia_strategy,1,2,-2.2344908714294434
v0.2×v0.3,pkg,false_deceive,mia_strategy,1,2,-1.0418920516967773
v0.3×v0.2,pkg,false_deceive,mia_strategy,1,2,-0.6430010795593262
v0.3×v0.3,pkg,false_deceive,mia_strategy,1,2,-0.48241281509399414
v0.2×v0.2,wallet,false_deceive,mia_strategy,1,2,-2.5235700607299805
v0.2×v0.3,wallet,false_deceive,mia_strategy,1,2,-1.6291890144348145
v0.3×v0.2,wallet,false_deceive,mia_strategy,1,2,-2.747921943664551
v0.3×v0.3,wallet,false_deceive,mia_strategy,1,2,-0.9950399398803711
v0.2×v0.2,key,false_help,mia_strategy,1,2,-3.196021556854248
v0.2×v0.3,key,false_help,mia_strategy,1,2,-2.4830398559570312
v0.3×v0.2,key,false_help,mia_strategy,1,2,-3.1976137161254883
v0.3×v0.3,key,false_help,mia_strategy,1,2,-2.4830398559570312
v0.2×v0.3,pkg,false_help,mia_strategy,1,2,-2.1402249336242676
v0.3×v0.2,pkg,false_help,mia_strategy,1,2,-3.2212281227111816
v0.3×v0.3,pkg,false_help,mia_strategy,1,2,-2.315227508544922
v0.2×v0.3,wallet,false_help,mia_strategy,1,2,-2.549506187438965
v0.3×v0.2,wallet,false_help,mia_strategy,1,2,-3.3751955032348633
v0.3×v0.3,wallet,false_help,mia_strategy,1,2,-2.837615489959717
v0.2×v0.2,key,ignorance_deceive,mia_strategy,1,2,-2.948740005493164
v0.2×v0.3,key,ignorance_deceive,mia_strategy,1,2,-1.5284528732299805
v0.3×v0.2,key,ignorance_deceive,mia_strategy,1,2,-1.4925365447998047
v0.3×v0.3,key,ignorance_deceive,mia_strategy,1,2,-1.0289454460144043
v0.2×v0.3,pkg,ignorance_deceive,mia_strategy,1,2,-1.6289710998535156
v0.3×v0.2,pkg,ignorance_deceive,mia_strategy,1,2,-1.0827875137329102
v0.3×v0.3,pkg,ignorance_deceive,mia_strategy,1,2,-0.5629868507385254
v0.2×v0.2,wallet,ignorance_deceive,mia_strategy,1,2,-2.299046516418457
v0.2×v0.3,wallet,ignorance_deceive,mia_strategy,1,2,-1.0811409950256348
v0.3×v0.2,wallet,ignorance_deceive,mia_strategy,1,2,-2.2483811378479004
v0.3×v0.3,wallet,ignorance_deceive,mia_strategy,1,2,-0.6357460021972656
v0.2×v0.2,key,ignorance_help,mia_strategy,1,2,-2.845137119293213
v0.2×v0.3,key,ignorance_help,mia_strategy,1,2,-1.591759204864502
v0.3×v0.2,key,ignorance_help,mia_strategy,1,2,-2.845137119293213
v0.3×v0.3,key,ignorance_help,mia_strategy,1,2,-1.591759204864502
v0.2×v0.2,pkg,ignorance_help,mia_strategy,1,2,-2.4897372722625732
v0.2×v0.3,pkg,ignorance_help,mia_strategy,1,2,-1.0238537788391113
v0.3×v0.2,pkg,ignorance_help,mia_strategy,1,2,-2.471200466156006
v0.3×v0.3,pkg,ignorance_help,mia_strategy,1,2,-0.8687267303466797
v0.2×v0.2,wallet,ignorance_help,mia_strategy,1,2,-2.9038095474243164
v0.2×v0.3,wallet,ignorance_help,mia_strategy,1,2,-1.713165283203125
v0.3×v0.2,wallet,ignorance_help,mia_strategy,1,2,-3.0362610816955566
v0.3×v0.3,wallet,ignorance_help,mia_strategy,1,2,-2.000978469848633
v0.2×v0.2,key,shared_deceive,mia_strategy,1,2,-3.3671116828918457
v0.2×v0.3,key,shared_deceive,mia_strategy,1,2,-2.4036288261413574
v0.3×v0.2,key,shared_deceive,mia_strategy,1,2,-1.713735580444336
v0.3×v0.3,key,shared_deceive,mia_strategy,1,2,-1.4625792503356934
v0.2×v0.2,pkg,shared_deceive,mia_strategy,1,2,-3.131692886352539
v0.2×v0.3,pkg,shared_deceive,mia_strategy,1,2,-2.1909050941467285
v0.3×v0.2,pkg,shared_deceive,mia_strategy,1,2,-2.211272716522217
v0.3×v0.3,pkg,shared_deceive,mia_strategy,1,2,-1.4318981170654297
v0.2×v0.2,wallet,shared_deceive,mia_strategy,1,2,-3.2420482635498047
v0.2×v0.3,wallet,shared_deceive,mia_strategy,1,2,-2.3501462936401367
v0.3×v0.3,wallet,shared_deceive,mia_strategy,1,2,-0.13448095321655273
v0.2×v0.2,key,shared_help,mia_strategy,1,2,-1.8845701217651367
v0.2×v0.3,key,shared_help,mia_strategy,1,2,-1.3187782764434814
v0.3×v0.2,key,shared_help,mia_strategy,1,2,-1.8845701217651367
v0.3×v0.3,key,shared_help,mia_strategy,1,2,-1.3187782764434814
v0.2×v0.3,pkg,shared_help,mia_strategy,1,2,-1.1747994422912598
v0.3×v0.2,pkg,shared_help,mia_strategy,1,2,-1.561734676361084
v0.3×v0.3,pkg,shared_help,mia_strategy,1,2,-1.2568988800048828
v0.2×v0.2,wallet,shared_help,mia_strategy,1,2,-2.1609320640563965
v0.2×v0.3,wallet,shared_help,mia_strategy,1,2,-1.423011302947998
v0.3×v0.2,wallet,shared_help,mia_strategy,1,2,-2.21952486038208
v0.3×v0.3,wallet,shared_help,mia_strategy,1,2,-1.7488961219787598
v0.2×v0.2,key,false_deceive,mia_think_location,1,2,-1.0806529521942139
v0.2×v0.3,key,false_deceive,mia_think_location,1,2,-0.6631319522857666
v0.3×v0.2,key,false_deceive,mia_think_location,1,2,-0.40929317474365234
v0.3×v0.3,key,false_deceive,mia_think_location,1,2,0.3510704040527344
v0.2×v0.2,pkg,false_deceive,mia_think_location,1,2,-1.0440373420715332
v0.2×v0.3,pkg,false_deceive,mia_think_location,1,2,-0.8878271579742432
v0.3×v0.2,pkg,false_deceive,mia_think_location,1,2,-1.0738239288330078
v0.3×v0.3,pkg,false_deceive,mia_think_location,1,2,-1.0077919960021973
v0.2×v0.2,wallet,false_deceive,mia_think_location,1,2,0.3451271057128906
v0.2×v0.3,wallet,false_deceive,mia_think_location,1,2,-0.08059501647949219
v0.3×v0.2,wallet,false_deceive,mia_think_location,1,2,1.3931760787963867
v0.3×v0.3,wallet,false_deceive,mia_think_location,1,2,0.7922358512878418
v0.2×v0.2,key,false_help,mia_think_location,1,2,1.3494973182678223
v0.2×v0.3,key,false_help,mia_think_location,1,2,0.960500955581665
v0.3×v0.2,key,false_help,mia_think_location,1,2,1.3489642143249512
v0.3×v0.3,key,false_help,mia_think_location,1,2,0.960500955581665
v0.2×v0.3,pkg,false_help,mia_think_location,1,2,0.7748780250549316
v0.3×v0.2,pkg,false_help,mia_think_location,1,2,1.2533226013183594
v0.3×v0.3,pkg,false_help,mia_think_location,1,2,0.86600661277771
v0.2×v0.3,wallet,false_help,mia_think_location,1,2,1.0846354961395264
v0.3×v0.2,wallet,false_help,mia_think_location,1,2,1.3618249893188477
v0.3×v0.3,wallet,false_help,mia_think_location,1,2,1.022698163986206
v0.2×v0.2,key,ignorance_deceive,mia_think_location,1,2,-1.2477023601531982
v0.2×v0.3,key,ignorance_deceive,mia_think_location,1,2,-0.9389767646789551
v0.3×v0.2,key,ignorance_deceive,mia_think_location,1,2,-1.2578480243682861
v0.3×v0.3,key,ignorance_deceive,mia_think_location,1,2,-0.7905292510986328
v0.2×v0.3,pkg,ignorance_deceive,mia_think_location,1,2,-1.0031144618988037
v0.3×v0.2,pkg,ignorance_deceive,mia_think_location,1,2,-0.788215160369873
v0.3×v0.3,pkg,ignorance_deceive,mia_think_location,1,2,-0.8826696872711182
v0.2×v0.2,wallet,ignorance_deceive,mia_think_location,1,2,-0.2801980972290039
v0.2×v0.3,wallet,ignorance_deceive,mia_think_location,1,2,-0.2864537239074707
v0.3×v0.2,wallet,ignorance_deceive,mia_think_location,1,2,1.1168973445892334
v0.3×v0.3,wallet,ignorance_deceive,mia_think_location,1,2,0.6483843326568604
v0.2×v0.2,key,ignorance_help,mia_think_location,1,2,1.2635736465454102
v0.2×v0.3,key,ignorance_help,mia_think_location,1,2,0.5673925876617432
v0.3×v0.2,key,ignorance_help,mia_think_location,1,2,1.2635736465454102
v0.3×v0.3,key,ignorance_help,mia_think_location,1,2,0.5673925876617432
v0.2×v0.2,pkg,ignorance_help,mia_think_location,1,2,1.2172026634216309
v0.2×v0.3,pkg,ignorance_help,mia_think_location,1,2,0.670534610748291
v0.3×v0.2,pkg,ignorance_help,mia_think_location,1,2,1.2529065608978271
v0.3×v0.3,pkg,ignorance_help,mia_think_location,1,2,0.7700507640838623
v0.2×v0.2,wallet,ignorance_help,mia_think_location,1,2,1.1171627044677734
v0.2×v0.3,wallet,ignorance_help,mia_think_location,1,2,0.7995138168334961
v0.3×v0.2,wallet,ignorance_help,mia_think_location,1,2,1.068697214126587
v0.3×v0.3,wallet,ignorance_help,mia_think_location,1,2,0.8952200412750244
v0.2×v0.2,key,shared_deceive,mia_think_location,1,2,-1.306401014328003
v0.2×v0.3,key,shared_deceive,mia_think_location,1,2,-1.0006382465362549
v0.3×v0.2,key,shared_deceive,mia_think_location,1,2,-1.2776179313659668
v0.3×v0.3,key,shared_deceive,mia_think_location,1,2,-0.7190322875976562
v0.2×v0.2,pkg,shared_deceive,mia_think_location,1,2,-1.214949607849121
v0.2×v0.3,pkg,shared_deceive,mia_think_location,1,2,-1.0509707927703857
v0.3×v0.2,pkg,shared_deceive,mia_think_location,1,2,-0.457355260848999
v0.3×v0.3,pkg,shared_deceive,mia_think_location,1,2,-0.6724698543548584
v0.2×v0.2,wallet,shared_deceive,mia_think_location,1,2,-0.1709003448486328
v0.2×v0.3,wallet,shared_deceive,mia_think_location,1,2,-0.09525871276855469
v0.3×v0.3,wallet,shared_deceive,mia_think_location,1,2,0.6974031925201416
v0.2×v0.2,key,shared_help,mia_think_location,1,2,0.8843696117401123
v0.2×v0.3,key,shared_help,mia_think_location,1,2,1.0014197826385498
v0.3×v0.2,key,shared_help,mia_think_location,1,2,0.8843696117401123
v0.3×v0.3,key,shared_help,mia_think_location,1,2,1.0014197826385498
v0.2×v0.3,pkg,shared_help,mia_think_location,1,2,0.6867020130157471
v0.3×v0.2,pkg,shared_help,mia_think_location,1,2,0.8424081802368164
v0.3×v0.3,pkg,shared_help,mia_think_location,1,2,0.7332789897918701
v0.2×v0.2,wallet,shared_help,mia_think_location,1,2,0.9808154106140137
v0.2×v0.3,wallet,shared_help,mia_think_location,1,2,0.7438395023345947
v0.3×v0.2,wallet,shared_help,mia_think_location,1,2,1.0382754802703857
v0.3×v0.3,wallet,shared_help,mia_think_location,1,2,0.7490229606628418
v0.2×v0.2,key,false_deceive,other_honesty,1,2,-1.722529411315918
v0.2×v0.3,key,false_deceive,other_honesty,1,2,-1.5864577293395996
v0.3×v0.2,key,false_deceive,other_honesty,1,2,-1.9604926109313965
v0.3×v0.3,key,false_deceive,other_honesty,1,2,-1.7088561058044434
v0.2×v0.2,pkg,false_deceive,other_honesty,1,2,-1.0937495231628418
v0.2×v0.3,pkg,false_deceive,other_honesty,1,2,-1.3579859733581543
v0.3×v0.2,pkg,false_deceive,other_honesty,1,2,-2.0659661293029785
v0.3×v0.3,pkg,false_deceive,other_honesty,1,2,-1.4747047424316406
v0.2×v0.2,wallet,false_deceive,other_honesty,1,2,-2.8585872650146484
v0.2×v0.3,wallet,false_deceive,other_honesty,1,2,-1.1744346618652344
v0.3×v0.2,wallet,false_deceive,other_honesty,1,2,-3.496985912322998
v0.3×v0.3,wallet,false_deceive,other_honesty,1,2,-1.996199607849121
v0.2×v0.2,key,false_help,other_honesty,1,2,-3.789226531982422
v0.2×v0.3,key,false_help,other_honesty,1,2,-2.547764301300049
v0.3×v0.2,key,false_help,other_honesty,1,2,-3.7883152961730957
v0.3×v0.3,key,false_help,other_honesty,1,2,-2.547764301300049
v0.2×v0.3,pkg,false_help,other_honesty,1,2,-2.0598244667053223
v0.3×v0.2,pkg,false_help,other_honesty,1,2,-2.8905911445617676
v0.3×v0.3,pkg,false_help,other_honesty,1,2,-2.021550178527832
v0.2×v0.3,wallet,false_help,other_honesty,1,2,-2.2788820266723633
v0.3×v0.2,wallet,false_help,other_honesty,1,2,-3.7774534225463867
v0.3×v0.3,wallet,false_help,other_honesty,1,2,-2.4126625061035156
v0.2×v0.2,key,ignorance_deceive,other_honesty,1,2,-2.7641172409057617
v0.2×v0.3,key,ignorance_deceive,other_honesty,1,2,-1.7481918334960938
v0.3×v0.2,key,ignorance_deceive,other_honesty,1,2,-1.9380979537963867
v0.3×v0.3,key,ignorance_deceive,other_honesty,1,2,-1.6566271781921387
v0.2×v0.3,pkg,ignorance_deceive,other_honesty,1,2,-1.5605731010437012
v0.3×v0.2,pkg,ignorance_deceive,other_honesty,1,2,-1.7724919319152832
v0.3×v0.3,pkg,ignorance_deceive,other_honesty,1,2,-1.5196523666381836
v0.2×v0.2,wallet,ignorance_deceive,other_honesty,1,2,-2.1208295822143555
v0.2×v0.3,wallet,ignorance_deceive,other_honesty,1,2,-1.130147933959961
v0.3×v0.2,wallet,ignorance_deceive,other_honesty,1,2,-2.5641298294067383
v0.3×v0.3,wallet,ignorance_deceive,other_honesty,1,2,-1.5214881896972656
v0.2×v0.2,key,ignorance_help,other_honesty,1,2,-3.454813003540039
v0.2×v0.3,key,ignorance_help,other_honesty,1,2,-1.1541666984558105
v0.3×v0.2,key,ignorance_help,other_honesty,1,2,-3.454813003540039
v0.3×v0.3,key,ignorance_help,other_honesty,1,2,-1.1541666984558105
v0.2×v0.2,pkg,ignorance_help,other_honesty,1,2,-1.915898323059082
v0.2×v0.3,pkg,ignorance_help,other_honesty,1,2,-1.219949722290039
v0.3×v0.2,pkg,ignorance_help,other_honesty,1,2,-2.208493232727051
v0.3×v0.3,pkg,ignorance_help,other_honesty,1,2,-1.4330248832702637
v0.2×v0.2,wallet,ignorance_help,other_honesty,1,2,-3.18878173828125
v0.2×v0.3,wallet,ignorance_help,other_honesty,1,2,-1.0521292686462402
v0.3×v0.2,wallet,ignorance_help,other_honesty,1,2,-3.1713428497314453
v0.3×v0.3,wallet,ignorance_help,other_honesty,1,2,-1.6340789794921875
v0.2×v0.2,key,shared_deceive,other_honesty,1,2,-3.8645777702331543
v0.2×v0.3,key,shared_deceive,other_honesty,1,2,-2.414985179901123
v0.3×v0.2,key,shared_deceive,other_honesty,1,2,-1.9004368782043457
v0.3×v0.3,key,shared_deceive,other_honesty,1,2,-1.9640312194824219
v0.2×v0.2,pkg,shared_deceive,other_honesty,1,2,-2.0970020294189453
v0.2×v0.3,pkg,shared_deceive,other_honesty,1,2,-1.4390077590942383
v0.3×v0.2,pkg,shared_deceive,other_honesty,1,2,-2.759894371032715
v0.3×v0.3,pkg,shared_deceive,other_honesty,1,2,-2.058587074279785
v0.2×v0.2,wallet,shared_deceive,other_honesty,1,2,-2.9034605026245117
v0.2×v0.3,wallet,shared_deceive,other_honesty,1,2,-1.6650810241699219
v0.3×v0.3,wallet,shared_deceive,other_honesty,1,2,-1.5277190208435059
v0.2×v0.2,key,shared_help,other_honesty,1,2,-2.3357629776000977
v0.2×v0.3,key,shared_help,other_honesty,1,2,-1.438645839691162
v0.3×v0.2,key,shared_help,other_honesty,1,2,-2.3357629776000977
v0.3×v0.3,key,shared_help,other_honesty,1,2,-1.438645839691162
v0.2×v0.3,pkg,shared_help,other_honesty,1,2,-0.9885964393615723
v0.3×v0.2,pkg,shared_help,other_honesty,1,2,-2.245211601257324
v0.3×v0.3,pkg,shared_help,other_honesty,1,2,-1.4987831115722656
v0.2×v0.2,wallet,shared_help,other_honesty,1,2,-2.369788646697998
v0.2×v0.3,wallet,shared_help,other_honesty,1,2,-1.2771592140197754
v0.3×v0.2,wallet,shared_help,other_honesty,1,2,-3.1233835220336914
v0.3×v0.3,wallet,shared_help,other_honesty,1,2,-1.8944053649902344
v0.2×v0.2,key,false_deceive,other_strategy,1,2,-2.3054986000061035
v0.2×v0.3,key,false_deceive,other_strategy,1,2,-1.391251564025879
v0.3×v0.2,key,false_deceive,other_strategy,1,2,-1.4911584854125977
v0.3×v0.3,key,false_deceive,other_strategy,1,2,-0.9465947151184082
v0.2×v0.2,pkg,false_deceive,other_strategy,1,2,-1.7967605590820312
v0.2×v0.3,pkg,false_deceive,other_strategy,1,2,-0.9419960975646973
v0.3×v0.2,pkg,false_deceive,other_strategy,1,2,-0.5281691551208496
v0.3×v0.3,pkg,false_deceive,other_strategy,1,2,-0.5099105834960938
v0.2×v0.2,wallet,false_deceive,other_strategy,1,2,-2.484712600708008
v0.2×v0.3,wallet,false_deceive,other_strategy,1,2,-1.5623321533203125
v0.3×v0.2,wallet,false_deceive,other_strategy,1,2,-2.176058769226074
v0.3×v0.3,wallet,false_deceive,other_strategy,1,2,-0.9933638572692871
v0.2×v0.2,key,false_help,other_strategy,1,2,-2.997437000274658
v0.2×v0.3,key,false_help,other_strategy,1,2,-2.3990650177001953
v0.3×v0.2,key,false_help,other_strategy,1,2,-2.9974303245544434
v0.3×v0.3,key,false_help,other_strategy,1,2,-2.3990650177001953
v0.2×v0.3,pkg,false_help,other_strategy,1,2,-1.6205363273620605
v0.3×v0.2,pkg,false_help,other_strategy,1,2,-2.7937355041503906
v0.3×v0.3,pkg,false_help,other_strategy,1,2,-1.7278146743774414
v0.2×v0.3,wallet,false_help,other_strategy,1,2,-2.2378625869750977
v0.3×v0.2,wallet,false_help,other_strategy,1,2,-3.0165534019470215
v0.3×v0.3,wallet,false_help,other_strategy,1,2,-2.3458852767944336
v0.2×v0.2,key,ignorance_deceive,other_strategy,1,2,-2.588181495666504
v0.2×v0.3,key,ignorance_deceive,other_strategy,1,2,-1.6402182579040527
v0.3×v0.2,key,ignorance_deceive,other_strategy,1,2,-1.3757996559143066
v0.3×v0.3,key,ignorance_deceive,other_strategy,1,2,-0.6753649711608887
v0.2×v0.3,pkg,ignorance_deceive,other_strategy,1,2,-1.19915771484375
v0.3×v0.2,pkg,ignorance_deceive,other_strategy,1,2,-0.9025092124938965
v0.3×v0.3,pkg,ignorance_deceive,other_strategy,1,2,-0.7041711807250977
v0.2×v0.2,wallet,ignorance_deceive,other_strategy,1,2,-2.165464401245117
v0.2×v0.3,wallet,ignorance_deceive,other_strategy,1,2,-1.1047592163085938
v0.3×v0.2,wallet,ignorance_deceive,other_strategy,1,2,-1.3395094871520996
v0.3×v0.3,wallet,ignorance_deceive,other_strategy,1,2,-0.41982316970825195
v0.2×v0.2,key,ignorance_help,other_strategy,1,2,-2.739621639251709
v0.2×v0.3,key,ignorance_help,other_strategy,1,2,-1.5019631385803223
v0.3×v0.2,key,ignorance_help,other_strategy,1,2,-2.739621639251709
v0.3×v0.3,key,ignorance_help,other_strategy,1,2,-1.5019631385803223
v0.2×v0.2,pkg,ignorance_help,other_strategy,1,2,-2.1952219009399414
v0.2×v0.3,pkg,ignorance_help,other_strategy,1,2,-0.7409825325012207
v0.3×v0.2,pkg,ignorance_help,other_strategy,1,2,-2.2072110176086426
v0.3×v0.3,pkg,ignorance_help,other_strategy,1,2,-0.79364013671875
v0.2×v0.2,wallet,ignorance_help,other_strategy,1,2,-2.707930564880371
v0.2×v0.3,wallet,ignorance_help,other_strategy,1,2,-1.1816134452819824
v0.3×v0.2,wallet,ignorance_help,other_strategy,1,2,-2.783613681793213
v0.3×v0.3,wallet,ignorance_help,other_strategy,1,2,-1.4416165351867676
v0.2×v0.2,key,shared_deceive,other_strategy,1,2,-3.064818859100342
v0.2×v0.3,key,shared_deceive,other_strategy,1,2,-2.291569709777832
v0.3×v0.2,key,shared_deceive,other_strategy,1,2,-1.5074234008789062
v0.3×v0.3,key,shared_deceive,other_strategy,1,2,-1.2291688919067383
v0.2×v0.2,pkg,shared_deceive,other_strategy,1,2,-2.5341086387634277
v0.2×v0.3,pkg,shared_deceive,other_strategy,1,2,-1.5259971618652344
v0.3×v0.2,pkg,shared_deceive,other_strategy,1,2,-1.841529369354248
v0.3×v0.3,pkg,shared_deceive,other_strategy,1,2,-1.3779182434082031
v0.2×v0.2,wallet,shared_deceive,other_strategy,1,2,-2.9221320152282715
v0.2×v0.3,wallet,shared_deceive,other_strategy,1,2,-2.0223913192749023
v0.3×v0.3,wallet,shared_deceive,other_strategy,1,2,-0.10391044616699219
v0.2×v0.2,key,shared_help,other_strategy,1,2,-2.414367198944092
v0.2×v0.3,key,shared_help,other_strategy,1,2,-1.4435153007507324
v0.3×v0.2,key,shared_help,other_strategy,1,2,-2.414367198944092
v0.3×v0.3,key,shared_help,other_strategy,1,2,-1.4435153007507324
v0.2×v0.3,pkg,shared_help,other_strategy,1,2,-0.9339637756347656
v0.3×v0.2,pkg,shared_help,other_strategy,1,2,-1.9008736610412598
v0.3×v0.3,pkg,shared_help,other_strategy,1,2,-1.2423858642578125
v0.2×v0.2,wallet,shared_help,other_strategy,1,2,-2.2672367095947266
v0.2×v0.3,wallet,shared_help,other_strategy,1,2,-1.328887939453125
v0.3×v0.2,wallet,shared_help,other_strategy,1,2,-2.576838970184326
v0.3×v0.3,wallet,shared_help,other_strategy,1,2,-1.5598421096801758
v0.2×v0.2,key,false_deceive,other_think_location,1,2,-1.0608956813812256
v0.2×v0.3,key,false_deceive,other_think_location,1,2,-0.5899388790130615
v0.3×v0.2,key,false_deceive,other_think_location,1,2,-0.3839130401611328
v0.3×v0.3,key,false_deceive,other_think_location,1,2,0.10291337966918945
v0.2×v0.2,pkg,false_deceive,other_think_location,1,2,-1.0098285675048828
v0.2×v0.3,pkg,false_deceive,other_think_location,1,2,-0.6884362697601318
v0.3×v0.2,pkg,false_deceive,other_think_location,1,2,-1.009429693222046
v0.3×v0.3,pkg,false_deceive,other_think_location,1,2,-0.8795130252838135
v0.2×v0.2,wallet,false_deceive,other_think_location,1,2,0.5248684883117676
v0.2×v0.3,wallet,false_deceive,other_think_location,1,2,0.1966400146484375
v0.3×v0.2,wallet,false_deceive,other_think_location,1,2,1.2066869735717773
v0.3×v0.3,wallet,false_deceive,other_think_location,1,2,0.7570536136627197
v0.2×v0.2,key,false_help,other_think_location,1,2,1.1918656826019287
v0.2×v0.3,key,false_help,other_think_location,1,2,0.8840696811676025
v0.3×v0.2,key,false_help,other_think_location,1,2,1.1913814544677734
v0.3×v0.3,key,false_help,other_think_location,1,2,0.8840696811676025
v0.2×v0.3,pkg,false_help,other_think_location,1,2,0.8463804721832275
v0.3×v0.2,pkg,false_help,other_think_location,1,2,1.2002346515655518
v0.3×v0.3,pkg,false_help,other_think_location,1,2,0.8817636966705322
v0.2×v0.3,wallet,false_help,other_think_location,1,2,1.0006170272827148
v0.3×v0.2,wallet,false_help,other_think_location,1,2,1.2240138053894043
v0.3×v0.3,wallet,false_help,other_think_location,1,2,1.0028810501098633
v0.2×v0.2,key,ignorance_deceive,other_think_location,1,2,-1.2110748291015625
v0.2×v0.3,key,ignorance_deceive,other_think_location,1,2,-0.8610620498657227
v0.3×v0.2,key,ignorance_deceive,other_think_location,1,2,-1.0850343704223633
v0.3×v0.3,key,ignorance_deceive,other_think_location,1,2,-0.7543337345123291
v0.2×v0.3,pkg,ignorance_deceive,other_think_location,1,2,-0.8092513084411621
v0.3×v0.2,pkg,ignorance_deceive,other_think_location,1,2,-0.7850956916809082
v0.3×v0.3,pkg,ignorance_deceive,other_think_location,1,2,-0.8368275165557861
v0.2×v0.2,wallet,ignorance_deceive,other_think_location,1,2,-0.1872406005859375
v0.2×v0.3,wallet,ignorance_deceive,other_think_location,1,2,-0.1264052391052246
v0.3×v0.2,wallet,ignorance_deceive,other_think_location,1,2,0.9505863189697266
v0.3×v0.3,wallet,ignorance_deceive,other_think_location,1,2,0.609428882598877
v0.2×v0.2,key,ignorance_help,other_think_location,1,2,1.1506562232971191
v0.2×v0.3,key,ignorance_help,other_think_location,1,2,0.5047047138214111
v0.3×v0.2,key,ignorance_help,other_think_location,1,2,1.1506562232971191
v0.3×v0.3,key,ignorance_help,other_think_location,1,2,0.5047047138214111
v0.2×v0.2,pkg,ignorance_help,other_think_location,1,2,1.0649001598358154
v0.2×v0.3,pkg,ignorance_help,other_think_location,1,2,0.8412222862243652
v0.3×v0.2,pkg,ignorance_help,other_think_location,1,2,1.1763184070587158
v0.3×v0.3,pkg,ignorance_help,other_think_location,1,2,0.80348801612854
v0.2×v0.2,wallet,ignorance_help,other_think_location,1,2,1.0112693309783936
v0.2×v0.3,wallet,ignorance_help,other_think_location,1,2,0.7461814880371094
v0.3×v0.2,wallet,ignorance_help,other_think_location,1,2,0.9686663150787354
v0.3×v0.3,wallet,ignorance_help,other_think_location,1,2,0.7852070331573486
v0.2×v0.2,key,shared_deceive,other_think_location,1,2,-1.2267773151397705
v0.2×v0.3,key,shared_deceive,other_think_location,1,2,-0.9780981540679932
v0.3×v0.2,key,shared_deceive,other_think_location,1,2,-1.1709067821502686
v0.3×v0.3,key,shared_deceive,other_think_location,1,2,-0.8245875835418701
v0.2×v0.2,pkg,shared_deceive,other_think_location,1,2,-1.4286243915557861
v0.2×v0.3,pkg,shared_deceive,other_think_location,1,2,-1.3508515357971191
v0.3×v0.2,pkg,shared_deceive,other_think_location,1,2,-0.7821657657623291
v0.3×v0.3,pkg,shared_deceive,other_think_location,1,2,-0.8327851295471191
v0.2×v0.2,wallet,shared_deceive,other_think_location,1,2,-0.09665679931640625
v0.2×v0.3,wallet,shared_deceive,other_think_location,1,2,-0.13055753707885742
v0.3×v0.3,wallet,shared_deceive,other_think_location,1,2,0.5333297252655029
v0.2×v0.2,key,shared_help,other_think_location,1,2,-0.029626846313476562
v0.2×v0.3,key,shared_help,other_think_location,1,2,0.8689088821411133
v0.3×v0.2,key,shared_help,other_think_location,1,2,-0.029626846313476562
v0.3×v0.3,key,shared_help,other_think_location,1,2,0.8689088821411133
v0.2×v0.3,pkg,shared_help,other_think_location,1,2,0.07520794868469238
v0.3×v0.2,pkg,shared_help,other_think_location,1,2,0.4214754104614258
v0.3×v0.3,pkg,shared_help,other_think_location,1,2,0.477156400680542
v0.2×v0.2,wallet,shared_help,other_think_location,1,2,0.742372989654541
v0.2×v0.3,wallet,shared_help,other_think_location,1,2,0.5604281425476074
v0.3×v0.2,wallet,shared_help,other_think_location,1,2,0.9586329460144043
v0.3×v0.3,wallet,shared_help,other_think_location,1,2,0.6524975299835205
v0.2×v0.2,key,false_deceive,self_belief_location,1,2,-0.1613006591796875
v0.2×v0.3,key,false_deceive,self_belief_location,1,2,0.8847732543945312
v0.3×v0.2,key,false_deceive,self_belief_location,1,2,-1.6495616436004639
v0.3×v0.3,key,false_deceive,self_belief_location,1,2,-0.7711658477783203
v0.2×v0.2,pkg,false_deceive,self_belief_location,1,2,-1.2120866775512695
v0.2×v0.3,pkg,false_deceive,self_belief_location,1,2,-0.469745397567749
v0.3×v0.2,pkg,false_deceive,self_belief_location,1,2,-1.246975302696228
v0.3×v0.3,pkg,false_deceive,self_belief_location,1,2,-1.0621306896209717
v0.2×v0.2,wallet,false_deceive,self_belief_location,1,2,0.3086104393005371
v0.2×v0.3,wallet,false_deceive,self_belief_location,1,2,0.7590453624725342
v0.3×v0.2,wallet,false_deceive,self_belief_location,1,2,-0.2192821502685547
v0.3×v0.3,wallet,false_deceive,self_belief_location,1,2,0.025803565979003906
v0.2×v0.2,key,false_help,self_belief_location,1,2,-1.6090104579925537
v0.2×v0.3,key,false_help,self_belief_location,1,2,-1.3028843402862549
v0.3×v0.2,key,false_help,self_belief_location,1,2,-1.608710765838623
v0.3×v0.3,key,false_help,self_belief_location,1,2,-1.3028843402862549
v0.2×v0.3,pkg,false_help,self_belief_location,1,2,-1.000699520111084
v0.3×v0.2,pkg,false_help,self_belief_location,1,2,-1.7053343057632446
v0.3×v0.3,pkg,false_help,self_belief_location,1,2,-1.0371263027191162
v0.2×v0.3,wallet,false_help,self_belief_location,1,2,-0.8484487533569336
v0.3×v0.2,wallet,false_help,self_belief_location,1,2,-0.5132951736450195
v0.3×v0.3,wallet,false_help,self_belief_location,1,2,-0.4815950393676758
v0.2×v0.2,key,ignorance_deceive,self_belief_location,1,2,1.9147899150848389
v0.2×v0.3,key,ignorance_deceive,self_belief_location,1,2,1.1261208057403564
v0.3×v0.2,key,ignorance_deceive,self_belief_location,1,2,1.0865397453308105
v0.3×v0.3,key,ignorance_deceive,self_belief_location,1,2,0.791217565536499
v0.2×v0.3,pkg,ignorance_deceive,self_belief_location,1,2,0.12587690353393555
v0.3×v0.2,pkg,ignorance_deceive,self_belief_location,1,2,1.4406805038452148
v0.3×v0.3,pkg,ignorance_deceive,self_belief_location,1,2,0.231950044631958
v0.2×v0.2,wallet,ignorance_deceive,self_belief_location,1,2,1.712139368057251
v0.2×v0.3,wallet,ignorance_deceive,self_belief_location,1,2,0.7705881595611572
v0.3×v0.2,wallet,ignorance_deceive,self_belief_location,1,2,0.44475245475769043
v0.3×v0.3,wallet,ignorance_deceive,self_belief_location,1,2,0.44004082679748535
v0.2×v0.2,key,ignorance_help,self_belief_location,1,2,-1.8167221546173096
v0.2×v0.3,key,ignorance_help,self_belief_location,1,2,-0.7853518724441528
v0.3×v0.2,key,ignorance_help,self_belief_location,1,2,-1.8167221546173096
v0.3×v0.3,key,ignorance_help,self_belief_location,1,2,-0.7853518724441528
v0.2×v0.2,pkg,ignorance_help,self_belief_location,1,2,-1.1460167169570923
v0.2×v0.3,pkg,ignorance_help,self_belief_location,1,2,1.2615289688110352
v0.3×v0.2,pkg,ignorance_help,self_belief_location,1,2,-0.7613668441772461
v0.3×v0.3,pkg,ignorance_help,self_belief_location,1,2,1.1236388683319092
v0.2×v0.2,wallet,ignorance_help,self_belief_location,1,2,-0.7331826686859131
v0.2×v0.3,wallet,ignorance_help,self_belief_location,1,2,-1.0249230861663818
v0.3×v0.2,wallet,ignorance_help,self_belief_location,1,2,-0.5659058094024658
v0.3×v0.3,wallet,ignorance_help,self_belief_location,1,2,0.69657301902771
v0.2×v0.2,key,shared_deceive,self_belief_location,1,2,1.976918339729309
v0.2×v0.3,key,shared_deceive,self_belief_location,1,2,1.4272148609161377
v0.3×v0.2,key,shared_deceive,self_belief_location,1,2,1.662022590637207
v0.3×v0.3,key,shared_deceive,self_belief_location,1,2,0.8811490535736084
v0.2×v0.2,pkg,shared_deceive,self_belief_location,1,2,1.6180328130722046
v0.2×v0.3,pkg,shared_deceive,self_belief_location,1,2,1.0624737739562988
v0.3×v0.2,pkg,shared_deceive,self_belief_location,1,2,2.3638657331466675
v0.3×v0.3,pkg,shared_deceive,self_belief_location,1,2,1.4568238258361816
v0.2×v0.2,wallet,shared_deceive,self_belief_location,1,2,1.6598334312438965
v0.2×v0.3,wallet,shared_deceive,self_belief_location,1,2,1.2484145164489746
v0.3×v0.3,wallet,shared_deceive,self_belief_location,1,2,0.7291305065155029
v0.2×v0.2,key,shared_help,self_belief_location,1,2,0.5075963735580444
v0.2×v0.3,key,shared_help,self_belief_location,1,2,-0.19822955131530762
v0.3×v0.2,key,shared_help,self_belief_location,1,2,0.5075963735580444
v0.3×v0.3,key,shared_help,self_belief_location,1,2,-0.19822955131530762
v0.2×v0.3,pkg,shared_help,self_belief_location,1,2,0.4734957218170166
v0.3×v0.2,pkg,shared_help,self_belief_location,1,2,0.47278285026550293
v0.3×v0.3,pkg,shared_help,self_belief_location,1,2,0.10962128639221191
v0.2×v0.2,wallet,shared_help,self_belief_location,1,2,0.912482500076294
v0.2×v0.3,wallet,shared_help,self_belief_location,1,2,-0.3514895439147949
v0.3×v0.2,wallet,shared_help,self_belief_location,1,2,0.5535356998443604
v0.3×v0.3,wallet,shared_help,self_belief_location,1,2,-0.20230960845947266
v0.2×v0.2,key,false_deceive,self_believe_location,1,2,0.3182539939880371
v0.2×v0.3,key,false_deceive,self_believe_location,1,2,0.7918188571929932
v0.3×v0.2,key,false_deceive,self_believe_location,1,2,-1.421768605709076
v0.3×v0.3,key,false_deceive,self_believe_location,1,2,-0.8984352350234985
v0.2×v0.2,pkg,false_deceive,self_believe_location,1,2,-0.1594541072845459
v0.2×v0.3,pkg,false_deceive,self_believe_location,1,2,0.32098913192749023
v0.3×v0.2,pkg,false_deceive,self_believe_location,1,2,-0.7193377017974854
v0.3×v0.3,pkg,false_deceive,self_believe_location,1,2,-0.4015157222747803
v0.2×v0.2,wallet,false_deceive,self_believe_location,1,2,0.12396860122680664
v0.2×v0.3,wallet,false_deceive,self_believe_location,1,2,0.25588393211364746
v0.3×v0.2,wallet,false_deceive,self_believe_location,1,2,-0.1707751750946045
v0.3×v0.3,wallet,false_deceive,self_believe_location,1,2,-0.053661346435546875
v0.2×v0.2,key,false_help,self_believe_location,1,2,-1.348535180091858
v0.2×v0.3,key,false_help,self_believe_location,1,2,-0.9751700162887573
v0.3×v0.2,key,false_help,self_believe_location,1,2,-1.3487037420272827
v0.3×v0.3,key,false_help,self_believe_location,1,2,-0.9751700162887573
v0.2×v0.3,pkg,false_help,self_believe_location,1,2,-1.043186902999878
v0.3×v0.2,pkg,false_help,self_believe_location,1,2,-1.4850679636001587
v0.3×v0.3,pkg,false_help,self_believe_location,1,2,-1.1288268566131592
v0.2×v0.3,wallet,false_help,self_believe_location,1,2,-0.36934733390808105
v0.3×v0.2,wallet,false_help,self_believe_location,1,2,-0.24306678771972656
v0.3×v0.3,wallet,false_help,self_believe_location,1,2,-0.44876813888549805
v0.2×v0.2,key,ignorance_deceive,self_believe_location,1,2,1.5860095024108887
v0.2×v0.3,key,ignorance_deceive,self_believe_location,1,2,0.9716402292251587
v0.3×v0.2,key,ignorance_deceive,self_believe_location,1,2,0.6171307563781738
v0.3×v0.3,key,ignorance_deceive,self_believe_location,1,2,0.499845027923584
v0.2×v0.3,pkg,ignorance_deceive,self_believe_location,1,2,0.30649757385253906
v0.3×v0.2,pkg,ignorance_deceive,self_believe_location,1,2,1.2099254131317139
v0.3×v0.3,pkg,ignorance_deceive,self_believe_location,1,2,0.7291975021362305
v0.2×v0.2,wallet,ignorance_deceive,self_believe_location,1,2,1.0579285621643066
v0.2×v0.3,wallet,ignorance_deceive,self_believe_location,1,2,0.4029569625854492
v0.3×v0.2,wallet,ignorance_deceive,self_believe_location,1,2,0.3333742618560791
v0.3×v0.3,wallet,ignorance_deceive,self_believe_location,1,2,0.4105510711669922
v0.2×v0.2,key,ignorance_help,self_believe_location,1,2,-1.4161968231201172
v0.2×v0.3,key,ignorance_help,self_believe_location,1,2,0.283036470413208
v0.3×v0.2,key,ignorance_help,self_believe_location,1,2,-1.4161968231201172
v0.3×v0.3,key,ignorance_help,self_believe_location,1,2,0.283036470413208
v0.2×v0.2,pkg,ignorance_help,self_believe_location,1,2,-1.118314266204834
v0.2×v0.3,pkg,ignorance_help,self_believe_location,1,2,0.9465792179107666
v0.3×v0.2,pkg,ignorance_help,self_believe_location,1,2,-1.1702420711517334
v0.3×v0.3,pkg,ignorance_help,self_believe_location,1,2,0.5686483383178711
v0.2×v0.2,wallet,ignorance_help,self_believe_location,1,2,-0.5531308650970459
v0.2×v0.3,wallet,ignorance_help,self_believe_location,1,2,-0.02130413055419922
v0.3×v0.2,wallet,ignorance_help,self_believe_location,1,2,-0.5264616012573242
v0.3×v0.3,wallet,ignorance_help,self_believe_location,1,2,0.7472727298736572
v0.2×v0.2,key,shared_deceive,self_believe_location,1,2,1.5494043827056885
v0.2×v0.3,key,shared_deceive,self_believe_location,1,2,1.178430438041687
v0.3×v0.2,key,shared_deceive,self_believe_location,1,2,1.3089923858642578
v0.3×v0.3,key,shared_deceive,self_believe_location,1,2,0.8982582092285156
v0.2×v0.2,pkg,shared_deceive,self_believe_location,1,2,1.3164641857147217
v0.2×v0.3,pkg,shared_deceive,self_believe_location,1,2,0.9789736270904541
v0.3×v0.2,pkg,shared_deceive,self_believe_location,1,2,1.5869297981262207
v0.3×v0.3,pkg,shared_deceive,self_believe_location,1,2,1.1250834465026855
v0.2×v0.2,wallet,shared_deceive,self_believe_location,1,2,1.1320219039916992
v0.2×v0.3,wallet,shared_deceive,self_believe_location,1,2,1.0330255031585693
v0.3×v0.3,wallet,shared_deceive,self_believe_location,1,2,0.5454103946685791
v0.2×v0.2,key,shared_help,self_believe_location,1,2,0.38722026348114014
v0.2×v0.3,key,shared_help,self_believe_location,1,2,0.3000293970108032
v0.3×v0.2,key,shared_help,self_believe_location,1,2,0.38722026348114014
v0.3×v0.3,key,shared_help,self_believe_location,1,2,0.3000293970108032
v0.2×v0.3,pkg,shared_help,self_believe_location,1,2,0.08659529685974121
v0.3×v0.2,pkg,shared_help,self_believe_location,1,2,-0.10644292831420898
v0.3×v0.3,pkg,shared_help,self_believe_location,1,2,-0.2601330280303955
v0.2×v0.2,wallet,shared_help,self_believe_location,1,2,0.5559232234954834
v0.2×v0.3,wallet,shared_help,self_believe_location,1,2,0.08671045303344727
v0.3×v0.2,wallet,shared_help,self_believe_location,1,2,-0.1918184757232666
v0.3×v0.3,wallet,shared_help,self_believe_location,1,2,-0.035404205322265625
v0.2×v0.2,key,false_deceive,self_honesty,1,2,-2.0766992568969727
v0.2×v0.3,key,false_deceive,self_honesty,1,2,-1.5683274269104004
v0.3×v0.2,key,false_deceive,self_honesty,1,2,-2.0923614501953125
v0.3×v0.3,key,false_deceive,self_honesty,1,2,-1.9771270751953125
v0.2×v0.2,pkg,false_deceive,self_honesty,1,2,-2.7338433265686035
v0.2×v0.3,pkg,false_deceive,self_honesty,1,2,-2.4047088623046875
v0.3×v0.2,pkg,false_deceive,self_honesty,1,2,-2.727395534515381
v0.3×v0.3,pkg,false_deceive,self_honesty,1,2,-2.0605621337890625
v0.2×v0.2,wallet,false_deceive,self_honesty,1,2,-1.5525660514831543
v0.2×v0.3,wallet,false_deceive,self_honesty,1,2,-1.4189019203186035
v0.3×v0.2,wallet,false_deceive,self_honesty,1,2,-2.5847110748291016
v0.3×v0.3,wallet,false_deceive,self_honesty,1,2,-1.6868643760681152
v0.2×v0.2,key,false_help,self_honesty,1,2,-2.702916145324707
v0.2×v0.3,key,false_help,self_honesty,1,2,-1.6302299499511719
v0.3×v0.2,key,false_help,self_honesty,1,2,-2.702361583709717
v0.3×v0.3,key,false_help,self_honesty,1,2,-1.6302299499511719
v0.2×v0.3,pkg,false_help,self_honesty,1,2,-2.2271928787231445
v0.3×v0.2,pkg,false_help,self_honesty,1,2,-2.7673025131225586
v0.3×v0.3,pkg,false_help,self_honesty,1,2,-2.193347454071045
v0.2×v0.3,wallet,false_help,self_honesty,1,2,-1.9402656555175781
v0.3×v0.2,wallet,false_help,self_honesty,1,2,-3.293745517730713
v0.3×v0.3,wallet,false_help,self_honesty,1,2,-2.4030280113220215
v0.2×v0.2,key,ignorance_deceive,self_honesty,1,2,-1.9189658164978027
v0.2×v0.3,key,ignorance_deceive,self_honesty,1,2,-1.103804111480713
v0.3×v0.2,key,ignorance_deceive,self_honesty,1,2,-2.297715187072754
v0.3×v0.3,key,ignorance_deceive,self_honesty,1,2,-1.7913026809692383
v0.2×v0.3,pkg,ignorance_deceive,self_honesty,1,2,-1.9729623794555664
v0.3×v0.2,pkg,ignorance_deceive,self_honesty,1,2,-2.8334975242614746
v0.3×v0.3,pkg,ignorance_deceive,self_honesty,1,2,-1.9554429054260254
v0.2×v0.2,wallet,ignorance_deceive,self_honesty,1,2,-1.4404244422912598
v0.2×v0.3,wallet,ignorance_deceive,self_honesty,1,2,-0.9011645317077637
v0.3×v0.2,wallet,ignorance_deceive,self_honesty,1,2,-3.0125627517700195
v0.3×v0.3,wallet,ignorance_deceive,self_honesty,1,2,-1.1203336715698242
v0.2×v0.2,key,ignorance_help,self_honesty,1,2,-2.391890048980713
v0.2×v0.3,key,ignorance_help,self_honesty,1,2,-1.7149672508239746
v0.3×v0.2,key,ignorance_help,self_honesty,1,2,-2.391890048980713
v0.3×v0.3,key,ignorance_help,self_honesty,1,2,-1.7149672508239746
v0.2×v0.2,pkg,ignorance_help,self_honesty,1,2,-3.141249656677246
v0.2×v0.3,pkg,ignorance_help,self_honesty,1,2,-2.207038402557373
v0.3×v0.2,pkg,ignorance_help,self_honesty,1,2,-2.9803686141967773
v0.3×v0.3,pkg,ignorance_help,self_honesty,1,2,-2.1984801292419434
v0.2×v0.2,wallet,ignorance_help,self_honesty,1,2,-2.9216766357421875
v0.2×v0.3,wallet,ignorance_help,self_honesty,1,2,-1.9753985404968262
v0.3×v0.2,wallet,ignorance_help,self_honesty,1,2,-3.4391393661499023
v0.3×v0.3,wallet,ignorance_help,self_honesty,1,2,-1.996485710144043
v0.2×v0.2,key,shared_deceive,self_honesty,1,2,-1.345414638519287
v0.2×v0.3,key,shared_deceive,self_honesty,1,2,-0.6683335304260254
v0.3×v0.2,key,shared_deceive,self_honesty,1,2,-1.9297699928283691
v0.3×v0.3,key,shared_deceive,self_honesty,1,2,-1.8964309692382812
v0.2×v0.2,pkg,shared_deceive,self_honesty,1,2,-1.7617506980895996
v0.2×v0.3,pkg,shared_deceive,self_honesty,1,2,-1.456697940826416
v0.3×v0.2,pkg,shared_deceive,self_honesty,1,2,-2.772365093231201
v0.3×v0.3,pkg,shared_deceive,self_honesty,1,2,-1.903207778930664
v0.2×v0.2,wallet,shared_deceive,self_honesty,1,2,-1.555861473083496
v0.2×v0.3,wallet,shared_deceive,self_honesty,1,2,-1.346700668334961
v0.3×v0.3,wallet,shared_deceive,self_honesty,1,2,-1.4800806045532227
v0.2×v0.2,key,shared_help,self_honesty,1,2,-2.4988269805908203
v0.2×v0.3,key,shared_help,self_honesty,1,2,-2.1460418701171875
v0.3×v0.2,key,shared_help,self_honesty,1,2,-2.4988269805908203
v0.3×v0.3,key,shared_help,self_honesty,1,2,-2.1460418701171875
v0.2×v0.3,pkg,shared_help,self_honesty,1,2,-2.3184800148010254
v0.3×v0.2,pkg,shared_help,self_honesty,1,2,-2.8951616287231445
v0.3×v0.3,pkg,shared_help,self_honesty,1,2,-2.4193906784057617
v0.2×v0.2,wallet,shared_help,self_honesty,1,2,-2.8659982681274414
v0.2×v0.3,wallet,shared_help,self_honesty,1,2,-2.0657811164855957
v0.3×v0.2,wallet,shared_help,self_honesty,1,2,-3.368867874145508
v0.3×v0.3,wallet,shared_help,self_honesty,1,2,-2.230299472808838
v0.2×v0.2,key,false_deceive,self_think_location,1,2,0.20653271675109863
v0.2×v0.3,key,false_deceive,self_think_location,1,2,0.718214750289917
v0.3×v0.2,key,false_deceive,self_think_location,1,2,-1.41495943069458
v0.3×v0.3,key,false_deceive,self_think_location,1,2,-0.8421745300292969
v0.2×v0.2,pkg,false_deceive,self_think_location,1,2,-0.608955979347229
v0.2×v0.3,pkg,false_deceive,self_think_location,1,2,0.09847640991210938
v0.3×v0.2,pkg,false_deceive,self_think_location,1,2,-0.7392903566360474
v0.3×v0.3,pkg,false_deceive,self_think_location,1,2,-0.5645451545715332
v0.2×v0.2,wallet,false_deceive,self_think_location,1,2,0.4134178161621094
v0.2×v0.3,wallet,false_deceive,self_think_location,1,2,0.31475400924682617
v0.3×v0.2,wallet,false_deceive,self_think_location,1,2,-0.0969843864440918
v0.3×v0.3,wallet,false_deceive,self_think_location,1,2,2.2411346435546875e-05
v0.2×v0.2,key,false_help,self_think_location,1,2,-1.3209331035614014
v0.2×v0.3,key,false_help,self_think_location,1,2,-1.0189536809921265
v0.3×v0.2,key,false_help,self_think_location,1,2,-1.3209859132766724
v0.3×v0.3,key,false_help,self_think_location,1,2,-1.0189536809921265
v0.2×v0.3,pkg,false_help,self_think_location,1,2,-0.9429584741592407
v0.3×v0.2,pkg,false_help,self_think_location,1,2,-1.5173016786575317
v0.3×v0.3,pkg,false_help,self_think_location,1,2,-1.0667407512664795
v0.2×v0.3,wallet,false_help,self_think_location,1,2,-0.5456106662750244
v0.3×v0.2,wallet,false_help,self_think_location,1,2,-0.27656126022338867
v0.3×v0.3,wallet,false_help,self_think_location,1,2,-0.47568559646606445
v0.2×v0.2,key,ignorance_deceive,self_think_location,1,2,1.560957908630371
v0.2×v0.3,key,ignorance_deceive,self_think_location,1,2,0.9526822566986084
v0.3×v0.2,key,ignorance_deceive,self_think_location,1,2,0.3557920455932617
v0.3×v0.3,key,ignorance_deceive,self_think_location,1,2,0.45482659339904785
v0.2×v0.3,pkg,ignorance_deceive,self_think_location,1,2,0.39942049980163574
v0.3×v0.2,pkg,ignorance_deceive,self_think_location,1,2,1.156095027923584
v0.3×v0.3,pkg,ignorance_deceive,self_think_location,1,2,0.7143256664276123
v0.2×v0.2,wallet,ignorance_deceive,self_think_location,1,2,1.0218417644500732
v0.2×v0.3,wallet,ignorance_deceive,self_think_location,1,2,0.040877342224121094
v0.3×v0.2,wallet,ignorance_deceive,self_think_location,1,2,0.46547436714172363
v0.3×v0.3,wallet,ignorance_deceive,self_think_location,1,2,0.5477204322814941
v0.2×v0.2,key,ignorance_help,self_think_location,1,2,-1.3470983505249023
v0.2×v0.3,key,ignorance_help,self_think_location,1,2,0.3295881748199463
v0.3×v0.2,key,ignorance_help,self_think_location,1,2,-1.3470983505249023
v0.3×v0.3,key,ignorance_help,self_think_location,1,2,0.3295881748199463
v0.2×v0.2,pkg,ignorance_help,self_think_location,1,2,-1.1092512607574463
v0.2×v0.3,pkg,ignorance_help,self_think_location,1,2,0.9126980304718018
v0.3×v0.2,pkg,ignorance_help,self_think_location,1,2,-1.1520788669586182
v0.3×v0.3,pkg,ignorance_help,self_think_location,1,2,0.47292280197143555
v0.2×v0.2,wallet,ignorance_help,self_think_location,1,2,-0.4260735511779785
v0.2×v0.3,wallet,ignorance_help,self_think_location,1,2,0.0031232833862304688
v0.3×v0.2,wallet,ignorance_help,self_think_location,1,2,-0.4241154193878174
v0.3×v0.3,wallet,ignorance_help,self_think_location,1,2,0.7330143451690674
v0.2×v0.2,key,shared_deceive,self_think_location,1,2,1.5329698324203491
v0.2×v0.3,key,shared_deceive,self_think_location,1,2,1.1372872591018677
v0.3×v0.2,key,shared_deceive,self_think_location,1,2,1.2519997358322144
v0.3×v0.3,key,shared_deceive,self_think_location,1,2,0.633441686630249
v0.2×v0.2,pkg,shared_deceive,self_think_location,1,2,1.2618443965911865
v0.2×v0.3,pkg,shared_deceive,self_think_location,1,2,0.9043416976928711
v0.3×v0.2,pkg,shared_deceive,self_think_location,1,2,1.4990694522857666
v0.3×v0.3,pkg,shared_deceive,self_think_location,1,2,1.0918693542480469
v0.2×v0.2,wallet,shared_deceive,self_think_location,1,2,1.0668041706085205
v0.2×v0.3,wallet,shared_deceive,self_think_location,1,2,1.0050241947174072
v0.3×v0.3,wallet,shared_deceive,self_think_location,1,2,0.6848185062408447
v0.2×v0.2,key,shared_help,self_think_location,1,2,0.6618882417678833
v0.2×v0.3,key,shared_help,self_think_location,1,2,0.4581812620162964
v0.3×v0.2,key,shared_help,self_think_location,1,2,0.6618882417678833
v0.3×v0.3,key,shared_help,self_think_location,1,2,0.4581812620162964
v0.2×v0.3,pkg,shared_help,self_think_location,1,2,0.23778176307678223
v0.3×v0.2,pkg,shared_help,self_think_location,1,2,0.4053690433502197
v0.3×v0.3,pkg,shared_help,self_think_location,1,2,-0.04667830467224121
v0.2×v0.2,wallet,shared_help,self_think_location,1,2,0.6721837520599365
v0.2×v0.3,wallet,shared_help,self_think_location,1,2,0.15309667587280273
v0.3×v0.2,wallet,shared_help,self_think_location,1,2,0.16126251220703125
v0.3×v0.3,wallet,shared_help,self_think_location,1,2,0.262113094329834
v0.2×v0.2,key,false_deceive,tell_location,1,2,0.03104543685913086
v0.2×v0.3,key,false_deceive,tell_location,1,2,0.28643035888671875
v0.3×v0.2,key,false_deceive,tell_location,1,2,-1.0130386352539062
v0.3×v0.3,key,false_deceive,tell_location,1,2,-0.5682497024536133
v0.2×v0.2,pkg,false_deceive,tell_location,1,2,-0.3282737731933594
v0.2×v0.3,pkg,false_deceive,tell_location,1,2,-0.09535408020019531
v0.3×v0.2,pkg,false_deceive,tell_location,1,2,-0.23099803924560547
v0.3×v0.3,pkg,false_deceive,tell_location,1,2,-0.5213775634765625
v0.2×v0.2,wallet,false_deceive,tell_location,1,2,0.27222681045532227
v0.2×v0.3,wallet,false_deceive,tell_location,1,2,0.23071527481079102
v0.3×v0.2,wallet,false_deceive,tell_location,1,2,-0.1508946418762207
v0.3×v0.3,wallet,false_deceive,tell_location,1,2,0.09486770629882812
v0.2×v0.2,key,false_help,tell_location,1,2,-0.9367647171020508
v0.2×v0.3,key,false_help,tell_location,1,2,-0.735504150390625
v0.3×v0.2,key,false_help,tell_location,1,2,-0.9369759559631348
v0.3×v0.3,key,false_help,tell_location,1,2,-0.735504150390625
v0.2×v0.3,pkg,false_help,tell_location,1,2,-0.6758990287780762
v0.3×v0.2,pkg,false_help,tell_location,1,2,-0.9234375953674316
v0.3×v0.3,pkg,false_help,tell_location,1,2,-0.7319426536560059
v0.2×v0.3,wallet,false_help,tell_location,1,2,-0.42928218841552734
v0.3×v0.2,wallet,false_help,tell_location,1,2,-0.38481760025024414
v0.3×v0.3,wallet,false_help,tell_location,1,2,-0.40995168685913086
v0.2×v0.2,key,ignorance_deceive,tell_location,1,2,1.2341442108154297
v0.2×v0.3,key,ignorance_deceive,tell_location,1,2,0.7143526077270508
v0.3×v0.2,key,ignorance_deceive,tell_location,1,2,0.7508234977722168
v0.3×v0.3,key,ignorance_deceive,tell_location,1,2,0.4357118606567383
v0.2×v0.3,pkg,ignorance_deceive,tell_location,1,2,0.2750692367553711
v0.3×v0.2,pkg,ignorance_deceive,tell_location,1,2,1.010850429534912
v0.3×v0.3,pkg,ignorance_deceive,tell_location,1,2,0.10728931427001953
v0.2×v0.2,wallet,ignorance_deceive,tell_location,1,2,0.9205870628356934
v0.2×v0.3,wallet,ignorance_deceive,tell_location,1,2,0.45789051055908203
v0.3×v0.2,wallet,ignorance_deceive,tell_location,1,2,-0.034078121185302734
v0.3×v0.3,wallet,ignorance_deceive,tell_location,1,2,0.4512190818786621
v0.2×v0.2,key,ignorance_help,tell_location,1,2,-1.1178102493286133
v0.2×v0.3,key,ignorance_help,tell_location,1,2,-0.39699268341064453
v0.3×v0.2,key,ignorance_help,tell_location,1,2,-1.1178102493286133
v0.3×v0.3,key,ignorance_help,tell_location,1,2,-0.39699268341064453
v0.2×v0.2,pkg,ignorance_help,tell_location,1,2,-0.6149210929870605
v0.2×v0.3,pkg,ignorance_help,tell_location,1,2,0.6876249313354492
v0.3×v0.2,pkg,ignorance_help,tell_location,1,2,-0.7220377922058105
v0.3×v0.3,pkg,ignorance_help,tell_location,1,2,-0.035874366760253906
v0.2×v0.2,wallet,ignorance_help,tell_location,1,2,-0.09036970138549805
v0.2×v0.3,wallet,ignorance_help,tell_location,1,2,-0.10649824142456055
v0.3×v0.2,wallet,ignorance_help,tell_location,1,2,0.04359006881713867
v0.3×v0.3,wallet,ignorance_help,tell_location,1,2,0.24930572509765625
v0.2×v0.2,key,shared_deceive,tell_location,1,2,1.0671138763427734
v0.2×v0.3,key,shared_deceive,tell_location,1,2,0.8803424835205078
v0.3×v0.2,key,shared_deceive,tell_location,1,2,1.157696008682251
v0.3×v0.3,key,shared_deceive,tell_location,1,2,0.8196220397949219
v0.2×v0.2,pkg,shared_deceive,tell_location,1,2,0.541985034942627
v0.2×v0.3,pkg,shared_deceive,tell_location,1,2,0.6194236278533936
v0.3×v0.2,pkg,shared_deceive,tell_location,1,2,1.4719271659851074
v0.3×v0.3,pkg,shared_deceive,tell_location,1,2,0.8551506996154785
v0.2×v0.2,wallet,shared_deceive,tell_location,1,2,0.7787284851074219
v0.2×v0.3,wallet,shared_deceive,tell_location,1,2,0.6819620132446289
v0.3×v0.3,wallet,shared_deceive,tell_location,1,2,0.6483325958251953
v0.2×v0.2,key,shared_help,tell_location,1,2,0.3329319953918457
v0.2×v0.3,key,shared_help,tell_location,1,2,-0.2341444492340088
v0.3×v0.2,key,shared_help,tell_location,1,2,0.3329319953918457
v0.3×v0.3,key,shared_help,tell_location,1,2,-0.2341444492340088
v0.2×v0.3,pkg,shared_help,tell_location,1,2,0.5091874599456787
v0.3×v0.2,pkg,shared_help,tell_location,1,2,-0.08062028884887695
v0.3×v0.3,pkg,shared_help,tell_location,1,2,0.11684083938598633
v0.2×v0.2,wallet,shared_help,tell_location,1,2,0.6247057914733887
v0.2×v0.3,wallet,shared_help,tell_location,1,2,-0.12844038009643555
v0.3×v0.2,wallet,shared_help,tell_location,1,2,0.46054553985595703
v0.3×v0.3,wallet,shared_help,tell_location,1,2,0.14157629013061523
v0.2×v0.2,key,false_deceive,want_check,1,2,1.4849374294281006
v0.2×v0.3,key,false_deceive,want_check,1,2,1.2012264728546143
v0.3×v0.2,key,false_deceive,want_check,1,2,-1.1264891624450684
v0.3×v0.3,key,false_deceive,want_check,1,2,0.8416645526885986
v0.2×v0.2,pkg,false_deceive,want_check,1,2,0.9024643898010254
v0.2×v0.3,pkg,false_deceive,want_check,1,2,0.6175050735473633
v0.3×v0.2,pkg,false_deceive,want_check,1,2,0.34578895568847656
v0.3×v0.3,pkg,false_deceive,want_check,1,2,0.16132640838623047
v0.2×v0.2,wallet,false_deceive,want_check,1,2,1.0571255683898926
v0.2×v0.3,wallet,false_deceive,want_check,1,2,0.6890277862548828
v0.3×v0.2,wallet,false_deceive,want_check,1,2,-1.0406599044799805
v0.3×v0.3,wallet,false_deceive,want_check,1,2,-0.7114534378051758
v0.2×v0.2,key,false_help,want_check,1,2,-1.3104181289672852
v0.2×v0.3,key,false_help,want_check,1,2,-0.8796770572662354
v0.3×v0.2,key,false_help,want_check,1,2,-1.3106698989868164
v0.3×v0.3,key,false_help,want_check,1,2,-0.8796770572662354
v0.2×v0.3,pkg,false_help,want_check,1,2,-0.3039116859436035
v0.3×v0.2,pkg,false_help,want_check,1,2,-1.0338821411132812
v0.3×v0.3,pkg,false_help,want_check,1,2,-0.5159521102905273
v0.2×v0.3,wallet,false_help,want_check,1,2,-0.6280407905578613
v0.3×v0.2,wallet,false_help,want_check,1,2,-0.4565005302429199
v0.3×v0.3,wallet,false_help,want_check,1,2,-0.7093472480773926
v0.2×v0.2,key,ignorance_deceive,want_check,1,2,1.5136291980743408
v0.2×v0.3,key,ignorance_deceive,want_check,1,2,1.1271412372589111
v0.3×v0.2,key,ignorance_deceive,want_check,1,2,-0.060816287994384766
v0.3×v0.3,key,ignorance_deceive,want_check,1,2,0.35485124588012695
v0.2×v0.3,pkg,ignorance_deceive,want_check,1,2,0.8734579086303711
v0.3×v0.2,pkg,ignorance_deceive,want_check,1,2,1.7481327056884766
v0.3×v0.3,pkg,ignorance_deceive,want_check,1,2,0.9660062789916992
v0.2×v0.2,wallet,ignorance_deceive,want_check,1,2,1.0853471755981445
v0.2×v0.3,wallet,ignorance_deceive,want_check,1,2,0.24945402145385742
v0.3×v0.2,wallet,ignorance_deceive,want_check,1,2,-0.5513100624084473
v0.3×v0.3,wallet,ignorance_deceive,want_check,1,2,-0.6601076126098633
v0.2×v0.2,key,ignorance_help,want_check,1,2,-1.4291553497314453
v0.2×v0.3,key,ignorance_help,want_check,1,2,-0.637136697769165
v0.3×v0.2,key,ignorance_help,want_check,1,2,-1.4291553497314453
v0.3×v0.3,key,ignorance_help,want_check,1,2,-0.637136697769165
v0.2×v0.2,pkg,ignorance_help,want_check,1,2,-1.2789278030395508
v0.2×v0.3,pkg,ignorance_help,want_check,1,2,0.6045165061950684
v0.3×v0.2,pkg,ignorance_help,want_check,1,2,-1.3926267623901367
v0.3×v0.3,pkg,ignorance_help,want_check,1,2,-0.1807398796081543
v0.2×v0.2,wallet,ignorance_help,want_check,1,2,-1.0840635299682617
v0.2×v0.3,wallet,ignorance_help,want_check,1,2,-0.6958889961242676
v0.3×v0.2,wallet,ignorance_help,want_check,1,2,-1.1581506729125977
v0.3×v0.3,wallet,ignorance_help,want_check,1,2,-0.649878978729248
v0.2×v0.2,key,shared_deceive,want_check,1,2,1.4429419040679932
v0.2×v0.3,key,shared_deceive,want_check,1,2,0.9325580596923828
v0.3×v0.2,key,shared_deceive,want_check,1,2,-0.47417640686035156
v0.3×v0.3,key,shared_deceive,want_check,1,2,-0.38921046257019043
v0.2×v0.2,pkg,shared_deceive,want_check,1,2,1.0486979484558105
v0.2×v0.3,pkg,shared_deceive,want_check,1,2,0.5932536125183105
v0.3×v0.2,pkg,shared_deceive,want_check,1,2,1.7552309036254883
v0.3×v0.3,pkg,shared_deceive,want_check,1,2,0.8524422645568848
v0.2×v0.2,wallet,shared_deceive,want_check,1,2,0.7802639007568359
v0.2×v0.3,wallet,shared_deceive,want_check,1,2,0.5573554039001465
v0.3×v0.3,wallet,shared_deceive,want_check,1,2,0.371304988861084
v0.2×v0.2,key,shared_help,want_check,1,2,-1.3733000755310059
v0.2×v0.3,key,shared_help,want_check,1,2,-1.0610160827636719
v0.3×v0.2,key,shared_help,want_check,1,2,-1.3733000755310059
v0.3×v0.3,key,shared_help,want_check,1,2,-1.0610160827636719
v0.2×v0.3,pkg,shared_help,want_check,1,2,-0.3983621597290039
v0.3×v0.2,pkg,shared_help,want_check,1,2,-1.060300350189209
v0.3×v0.3,pkg,shared_help,want_check,1,2,-0.6107187271118164
v0.2×v0.2,wallet,shared_help,want_check,1,2,-0.9589118957519531
v0.2×v0.3,wallet,shared_help,want_check,1,2,-1.5098891258239746
v0.3×v0.2,wallet,shared_help,want_check,1,2,-1.395845890045166
v0.3×v0.3,wallet,shared_help,want_check,1,2,-1.555227279663086
v0.2×v0.2,key,false_deceive,will_check,1,2,1.5868089199066162
v0.2×v0.3,key,false_deceive,will_check,1,2,1.2314612865447998
v0.3×v0.2,key,false_deceive,will_check,1,2,-2.0631442070007324
v0.3×v0.3,key,false_deceive,will_check,1,2,-0.9598879814147949
v0.2×v0.2,pkg,false_deceive,will_check,1,2,-1.0224509239196777
v0.2×v0.3,pkg,false_deceive,will_check,1,2,-0.14381933212280273
v0.3×v0.2,pkg,false_deceive,will_check,1,2,-1.0376155376434326
v0.3×v0.3,pkg,false_deceive,will_check,1,2,-1.2251098155975342
v0.2×v0.2,wallet,false_deceive,will_check,1,2,-0.16203689575195312
v0.2×v0.3,wallet,false_deceive,will_check,1,2,-0.4901871681213379
v0.3×v0.2,wallet,false_deceive,will_check,1,2,-1.8314926624298096
v0.3×v0.3,wallet,false_deceive,will_check,1,2,-1.7118408679962158
v0.2×v0.2,key,false_help,will_check,1,2,-2.09294056892395
v0.2×v0.3,key,false_help,will_check,1,2,-1.6512242555618286
v0.3×v0.2,key,false_help,will_check,1,2,-2.091395139694214
v0.3×v0.3,key,false_help,will_check,1,2,-1.6512242555618286
v0.2×v0.3,pkg,false_help,will_check,1,2,-1.0377814769744873
v0.3×v0.2,pkg,false_help,will_check,1,2,-1.8451406955718994
v0.3×v0.3,pkg,false_help,will_check,1,2,-1.2233972549438477
v0.2×v0.3,wallet,false_help,will_check,1,2,-1.9790799617767334
v0.3×v0.2,wallet,false_help,will_check,1,2,-2.317682981491089
v0.3×v0.3,wallet,false_help,will_check,1,2,-1.8883452415466309
v0.2×v0.2,key,ignorance_deceive,will_check,1,2,2.2373440265655518
v0.2×v0.3,key,ignorance_deceive,will_check,1,2,1.5773301124572754
v0.3×v0.2,key,ignorance_deceive,will_check,1,2,0.7697968482971191
v0.3×v0.3,key,ignorance_deceive,will_check,1,2,0.8673131465911865
v0.2×v0.3,pkg,ignorance_deceive,will_check,1,2,0.9648745059967041
v0.3×v0.2,pkg,ignorance_deceive,will_check,1,2,2.45471453666687
v0.3×v0.3,pkg,ignorance_deceive,will_check,1,2,0.7611753940582275
v0.2×v0.2,wallet,ignorance_deceive,will_check,1,2,-0.2637460231781006
v0.2×v0.3,wallet,ignorance_deceive,will_check,1,2,-1.154304027557373
v0.3×v0.2,wallet,ignorance_deceive,will_check,1,2,-1.6930794715881348
v0.3×v0.3,wallet,ignorance_deceive,will_check,1,2,-1.561438798904419
v0.2×v0.2,key,ignorance_help,will_check,1,2,-1.8579916954040527
v0.2×v0.3,key,ignorance_help,will_check,1,2,-0.6093430519104004
v0.3×v0.2,key,ignorance_help,will_check,1,2,-1.8579916954040527
v0.3×v0.3,key,ignorance_help,will_check,1,2,-0.6093430519104004
v0.2×v0.2,pkg,ignorance_help,will_check,1,2,-0.74609375
v0.2×v0.3,pkg,ignorance_help,will_check,1,2,1.1490700244903564
v0.3×v0.2,pkg,ignorance_help,will_check,1,2,-0.6280868053436279
v0.3×v0.3,pkg,ignorance_help,will_check,1,2,0.4580364227294922
v0.2×v0.2,wallet,ignorance_help,will_check,1,2,-1.0886244773864746
v0.2×v0.3,wallet,ignorance_help,will_check,1,2,-1.1751072406768799
v0.3×v0.2,wallet,ignorance_help,will_check,1,2,-0.831843376159668
v0.3×v0.3,wallet,ignorance_help,will_check,1,2,-0.49097108840942383
v0.2×v0.2,key,shared_deceive,will_check,1,2,2.3400583267211914
v0.2×v0.3,key,shared_deceive,will_check,1,2,1.878363847732544
v0.3×v0.2,key,shared_deceive,will_check,1,2,1.849592924118042
v0.3×v0.3,key,shared_deceive,will_check,1,2,1.2913274765014648
v0.2×v0.2,pkg,shared_deceive,will_check,1,2,1.6277260780334473
v0.2×v0.3,pkg,shared_deceive,will_check,1,2,1.322880506515503
v0.3×v0.2,pkg,shared_deceive,will_check,1,2,2.603806495666504
v0.3×v0.3,pkg,shared_deceive,will_check,1,2,1.3897485733032227
v0.2×v0.2,wallet,shared_deceive,will_check,1,2,0.5284867286682129
v0.2×v0.3,wallet,shared_deceive,will_check,1,2,1.0531229972839355
v0.3×v0.3,wallet,shared_deceive,will_check,1,2,0.5380067825317383
v0.2×v0.2,key,shared_help,will_check,1,2,-0.46611618995666504
v0.2×v0.3,key,shared_help,will_check,1,2,-0.8491591215133667
v0.3×v0.2,key,shared_help,will_check,1,2,-0.46611618995666504
v0.3×v0.3,key,shared_help,will_check,1,2,-0.8491591215133667
v0.2×v0.3,pkg,shared_help,will_check,1,2,0.6971302032470703
v0.3×v0.2,pkg,shared_help,will_check,1,2,0.367445707321167
v0.3×v0.3,pkg,shared_help,will_check,1,2,0.27567148208618164
v0.2×v0.2,wallet,shared_help,will_check,1,2,0.3611595630645752
v0.2×v0.3,wallet,shared_help,will_check,1,2,-0.9411716461181641
v0.3×v0.2,wallet,shared_help,will_check,1,2,-0.5304093360900879
v0.3×v0.3,wallet,shared_help,will_check,1,2,-1.0623807907104492
v0.2×v0.2,key,false_deceive,ava_strategy,2,1,-3.013239860534668
v0.2×v0.3,wallet,false_deceive,ava_strategy,2,1,-2.2872509956359863
v0.3×v0.2,wallet,false_deceive,ava_strategy,2,1,-1.9032416343688965
v0.2×v0.2,key,false_help,ava_strategy,2,1,-3.1530652046203613
v0.3×v0.2,key,false_help,ava_strategy,2,1,-2.4056053161621094
v0.3×v0.2,wallet,false_help,ava_strategy,2,1,-2.032529830932617
v0.2×v0.2,key,ignorance_deceive,ava_strategy,2,1,-3.041930675506592
v0.3×v0.3,key,ignorance_deceive,ava_strategy,2,1,-1.894279956817627
v0.2×v0.2,key,ignorance_help,ava_strategy,2,1,-2.8661952018737793
v0.3×v0.2,key,ignorance_help,ava_strategy,2,1,-1.935563564300537
v0.3×v0.2,wallet,ignorance_help,ava_strategy,2,1,-2.099398136138916
v0.3×v0.3,wallet,ignorance_help,ava_strategy,2,1,-2.118544578552246
v0.2×v0.2,key,shared_deceive,ava_strategy,2,1,-3.1006345748901367
v0.3×v0.2,key,shared_deceive,ava_strategy,2,1,-1.7941713333129883
v0.2×v0.3,pkg,shared_deceive,ava_strategy,2,1,-3.0399465560913086
v0.2×v0.3,wallet,shared_deceive,ava_strategy,2,1,-2.589120388031006
v0.2×v0.3,wallet,shared_help,ava_strategy,2,1,-1.689074993133545
v0.3×v0.2,wallet,shared_help,ava_strategy,2,1,-2.5570569038391113
v0.3×v0.3,wallet,shared_help,ava_strategy,2,1,-2.7851247787475586
v0.2×v0.2,key,false_deceive,ava_think_location,2,1,0.8143413066864014
v0.2×v0.3,wallet,false_deceive,ava_think_location,2,1,0.19780445098876953
v0.3×v0.2,wallet,false_deceive,ava_think_location,2,1,-0.03551054000854492
v0.2×v0.2,key,false_help,ava_think_location,2,1,-1.1675596237182617
v0.3×v0.2,key,false_help,ava_think_location,2,1,-1.0597352981567383
v0.3×v0.2,wallet,false_help,ava_think_location,2,1,-0.16744232177734375
v0.2×v0.2,key,ignorance_deceive,ava_think_location,2,1,0.7710425853729248
v0.3×v0.3,key,ignorance_deceive,ava_think_location,2,1,0.09402894973754883
v0.2×v0.2,key,ignorance_help,ava_think_location,2,1,-1.1518032550811768
v0.3×v0.2,key,ignorance_help,ava_think_location,2,1,-0.861220121383667
v0.3×v0.2,wallet,ignorance_help,ava_think_location,2,1,-0.1657567024230957
v0.3×v0.3,wallet,ignorance_help,ava_think_location,2,1,-0.036550045013427734
v0.2×v0.2,key,shared_deceive,ava_think_location,2,1,1.1537151336669922
v0.3×v0.2,key,shared_deceive,ava_think_location,2,1,0.5857412815093994
v0.2×v0.3,pkg,shared_deceive,ava_think_location,2,1,0.7578275203704834
v0.2×v0.3,wallet,shared_deceive,ava_think_location,2,1,0.29186201095581055
v0.2×v0.3,wallet,shared_help,ava_think_location,2,1,0.2536125183105469
v0.3×v0.2,wallet,shared_help,ava_think_location,2,1,-1.179779291152954
v0.3×v0.3,wallet,shared_help,ava_think_location,2,1,0.11590242385864258
v0.2×v0.2,key,false_deceive,decision_confidence,2,1,0.3987579345703125
v0.2×v0.3,wallet,false_deceive,decision_confidence,2,1,-0.44032716751098633
v0.3×v0.2,wallet,false_deceive,decision_confidence,2,1,-0.4406752586364746
v0.2×v0.2,key,false_help,decision_confidence,2,1,2.5380859375
v0.3×v0.2,key,false_help,decision_confidence,2,1,-0.10253238677978516
v0.3×v0.2,wallet,false_help,decision_confidence,2,1,0.632941722869873
v0.2×v0.2,key,ignorance_deceive,decision_confidence,2,1,0.6904616355895996
v0.3×v0.3,key,ignorance_deceive,decision_confidence,2,1,-0.6329913139343262
v0.2×v0.2,key,ignorance_help,decision_confidence,2,1,-0.15134525299072266
v0.3×v0.2,key,ignorance_help,decision_confidence,2,1,-0.3966045379638672
v0.3×v0.2,wallet,ignorance_help,decision_confidence,2,1,0.5581622123718262
v0.3×v0.3,wallet,ignorance_help,decision_confidence,2,1,0.2246541976928711
v0.2×v0.2,key,shared_deceive,decision_confidence,2,1,1.139254093170166
v0.3×v0.2,key,shared_deceive,decision_confidence,2,1,-0.9549360275268555
v0.2×v0.3,pkg,shared_deceive,decision_confidence,2,1,0.5856952667236328
v0.2×v0.3,wallet,shared_deceive,decision_confidence,2,1,0.7041587829589844
v0.2×v0.3,wallet,shared_help,decision_confidence,2,1,-0.05991554260253906
v0.3×v0.2,wallet,shared_help,decision_confidence,2,1,-0.033301353454589844
v0.3×v0.3,wallet,shared_help,decision_confidence,2,1,0.31797361373901367
v0.2×v0.2,key,false_deceive,mia_strategy,2,1,-3.1808948516845703
v0.2×v0.3,wallet,false_deceive,mia_strategy,2,1,-2.7354671955108643
v0.3×v0.2,wallet,false_deceive,mia_strategy,2,1,-2.024360179901123
v0.2×v0.2,key,false_help,mia_strategy,2,1,-0.09801006317138672
v0.3×v0.2,key,false_help,mia_strategy,2,1,0.10341596603393555
v0.3×v0.2,wallet,false_help,mia_strategy,2,1,-0.31795310974121094
v0.2×v0.2,key,ignorance_deceive,mia_strategy,2,1,-3.129868745803833
v0.3×v0.3,key,ignorance_deceive,mia_strategy,2,1,-1.875077247619629
v0.2×v0.2,key,ignorance_help,mia_strategy,2,1,-0.2659187316894531
v0.3×v0.2,key,ignorance_help,mia_strategy,2,1,-0.18813610076904297
v0.3×v0.2,wallet,ignorance_help,mia_strategy,2,1,-0.38237810134887695
v0.3×v0.3,wallet,ignorance_help,mia_strategy,2,1,-0.25955820083618164
v0.2×v0.2,key,shared_deceive,mia_strategy,2,1,-3.259645938873291
v0.3×v0.2,key,shared_deceive,mia_strategy,2,1,-2.136641025543213
v0.2×v0.3,pkg,shared_deceive,mia_strategy,2,1,-3.1825942993164062
v0.2×v0.3,wallet,shared_deceive,mia_strategy,2,1,-2.855182409286499
v0.2×v0.3,wallet,shared_help,mia_strategy,2,1,-0.3643956184387207
v0.3×v0.2,wallet,shared_help,mia_strategy,2,1,-0.04034423828125
v0.3×v0.3,wallet,shared_help,mia_strategy,2,1,-0.4271664619445801
v0.2×v0.2,key,false_deceive,mia_think_location,2,1,-0.6167035102844238
v0.2×v0.3,wallet,false_deceive,mia_think_location,2,1,0.8227200508117676
v0.3×v0.2,wallet,false_deceive,mia_think_location,2,1,0.6854326725006104
v0.2×v0.2,key,false_help,mia_think_location,2,1,1.1424200534820557
v0.3×v0.2,key,false_help,mia_think_location,2,1,0.573340892791748
v0.3×v0.2,wallet,false_help,mia_think_location,2,1,0.5157389640808105
v0.2×v0.2,key,ignorance_deceive,mia_think_location,2,1,-0.5052182674407959
v0.3×v0.3,key,ignorance_deceive,mia_think_location,2,1,0.35131025314331055
v0.2×v0.2,key,ignorance_help,mia_think_location,2,1,1.1886491775512695
v0.3×v0.2,key,ignorance_help,mia_think_location,2,1,0.5721447467803955
v0.3×v0.2,wallet,ignorance_help,mia_think_location,2,1,0.4827747344970703
v0.3×v0.3,wallet,ignorance_help,mia_think_location,2,1,0.6533627510070801
v0.2×v0.2,key,shared_deceive,mia_think_location,2,1,-0.7870209217071533
v0.3×v0.2,key,shared_deceive,mia_think_location,2,1,-0.07451033592224121
v0.2×v0.3,pkg,shared_deceive,mia_think_location,2,1,-0.9919421672821045
v0.2×v0.3,wallet,shared_deceive,mia_think_location,2,1,0.9160110950469971
v0.2×v0.3,wallet,shared_help,mia_think_location,2,1,0.7343330383300781
v0.3×v0.2,wallet,shared_help,mia_think_location,2,1,0.8756515979766846
v0.3×v0.3,wallet,shared_help,mia_think_location,2,1,0.6336612701416016
v0.2×v0.2,key,false_deceive,other_honesty,2,1,-2.7669224739074707
v0.2×v0.3,wallet,false_deceive,other_honesty,2,1,-1.8030624389648438
v0.3×v0.2,wallet,false_deceive,other_honesty,2,1,-1.639050006866455
v0.2×v0.2,key,false_help,other_honesty,2,1,-3.5705089569091797
v0.3×v0.2,key,false_help,other_honesty,2,1,-2.6067957878112793
v0.3×v0.2,wallet,false_help,other_honesty,2,1,-1.9741568565368652
v0.2×v0.2,key,ignorance_deceive,other_honesty,2,1,-2.821131706237793
v0.3×v0.3,key,ignorance_deceive,other_honesty,2,1,-1.77766752243042
v0.2×v0.2,key,ignorance_help,other_honesty,2,1,-3.1057205200195312
v0.3×v0.2,key,ignorance_help,other_honesty,2,1,-2.3161535263061523
v0.3×v0.2,wallet,ignorance_help,other_honesty,2,1,-2.0234131813049316
v0.3×v0.3,wallet,ignorance_help,other_honesty,2,1,-1.53773832321167
v0.2×v0.2,key,shared_deceive,other_honesty,2,1,-2.674011707305908
v0.3×v0.2,key,shared_deceive,other_honesty,2,1,-1.6685476303100586
v0.2×v0.3,pkg,shared_deceive,other_honesty,2,1,-2.2000322341918945
v0.2×v0.3,wallet,shared_deceive,other_honesty,2,1,-1.7761659622192383
v0.2×v0.3,wallet,shared_help,other_honesty,2,1,-2.308866024017334
v0.3×v0.2,wallet,shared_help,other_honesty,2,1,-1.9807868003845215
v0.3×v0.3,wallet,shared_help,other_honesty,2,1,-2.026484489440918
v0.2×v0.2,key,false_deceive,other_strategy,2,1,-2.161721706390381
v0.2×v0.3,wallet,false_deceive,other_strategy,2,1,-2.0383872985839844
v0.3×v0.2,wallet,false_deceive,other_strategy,2,1,-1.7577929496765137
v0.2×v0.2,key,false_help,other_strategy,2,1,-2.579720973968506
v0.3×v0.2,key,false_help,other_strategy,2,1,-2.266099452972412
v0.3×v0.2,wallet,false_help,other_strategy,2,1,-1.5975680351257324
v0.2×v0.2,key,ignorance_deceive,other_strategy,2,1,-2.3312296867370605
v0.3×v0.3,key,ignorance_deceive,other_strategy,2,1,-1.8086676597595215
v0.2×v0.2,key,ignorance_help,other_strategy,2,1,-2.279963493347168
v0.3×v0.2,key,ignorance_help,other_strategy,2,1,-1.8228836059570312
v0.3×v0.2,wallet,ignorance_help,other_strategy,2,1,-1.6926698684692383
v0.3×v0.3,wallet,ignorance_help,other_strategy,2,1,-1.5974068641662598
v0.2×v0.2,key,shared_deceive,other_strategy,2,1,-2.400956153869629
v0.3×v0.2,key,shared_deceive,other_strategy,2,1,-1.6409916877746582
v0.2×v0.3,pkg,shared_deceive,other_strategy,2,1,-1.8802824020385742
v0.2×v0.3,wallet,shared_deceive,other_strategy,2,1,-2.210672378540039
v0.2×v0.3,wallet,shared_help,other_strategy,2,1,-1.695024013519287
v0.3×v0.2,wallet,shared_help,other_strategy,2,1,-2.091221809387207
v0.3×v0.3,wallet,shared_help,other_strategy,2,1,-2.133423328399658
v0.2×v0.2,key,false_deceive,other_think_location,2,1,0.3089566230773926
v0.2×v0.3,wallet,false_deceive,other_think_location,2,1,0.2192997932434082
v0.3×v0.2,wallet,false_deceive,other_think_location,2,1,-0.08037757873535156
v0.2×v0.2,key,false_help,other_think_location,2,1,-1.1323275566101074
v0.3×v0.2,key,false_help,other_think_location,2,1,-1.0204553604125977
v0.3×v0.2,wallet,false_help,other_think_location,2,1,-0.4840731620788574
v0.2×v0.2,key,ignorance_deceive,other_think_location,2,1,0.05305790901184082
v0.3×v0.3,key,ignorance_deceive,other_think_location,2,1,0.7623634338378906
v0.2×v0.2,key,ignorance_help,other_think_location,2,1,-0.948772668838501
v0.3×v0.2,key,ignorance_help,other_think_location,2,1,-0.9020328521728516
v0.3×v0.2,wallet,ignorance_help,other_think_location,2,1,-0.4954519271850586
v0.3×v0.3,wallet,ignorance_help,other_think_location,2,1,-0.13082361221313477
v0.2×v0.2,key,shared_deceive,other_think_location,2,1,1.0037140846252441
v0.3×v0.2,key,shared_deceive,other_think_location,2,1,0.5203354358673096
v0.2×v0.3,pkg,shared_deceive,other_think_location,2,1,0.23609685897827148
v0.2×v0.3,wallet,shared_deceive,other_think_location,2,1,0.3148369789123535
v0.2×v0.3,wallet,shared_help,other_think_location,2,1,0.31323957443237305
v0.3×v0.2,wallet,shared_help,other_think_location,2,1,-1.068457841873169
v0.3×v0.3,wallet,shared_help,other_think_location,2,1,-0.22030973434448242
v0.2×v0.2,key,false_deceive,self_belief_location,2,1,-1.0204014778137207
v0.2×v0.3,wallet,false_deceive,self_belief_location,2,1,0.9315221309661865
v0.3×v0.2,wallet,false_deceive,self_belief_location,2,1,0.9092490673065186
v0.2×v0.2,key,false_help,self_belief_location,2,1,1.8902292251586914
v0.3×v0.2,key,false_help,self_belief_location,2,1,1.2792938947677612
v0.3×v0.2,wallet,false_help,self_belief_location,2,1,1.413379430770874
v0.2×v0.2,key,ignorance_deceive,self_belief_location,2,1,-0.9305436611175537
v0.3×v0.3,key,ignorance_deceive,self_belief_location,2,1,-0.6643106937408447
v0.2×v0.2,key,ignorance_help,self_belief_location,2,1,2.233046293258667
v0.3×v0.2,key,ignorance_help,self_belief_location,2,1,1.6677159070968628
v0.3×v0.2,wallet,ignorance_help,self_belief_location,2,1,1.4328813552856445
v0.3×v0.3,wallet,ignorance_help,self_belief_location,2,1,1.626690149307251
v0.2×v0.2,key,shared_deceive,self_belief_location,2,1,-1.1031627655029297
v0.3×v0.2,key,shared_deceive,self_belief_location,2,1,-0.8184053897857666
v0.2×v0.3,pkg,shared_deceive,self_belief_location,2,1,-2.1406054496765137
v0.2×v0.3,wallet,shared_deceive,self_belief_location,2,1,0.6795895099639893
v0.2×v0.3,wallet,shared_help,self_belief_location,2,1,0.8930784463882446
v0.3×v0.2,wallet,shared_help,self_belief_location,2,1,1.5225673913955688
v0.3×v0.3,wallet,shared_help,self_belief_location,2,1,1.5675327777862549
v0.2×v0.2,key,false_deceive,self_believe_location,2,1,-1.3584675788879395
v0.2×v0.3,wallet,false_deceive,self_believe_location,2,1,0.6018133163452148
v0.3×v0.2,wallet,false_deceive,self_believe_location,2,1,0.5702693462371826
v0.2×v0.2,key,false_help,self_believe_location,2,1,1.585721492767334
v0.3×v0.2,key,false_help,self_believe_location,2,1,1.1394758224487305
v0.3×v0.2,wallet,false_help,self_believe_location,2,1,0.8945510387420654
v0.2×v0.2,key,ignorance_deceive,self_believe_location,2,1,-1.098663568496704
v0.3×v0.3,key,ignorance_deceive,self_believe_location,2,1,-0.49944138526916504
v0.2×v0.2,key,ignorance_help,self_believe_location,2,1,1.6800346374511719
v0.3×v0.2,key,ignorance_help,self_believe_location,2,1,1.2598768472671509
v0.3×v0.2,wallet,ignorance_help,self_believe_location,2,1,0.8995585441589355
v0.3×v0.3,wallet,ignorance_help,self_believe_location,2,1,1.147231101989746
v0.2×v0.2,key,shared_deceive,self_believe_location,2,1,-1.0798640251159668
v0.3×v0.2,key,shared_deceive,self_believe_location,2,1,-0.5850510597229004
v0.2×v0.3,pkg,shared_deceive,self_believe_location,2,1,-1.6744015216827393
v0.2×v0.3,wallet,shared_deceive,self_believe_location,2,1,0.49241065979003906
v0.2×v0.3,wallet,shared_help,self_believe_location,2,1,0.608339786529541
v0.3×v0.2,wallet,shared_help,self_believe_location,2,1,1.0676939487457275
v0.3×v0.3,wallet,shared_help,self_believe_location,2,1,0.9620733261108398
v0.2×v0.2,key,false_deceive,self_honesty,2,1,-2.068204402923584
v0.2×v0.3,wallet,false_deceive,self_honesty,2,1,-1.2938580513000488
v0.3×v0.2,wallet,false_deceive,self_honesty,2,1,-2.0489072799682617
v0.2×v0.2,key,false_help,self_honesty,2,1,-1.1075515747070312
v0.3×v0.2,key,false_help,self_honesty,2,1,-0.45883989334106445
v0.3×v0.2,wallet,false_help,self_honesty,2,1,-1.1747608184814453
v0.2×v0.2,key,ignorance_deceive,self_honesty,2,1,-1.4317317008972168
v0.3×v0.3,key,ignorance_deceive,self_honesty,2,1,-1.7595248222351074
v0.2×v0.2,key,ignorance_help,self_honesty,2,1,-2.036691188812256
v0.3×v0.2,key,ignorance_help,self_honesty,2,1,-0.9663300514221191
v0.3×v0.2,wallet,ignorance_help,self_honesty,2,1,-1.4771838188171387
v0.3×v0.3,wallet,ignorance_help,self_honesty,2,1,-1.660792350769043
v0.2×v0.2,key,shared_deceive,self_honesty,2,1,-1.533233642578125
v0.3×v0.2,key,shared_deceive,self_honesty,2,1,-1.7408862113952637
v0.2×v0.3,pkg,shared_deceive,self_honesty,2,1,-1.347508430480957
v0.2×v0.3,wallet,shared_deceive,self_honesty,2,1,-1.7104029655456543
v0.2×v0.3,wallet,shared_help,self_honesty,2,1,-2.0526223182678223
v0.3×v0.2,wallet,shared_help,self_honesty,2,1,-0.4072537422180176
v0.3×v0.3,wallet,shared_help,self_honesty,2,1,-1.387831211090088
v0.2×v0.2,key,false_deceive,self_think_location,2,1,-1.1999247074127197
v0.2×v0.3,wallet,false_deceive,self_think_location,2,1,0.5103588104248047
v0.3×v0.2,wallet,false_deceive,self_think_location,2,1,0.6801338195800781
v0.2×v0.2,key,false_help,self_think_location,2,1,1.2805278301239014
v0.3×v0.2,key,false_help,self_think_location,2,1,0.888594388961792
v0.3×v0.2,wallet,false_help,self_think_location,2,1,0.9494328498840332
v0.2×v0.2,key,ignorance_deceive,self_think_location,2,1,-0.8250703811645508
v0.3×v0.3,key,ignorance_deceive,self_think_location,2,1,-0.5452218055725098
v0.2×v0.2,key,ignorance_help,self_think_location,2,1,1.6623287200927734
v0.3×v0.2,key,ignorance_help,self_think_location,2,1,1.2277965545654297
v0.3×v0.2,wallet,ignorance_help,self_think_location,2,1,0.975243091583252
v0.3×v0.3,wallet,ignorance_help,self_think_location,2,1,1.1885323524475098
v0.2×v0.2,key,shared_deceive,self_think_location,2,1,-0.9399845600128174
v0.3×v0.2,key,shared_deceive,self_think_location,2,1,-0.6329076290130615
v0.2×v0.3,pkg,shared_deceive,self_think_location,2,1,-1.4502325057983398
v0.2×v0.3,wallet,shared_deceive,self_think_location,2,1,0.47252345085144043
v0.2×v0.3,wallet,shared_help,self_think_location,2,1,0.7995858192443848
v0.3×v0.2,wallet,shared_help,self_think_location,2,1,0.9972145557403564
v0.3×v0.3,wallet,shared_help,self_think_location,2,1,1.005983591079712
v0.2×v0.2,key,false_deceive,tell_location,2,1,-0.018349647521972656
v0.2×v0.3,wallet,false_deceive,tell_location,2,1,0.27482032775878906
v0.3×v0.2,wallet,false_deceive,tell_location,2,1,0.4453854560852051
v0.2×v0.2,key,false_help,tell_location,2,1,0.570671558380127
v0.3×v0.2,key,false_help,tell_location,2,1,0.6192464828491211
v0.3×v0.2,wallet,false_help,tell_location,2,1,0.7941288948059082
v0.2×v0.2,key,ignorance_deceive,tell_location,2,1,-0.1491556167602539
v0.3×v0.3,key,ignorance_deceive,tell_location,2,1,-0.4140336513519287
v0.2×v0.2,key,ignorance_help,tell_location,2,1,1.2391388416290283
v0.3×v0.2,key,ignorance_help,tell_location,2,1,0.9438655376434326
v0.3×v0.2,wallet,ignorance_help,tell_location,2,1,0.8833866119384766
v0.3×v0.3,wallet,ignorance_help,tell_location,2,1,0.8977584838867188
v0.2×v0.2,key,shared_deceive,tell_location,2,1,-0.281890869140625
v0.3×v0.2,key,shared_deceive,tell_location,2,1,-0.6002371311187744
v0.2×v0.3,pkg,shared_deceive,tell_location,2,1,-0.5451583862304688
v0.2×v0.3,wallet,shared_deceive,tell_location,2,1,0.39989805221557617
v0.2×v0.3,wallet,shared_help,tell_location,2,1,0.4716176986694336
v0.3×v0.2,wallet,shared_help,tell_location,2,1,0.5936083793640137
v0.3×v0.3,wallet,shared_help,tell_location,2,1,0.8548755645751953
v0.2×v0.2,key,false_deceive,want_check,2,1,-1.0455739498138428
v0.2×v0.3,wallet,false_deceive,want_check,2,1,0.565000057220459
v0.3×v0.2,wallet,false_deceive,want_check,2,1,-0.6701254844665527
v0.2×v0.2,key,false_help,want_check,2,1,1.452742576599121
v0.3×v0.2,key,false_help,want_check,2,1,1.1245083808898926
v0.3×v0.2,wallet,false_help,want_check,2,1,0.28298234939575195
v0.2×v0.2,key,ignorance_deceive,want_check,2,1,-0.13391494750976562
v0.3×v0.3,key,ignorance_deceive,want_check,2,1,-0.6782708168029785
v0.2×v0.2,key,ignorance_help,want_check,2,1,1.1068944931030273
v0.3×v0.2,key,ignorance_help,want_check,2,1,1.211707353591919
v0.3×v0.2,wallet,ignorance_help,want_check,2,1,0.47640371322631836
v0.3×v0.3,wallet,ignorance_help,want_check,2,1,1.2649197578430176
v0.2×v0.2,key,shared_deceive,want_check,2,1,-0.9557743072509766
v0.3×v0.2,key,shared_deceive,want_check,2,1,-0.7885327339172363
v0.2×v0.3,pkg,shared_deceive,want_check,2,1,-0.9145386219024658
v0.2×v0.3,wallet,shared_deceive,want_check,2,1,0.5805058479309082
v0.2×v0.3,wallet,shared_help,want_check,2,1,0.7400860786437988
v0.3×v0.2,wallet,shared_help,want_check,2,1,1.1551060676574707
v0.3×v0.3,wallet,shared_help,want_check,2,1,0.9590559005737305
v0.2×v0.2,key,false_deceive,will_check,2,1,-1.206251859664917
v0.2×v0.3,wallet,false_deceive,will_check,2,1,0.5502872467041016
v0.3×v0.2,wallet,false_deceive,will_check,2,1,-0.19880247116088867
v0.2×v0.2,key,false_help,will_check,2,1,2.242064952850342
v0.3×v0.2,key,false_help,will_check,2,1,1.5197744369506836
v0.3×v0.2,wallet,false_help,will_check,2,1,1.5121517181396484
v0.2×v0.2,key,ignorance_deceive,will_check,2,1,-0.26085972785949707
v0.3×v0.3,key,ignorance_deceive,will_check,2,1,-0.9338903427124023
v0.2×v0.2,key,ignorance_help,will_check,2,1,1.8992810249328613
v0.3×v0.2,key,ignorance_help,will_check,2,1,1.7112689018249512
v0.3×v0.2,wallet,ignorance_help,will_check,2,1,1.581298828125
v0.3×v0.3,wallet,ignorance_help,will_check,2,1,1.5158605575561523
v0.2×v0.2,key,shared_deceive,will_check,2,1,-1.945251226425171
v0.3×v0.2,key,shared_deceive,will_check,2,1,-0.6643989086151123
v0.2×v0.3,pkg,shared_deceive,will_check,2,1,-1.3463010787963867
v0.2×v0.3,wallet,shared_deceive,will_check,2,1,0.06060218811035156
v0.2×v0.3,wallet,shared_help,will_check,2,1,0.4948234558105469
v0.3×v0.2,wallet,shared_help,will_check,2,1,1.090280532836914
v0.3×v0.3,wallet,shared_help,will_check,2,1,0.9967918395996094
v0.2×v0.2,key,false_deceive,ava_strategy,3,2,-2.6310667991638184
v0.2×v0.3,wallet,false_deceive,ava_strategy,3,2,-1.9302434921264648
v0.3×v0.2,wallet,false_deceive,ava_strategy,3,2,-2.3539981842041016
v0.2×v0.2,key,false_help,ava_strategy,3,2,-2.2057833671569824
v0.3×v0.2,key,false_help,ava_strategy,3,2,-2.4579286575317383
v0.3×v0.2,wallet,false_help,ava_strategy,3,2,-2.6566457748413086
v0.2×v0.2,key,ignorance_deceive,ava_strategy,3,2,-1.8820123672485352
v0.3×v0.3,key,ignorance_deceive,ava_strategy,3,2,-1.5554242134094238
v0.2×v0.2,key,ignorance_help,ava_strategy,3,2,-2.2217020988464355
v0.3×v0.2,key,ignorance_help,ava_strategy,3,2,-2.3936681747436523
v0.3×v0.2,wallet,ignorance_help,ava_strategy,3,2,-2.022754192352295
v0.3×v0.3,wallet,ignorance_help,ava_strategy,3,2,-1.5532827377319336
v0.2×v0.2,key,shared_deceive,ava_strategy,3,2,-2.5388026237487793
v0.3×v0.2,key,shared_deceive,ava_strategy,3,2,-2.666912078857422
v0.2×v0.3,pkg,shared_deceive,ava_strategy,3,2,-1.0647425651550293
v0.2×v0.3,wallet,shared_deceive,ava_strategy,3,2,-1.8588733673095703
v0.2×v0.3,wallet,shared_help,ava_strategy,3,2,-1.595069408416748
v0.3×v0.2,wallet,shared_help,ava_strategy,3,2,-3.4711499214172363
v0.3×v0.3,wallet,shared_help,ava_strategy,3,2,-2.234707832336426
v0.2×v0.2,key,false_deceive,ava_think_location,3,2,-0.7754478454589844
v0.2×v0.3,wallet,false_deceive,ava_think_location,3,2,0.16357183456420898
v0.3×v0.2,wallet,false_deceive,ava_think_location,3,2,-0.2270832061767578
v0.2×v0.2,key,false_help,ava_think_location,3,2,-0.9807167053222656
v0.3×v0.2,key,false_help,ava_think_location,3,2,-1.004460096359253
v0.3×v0.2,wallet,false_help,ava_think_location,3,2,0.27144527435302734
v0.2×v0.2,key,ignorance_deceive,ava_think_location,3,2,0.9180946350097656
v0.3×v0.3,key,ignorance_deceive,ava_think_location,3,2,0.4532771110534668
v0.2×v0.2,key,ignorance_help,ava_think_location,3,2,-0.46266841888427734
v0.3×v0.2,key,ignorance_help,ava_think_location,3,2,-0.729393482208252
v0.3×v0.2,wallet,ignorance_help,ava_think_location,3,2,0.7712879180908203
v0.3×v0.3,wallet,ignorance_help,ava_think_location,3,2,-0.08475780487060547
v0.2×v0.2,key,shared_deceive,ava_think_location,3,2,1.2394194602966309
v0.3×v0.2,key,shared_deceive,ava_think_location,3,2,1.012894630432129
v0.2×v0.3,pkg,shared_deceive,ava_think_location,3,2,0.5348114967346191
v0.2×v0.3,wallet,shared_deceive,ava_think_location,3,2,0.6819067001342773
v0.2×v0.3,wallet,shared_help,ava_think_location,3,2,0.5706048011779785
v0.3×v0.2,wallet,shared_help,ava_think_location,3,2,-1.2602334022521973
v0.3×v0.3,wallet,shared_help,ava_think_location,3,2,0.7099847793579102
v0.2×v0.2,key,false_deceive,decision_confidence,3,2,0.6504030227661133
v0.2×v0.3,wallet,false_deceive,decision_confidence,3,2,0.7275300025939941
v0.3×v0.2,wallet,false_deceive,decision_confidence,3,2,2.1651883125305176
v0.2×v0.2,key,false_help,decision_confidence,3,2,3.0555837154388428
v0.3×v0.2,key,false_help,decision_confidence,3,2,1.9314613342285156
v0.3×v0.2,wallet,false_help,decision_confidence,3,2,-0.1180729866027832
v0.2×v0.2,key,ignorance_deceive,decision_confidence,3,2,0.43966007232666016
v0.3×v0.3,key,ignorance_deceive,decision_confidence,3,2,-0.30820131301879883
v0.2×v0.2,key,ignorance_help,decision_confidence,3,2,1.0596270561218262
v0.3×v0.2,key,ignorance_help,decision_confidence,3,2,-0.4667954444885254
v0.3×v0.2,wallet,ignorance_help,decision_confidence,3,2,0.31888294219970703
v0.3×v0.3,wallet,ignorance_help,decision_confidence,3,2,-0.7535309791564941
v0.2×v0.2,key,shared_deceive,decision_confidence,3,2,0.7418074607849121
v0.3×v0.2,key,shared_deceive,decision_confidence,3,2,1.3139548301696777
v0.2×v0.3,pkg,shared_deceive,decision_confidence,3,2,-0.3772125244140625
v0.2×v0.3,wallet,shared_deceive,decision_confidence,3,2,0.29329895973205566
v0.2×v0.3,wallet,shared_help,decision_confidence,3,2,0.48412132263183594
v0.3×v0.2,wallet,shared_help,decision_confidence,3,2,0.5618047714233398
v0.3×v0.3,wallet,shared_help,decision_confidence,3,2,-0.7844338417053223
v0.2×v0.2,key,false_deceive,mia_strategy,3,2,-2.7572550773620605
v0.2×v0.3,wallet,false_deceive,mia_strategy,3,2,-2.3154823780059814
v0.3×v0.2,wallet,false_deceive,mia_strategy,3,2,-2.4016194343566895
v0.2×v0.2,key,false_help,mia_strategy,3,2,-3.4745736122131348
v0.3×v0.2,key,false_help,mia_strategy,3,2,-3.410210609436035
v0.3×v0.2,wallet,false_help,mia_strategy,3,2,-3.185234546661377
v0.2×v0.2,key,ignorance_deceive,mia_strategy,3,2,-2.8686370849609375
v0.3×v0.3,key,ignorance_deceive,mia_strategy,3,2,-0.35430383682250977
v0.2×v0.2,key,ignorance_help,mia_strategy,3,2,-2.8486571311950684
v0.3×v0.2,key,ignorance_help,mia_strategy,3,2,-2.889385938644409
v0.3×v0.2,wallet,ignorance_help,mia_strategy,3,2,-3.183391571044922
v0.3×v0.3,wallet,ignorance_help,mia_strategy,3,2,-2.0910239219665527
v0.2×v0.2,key,shared_deceive,mia_strategy,3,2,-3.5129942893981934
v0.3×v0.2,key,shared_deceive,mia_strategy,3,2,-2.8776330947875977
v0.2×v0.3,pkg,shared_deceive,mia_strategy,3,2,-2.2026519775390625
v0.2×v0.3,wallet,shared_deceive,mia_strategy,3,2,-2.662745952606201
v0.2×v0.3,wallet,shared_help,mia_strategy,3,2,-1.4734692573547363
v0.3×v0.2,wallet,shared_help,mia_strategy,3,2,-3.1327998638153076
v0.3×v0.3,wallet,shared_help,mia_strategy,3,2,-1.9288349151611328
v0.2×v0.2,key,false_deceive,mia_think_location,3,2,-1.1681208610534668
v0.2×v0.3,wallet,false_deceive,mia_think_location,3,2,0.1593630313873291
v0.3×v0.2,wallet,false_deceive,mia_think_location,3,2,1.4068882465362549
v0.2×v0.2,key,false_help,mia_think_location,3,2,1.3227653503417969
v0.3×v0.2,key,false_help,mia_think_location,3,2,1.3029448986053467
v0.3×v0.2,wallet,false_help,mia_think_location,3,2,1.3683557510375977
v0.2×v0.2,key,ignorance_deceive,mia_think_location,3,2,-1.2464275360107422
v0.3×v0.3,key,ignorance_deceive,mia_think_location,3,2,0.053508758544921875
v0.2×v0.2,key,ignorance_help,mia_think_location,3,2,1.1707141399383545
v0.3×v0.2,key,ignorance_help,mia_think_location,3,2,1.3366060256958008
v0.3×v0.2,wallet,ignorance_help,mia_think_location,3,2,1.0042858123779297
v0.3×v0.3,wallet,ignorance_help,mia_think_location,3,2,0.8885636329650879
v0.2×v0.2,key,shared_deceive,mia_think_location,3,2,-1.241595983505249
v0.3×v0.2,key,shared_deceive,mia_think_location,3,2,-0.9614279270172119
v0.2×v0.3,pkg,shared_deceive,mia_think_location,3,2,-1.015455722808838
v0.2×v0.3,wallet,shared_deceive,mia_think_location,3,2,0.4333932399749756
v0.2×v0.3,wallet,shared_help,mia_think_location,3,2,0.5287537574768066
v0.3×v0.2,wallet,shared_help,mia_think_location,3,2,1.1745097637176514
v0.3×v0.3,wallet,shared_help,mia_think_location,3,2,0.8433611392974854
v0.2×v0.2,key,false_deceive,other_honesty,3,2,-2.2000393867492676
v0.2×v0.3,wallet,false_deceive,other_honesty,3,2,-1.829439640045166
v0.3×v0.2,wallet,false_deceive,other_honesty,3,2,-2.791841983795166
v0.2×v0.2,key,false_help,other_honesty,3,2,-3.692375659942627
v0.3×v0.2,key,false_help,other_honesty,3,2,-3.6697754859924316
v0.3×v0.2,wallet,false_help,other_honesty,3,2,-3.7431793212890625
v0.2×v0.2,key,ignorance_deceive,other_honesty,3,2,-2.4072060585021973
v0.3×v0.3,key,ignorance_deceive,other_honesty,3,2,-1.4451279640197754
v0.2×v0.2,key,ignorance_help,other_honesty,3,2,-3.150238513946533
v0.3×v0.2,key,ignorance_help,other_honesty,3,2,-3.09885835647583
v0.3×v0.2,wallet,ignorance_help,other_honesty,3,2,-2.640007495880127
v0.3×v0.3,wallet,ignorance_help,other_honesty,3,2,-2.003549098968506
v0.2×v0.2,key,shared_deceive,other_honesty,3,2,-3.2406015396118164
v0.3×v0.2,key,shared_deceive,other_honesty,3,2,-3.7350587844848633
v0.2×v0.3,pkg,shared_deceive,other_honesty,3,2,-1.5378360748291016
v0.2×v0.3,wallet,shared_deceive,other_honesty,3,2,-1.6321673393249512
v0.2×v0.3,wallet,shared_help,other_honesty,3,2,-1.5616135597229004
v0.3×v0.2,wallet,shared_help,other_honesty,3,2,-1.4770426750183105
v0.3×v0.3,wallet,shared_help,other_honesty,3,2,-0.852287769317627
v0.2×v0.2,key,false_deceive,other_strategy,3,2,-2.6087522506713867
v0.2×v0.3,wallet,false_deceive,other_strategy,3,2,-1.890169620513916
v0.3×v0.2,wallet,false_deceive,other_strategy,3,2,-2.144496440887451
v0.2×v0.2,key,false_help,other_strategy,3,2,-3.095564842224121
v0.3×v0.2,key,false_help,other_strategy,3,2,-3.0941176414489746
v0.3×v0.2,wallet,false_help,other_strategy,3,2,-2.977057933807373
v0.2×v0.2,key,ignorance_deceive,other_strategy,3,2,-2.647228240966797
v0.3×v0.3,key,ignorance_deceive,other_strategy,3,2,-0.32114410400390625
v0.2×v0.2,key,ignorance_help,other_strategy,3,2,-2.7400875091552734
v0.3×v0.2,key,ignorance_help,other_strategy,3,2,-2.686037063598633
v0.3×v0.2,wallet,ignorance_help,other_strategy,3,2,-2.695672035217285
v0.3×v0.3,wallet,ignorance_help,other_strategy,3,2,-1.8497400283813477
v0.2×v0.2,key,shared_deceive,other_strategy,3,2,-3.164318084716797
v0.3×v0.2,key,shared_deceive,other_strategy,3,2,-2.7341103553771973
v0.2×v0.3,pkg,shared_deceive,other_strategy,3,2,-1.8385233879089355
v0.2×v0.3,wallet,shared_deceive,other_strategy,3,2,-2.3317666053771973
v0.2×v0.3,wallet,shared_help,other_strategy,3,2,-0.9867935180664062
v0.3×v0.2,wallet,shared_help,other_strategy,3,2,-2.7211556434631348
v0.3×v0.3,wallet,shared_help,other_strategy,3,2,-1.7893331050872803
v0.2×v0.2,key,false_deceive,other_think_location,3,2,-1.1094450950622559
v0.2×v0.3,wallet,false_deceive,other_think_location,3,2,0.3652496337890625
v0.3×v0.2,wallet,false_deceive,other_think_location,3,2,1.24090576171875
v0.2×v0.2,key,false_help,other_think_location,3,2,1.1698379516601562
v0.3×v0.2,key,false_help,other_think_location,3,2,1.1747465133666992
v0.3×v0.2,wallet,false_help,other_think_location,3,2,1.2271313667297363
v0.2×v0.2,key,ignorance_deceive,other_think_location,3,2,-1.129281759262085
v0.3×v0.3,key,ignorance_deceive,other_think_location,3,2,-0.35970592498779297
v0.2×v0.2,key,ignorance_help,other_think_location,3,2,1.0663836002349854
v0.3×v0.2,key,ignorance_help,other_think_location,3,2,1.1555094718933105
v0.3×v0.2,wallet,ignorance_help,other_think_location,3,2,0.9535696506500244
v0.3×v0.3,wallet,ignorance_help,other_think_location,3,2,0.7865898609161377
v0.2×v0.2,key,shared_deceive,other_think_location,3,2,-1.0341525077819824
v0.3×v0.2,key,shared_deceive,other_think_location,3,2,-0.7987046241760254
v0.2×v0.3,pkg,shared_deceive,other_think_location,3,2,-0.9961898326873779
v0.2×v0.3,wallet,shared_deceive,other_think_location,3,2,0.22269701957702637
v0.2×v0.3,wallet,shared_help,other_think_location,3,2,0.5929086208343506
v0.3×v0.2,wallet,shared_help,other_think_location,3,2,1.1329379081726074
v0.3×v0.3,wallet,shared_help,other_think_location,3,2,0.6918175220489502
v0.2×v0.2,key,false_deceive,self_belief_location,3,2,-1.3371213674545288
v0.2×v0.3,wallet,false_deceive,self_belief_location,3,2,0.1178131103515625
v0.3×v0.2,wallet,false_deceive,self_belief_location,3,2,-0.26940011978149414
v0.2×v0.2,key,false_help,self_belief_location,3,2,-1.0091586112976074
v0.3×v0.2,key,false_help,self_belief_location,3,2,-1.3223180770874023
v0.3×v0.2,wallet,false_help,self_belief_location,3,2,0.8717721700668335
v0.2×v0.2,key,ignorance_deceive,self_belief_location,3,2,1.218055009841919
v0.3×v0.3,key,ignorance_deceive,self_belief_location,3,2,0.8708734512329102
v0.2×v0.2,key,ignorance_help,self_belief_location,3,2,-0.17083501815795898
v0.3×v0.2,key,ignorance_help,self_belief_location,3,2,-0.8843460083007812
v0.3×v0.2,wallet,ignorance_help,self_belief_location,3,2,1.613411545753479
v0.3×v0.3,wallet,ignorance_help,self_belief_location,3,2,1.1008243560791016
v0.2×v0.2,key,shared_deceive,self_belief_location,3,2,1.8301249742507935
v0.3×v0.2,key,shared_deceive,self_belief_location,3,2,1.6211224794387817
v0.2×v0.3,pkg,shared_deceive,self_belief_location,3,2,0.8925817012786865
v0.2×v0.3,wallet,shared_deceive,self_belief_location,3,2,0.981975793838501
v0.2×v0.3,wallet,shared_help,self_belief_location,3,2,1.1326637268066406
v0.3×v0.2,wallet,shared_help,self_belief_location,3,2,-1.4856668710708618
v0.3×v0.3,wallet,shared_help,self_belief_location,3,2,1.3297460079193115
v0.2×v0.2,key,false_deceive,self_believe_location,3,2,-0.8245174884796143
v0.2×v0.3,wallet,false_deceive,self_believe_location,3,2,0.10729050636291504
v0.3×v0.2,wallet,false_deceive,self_believe_location,3,2,-0.2622230052947998
v0.2×v0.2,key,false_help,self_believe_location,3,2,-0.9786372184753418
v0.3×v0.2,key,false_help,self_believe_location,3,2,-1.17952299118042
v0.3×v0.2,wallet,false_help,self_believe_location,3,2,0.5734672546386719
v0.2×v0.2,key,ignorance_deceive,self_believe_location,3,2,1.2593677043914795
v0.3×v0.3,key,ignorance_deceive,self_believe_location,3,2,0.8474166393280029
v0.2×v0.2,key,ignorance_help,self_believe_location,3,2,-0.10378921031951904
v0.3×v0.2,key,ignorance_help,self_believe_location,3,2,-0.5637843608856201
v0.3×v0.2,wallet,ignorance_help,self_believe_location,3,2,1.1807072162628174
v0.3×v0.3,wallet,ignorance_help,self_believe_location,3,2,0.42354512214660645
v0.2×v0.2,key,shared_deceive,self_believe_location,3,2,1.3143064975738525
v0.3×v0.2,key,shared_deceive,self_believe_location,3,2,1.0264394283294678
v0.2×v0.3,pkg,shared_deceive,self_believe_location,3,2,0.9400861263275146
v0.2×v0.3,wallet,shared_deceive,self_believe_location,3,2,0.5061032772064209
v0.2×v0.3,wallet,shared_help,self_believe_location,3,2,0.6341238021850586
v0.3×v0.2,wallet,shared_help,self_believe_location,3,2,-1.227367877960205
v0.3×v0.3,wallet,shared_help,self_believe_location,3,2,1.0917503833770752
v0.2×v0.2,key,false_deceive,self_honesty,3,2,-2.365919589996338
v0.2×v0.3,wallet,false_deceive,self_honesty,3,2,-1.6507072448730469
v0.3×v0.2,wallet,false_deceive,self_honesty,3,2,-1.9951887130737305
v0.2×v0.2,key,false_help,self_honesty,3,2,-2.286284923553467
v0.3×v0.2,key,false_help,self_honesty,3,2,-2.3389225006103516
v0.3×v0.2,wallet,false_help,self_honesty,3,2,-3.451417922973633
v0.2×v0.2,key,ignorance_deceive,self_honesty,3,2,-2.3376784324645996
v0.3×v0.3,key,ignorance_deceive,self_honesty,3,2,-1.4564380645751953
v0.2×v0.2,key,ignorance_help,self_honesty,3,2,-2.851083755493164
v0.3×v0.2,key,ignorance_help,self_honesty,3,2,-3.1285505294799805
v0.3×v0.2,wallet,ignorance_help,self_honesty,3,2,-3.0758056640625
v0.3×v0.3,wallet,ignorance_help,self_honesty,3,2,-2.5029664039611816
v0.2×v0.2,key,shared_deceive,self_honesty,3,2,-1.101827621459961
v0.3×v0.2,key,shared_deceive,self_honesty,3,2,-2.5340404510498047
v0.2×v0.3,pkg,shared_deceive,self_honesty,3,2,-1.5333871841430664
v0.2×v0.3,wallet,shared_deceive,self_honesty,3,2,-0.24223852157592773
v0.2×v0.3,wallet,shared_help,self_honesty,3,2,-2.1157164573669434
v0.3×v0.2,wallet,shared_help,self_honesty,3,2,-2.3031888008117676
v0.3×v0.3,wallet,shared_help,self_honesty,3,2,-2.618788242340088
v0.2×v0.2,key,false_deceive,self_think_location,3,2,-0.9321820735931396
v0.2×v0.3,wallet,false_deceive,self_think_location,3,2,0.11728334426879883
v0.3×v0.2,wallet,false_deceive,self_think_location,3,2,-0.07921361923217773
v0.2×v0.2,key,false_help,self_think_location,3,2,-0.4826483726501465
v0.3×v0.2,key,false_help,self_think_location,3,2,-0.7901952266693115
v0.3×v0.2,wallet,false_help,self_think_location,3,2,0.4831521511077881
v0.2×v0.2,key,ignorance_deceive,self_think_location,3,2,1.0522220134735107
v0.3×v0.3,key,ignorance_deceive,self_think_location,3,2,0.8457541465759277
v0.2×v0.2,key,ignorance_help,self_think_location,3,2,0.0021343231201171875
v0.3×v0.2,key,ignorance_help,self_think_location,3,2,-0.38936424255371094
v0.3×v0.2,wallet,ignorance_help,self_think_location,3,2,1.1613852977752686
v0.3×v0.3,wallet,ignorance_help,self_think_location,3,2,0.7558534145355225
v0.2×v0.2,key,shared_deceive,self_think_location,3,2,1.0847971439361572
v0.3×v0.2,key,shared_deceive,self_think_location,3,2,0.898862361907959
v0.2×v0.3,pkg,shared_deceive,self_think_location,3,2,0.8172197341918945
v0.2×v0.3,wallet,shared_deceive,self_think_location,3,2,0.54606032371521
v0.2×v0.3,wallet,shared_help,self_think_location,3,2,0.6299605369567871
v0.3×v0.2,wallet,shared_help,self_think_location,3,2,-1.017561912536621
v0.3×v0.3,wallet,shared_help,self_think_location,3,2,1.1351592540740967
v0.2×v0.2,key,false_deceive,tell_location,3,2,-0.5754899978637695
v0.2×v0.3,wallet,false_deceive,tell_location,3,2,-0.027106285095214844
v0.3×v0.2,wallet,false_deceive,tell_location,3,2,-0.027092933654785156
v0.2×v0.2,key,false_help,tell_location,3,2,-0.2868523597717285
v0.3×v0.2,key,false_help,tell_location,3,2,-0.34400033950805664
v0.3×v0.2,wallet,false_help,tell_location,3,2,0.11320877075195312
v0.2×v0.2,key,ignorance_deceive,tell_location,3,2,0.28089094161987305
v0.3×v0.3,key,ignorance_deceive,tell_location,3,2,0.8204832077026367
v0.2×v0.2,key,ignorance_help,tell_location,3,2,-0.08790349960327148
v0.3×v0.2,key,ignorance_help,tell_location,3,2,-0.17896127700805664
v0.3×v0.2,wallet,ignorance_help,tell_location,3,2,0.9290547370910645
v0.3×v0.3,wallet,ignorance_help,tell_location,3,2,0.5767817497253418
v0.2×v0.2,key,shared_deceive,tell_location,3,2,0.8825407028198242
v0.3×v0.2,key,shared_deceive,tell_location,3,2,0.625330924987793
v0.2×v0.3,pkg,shared_deceive,tell_location,3,2,0.5223093032836914
v0.2×v0.3,wallet,shared_deceive,tell_location,3,2,0.4876408576965332
v0.2×v0.3,wallet,shared_help,tell_location,3,2,0.6384191513061523
v0.3×v0.2,wallet,shared_help,tell_location,3,2,-0.28328466415405273
v0.3×v0.3,wallet,shared_help,tell_location,3,2,0.7978334426879883
v0.2×v0.2,key,false_deceive,want_check,3,2,-0.07157468795776367
v0.2×v0.3,wallet,false_deceive,want_check,3,2,-0.3124394416809082
v0.3×v0.2,wallet,false_deceive,want_check,3,2,-1.5553841590881348
v0.2×v0.2,key,false_help,want_check,3,2,-0.6737060546875
v0.3×v0.2,key,false_help,want_check,3,2,0.6404156684875488
v0.3×v0.2,wallet,false_help,want_check,3,2,-0.028046131134033203
v0.2×v0.2,key,ignorance_deceive,want_check,3,2,-1.0864973068237305
v0.3×v0.3,key,ignorance_deceive,want_check,3,2,1.15256929397583
v0.2×v0.2,key,ignorance_help,want_check,3,2,-0.8857741355895996
v0.3×v0.2,key,ignorance_help,want_check,3,2,-1.1904091835021973
v0.3×v0.2,wallet,ignorance_help,want_check,3,2,0.8193769454956055
v0.3×v0.3,wallet,ignorance_help,want_check,3,2,-1.2534241676330566
v0.2×v0.2,key,shared_deceive,want_check,3,2,1.470829725265503
v0.3×v0.2,key,shared_deceive,want_check,3,2,1.1764330863952637
v0.2×v0.3,pkg,shared_deceive,want_check,3,2,0.6632723808288574
v0.2×v0.3,wallet,shared_deceive,want_check,3,2,0.3725271224975586
v0.2×v0.3,wallet,shared_help,want_check,3,2,0.3613262176513672
v0.3×v0.2,wallet,shared_help,want_check,3,2,-0.6748752593994141
v0.3×v0.3,wallet,shared_help,want_check,3,2,-0.29947853088378906
v0.2×v0.2,key,false_deceive,will_check,3,2,-0.9740464687347412
v0.2×v0.3,wallet,false_deceive,will_check,3,2,-0.997295618057251
v0.3×v0.2,wallet,false_deceive,will_check,3,2,-1.5986289978027344
v0.2×v0.2,key,false_help,will_check,3,2,0.6933486461639404
v0.3×v0.2,key,false_help,will_check,3,2,0.11471033096313477
v0.3×v0.2,wallet,false_help,will_check,3,2,2.508382797241211
v0.2×v0.2,key,ignorance_deceive,will_check,3,2,0.06135451793670654
v0.3×v0.3,key,ignorance_deceive,will_check,3,2,1.8276739120483398
v0.2×v0.2,key,ignorance_help,will_check,3,2,0.8923300504684448
v0.3×v0.2,key,ignorance_help,will_check,3,2,-0.3742823600769043
v0.3×v0.2,wallet,ignorance_help,will_check,3,2,2.0283327102661133
v0.3×v0.3,wallet,ignorance_help,will_check,3,2,-0.5002260208129883
v0.2×v0.2,key,shared_deceive,will_check,3,2,2.1512904167175293
v0.3×v0.2,key,shared_deceive,will_check,3,2,1.9146435260772705
v0.2×v0.3,pkg,shared_deceive,will_check,3,2,1.066835641860962
v0.2×v0.3,wallet,shared_deceive,will_check,3,2,0.46030354499816895
v0.2×v0.3,wallet,shared_help,will_check,3,2,0.4373488426208496
v0.3×v0.2,wallet,shared_help,will_check,3,2,0.251981258392334
v0.3×v0.3,wallet,shared_help,will_check,3,2,1.4538872241973877
v0.2×v0.3,wallet,false_deceive,ava_strategy,4,1,-2.9452271461486816
v0.2×v0.2,key,false_help,ava_strategy,4,1,-3.2052597999572754
v0.3×v0.2,key,false_help,ava_strategy,4,1,-2.273367404937744
v0.2×v0.2,key,ignorance_deceive,ava_strategy,4,1,-2.9285449981689453
v0.3×v0.2,key,ignorance_help,ava_strategy,4,1,-1.9548077583312988
v0.2×v0.2,key,shared_deceive,ava_strategy,4,1,-2.8706564903259277
v0.2×v0.3,pkg,shared_deceive,ava_strategy,4,1,-3.1782684326171875
v0.2×v0.3,wallet,shared_deceive,ava_strategy,4,1,-2.3517394065856934
v0.2×v0.3,wallet,shared_help,ava_strategy,4,1,-1.8442211151123047
v0.2×v0.3,wallet,false_deceive,ava_think_location,4,1,-0.04845714569091797
v0.2×v0.2,key,false_help,ava_think_location,4,1,-1.1483092308044434
v0.3×v0.2,key,false_help,ava_think_location,4,1,-0.9107413291931152
v0.2×v0.2,key,ignorance_deceive,ava_think_location,4,1,0.9405901432037354
v0.3×v0.2,key,ignorance_help,ava_think_location,4,1,-0.7239036560058594
v0.2×v0.2,key,shared_deceive,ava_think_location,4,1,1.2545385360717773
v0.2×v0.3,pkg,shared_deceive,ava_think_location,4,1,0.7727489471435547
v0.2×v0.3,wallet,shared_deceive,ava_think_location,4,1,0.44204044342041016
v0.2×v0.3,wallet,shared_help,ava_think_location,4,1,0.39302539825439453
v0.2×v0.3,wallet,false_deceive,decision_confidence,4,1,-0.5091977119445801
v0.2×v0.2,key,false_help,decision_confidence,4,1,2.8670973777770996
v0.3×v0.2,key,false_help,decision_confidence,4,1,0.709691047668457
v0.2×v0.2,key,ignorance_deceive,decision_confidence,4,1,0.6603012084960938
v0.3×v0.2,key,ignorance_help,decision_confidence,4,1,-0.059018611907958984
v0.2×v0.2,key,shared_deceive,decision_confidence,4,1,0.6859354972839355
v0.2×v0.3,pkg,shared_deceive,decision_confidence,4,1,0.4915580749511719
v0.2×v0.3,wallet,shared_deceive,decision_confidence,4,1,-0.6966400146484375
v0.2×v0.3,wallet,shared_help,decision_confidence,4,1,-0.22475051879882812
v0.2×v0.3,wallet,false_deceive,mia_strategy,4,1,-2.8692502975463867
v0.2×v0.2,key,false_help,mia_strategy,4,1,-0.5287551879882812
v0.3×v0.2,key,false_help,mia_strategy,4,1,0.05300569534301758
v0.2×v0.2,key,ignorance_deceive,mia_strategy,4,1,-3.033928394317627
v0.3×v0.2,key,ignorance_help,mia_strategy,4,1,0.17420101165771484
v0.2×v0.2,key,shared_deceive,mia_strategy,4,1,-3.2047600746154785
v0.2×v0.3,pkg,shared_deceive,mia_strategy,4,1,-3.300042152404785
v0.2×v0.3,wallet,shared_deceive,mia_strategy,4,1,-2.9313442707061768
v0.2×v0.3,wallet,shared_help,mia_strategy,4,1,0.09700298309326172
v0.2×v0.3,wallet,false_deceive,mia_think_location,4,1,1.0007147789001465
v0.2×v0.2,key,false_help,mia_think_location,4,1,1.4019689559936523
v0.3×v0.2,key,false_help,mia_think_location,4,1,0.8803439140319824
v0.2×v0.2,key,ignorance_deceive,mia_think_location,4,1,-0.4175107479095459
v0.3×v0.2,key,ignorance_help,mia_think_location,4,1,0.7431299686431885
v0.2×v0.2,key,shared_deceive,mia_think_location,4,1,-0.9953207969665527
v0.2×v0.3,pkg,shared_deceive,mia_think_location,4,1,-1.3919014930725098
v0.2×v0.3,wallet,shared_deceive,mia_think_location,4,1,0.47440290451049805
v0.2×v0.3,wallet,shared_help,mia_think_location,4,1,0.8564028739929199
v0.2×v0.3,wallet,false_deceive,other_honesty,4,1,-1.8297362327575684
v0.2×v0.2,key,false_help,other_honesty,4,1,-2.813518524169922
v0.3×v0.2,key,false_help,other_honesty,4,1,-2.1881556510925293
v0.2×v0.2,key,ignorance_deceive,other_honesty,4,1,-2.363447666168213
v0.3×v0.2,key,ignorance_help,other_honesty,4,1,-2.1980838775634766
v0.2×v0.2,key,shared_deceive,other_honesty,4,1,-1.93287992477417
v0.2×v0.3,pkg,shared_deceive,other_honesty,4,1,-1.6638836860656738
v0.2×v0.3,wallet,shared_deceive,other_honesty,4,1,-2.336345672607422
v0.2×v0.3,wallet,shared_help,other_honesty,4,1,-2.2077713012695312
v0.2×v0.3,wallet,false_deceive,other_strategy,4,1,-2.104970932006836
v0.2×v0.2,key,false_help,other_strategy,4,1,-2.4228386878967285
v0.3×v0.2,key,false_help,other_strategy,4,1,-2.0060529708862305
v0.2×v0.2,key,ignorance_deceive,other_strategy,4,1,-2.452484607696533
v0.3×v0.2,key,ignorance_help,other_strategy,4,1,-1.8478617668151855
v0.2×v0.2,key,shared_deceive,other_strategy,4,1,-2.5154266357421875
v0.2×v0.3,pkg,shared_deceive,other_strategy,4,1,-1.928837537765503
v0.2×v0.3,wallet,shared_deceive,other_strategy,4,1,-2.13739013671875
v0.2×v0.3,wallet,shared_help,other_strategy,4,1,-1.876662254333496
v0.2×v0.3,wallet,false_deceive,other_think_location,4,1,0.01911449432373047
v0.2×v0.2,key,false_help,other_think_location,4,1,-1.0655040740966797
v0.3×v0.2,key,false_help,other_think_location,4,1,-0.9115829467773438
v0.2×v0.2,key,ignorance_deceive,other_think_location,4,1,0.22678470611572266
v0.3×v0.2,key,ignorance_help,other_think_location,4,1,-0.9671831130981445
v0.2×v0.2,key,shared_deceive,other_think_location,4,1,1.1225132942199707
v0.2×v0.3,pkg,shared_deceive,other_think_location,4,1,0.5009849071502686
v0.2×v0.3,wallet,shared_deceive,other_think_location,4,1,0.27901697158813477
v0.2×v0.3,wallet,shared_help,other_think_location,4,1,0.46752119064331055
v0.2×v0.3,wallet,false_deceive,self_belief_location,4,1,1.3182704448699951
v0.2×v0.2,key,false_help,self_belief_location,4,1,2.1315184235572815
v0.3×v0.2,key,false_help,self_belief_location,4,1,1.7688486576080322
v0.2×v0.2,key,ignorance_deceive,self_belief_location,4,1,-1.00506591796875
v0.3×v0.2,key,ignorance_help,self_belief_location,4,1,1.6835041046142578
v0.2×v0.2,key,shared_deceive,self_belief_location,4,1,-1.160747766494751
v0.2×v0.3,pkg,shared_deceive,self_belief_location,4,1,-1.9745945930480957
v0.2×v0.3,wallet,shared_deceive,self_belief_location,4,1,0.5604002475738525
v0.2×v0.3,wallet,shared_help,self_belief_location,4,1,1.1682720184326172
v0.2×v0.3,wallet,false_deceive,self_believe_location,4,1,0.39136171340942383
v0.2×v0.2,key,false_help,self_believe_location,4,1,1.6672799587249756
v0.3×v0.2,key,false_help,self_believe_location,4,1,1.4597328901290894
v0.2×v0.2,key,ignorance_deceive,self_believe_location,4,1,-1.1594760417938232
v0.3×v0.2,key,ignorance_help,self_believe_location,4,1,1.2228924036026
v0.2×v0.2,key,shared_deceive,self_believe_location,4,1,-1.2008049488067627
v0.2×v0.3,pkg,shared_deceive,self_believe_location,4,1,-1.5579352378845215
v0.2×v0.3,wallet,shared_deceive,self_believe_location,4,1,0.3542640209197998
v0.2×v0.3,wallet,shared_help,self_believe_location,4,1,0.9578194618225098
v0.2×v0.3,wallet,false_deceive,self_honesty,4,1,-0.8582115173339844
v0.2×v0.2,key,false_help,self_honesty,4,1,-0.8818120956420898
v0.3×v0.2,key,false_help,self_honesty,4,1,-0.21898269653320312
v0.2×v0.2,key,ignorance_deceive,self_honesty,4,1,-1.0039606094360352
v0.3×v0.2,key,ignorance_help,self_honesty,4,1,-1.054995059967041
v0.2×v0.2,key,shared_deceive,self_honesty,4,1,-1.1285319328308105
v0.2×v0.3,pkg,shared_deceive,self_honesty,4,1,-1.1869263648986816
v0.2×v0.3,wallet,shared_deceive,self_honesty,4,1,-2.168590545654297
v0.2×v0.3,wallet,shared_help,self_honesty,4,1,-2.346129894256592
v0.2×v0.3,wallet,false_deceive,self_think_location,4,1,0.2288680076599121
v0.2×v0.2,key,false_help,self_think_location,4,1,1.2089548110961914
v0.3×v0.2,key,false_help,self_think_location,4,1,1.0379884243011475
v0.2×v0.2,key,ignorance_deceive,self_think_location,4,1,-0.8218410015106201
v0.3×v0.2,key,ignorance_help,self_think_location,4,1,1.242244005203247
v0.2×v0.2,key,shared_deceive,self_think_location,4,1,-0.9776453971862793
v0.2×v0.3,pkg,shared_deceive,self_think_location,4,1,-0.9556739330291748
v0.2×v0.3,wallet,shared_deceive,self_think_location,4,1,0.15584135055541992
v0.2×v0.3,wallet,shared_help,self_think_location,4,1,1.1099841594696045
v0.2×v0.3,wallet,false_deceive,tell_location,4,1,0.26195526123046875
v0.2×v0.2,key,false_help,tell_location,4,1,0.8350419998168945
v0.3×v0.2,key,false_help,tell_location,4,1,0.9683454036712646
v0.2×v0.2,key,ignorance_deceive,tell_location,4,1,0.02586078643798828
v0.3×v0.2,key,ignorance_help,tell_location,4,1,1.0011756420135498
v0.2×v0.2,key,shared_deceive,tell_location,4,1,-0.0699605941772461
v0.2×v0.3,pkg,shared_deceive,tell_location,4,1,-0.5735678672790527
v0.2×v0.3,wallet,shared_deceive,tell_location,4,1,0.027397632598876953
v0.2×v0.3,wallet,shared_help,tell_location,4,1,0.5578351020812988
v0.2×v0.3,wallet,false_deceive,want_check,4,1,0.6385645866394043
v0.2×v0.2,key,false_help,want_check,4,1,1.7172293663024902
v0.3×v0.2,key,false_help,want_check,4,1,1.5233430862426758
v0.2×v0.2,key,ignorance_deceive,want_check,4,1,-0.17486095428466797
v0.3×v0.2,key,ignorance_help,want_check,4,1,1.390329122543335
v0.2×v0.2,key,shared_deceive,want_check,4,1,-1.2312774658203125
v0.2×v0.3,pkg,shared_deceive,want_check,4,1,-0.7569513320922852
v0.2×v0.3,wallet,shared_deceive,want_check,4,1,0.07074642181396484
v0.2×v0.3,wallet,shared_help,want_check,4,1,1.2921314239501953
v0.2×v0.3,wallet,false_deceive,will_check,4,1,1.218137264251709
v0.2×v0.2,key,false_help,will_check,4,1,2.1305477619171143
v0.3×v0.2,key,false_help,will_check,4,1,2.0662119388580322
v0.2×v0.2,key,ignorance_deceive,will_check,4,1,-0.8815808296203613
v0.3×v0.2,key,ignorance_help,will_check,4,1,1.3811769485473633
v0.2×v0.2,key,shared_deceive,will_check,4,1,-1.5421922206878662
v0.2×v0.3,pkg,shared_deceive,will_check,4,1,-1.6949713230133057
v0.2×v0.3,wallet,shared_deceive,will_check,4,1,-0.8107030391693115
v0.2×v0.3,wallet,shared_help,will_check,4,1,0.946530818939209
v0.2×v0.3,wallet,false_deceive,ava_strategy,5,2,-1.5711288452148438
v0.2×v0.2,key,false_help,ava_strategy,5,2,-2.1060962677001953
v0.3×v0.2,key,false_help,ava_strategy,5,2,-2.233407974243164
v0.2×v0.2,key,ignorance_deceive,ava_strategy,5,2,-1.722987174987793
v0.3×v0.2,key,ignorance_help,ava_strategy,5,2,-2.230055809020996
v0.2×v0.2,key,shared_deceive,ava_strategy,5,2,-2.403010368347168
v0.2×v0.3,wallet,shared_deceive,ava_strategy,5,2,-0.8431143760681152
v0.2×v0.3,wallet,shared_help,ava_strategy,5,2,-1.3585600852966309
v0.2×v0.3,wallet,false_deceive,ava_think_location,5,2,0.23984146118164062
v0.2×v0.2,key,false_help,ava_think_location,5,2,-0.8703217506408691
v0.3×v0.2,key,false_help,ava_think_location,5,2,-1.030735969543457
v0.2×v0.2,key,ignorance_deceive,ava_think_location,5,2,0.8125710487365723
v0.3×v0.2,key,ignorance_help,ava_think_location,5,2,-1.0873146057128906
v0.2×v0.2,key,shared_deceive,ava_think_location,5,2,1.300792932510376
v0.2×v0.3,wallet,shared_deceive,ava_think_location,5,2,0.5566327571868896
v0.2×v0.3,wallet,shared_help,ava_think_location,5,2,0.6450152397155762
v0.2×v0.3,wallet,false_deceive,decision_confidence,5,2,0.6410350799560547
v0.2×v0.2,key,false_help,decision_confidence,5,2,3.5234110355377197
v0.3×v0.2,key,false_help,decision_confidence,5,2,0.4482293128967285
v0.2×v0.2,key,ignorance_deceive,decision_confidence,5,2,1.0522456169128418
v0.3×v0.2,key,ignorance_help,decision_confidence,5,2,0.8350086212158203
v0.2×v0.2,key,shared_deceive,decision_confidence,5,2,0.333742618560791
v0.2×v0.3,wallet,shared_deceive,decision_confidence,5,2,-0.46567678451538086
v0.2×v0.3,wallet,shared_help,decision_confidence,5,2,0.4681367874145508
v0.2×v0.3,wallet,false_deceive,mia_strategy,5,2,-2.1333789825439453
v0.2×v0.2,key,false_help,mia_strategy,5,2,-3.14801025390625
v0.3×v0.2,key,false_help,mia_strategy,5,2,-3.5052714347839355
v0.2×v0.2,key,ignorance_deceive,mia_strategy,5,2,-2.73177433013916
v0.3×v0.2,key,ignorance_help,mia_strategy,5,2,-2.8437867164611816
v0.2×v0.2,key,shared_deceive,mia_strategy,5,2,-3.472329616546631
v0.2×v0.3,wallet,shared_deceive,mia_strategy,5,2,-1.887906551361084
v0.2×v0.3,wallet,shared_help,mia_strategy,5,2,-1.162071704864502
v0.2×v0.3,wallet,false_deceive,mia_think_location,5,2,0.14923429489135742
v0.2×v0.2,key,false_help,mia_think_location,5,2,1.3364484310150146
v0.3×v0.2,key,false_help,mia_think_location,5,2,1.334937572479248
v0.2×v0.2,key,ignorance_deceive,mia_think_location,5,2,-1.2541730403900146
v0.3×v0.2,key,ignorance_help,mia_think_location,5,2,1.2589316368103027
v0.2×v0.2,key,shared_deceive,mia_think_location,5,2,-1.2614858150482178
v0.2×v0.3,wallet,shared_deceive,mia_think_location,5,2,0.10843038558959961
v0.2×v0.3,wallet,shared_help,mia_think_location,5,2,0.5037739276885986
v0.2×v0.3,wallet,false_deceive,other_honesty,5,2,-1.7368288040161133
v0.2×v0.2,key,false_help,other_honesty,5,2,-3.101588726043701
v0.3×v0.2,key,false_help,other_honesty,5,2,-3.340190887451172
v0.2×v0.2,key,ignorance_deceive,other_honesty,5,2,-2.378286838531494
v0.3×v0.2,key,ignorance_help,other_honesty,5,2,-2.9215574264526367
v0.2×v0.2,key,shared_deceive,other_honesty,5,2,-2.9393577575683594
v0.2×v0.3,wallet,shared_deceive,other_honesty,5,2,-1.2234406471252441
v0.2×v0.3,wallet,shared_help,other_honesty,5,2,-1.4244394302368164
v0.2×v0.3,wallet,false_deceive,other_strategy,5,2,-1.836742877960205
v0.2×v0.2,key,false_help,other_strategy,5,2,-3.092256546020508
v0.3×v0.2,key,false_help,other_strategy,5,2,-3.085055351257324
v0.2×v0.2,key,ignorance_deceive,other_strategy,5,2,-2.461029529571533
v0.3×v0.2,key,ignorance_help,other_strategy,5,2,-2.643815040588379
v0.2×v0.2,key,shared_deceive,other_strategy,5,2,-3.0951428413391113
v0.2×v0.3,wallet,shared_deceive,other_strategy,5,2,-1.3874919414520264
v0.2×v0.3,wallet,shared_help,other_strategy,5,2,-0.6622879505157471
v0.2×v0.3,wallet,false_deceive,other_think_location,5,2,0.2326045036315918
v0.2×v0.2,key,false_help,other_think_location,5,2,1.1923184394836426
v0.3×v0.2,key,false_help,other_think_location,5,2,1.1479346752166748
v0.2×v0.2,key,ignorance_deceive,other_think_location,5,2,-1.080479621887207
v0.3×v0.2,key,ignorance_help,other_think_location,5,2,1.1075670719146729
v0.2×v0.2,key,shared_deceive,other_think_location,5,2,-1.0574860572814941
v0.2×v0.3,wallet,shared_deceive,other_think_location,5,2,-0.0440526008605957
v0.2×v0.3,wallet,shared_help,other_think_location,5,2,0.48387908935546875
v0.2×v0.3,wallet,false_deceive,self_belief_location,5,2,0.329833984375
v0.2×v0.2,key,false_help,self_belief_location,5,2,-0.5871982574462891
v0.3×v0.2,key,false_help,self_belief_location,5,2,-0.7684483528137207
v0.2×v0.2,key,ignorance_deceive,self_belief_location,5,2,0.03370976448059082
v0.3×v0.2,key,ignorance_help,self_belief_location,5,2,-1.2548561096191406
v0.2×v0.2,key,shared_deceive,self_belief_location,5,2,1.9016722440719604
v0.2×v0.3,wallet,shared_deceive,self_belief_location,5,2,1.0504231452941895
v0.2×v0.3,wallet,shared_help,self_belief_location,5,2,0.9322645664215088
v0.2×v0.3,wallet,false_deceive,self_believe_location,5,2,0.2523820400238037
v0.2×v0.2,key,false_help,self_believe_location,5,2,-0.6661137342453003
v0.3×v0.2,key,false_help,self_believe_location,5,2,-1.1810131072998047
v0.2×v0.2,key,ignorance_deceive,self_believe_location,5,2,1.0036479234695435
v0.3×v0.2,key,ignorance_help,self_believe_location,5,2,-0.7025766372680664
v0.2×v0.2,key,shared_deceive,self_believe_location,5,2,1.2738559246063232
v0.2×v0.3,wallet,shared_deceive,self_believe_location,5,2,0.7367780208587646
v0.2×v0.3,wallet,shared_help,self_believe_location,5,2,0.7794055938720703
v0.2×v0.3,wallet,false_deceive,self_honesty,5,2,-1.25431489944458
v0.2×v0.2,key,false_help,self_honesty,5,2,-1.176091194152832
v0.3×v0.2,key,false_help,self_honesty,5,2,-2.1849193572998047
v0.2×v0.2,key,ignorance_deceive,self_honesty,5,2,-2.1533846855163574
v0.3×v0.2,key,ignorance_help,self_honesty,5,2,-3.051079273223877
v0.2×v0.2,key,shared_deceive,self_honesty,5,2,-1.230329990386963
v0.2×v0.3,wallet,shared_deceive,self_honesty,5,2,-0.5535178184509277
v0.2×v0.3,wallet,shared_help,self_honesty,5,2,-1.5578513145446777
v0.2×v0.3,wallet,false_deceive,self_think_location,5,2,0.22010207176208496
v0.2×v0.2,key,false_help,self_think_location,5,2,-0.004717826843261719
v0.3×v0.2,key,false_help,self_think_location,5,2,-0.5121455192565918
v0.2×v0.2,key,ignorance_deceive,self_think_location,5,2,0.6767585277557373
v0.3×v0.2,key,ignorance_help,self_think_location,5,2,-0.4616208076477051
v0.2×v0.2,key,shared_deceive,self_think_location,5,2,0.9319086074829102
v0.2×v0.3,wallet,shared_deceive,self_think_location,5,2,0.7081985473632812
v0.2×v0.3,wallet,shared_help,self_think_location,5,2,0.86087965965271
v0.2×v0.3,wallet,false_deceive,tell_location,5,2,0.22552251815795898
v0.2×v0.2,key,false_help,tell_location,5,2,0.0923314094543457
v0.3×v0.2,key,false_help,tell_location,5,2,-0.23105144500732422
v0.2×v0.2,key,ignorance_deceive,tell_location,5,2,-0.13268470764160156
v0.3×v0.2,key,ignorance_help,tell_location,5,2,-0.2678561210632324
v0.2×v0.2,key,shared_deceive,tell_location,5,2,0.9778838157653809
v0.2×v0.3,wallet,shared_deceive,tell_location,5,2,0.5861568450927734
v0.2×v0.3,wallet,shared_help,tell_location,5,2,0.40049076080322266
v0.2×v0.3,wallet,false_deceive,want_check,5,2,-0.4969782829284668
v0.2×v0.2,key,false_help,want_check,5,2,-0.004000663757324219
v0.3×v0.2,key,false_help,want_check,5,2,0.09615564346313477
v0.2×v0.2,key,ignorance_deceive,want_check,5,2,-0.8020753860473633
v0.3×v0.2,key,ignorance_help,want_check,5,2,-1.2895188331604004
v0.2×v0.2,key,shared_deceive,want_check,5,2,1.5032634735107422
v0.2×v0.3,wallet,shared_deceive,want_check,5,2,0.6515498161315918
v0.2×v0.3,wallet,shared_help,want_check,5,2,0.5640158653259277
v0.2×v0.3,wallet,false_deceive,will_check,5,2,-0.8060123920440674
v0.2×v0.2,key,false_help,will_check,5,2,1.7125279903411865
v0.3×v0.2,key,false_help,will_check,5,2,1.3769443035125732
v0.2×v0.2,key,ignorance_deceive,will_check,5,2,0.0572817325592041
v0.3×v0.2,key,ignorance_help,will_check,5,2,-0.9636876583099365
v0.2×v0.2,key,shared_deceive,will_check,5,2,2.1687514781951904
v0.2×v0.3,wallet,shared_deceive,will_check,5,2,0.9863719940185547
v0.2×v0.3,wallet,shared_help,will_check,5,2,0.45620131492614746
v0.2×v0.3,wallet,false_deceive,ava_strategy,6,1,-3.081035614013672
v0.2×v0.2,key,false_help,ava_strategy,6,1,-3.0080695152282715
v0.3×v0.2,key,false_help,ava_strategy,6,1,-2.1075267791748047
v0.2×v0.2,key,ignorance_deceive,ava_strategy,6,1,-2.8985719680786133
v0.2×v0.3,wallet,shared_deceive,ava_strategy,6,1,-1.9402599334716797
v0.2×v0.3,wallet,shared_help,ava_strategy,6,1,-1.84049654006958
v0.2×v0.3,wallet,false_deceive,ava_think_location,6,1,0.07886266708374023
v0.2×v0.2,key,false_help,ava_think_location,6,1,-1.2523794174194336
v0.3×v0.2,key,false_help,ava_think_location,6,1,-0.5335710048675537
v0.2×v0.2,key,ignorance_deceive,ava_think_location,6,1,0.9664888381958008
v0.2×v0.3,wallet,shared_deceive,ava_think_location,6,1,0.19553661346435547
v0.2×v0.3,wallet,shared_help,ava_think_location,6,1,0.5658962726593018
v0.2×v0.3,wallet,false_deceive,decision_confidence,6,1,-0.654329776763916
v0.2×v0.2,key,false_help,decision_confidence,6,1,2.08380126953125
v0.3×v0.2,key,false_help,decision_confidence,6,1,0.8082890510559082
v0.2×v0.2,key,ignorance_deceive,decision_confidence,6,1,0.2376084327697754
v0.2×v0.3,wallet,shared_deceive,decision_confidence,6,1,-0.9410700798034668
v0.2×v0.3,wallet,shared_help,decision_confidence,6,1,-1.385467529296875
v0.2×v0.3,wallet,false_deceive,mia_strategy,6,1,-2.766170024871826
v0.2×v0.2,key,false_help,mia_strategy,6,1,-0.39247655868530273
v0.3×v0.2,key,false_help,mia_strategy,6,1,0.07594060897827148
v0.2×v0.2,key,ignorance_deceive,mia_strategy,6,1,-3.1065497398376465
v0.2×v0.3,wallet,shared_deceive,mia_strategy,6,1,-2.7998292446136475
v0.2×v0.3,wallet,shared_help,mia_strategy,6,1,0.0066471099853515625
v0.2×v0.3,wallet,false_deceive,mia_think_location,6,1,1.033893346786499
v0.2×v0.2,key,false_help,mia_think_location,6,1,1.3574326038360596
v0.3×v0.2,key,false_help,mia_think_location,6,1,0.9029402732849121
v0.2×v0.2,key,ignorance_deceive,mia_think_location,6,1,-0.4645833969116211
v0.2×v0.3,wallet,shared_deceive,mia_think_location,6,1,0.26674318313598633
v0.2×v0.3,wallet,shared_help,mia_think_location,6,1,0.760399580001831
v0.2×v0.3,wallet,false_deceive,other_honesty,6,1,-2.1699604988098145
v0.2×v0.2,key,false_help,other_honesty,6,1,-2.545945644378662
v0.3×v0.2,key,false_help,other_honesty,6,1,-1.9555468559265137
v0.2×v0.2,key,ignorance_deceive,other_honesty,6,1,-2.3687591552734375
v0.2×v0.3,wallet,shared_deceive,other_honesty,6,1,-2.1439766883850098
v0.2×v0.3,wallet,shared_help,other_honesty,6,1,-2.0418543815612793
v0.2×v0.3,wallet,false_deceive,other_strategy,6,1,-2.1743431091308594
v0.2×v0.2,key,false_help,other_strategy,6,1,-2.3474678993225098
v0.3×v0.2,key,false_help,other_strategy,6,1,-1.7334589958190918
v0.2×v0.2,key,ignorance_deceive,other_strategy,6,1,-2.517935276031494
v0.2×v0.3,wallet,shared_deceive,other_strategy,6,1,-2.097538471221924
v0.2×v0.3,wallet,shared_help,other_strategy,6,1,-1.777723789215088
v0.2×v0.3,wallet,false_deceive,other_think_location,6,1,-0.025433063507080078
v0.2×v0.2,key,false_help,other_think_location,6,1,-1.1359362602233887
v0.3×v0.2,key,false_help,other_think_location,6,1,-0.6091365814208984
v0.2×v0.2,key,ignorance_deceive,other_think_location,6,1,0.21249175071716309
v0.2×v0.3,wallet,shared_deceive,other_think_location,6,1,0.2257375717163086
v0.2×v0.3,wallet,shared_help,other_think_location,6,1,0.5834274291992188
v0.2×v0.3,wallet,false_deceive,self_belief_location,6,1,1.7253450155258179
v0.2×v0.2,key,false_help,self_belief_location,6,1,2.1373730301856995
v0.3×v0.2,key,false_help,self_belief_location,6,1,1.4337724447250366
v0.2×v0.2,key,ignorance_deceive,self_belief_location,6,1,-1.0219581127166748
v0.2×v0.3,wallet,shared_deceive,self_belief_location,6,1,0.13970708847045898
v0.2×v0.3,wallet,shared_help,self_belief_location,6,1,1.1192562580108643
v0.2×v0.3,wallet,false_deceive,self_believe_location,6,1,0.8594419956207275
v0.2×v0.2,key,false_help,self_believe_location,6,1,1.6180799007415771
v0.3×v0.2,key,false_help,self_believe_location,6,1,0.999241828918457
v0.2×v0.2,key,ignorance_deceive,self_believe_location,6,1,-1.2960522174835205
v0.2×v0.3,wallet,shared_deceive,self_believe_location,6,1,0.13437390327453613
v0.2×v0.3,wallet,shared_help,self_believe_location,6,1,0.961714506149292
v0.2×v0.3,wallet,false_deceive,self_honesty,6,1,-1.1856846809387207
v0.2×v0.2,key,false_help,self_honesty,6,1,-0.6077780723571777
v0.3×v0.2,key,false_help,self_honesty,6,1,-0.5432367324829102
v0.2×v0.2,key,ignorance_deceive,self_honesty,6,1,-1.1927909851074219
v0.2×v0.3,wallet,shared_deceive,self_honesty,6,1,-2.6190624237060547
v0.2×v0.3,wallet,shared_help,self_honesty,6,1,-2.3507165908813477
v0.2×v0.3,wallet,false_deceive,self_think_location,6,1,0.5512614250183105
v0.2×v0.2,key,false_help,self_think_location,6,1,1.1951289176940918
v0.3×v0.2,key,false_help,self_think_location,6,1,0.8689813613891602
v0.2×v0.2,key,ignorance_deceive,self_think_location,6,1,-0.8280670642852783
v0.2×v0.3,wallet,shared_deceive,self_think_location,6,1,0.10761713981628418
v0.2×v0.3,wallet,shared_help,self_think_location,6,1,0.9897892475128174
v0.2×v0.3,wallet,false_deceive,tell_location,6,1,0.7579960823059082
v0.2×v0.2,key,false_help,tell_location,6,1,0.9026825428009033
v0.3×v0.2,key,false_help,tell_location,6,1,0.7409451007843018
v0.2×v0.2,key,ignorance_deceive,tell_location,6,1,0.06961488723754883
v0.2×v0.3,wallet,shared_deceive,tell_location,6,1,-0.020087718963623047
v0.2×v0.3,wallet,shared_help,tell_location,6,1,0.4188966751098633
v0.2×v0.3,wallet,false_deceive,want_check,6,1,0.9138565063476562
v0.2×v0.2,key,false_help,want_check,6,1,1.760869026184082
v0.3×v0.2,key,false_help,want_check,6,1,1.2518014907836914
v0.2×v0.2,key,ignorance_deceive,want_check,6,1,-0.08279037475585938
v0.2×v0.3,wallet,shared_deceive,want_check,6,1,-0.4554295539855957
v0.2×v0.3,wallet,shared_help,want_check,6,1,1.1385302543640137
v0.2×v0.3,wallet,false_deceive,will_check,6,1,1.8522534370422363
v0.2×v0.2,key,false_help,will_check,6,1,2.1413917541503906
v0.3×v0.2,key,false_help,will_check,6,1,1.7129111289978027
v0.2×v0.2,key,ignorance_deceive,will_check,6,1,-0.6198816299438477
v0.2×v0.3,wallet,shared_deceive,will_check,6,1,-0.794919490814209
v0.2×v0.3,wallet,shared_help,will_check,6,1,0.7585263252258301
v0.2×v0.3,wallet,false_deceive,ava_strategy,7,2,-1.6886372566223145
v0.2×v0.2,key,false_help,ava_strategy,7,2,-2.1350746154785156
v0.3×v0.2,key,false_help,ava_strategy,7,2,-1.5240235328674316
v0.2×v0.2,key,ignorance_deceive,ava_strategy,7,2,-1.960019588470459
v0.2×v0.3,wallet,shared_deceive,ava_strategy,7,2,-1.0261602401733398
v0.2×v0.3,wallet,shared_help,ava_strategy,7,2,-1.3236970901489258
v0.2×v0.3,wallet,false_deceive,ava_think_location,7,2,0.10828256607055664
v0.2×v0.2,key,false_help,ava_think_location,7,2,-0.9402420520782471
v0.3×v0.2,key,false_help,ava_think_location,7,2,-0.9953172206878662
v0.2×v0.2,key,ignorance_deceive,ava_think_location,7,2,0.8993144035339355
v0.2×v0.3,wallet,shared_deceive,ava_think_location,7,2,0.5154714584350586
v0.2×v0.3,wallet,shared_help,ava_think_location,7,2,0.7030706405639648
v0.2×v0.3,wallet,false_deceive,decision_confidence,7,2,0.8224611282348633
v0.2×v0.2,key,false_help,decision_confidence,7,2,3.154479742050171
v0.3×v0.2,key,false_help,decision_confidence,7,2,0.3745598793029785
v0.2×v0.2,key,ignorance_deceive,decision_confidence,7,2,0.9894075393676758
v0.2×v0.3,wallet,shared_deceive,decision_confidence,7,2,-0.04975271224975586
v0.2×v0.3,wallet,shared_help,decision_confidence,7,2,0.4702324867248535
v0.2×v0.3,wallet,false_deceive,mia_strategy,7,2,-2.2366549968719482
v0.2×v0.2,key,false_help,mia_strategy,7,2,-2.9249110221862793
v0.3×v0.2,key,false_help,mia_strategy,7,2,-3.2203140258789062
v0.2×v0.2,key,ignorance_deceive,mia_strategy,7,2,-2.4315624237060547
v0.2×v0.3,wallet,shared_deceive,mia_strategy,7,2,-1.9478936195373535
v0.2×v0.3,wallet,shared_help,mia_strategy,7,2,-1.1679537296295166
v0.2×v0.3,wallet,false_deceive,mia_think_location,7,2,0.05919194221496582
v0.2×v0.2,key,false_help,mia_think_location,7,2,1.3573219776153564
v0.3×v0.2,key,false_help,mia_think_location,7,2,1.2787163257598877
v0.2×v0.2,key,ignorance_deceive,mia_think_location,7,2,-1.2277600765228271
v0.2×v0.3,wallet,shared_deceive,mia_think_location,7,2,0.07719135284423828
v0.2×v0.3,wallet,shared_help,mia_think_location,7,2,0.5730395317077637
v0.2×v0.3,wallet,false_deceive,other_honesty,7,2,-1.731729507446289
v0.2×v0.2,key,false_help,other_honesty,7,2,-2.850566864013672
v0.3×v0.2,key,false_help,other_honesty,7,2,-2.9368834495544434
v0.2×v0.2,key,ignorance_deceive,other_honesty,7,2,-2.4887990951538086
v0.2×v0.3,wallet,shared_deceive,other_honesty,7,2,-1.2379865646362305
v0.2×v0.3,wallet,shared_help,other_honesty,7,2,-1.5297274589538574
v0.2×v0.3,wallet,false_deceive,other_strategy,7,2,-1.8439726829528809
v0.2×v0.2,key,false_help,other_strategy,7,2,-2.8507766723632812
v0.3×v0.2,key,false_help,other_strategy,7,2,-2.830933094024658
v0.2×v0.2,key,ignorance_deceive,other_strategy,7,2,-2.4025511741638184
v0.2×v0.3,wallet,shared_deceive,other_strategy,7,2,-1.3305377960205078
v0.2×v0.3,wallet,shared_help,other_strategy,7,2,-0.6844508647918701
v0.2×v0.3,wallet,false_deceive,other_think_location,7,2,0.17667150497436523
v0.2×v0.2,key,false_help,other_think_location,7,2,1.2178318500518799
v0.3×v0.2,key,false_help,other_think_location,7,2,1.1214239597320557
v0.2×v0.2,key,ignorance_deceive,other_think_location,7,2,-1.091674566268921
v0.2×v0.3,wallet,shared_deceive,other_think_location,7,2,-0.02036571502685547
v0.2×v0.3,wallet,shared_help,other_think_location,7,2,0.41242384910583496
v0.2×v0.3,wallet,false_deceive,self_belief_location,7,2,0.14672303199768066
v0.2×v0.2,key,false_help,self_belief_location,7,2,-1.1229984760284424
v0.3×v0.2,key,false_help,self_belief_location,7,2,-0.29859066009521484
v0.2×v0.2,key,ignorance_deceive,self_belief_location,7,2,-0.11124134063720703
v0.2×v0.3,wallet,shared_deceive,self_belief_location,7,2,0.8722069263458252
v0.2×v0.3,wallet,shared_help,self_belief_location,7,2,0.9567029476165771
v0.2×v0.3,wallet,false_deceive,self_believe_location,7,2,-0.050849199295043945
v0.2×v0.2,key,false_help,self_believe_location,7,2,-1.200276255607605
v0.3×v0.2,key,false_help,self_believe_location,7,2,-0.7713812589645386
v0.2×v0.2,key,ignorance_deceive,self_believe_location,7,2,0.8195136785507202
v0.2×v0.3,wallet,shared_deceive,self_believe_location,7,2,0.6518094539642334
v0.2×v0.3,wallet,shared_help,self_believe_location,7,2,0.7305402755737305
v0.2×v0.3,wallet,false_deceive,self_honesty,7,2,-0.9819331169128418
v0.2×v0.2,key,false_help,self_honesty,7,2,-1.1539850234985352
v0.3×v0.2,key,false_help,self_honesty,7,2,-2.031256675720215
v0.2×v0.2,key,ignorance_deceive,self_honesty,7,2,-2.5080361366271973
v0.2×v0.3,wallet,shared_deceive,self_honesty,7,2,-0.8568425178527832
v0.2×v0.3,wallet,shared_help,self_honesty,7,2,-1.3768248558044434
v0.2×v0.3,wallet,false_deceive,self_think_location,7,2,-0.05348634719848633
v0.2×v0.2,key,false_help,self_think_location,7,2,-0.4411022663116455
v0.3×v0.2,key,false_help,self_think_location,7,2,-0.7068040370941162
v0.2×v0.2,key,ignorance_deceive,self_think_location,7,2,0.31292033195495605
v0.2×v0.3,wallet,shared_deceive,self_think_location,7,2,0.6334431171417236
v0.2×v0.3,wallet,shared_help,self_think_location,7,2,0.8139078617095947
v0.2×v0.3,wallet,false_deceive,tell_location,7,2,0.06411600112915039
v0.2×v0.2,key,false_help,tell_location,7,2,-0.27924537658691406
v0.3×v0.2,key,false_help,tell_location,7,2,0.25615930557250977
v0.2×v0.2,key,ignorance_deceive,tell_location,7,2,-0.7770838737487793
v0.2×v0.3,wallet,shared_deceive,tell_location,7,2,0.417020320892334
v0.2×v0.3,wallet,shared_help,tell_location,7,2,0.42120981216430664
v0.2×v0.3,wallet,false_deceive,want_check,7,2,-0.6192288398742676
v0.2×v0.2,key,false_help,want_check,7,2,0.2301163673400879
v0.3×v0.2,key,false_help,want_check,7,2,-0.1426091194152832
v0.2×v0.2,key,ignorance_deceive,want_check,7,2,-1.2616138458251953
v0.2×v0.3,wallet,shared_deceive,want_check,7,2,0.5183572769165039
v0.2×v0.3,wallet,shared_help,want_check,7,2,0.5709228515625
v0.2×v0.3,wallet,false_deceive,will_check,7,2,-0.6875309944152832
v0.2×v0.2,key,false_help,will_check,7,2,0.11920332908630371
v0.3×v0.2,key,false_help,will_check,7,2,1.1080687046051025
v0.2×v0.2,key,ignorance_deceive,will_check,7,2,-0.07135605812072754
v0.2×v0.3,wallet,shared_deceive,will_check,7,2,0.7560672760009766
v0.2×v0.3,wallet,shared_help,will_check,7,2,0.6634750366210938
v0.2×v0.3,wallet,false_deceive,ava_strategy,8,1,-2.9794154167175293
v0.2×v0.2,key,false_help,ava_strategy,8,1,-3.008227825164795
v0.2×v0.2,key,ignorance_deceive,ava_strategy,8,1,-2.8848390579223633
v0.2×v0.3,wallet,shared_deceive,ava_strategy,8,1,-2.0591111183166504
v0.2×v0.3,wallet,shared_help,ava_strategy,8,1,-1.9149260520935059
v0.2×v0.3,wallet,false_deceive,ava_think_location,8,1,0.09511613845825195
v0.2×v0.2,key,false_help,ava_think_location,8,1,-1.217815637588501
v0.2×v0.2,key,ignorance_deceive,ava_think_location,8,1,0.9105639457702637
v0.2×v0.3,wallet,shared_deceive,ava_think_location,8,1,0.3060121536254883
v0.2×v0.3,wallet,shared_help,ava_think_location,8,1,0.3833591938018799
v0.2×v0.3,wallet,false_deceive,decision_confidence,8,1,-0.7796735763549805
v0.2×v0.2,key,false_help,decision_confidence,8,1,2.3399171829223633
v0.2×v0.2,key,ignorance_deceive,decision_confidence,8,1,-0.32991552352905273
v0.2×v0.3,wallet,shared_deceive,decision_confidence,8,1,-0.6274714469909668
v0.2×v0.3,wallet,shared_help,decision_confidence,8,1,-1.5509614944458008
v0.2×v0.3,wallet,false_deceive,mia_strategy,8,1,-2.7365591526031494
v0.2×v0.2,key,false_help,mia_strategy,8,1,-0.38854455947875977
v0.2×v0.2,key,ignorance_deceive,mia_strategy,8,1,-3.023108959197998
v0.2×v0.3,wallet,shared_deceive,mia_strategy,8,1,-2.692962646484375
v0.2×v0.3,wallet,shared_help,mia_strategy,8,1,-0.10953617095947266
v0.2×v0.3,wallet,false_deceive,mia_think_location,8,1,1.0447208881378174
v0.2×v0.2,key,false_help,mia_think_location,8,1,1.3741779327392578
v0.2×v0.2,key,ignorance_deceive,mia_think_location,8,1,-0.5609574317932129
v0.2×v0.3,wallet,shared_deceive,mia_think_location,8,1,0.25307655334472656
v0.2×v0.3,wallet,shared_help,mia_think_location,8,1,0.842350959777832
v0.2×v0.3,wallet,false_deceive,other_honesty,8,1,-2.2342772483825684
v0.2×v0.2,key,false_help,other_honesty,8,1,-2.514880657196045
v0.2×v0.2,key,ignorance_deceive,other_honesty,8,1,-2.542402744293213
v0.2×v0.3,wallet,shared_deceive,other_honesty,8,1,-2.1747961044311523
v0.2×v0.3,wallet,shared_help,other_honesty,8,1,-2.1621665954589844
v0.2×v0.3,wallet,false_deceive,other_strategy,8,1,-2.105767250061035
v0.2×v0.2,key,false_help,other_strategy,8,1,-2.2157907485961914
v0.2×v0.2,key,ignorance_deceive,other_strategy,8,1,-2.4665651321411133
v0.2×v0.3,wallet,shared_deceive,other_strategy,8,1,-1.9736766815185547
v0.2×v0.3,wallet,shared_help,other_strategy,8,1,-1.7112398147583008
v0.2×v0.3,wallet,false_deceive,other_think_location,8,1,0.07747364044189453
v0.2×v0.2,key,false_help,other_think_location,8,1,-1.0744261741638184
v0.2×v0.2,key,ignorance_deceive,other_think_location,8,1,0.020587682723999023
v0.2×v0.3,wallet,shared_deceive,other_think_location,8,1,0.3177452087402344
v0.2×v0.3,wallet,shared_help,other_think_location,8,1,0.4569668769836426
v0.2×v0.3,wallet,false_deceive,self_belief_location,8,1,1.8346216678619385
v0.2×v0.2,key,false_help,self_belief_location,8,1,2.0781359672546387
v0.2×v0.2,key,ignorance_deceive,self_belief_location,8,1,-1.2980339527130127
v0.2×v0.3,wallet,shared_deceive,self_belief_location,8,1,0.3951711654663086
v0.2×v0.3,wallet,shared_help,self_belief_location,8,1,1.3517999649047852
v0.2×v0.3,wallet,false_deceive,self_believe_location,8,1,1.008573055267334
v0.2×v0.2,key,false_help,self_believe_location,8,1,1.5990047454833984
v0.2×v0.2,key,ignorance_deceive,self_believe_location,8,1,-1.2449350357055664
v0.2×v0.3,wallet,shared_deceive,self_believe_location,8,1,0.3881380558013916
v0.2×v0.3,wallet,shared_help,self_believe_location,8,1,0.9436023235321045
v0.2×v0.3,wallet,false_deceive,self_honesty,8,1,-1.426849365234375
v0.2×v0.2,key,false_help,self_honesty,8,1,-0.6316924095153809
v0.2×v0.2,key,ignorance_deceive,self_honesty,8,1,-1.4651689529418945
v0.2×v0.3,wallet,shared_deceive,self_honesty,8,1,-2.2997941970825195
v0.2×v0.3,wallet,shared_help,self_honesty,8,1,-2.3493404388427734
v0.2×v0.3,wallet,false_deceive,self_think_location,8,1,0.8207695484161377
v0.2×v0.2,key,false_help,self_think_location,8,1,1.255786418914795
v0.2×v0.2,key,ignorance_deceive,self_think_location,8,1,-0.7529914379119873
v0.2×v0.3,wallet,shared_deceive,self_think_location,8,1,0.27353429794311523
v0.2×v0.3,wallet,shared_help,self_think_location,8,1,0.9925756454467773
v0.2×v0.3,wallet,false_deceive,tell_location,8,1,0.8805713653564453
v0.2×v0.2,key,false_help,tell_location,8,1,0.8636558055877686
v0.2×v0.2,key,ignorance_deceive,tell_location,8,1,0.09276342391967773
v0.2×v0.3,wallet,shared_deceive,tell_location,8,1,0.02715444564819336
v0.2×v0.3,wallet,shared_help,tell_location,8,1,0.4585864543914795
v0.2×v0.3,wallet,false_deceive,want_check,8,1,1.1850967407226562
v0.2×v0.2,key,false_help,want_check,8,1,1.722583293914795
v0.2×v0.2,key,ignorance_deceive,want_check,8,1,0.5429596900939941
v0.2×v0.3,wallet,shared_deceive,want_check,8,1,-0.26871490478515625
v0.2×v0.3,wallet,shared_help,want_check,8,1,1.0614800453186035
v0.2×v0.3,wallet,false_deceive,will_check,8,1,1.8605260848999023
v0.2×v0.2,key,false_help,will_check,8,1,2.152320623397827
v0.2×v0.2,key,ignorance_deceive,will_check,8,1,-0.49334716796875
v0.2×v0.3,wallet,shared_deceive,will_check,8,1,-0.8380427360534668
v0.2×v0.3,wallet,shared_help,will_check,8,1,1.0958080291748047
v0.2×v0.3,wallet,false_deceive,ava_strategy,9,2,-2.1045761108398438
v0.2×v0.2,key,false_help,ava_strategy,9,2,-2.136953830718994
v0.2×v0.2,key,ignorance_deceive,ava_strategy,9,2,-2.0071702003479004
v0.2×v0.3,wallet,shared_deceive,ava_strategy,9,2,-1.4858942031860352
v0.2×v0.3,wallet,shared_help,ava_strategy,9,2,-1.5000743865966797
v0.2×v0.3,wallet,false_deceive,ava_think_location,9,2,0.6219215393066406
v0.2×v0.2,key,false_help,ava_think_location,9,2,-0.9513118267059326
v0.2×v0.2,key,ignorance_deceive,ava_think_location,9,2,0.9026713371276855
v0.2×v0.3,wallet,shared_deceive,ava_think_location,9,2,0.6114616394042969
v0.2×v0.3,wallet,shared_help,ava_think_location,9,2,0.7708010673522949
v0.2×v0.3,wallet,false_deceive,decision_confidence,9,2,0.1360616683959961
v0.2×v0.2,key,false_help,decision_confidence,9,2,3.140681028366089
v0.2×v0.2,key,ignorance_deceive,decision_confidence,9,2,0.7100505828857422
v0.2×v0.3,wallet,shared_deceive,decision_confidence,9,2,0.2320880889892578
v0.2×v0.3,wallet,shared_help,decision_confidence,9,2,0.8337278366088867
v0.2×v0.3,wallet,false_deceive,mia_strategy,9,2,-1.9681222438812256
v0.2×v0.2,key,false_help,mia_strategy,9,2,-3.004941940307617
v0.2×v0.2,key,ignorance_deceive,mia_strategy,9,2,-2.536949634552002
v0.2×v0.3,wallet,shared_deceive,mia_strategy,9,2,-2.4845709800720215
v0.2×v0.3,wallet,shared_help,mia_strategy,9,2,-1.960839033126831
v0.2×v0.3,wallet,false_deceive,mia_think_location,9,2,0.4486656188964844
v0.2×v0.2,key,false_help,mia_think_location,9,2,1.34366774559021
v0.2×v0.2,key,ignorance_deceive,mia_think_location,9,2,-1.2538352012634277
v0.2×v0.3,wallet,shared_deceive,mia_think_location,9,2,0.09560155868530273
v0.2×v0.3,wallet,shared_help,mia_think_location,9,2,0.5925538539886475
v0.2×v0.3,wallet,false_deceive,other_honesty,9,2,-1.962235927581787
v0.2×v0.2,key,false_help,other_honesty,9,2,-2.7708139419555664
v0.2×v0.2,key,ignorance_deceive,other_honesty,9,2,-2.457470417022705
v0.2×v0.3,wallet,shared_deceive,other_honesty,9,2,-1.613175868988037
v0.2×v0.3,wallet,shared_help,other_honesty,9,2,-1.86979341506958
v0.2×v0.3,wallet,false_deceive,other_strategy,9,2,-1.4546434879302979
v0.2×v0.2,key,false_help,other_strategy,9,2,-2.941805839538574
v0.2×v0.2,key,ignorance_deceive,other_strategy,9,2,-2.321880340576172
v0.2×v0.3,wallet,shared_deceive,other_strategy,9,2,-2.077354907989502
v0.2×v0.3,wallet,shared_help,other_strategy,9,2,-1.522254228591919
v0.2×v0.3,wallet,false_deceive,other_think_location,9,2,0.4638032913208008
v0.2×v0.2,key,false_help,other_think_location,9,2,1.2118182182312012
v0.2×v0.2,key,ignorance_deceive,other_think_location,9,2,-1.0921010971069336
v0.2×v0.3,wallet,shared_deceive,other_think_location,9,2,-0.004507541656494141
v0.2×v0.3,wallet,shared_help,other_think_location,9,2,0.48667287826538086
v0.2×v0.3,wallet,false_deceive,self_belief_location,9,2,0.8424432277679443
v0.2×v0.2,key,false_help,self_belief_location,9,2,-1.37833571434021
v0.2×v0.2,key,ignorance_deceive,self_belief_location,9,2,0.4384591579437256
v0.2×v0.3,wallet,shared_deceive,self_belief_location,9,2,1.2816221714019775
v0.2×v0.3,wallet,shared_help,self_belief_location,9,2,1.228750467300415
v0.2×v0.3,wallet,false_deceive,self_believe_location,9,2,0.606330394744873
v0.2×v0.2,key,false_help,self_believe_location,9,2,-1.196269154548645
v0.2×v0.2,key,ignorance_deceive,self_believe_location,9,2,0.748906135559082
v0.2×v0.3,wallet,shared_deceive,self_believe_location,9,2,0.8568572998046875
v0.2×v0.3,wallet,shared_help,self_believe_location,9,2,0.8352835178375244
v0.2×v0.3,wallet,false_deceive,self_honesty,9,2,-1.508556842803955
v0.2×v0.2,key,false_help,self_honesty,9,2,-0.925870418548584
v0.2×v0.2,key,ignorance_deceive,self_honesty,9,2,-2.842726707458496
v0.2×v0.3,wallet,shared_deceive,self_honesty,9,2,-0.6277832984924316
v0.2×v0.3,wallet,shared_help,self_honesty,9,2,-1.5634093284606934
v0.2×v0.3,wallet,false_deceive,self_think_location,9,2,0.5613999366760254
v0.2×v0.2,key,false_help,self_think_location,9,2,-0.06106424331665039
v0.2×v0.2,key,ignorance_deceive,self_think_location,9,2,0.22510528564453125
v0.2×v0.3,wallet,shared_deceive,self_think_location,9,2,0.7901821136474609
v0.2×v0.3,wallet,shared_help,self_think_location,9,2,0.869821310043335
v0.2×v0.3,wallet,false_deceive,tell_location,9,2,0.6684434413909912
v0.2×v0.2,key,false_help,tell_location,9,2,-0.4361124038696289
v0.2×v0.2,key,ignorance_deceive,tell_location,9,2,-0.798184871673584
v0.2×v0.3,wallet,shared_deceive,tell_location,9,2,0.7176723480224609
v0.2×v0.3,wallet,shared_help,tell_location,9,2,0.4528992176055908
v0.2×v0.3,wallet,false_deceive,want_check,9,2,0.13281011581420898
v0.2×v0.2,key,false_help,want_check,9,2,-0.3393392562866211
v0.2×v0.2,key,ignorance_deceive,want_check,9,2,-0.8548016548156738
v0.2×v0.3,wallet,shared_deceive,want_check,9,2,-0.4001636505126953
v0.2×v0.3,wallet,shared_help,want_check,9,2,0.5282783508300781
v0.2×v0.3,wallet,false_deceive,will_check,9,2,1.1484386920928955
v0.2×v0.2,key,false_help,will_check,9,2,-0.5091855525970459
v0.2×v0.2,key,ignorance_deceive,will_check,9,2,0.816558837890625
v0.2×v0.3,wallet,shared_deceive,will_check,9,2,-0.7639641761779785
v0.2×v0.3,wallet,shared_help,will_check,9,2,0.5002145767211914
v0.2×v0.3,wallet,false_deceive,ava_strategy,10,1,-2.6739678382873535
v0.2×v0.2,key,false_help,ava_strategy,10,1,-3.0550403594970703
v0.2×v0.3,wallet,shared_deceive,ava_strategy,10,1,-2.386366367340088
v0.2×v0.3,wallet,shared_help,ava_strategy,10,1,-2.272216320037842
v0.2×v0.3,wallet,false_deceive,ava_think_location,10,1,-0.032358646392822266
v0.2×v0.2,key,false_help,ava_think_location,10,1,-1.224196195602417
v0.2×v0.3,wallet,shared_deceive,ava_think_location,10,1,1.3157062530517578
v0.2×v0.3,wallet,shared_help,ava_think_location,10,1,0.9658989906311035
v0.2×v0.3,wallet,false_deceive,decision_confidence,10,1,-1.6212306022644043
v0.2×v0.2,key,false_help,decision_confidence,10,1,1.821171760559082
v0.2×v0.3,wallet,shared_deceive,decision_confidence,10,1,-1.0081357955932617
v0.2×v0.3,wallet,shared_help,decision_confidence,10,1,0.013058662414550781
v0.2×v0.3,wallet,false_deceive,mia_strategy,10,1,-2.2468066215515137
v0.2×v0.2,key,false_help,mia_strategy,10,1,-0.34238195419311523
v0.2×v0.3,wallet,shared_deceive,mia_strategy,10,1,-2.7598609924316406
v0.2×v0.3,wallet,shared_help,mia_strategy,10,1,-0.35899877548217773
v0.2×v0.3,wallet,false_deceive,mia_think_location,10,1,0.7061331272125244
v0.2×v0.2,key,false_help,mia_think_location,10,1,1.3840723037719727
v0.2×v0.3,wallet,shared_deceive,mia_think_location,10,1,0.2332773208618164
v0.2×v0.3,wallet,shared_help,mia_think_location,10,1,0.8402054309844971
v0.2×v0.3,wallet,false_deceive,other_honesty,10,1,-2.6201748847961426
v0.2×v0.2,key,false_help,other_honesty,10,1,-2.423128604888916
v0.2×v0.3,wallet,shared_deceive,other_honesty,10,1,-2.0143423080444336
v0.2×v0.3,wallet,shared_help,other_honesty,10,1,-2.3671603202819824
v0.2×v0.3,wallet,false_deceive,other_strategy,10,1,-2.277479648590088
v0.2×v0.2,key,false_help,other_strategy,10,1,-2.1580448150634766
v0.2×v0.3,wallet,shared_deceive,other_strategy,10,1,-2.1507534980773926
v0.2×v0.3,wallet,shared_help,other_strategy,10,1,-1.9233646392822266
v0.2×v0.3,wallet,false_deceive,other_think_location,10,1,0.15334796905517578
v0.2×v0.2,key,false_help,other_think_location,10,1,-1.0820567607879639
v0.2×v0.3,wallet,shared_deceive,other_think_location,10,1,0.8272690773010254
v0.2×v0.3,wallet,shared_help,other_think_location,10,1,0.8042094707489014
v0.2×v0.3,wallet,false_deceive,self_belief_location,10,1,0.8826885223388672
v0.2×v0.2,key,false_help,self_belief_location,10,1,2.1542124152183533
v0.2×v0.3,wallet,shared_deceive,self_belief_location,10,1,0.3683738708496094
v0.2×v0.3,wallet,shared_help,self_belief_location,10,1,1.754241704940796
v0.2×v0.3,wallet,false_deceive,self_believe_location,10,1,0.7471890449523926
v0.2×v0.2,key,false_help,self_believe_location,10,1,1.5706803798675537
v0.2×v0.3,wallet,shared_deceive,self_believe_location,10,1,0.20679616928100586
v0.2×v0.3,wallet,shared_help,self_believe_location,10,1,0.9969027042388916
v0.2×v0.3,wallet,false_deceive,self_honesty,10,1,-2.1300597190856934
v0.2×v0.2,key,false_help,self_honesty,10,1,-0.5977253913879395
v0.2×v0.3,wallet,shared_deceive,self_honesty,10,1,-2.544323444366455
v0.2×v0.3,wallet,shared_help,self_honesty,10,1,-2.629800319671631
v0.2×v0.3,wallet,false_deceive,self_think_location,10,1,0.7386379241943359
v0.2×v0.2,key,false_help,self_think_location,10,1,1.1862070560455322
v0.2×v0.3,wallet,shared_deceive,self_think_location,10,1,0.12399530410766602
v0.2×v0.3,wallet,shared_help,self_think_location,10,1,1.1064224243164062
v0.2×v0.3,wallet,false_deceive,tell_location,10,1,0.6890268325805664
v0.2×v0.2,key,false_help,tell_location,10,1,0.9099671840667725
v0.2×v0.3,wallet,shared_deceive,tell_location,10,1,0.1309499740600586
v0.2×v0.3,wallet,shared_help,tell_location,10,1,0.656304121017456
v0.2×v0.3,wallet,false_deceive,want_check,10,1,0.270993709564209
v0.2×v0.2,key,false_help,want_check,10,1,1.7406883239746094
v0.2×v0.3,wallet,shared_deceive,want_check,10,1,-0.6502227783203125
v0.2×v0.3,wallet,shared_help,want_check,10,1,0.9961395263671875
v0.2×v0.3,wallet,false_deceive,will_check,10,1,1.2586498260498047
v0.2×v0.2,key,false_help,will_check,10,1,2.0873613357543945
v0.2×v0.3,wallet,shared_deceive,will_check,10,1,-1.8550653457641602
v0.2×v0.3,wallet,shared_help,will_check,10,1,1.4699945449829102
v0.2×v0.3,wallet,false_deceive,ava_strategy,11,2,-1.561607837677002
v0.2×v0.2,key,false_help,ava_strategy,11,2,-2.2362217903137207
v0.2×v0.3,wallet,shared_deceive,ava_strategy,11,2,-1.2979302406311035
v0.2×v0.3,wallet,shared_help,ava_strategy,11,2,-1.2463784217834473
v0.2×v0.3,wallet,false_deceive,ava_think_location,11,2,0.3562331199645996
v0.2×v0.2,key,false_help,ava_think_location,11,2,-1.0031061172485352
v0.2×v0.3,wallet,shared_deceive,ava_think_location,11,2,0.6165971755981445
v0.2×v0.3,wallet,shared_help,ava_think_location,11,2,0.8129498958587646
v0.2×v0.3,wallet,false_deceive,decision_confidence,11,2,0.022717952728271484
v0.2×v0.2,key,false_help,decision_confidence,11,2,2.4883904457092285
v0.2×v0.3,wallet,shared_deceive,decision_confidence,11,2,1.1230015754699707
v0.2×v0.3,wallet,shared_help,decision_confidence,11,2,0.899116039276123
v0.2×v0.3,wallet,false_deceive,mia_strategy,11,2,-1.8224668502807617
v0.2×v0.2,key,false_help,mia_strategy,11,2,-2.947269916534424
v0.2×v0.3,wallet,shared_deceive,mia_strategy,11,2,-2.291888952255249
v0.2×v0.3,wallet,shared_help,mia_strategy,11,2,-1.692214012145996
v0.2×v0.3,wallet,false_deceive,mia_think_location,11,2,0.30152082443237305
v0.2×v0.2,key,false_help,mia_think_location,11,2,1.3671505451202393
v0.2×v0.3,wallet,shared_deceive,mia_think_location,11,2,0.09386253356933594
v0.2×v0.3,wallet,shared_help,mia_think_location,11,2,0.6334671974182129
v0.2×v0.3,wallet,false_deceive,other_honesty,11,2,-1.726247787475586
v0.2×v0.2,key,false_help,other_honesty,11,2,-2.8472113609313965
v0.2×v0.3,wallet,shared_deceive,other_honesty,11,2,-1.6563568115234375
v0.2×v0.3,wallet,shared_help,other_honesty,11,2,-2.0093154907226562
v0.2×v0.3,wallet,false_deceive,other_strategy,11,2,-1.2804067134857178
v0.2×v0.2,key,false_help,other_strategy,11,2,-2.8141555786132812
v0.2×v0.3,wallet,shared_deceive,other_strategy,11,2,-1.972362995147705
v0.2×v0.3,wallet,shared_help,other_strategy,11,2,-1.533928394317627
v0.2×v0.3,wallet,false_deceive,other_think_location,11,2,0.38893961906433105
v0.2×v0.2,key,false_help,other_think_location,11,2,1.1975855827331543
v0.2×v0.3,wallet,shared_deceive,other_think_location,11,2,0.00319671630859375
v0.2×v0.3,wallet,shared_help,other_think_location,11,2,0.5676815509796143
v0.2×v0.3,wallet,false_deceive,self_belief_location,11,2,0.9113328456878662
v0.2×v0.2,key,false_help,self_belief_location,11,2,-1.3321778774261475
v0.2×v0.3,wallet,shared_deceive,self_belief_location,11,2,1.1694269180297852
v0.2×v0.3,wallet,shared_help,self_belief_location,11,2,1.3774492740631104
v0.2×v0.3,wallet,false_deceive,self_believe_location,11,2,0.7176551818847656
v0.2×v0.2,key,false_help,self_believe_location,11,2,-1.1693496704101562
v0.2×v0.3,wallet,shared_deceive,self_believe_location,11,2,0.9948389530181885
v0.2×v0.3,wallet,shared_help,self_believe_location,11,2,0.8616011142730713
v0.2×v0.3,wallet,false_deceive,self_honesty,11,2,-1.4995841979980469
v0.2×v0.2,key,false_help,self_honesty,11,2,-1.3677430152893066
v0.2×v0.3,wallet,shared_deceive,self_honesty,11,2,-0.037479400634765625
v0.2×v0.3,wallet,shared_help,self_honesty,11,2,-1.357759952545166
v0.2×v0.3,wallet,false_deceive,self_think_location,11,2,0.5560307502746582
v0.2×v0.2,key,false_help,self_think_location,11,2,0.08361577987670898
v0.2×v0.3,wallet,shared_deceive,self_think_location,11,2,0.8458511829376221
v0.2×v0.3,wallet,shared_help,self_think_location,11,2,0.7746706008911133
v0.2×v0.3,wallet,false_deceive,tell_location,11,2,0.6169998645782471
v0.2×v0.2,key,false_help,tell_location,11,2,-0.03451204299926758
v0.2×v0.3,wallet,shared_deceive,tell_location,11,2,0.5459475517272949
v0.2×v0.3,wallet,shared_help,tell_location,11,2,0.34935545921325684
v0.2×v0.3,wallet,false_deceive,want_check,11,2,-0.016707897186279297
v0.2×v0.2,key,false_help,want_check,11,2,-0.3755326271057129
v0.2×v0.3,wallet,shared_deceive,want_check,11,2,0.13055896759033203
v0.2×v0.3,wallet,shared_help,want_check,11,2,0.7186102867126465
v0.2×v0.3,wallet,false_deceive,will_check,11,2,0.8846194744110107
v0.2×v0.2,key,false_help,will_check,11,2,-0.6551263332366943
v0.2×v0.3,wallet,shared_deceive,will_check,11,2,-1.0585925579071045
v0.2×v0.3,wallet,shared_help,will_check,11,2,0.6397843360900879
v0.2×v0.3,wallet,false_deceive,ava_strategy,12,1,-2.3843302726745605
v0.2×v0.2,key,false_help,ava_strategy,12,1,-3.0414695739746094
v0.2×v0.3,wallet,shared_deceive,ava_strategy,12,1,-2.2488017082214355
v0.2×v0.3,wallet,shared_help,ava_strategy,12,1,-2.2584567070007324
v0.2×v0.3,wallet,false_deceive,ava_think_location,12,1,0.09392070770263672
v0.2×v0.2,key,false_help,ava_think_location,12,1,-1.2870001792907715
v0.2×v0.3,wallet,shared_deceive,ava_think_location,12,1,1.146275520324707
v0.2×v0.3,wallet,shared_help,ava_think_location,12,1,0.9181621074676514
v0.2×v0.3,wallet,false_deceive,decision_confidence,12,1,-1.9186406135559082
v0.2×v0.2,key,false_help,decision_confidence,12,1,1.5335335731506348
v0.2×v0.3,wallet,shared_deceive,decision_confidence,12,1,-1.026909351348877
v0.2×v0.3,wallet,shared_help,decision_confidence,12,1,-0.4181852340698242
v0.2×v0.3,wallet,false_deceive,mia_strategy,12,1,-2.1307718753814697
v0.2×v0.2,key,false_help,mia_strategy,12,1,-0.2889213562011719
v0.2×v0.3,wallet,shared_deceive,mia_strategy,12,1,-2.595623731613159
v0.2×v0.3,wallet,shared_help,mia_strategy,12,1,-0.21664762496948242
v0.2×v0.3,wallet,false_deceive,mia_think_location,12,1,0.5471618175506592
v0.2×v0.2,key,false_help,mia_think_location,12,1,1.3486487865447998
v0.2×v0.3,wallet,shared_deceive,mia_think_location,12,1,0.27986764907836914
v0.2×v0.3,wallet,shared_help,mia_think_location,12,1,0.8438897132873535
v0.2×v0.3,wallet,false_deceive,other_honesty,12,1,-2.4549827575683594
v0.2×v0.2,key,false_help,other_honesty,12,1,-2.1647791862487793
v0.2×v0.3,wallet,shared_deceive,other_honesty,12,1,-1.5672779083251953
v0.2×v0.3,wallet,shared_help,other_honesty,12,1,-2.4976916313171387
v0.2×v0.3,wallet,false_deceive,other_strategy,12,1,-2.032015800476074
v0.2×v0.2,key,false_help,other_strategy,12,1,-2.164113998413086
v0.2×v0.3,wallet,shared_deceive,other_strategy,12,1,-1.9629383087158203
v0.2×v0.3,wallet,shared_help,other_strategy,12,1,-1.947840690612793
v0.2×v0.3,wallet,false_deceive,other_think_location,12,1,0.13417387008666992
v0.2×v0.2,key,false_help,other_think_location,12,1,-1.1342384815216064
v0.2×v0.3,wallet,shared_deceive,other_think_location,12,1,0.5667111873626709
v0.2×v0.3,wallet,shared_help,other_think_location,12,1,0.5926215648651123
v0.2×v0.3,wallet,false_deceive,self_belief_location,12,1,0.7930967807769775
v0.2×v0.2,key,false_help,self_belief_location,12,1,2.1177284121513367
v0.2×v0.3,wallet,shared_deceive,self_belief_location,12,1,0.31566524505615234
v0.2×v0.3,wallet,shared_help,self_belief_location,12,1,1.8432166576385498
v0.2×v0.3,wallet,false_deceive,self_believe_location,12,1,0.6496834754943848
v0.2×v0.2,key,false_help,self_believe_location,12,1,1.5550038814544678
v0.2×v0.3,wallet,shared_deceive,self_believe_location,12,1,0.3335418701171875
v0.2×v0.3,wallet,shared_help,self_believe_location,12,1,1.0049567222595215
v0.2×v0.3,wallet,false_deceive,self_honesty,12,1,-2.2178587913513184
v0.2×v0.2,key,false_help,self_honesty,12,1,-0.7441844940185547
v0.2×v0.3,wallet,shared_deceive,self_honesty,12,1,-2.308988571166992
v0.2×v0.3,wallet,shared_help,self_honesty,12,1,-2.544881820678711
v0.2×v0.3,wallet,false_deceive,self_think_location,12,1,0.6597158908843994
v0.2×v0.2,key,false_help,self_think_location,12,1,1.0258431434631348
v0.2×v0.3,wallet,shared_deceive,self_think_location,12,1,0.1973118782043457
v0.2×v0.3,wallet,shared_help,self_think_location,12,1,1.0830469131469727
v0.2×v0.3,wallet,false_deceive,tell_location,12,1,0.46578216552734375
v0.2×v0.2,key,false_help,tell_location,12,1,0.7770116329193115
v0.2×v0.3,wallet,shared_deceive,tell_location,12,1,0.19069528579711914
v0.2×v0.3,wallet,shared_help,tell_location,12,1,0.5269269943237305
v0.2×v0.3,wallet,false_deceive,want_check,12,1,0.26898193359375
v0.2×v0.2,key,false_help,want_check,12,1,1.6760010719299316
v0.2×v0.3,wallet,shared_deceive,want_check,12,1,-0.6344590187072754
v0.2×v0.3,wallet,shared_help,want_check,12,1,1.0819759368896484
v0.2×v0.3,wallet,false_deceive,will_check,12,1,1.0550265312194824
v0.2×v0.2,key,false_help,will_check,12,1,1.957007884979248
v0.2×v0.3,wallet,shared_deceive,will_check,12,1,-0.9800465106964111
v0.2×v0.3,wallet,shared_help,will_check,12,1,1.3253703117370605
v0.2×v0.3,wallet,false_deceive,ava_strategy,13,2,-1.513261318206787
v0.2×v0.2,key,false_help,ava_strategy,13,2,-2.2327451705932617
v0.2×v0.3,wallet,shared_deceive,ava_strategy,13,2,-1.252537727355957
v0.2×v0.3,wallet,shared_help,ava_strategy,13,2,-1.5292916297912598
v0.2×v0.3,wallet,false_deceive,ava_think_location,13,2,0.27150964736938477
v0.2×v0.2,key,false_help,ava_think_location,13,2,-1.0283052921295166
v0.2×v0.3,wallet,shared_deceive,ava_think_location,13,2,0.7367744445800781
v0.2×v0.3,wallet,shared_help,ava_think_location,13,2,0.8408317565917969
v0.2×v0.3,wallet,false_deceive,decision_confidence,13,2,-0.026337623596191406
v0.2×v0.2,key,false_help,decision_confidence,13,2,1.4771480560302734
v0.2×v0.3,wallet,shared_deceive,decision_confidence,13,2,0.806419849395752
v0.2×v0.3,wallet,shared_help,decision_confidence,13,2,0.9510321617126465
v0.2×v0.3,wallet,false_deceive,mia_strategy,13,2,-1.6501996517181396
v0.2×v0.2,key,false_help,mia_strategy,13,2,-2.486980438232422
v0.2×v0.3,wallet,shared_deceive,mia_strategy,13,2,-2.2837305068969727
v0.2×v0.3,wallet,shared_help,mia_strategy,13,2,-1.540435791015625
v0.2×v0.3,wallet,false_deceive,mia_think_location,13,2,0.1617140769958496
v0.2×v0.2,key,false_help,mia_think_location,13,2,1.317335844039917
v0.2×v0.3,wallet,shared_deceive,mia_think_location,13,2,0.1353607177734375
v0.2×v0.3,wallet,shared_help,mia_think_location,13,2,0.7255651950836182
v0.2×v0.3,wallet,false_deceive,other_honesty,13,2,-1.7964506149291992
v0.2×v0.2,key,false_help,other_honesty,13,2,-2.4548792839050293
v0.2×v0.3,wallet,shared_deceive,other_honesty,13,2,-1.7569727897644043
v0.2×v0.3,wallet,shared_help,other_honesty,13,2,-1.8137245178222656
v0.2×v0.3,wallet,false_deceive,other_strategy,13,2,-0.9488945007324219
v0.2×v0.2,key,false_help,other_strategy,13,2,-2.5658397674560547
v0.2×v0.3,wallet,shared_deceive,other_strategy,13,2,-1.837843418121338
v0.2×v0.3,wallet,shared_help,other_strategy,13,2,-1.3743486404418945
v0.2×v0.3,wallet,false_deceive,other_think_location,13,2,0.3108680248260498
v0.2×v0.2,key,false_help,other_think_location,13,2,1.1397883892059326
v0.2×v0.3,wallet,shared_deceive,other_think_location,13,2,0.04371356964111328
v0.2×v0.3,wallet,shared_help,other_think_location,13,2,0.651331901550293
v0.2×v0.3,wallet,false_deceive,self_belief_location,13,2,1.1374530792236328
v0.2×v0.2,key,false_help,self_belief_location,13,2,-1.1443231105804443
v0.2×v0.3,wallet,shared_deceive,self_belief_location,13,2,1.2256803512573242
v0.2×v0.3,wallet,shared_help,self_belief_location,13,2,1.3413300514221191
v0.2×v0.3,wallet,false_deceive,self_believe_location,13,2,0.8396837711334229
v0.2×v0.2,key,false_help,self_believe_location,13,2,-1.1429874897003174
v0.2×v0.3,wallet,shared_deceive,self_believe_location,13,2,0.9656522274017334
v0.2×v0.3,wallet,shared_help,self_believe_location,13,2,0.9764721393585205
v0.2×v0.3,wallet,false_deceive,self_honesty,13,2,-1.1729321479797363
v0.2×v0.2,key,false_help,self_honesty,13,2,-1.319967269897461
v0.2×v0.3,wallet,shared_deceive,self_honesty,13,2,-0.3156275749206543
v0.2×v0.3,wallet,shared_help,self_honesty,13,2,-1.9927663803100586
v0.2×v0.3,wallet,false_deceive,self_think_location,13,2,0.5980658531188965
v0.2×v0.2,key,false_help,self_think_location,13,2,-0.07340431213378906
v0.2×v0.3,wallet,shared_deceive,self_think_location,13,2,0.8654661178588867
v0.2×v0.3,wallet,shared_help,self_think_location,13,2,0.7760143280029297
v0.2×v0.3,wallet,false_deceive,tell_location,13,2,0.6203675270080566
v0.2×v0.2,key,false_help,tell_location,13,2,-0.09189081192016602
v0.2×v0.3,wallet,shared_deceive,tell_location,13,2,0.5859618186950684
v0.2×v0.3,wallet,shared_help,tell_location,13,2,0.17654943466186523
v0.2×v0.3,wallet,false_deceive,want_check,13,2,0.17456626892089844
v0.2×v0.2,key,false_help,want_check,13,2,-0.6957521438598633
v0.2×v0.3,wallet,shared_deceive,want_check,13,2,0.2318873405456543
v0.2×v0.3,wallet,shared_help,want_check,13,2,0.8374905586242676
v0.2×v0.3,wallet,false_deceive,will_check,13,2,0.907188892364502
v0.2×v0.2,key,false_help,will_check,13,2,-0.6620526313781738
v0.2×v0.3,wallet,shared_deceive,will_check,13,2,-0.36456727981567383
v0.2×v0.3,wallet,shared_help,will_check,13,2,0.786583423614502
v0.2×v0.3,wallet,false_deceive,ava_strategy,14,1,-2.6175436973571777
v0.2×v0.2,key,false_help,ava_strategy,14,1,-2.9539361000061035
v0.2×v0.3,wallet,shared_deceive,ava_strategy,14,1,-2.298210620880127
v0.2×v0.3,wallet,shared_help,ava_strategy,14,1,-2.134908676147461
v0.2×v0.3,wallet,false_deceive,ava_think_location,14,1,-0.04303455352783203
v0.2×v0.2,key,false_help,ava_think_location,14,1,-1.2728347778320312
v0.2×v0.3,wallet,shared_deceive,ava_think_location,14,1,1.1204378604888916
v0.2×v0.3,wallet,shared_help,ava_think_location,14,1,0.7989873886108398
v0.2×v0.3,wallet,false_deceive,decision_confidence,14,1,-1.888188362121582
v0.2×v0.2,key,false_help,decision_confidence,14,1,1.2305831909179688
v0.2×v0.3,wallet,shared_deceive,decision_confidence,14,1,-1.1567010879516602
v0.2×v0.3,wallet,shared_help,decision_confidence,14,1,-0.4551715850830078
v0.2×v0.3,wallet,false_deceive,mia_strategy,14,1,-2.367513418197632
v0.2×v0.2,key,false_help,mia_strategy,14,1,-0.22994565963745117
v0.2×v0.3,wallet,shared_deceive,mia_strategy,14,1,-2.701638698577881
v0.2×v0.3,wallet,shared_help,mia_strategy,14,1,-0.4439225196838379
v0.2×v0.3,wallet,false_deceive,mia_think_location,14,1,0.5232682228088379
v0.2×v0.2,key,false_help,mia_think_location,14,1,1.3826580047607422
v0.2×v0.3,wallet,shared_deceive,mia_think_location,14,1,0.2831406593322754
v0.2×v0.3,wallet,shared_help,mia_think_location,14,1,0.7787437438964844
v0.2×v0.3,wallet,false_deceive,other_honesty,14,1,-2.8017802238464355
v0.2×v0.2,key,false_help,other_honesty,14,1,-2.2441015243530273
v0.2×v0.3,wallet,shared_deceive,other_honesty,14,1,-1.7462410926818848
v0.2×v0.3,wallet,shared_help,other_honesty,14,1,-2.689507007598877
v0.2×v0.3,wallet,false_deceive,other_strategy,14,1,-2.284811019897461
v0.2×v0.2,key,false_help,other_strategy,14,1,-2.147913932800293
v0.2×v0.3,wallet,shared_deceive,other_strategy,14,1,-2.030038833618164
v0.2×v0.3,wallet,shared_help,other_strategy,14,1,-1.7296485900878906
v0.2×v0.3,wallet,false_deceive,other_think_location,14,1,0.06014585494995117
v0.2×v0.2,key,false_help,other_think_location,14,1,-1.1664962768554688
v0.2×v0.3,wallet,shared_deceive,other_think_location,14,1,0.6202869415283203
v0.2×v0.3,wallet,shared_help,other_think_location,14,1,0.5297942161560059
v0.2×v0.3,wallet,false_deceive,self_belief_location,14,1,0.41500329971313477
v0.2×v0.2,key,false_help,self_belief_location,14,1,2.096139967441559
v0.2×v0.3,wallet,shared_deceive,self_belief_location,14,1,0.4372406005859375
v0.2×v0.3,wallet,shared_help,self_belief_location,14,1,1.8966126441955566
v0.2×v0.3,wallet,false_deceive,self_believe_location,14,1,0.4506821632385254
v0.2×v0.2,key,false_help,self_believe_location,14,1,1.576584815979004
v0.2×v0.3,wallet,shared_deceive,self_believe_location,14,1,0.3643336296081543
v0.2×v0.3,wallet,shared_help,self_believe_location,14,1,1.0071661472320557
v0.2×v0.3,wallet,false_deceive,self_honesty,14,1,-2.506110668182373
v0.2×v0.2,key,false_help,self_honesty,14,1,-0.7804803848266602
v0.2×v0.3,wallet,shared_deceive,self_honesty,14,1,-2.26423978805542
v0.2×v0.3,wallet,shared_help,self_honesty,14,1,-3.1365609169006348
v0.2×v0.3,wallet,false_deceive,self_think_location,14,1,0.39736008644104004
v0.2×v0.2,key,false_help,self_think_location,14,1,1.1053617000579834
v0.2×v0.3,wallet,shared_deceive,self_think_location,14,1,0.3062400817871094
v0.2×v0.3,wallet,shared_help,self_think_location,14,1,1.0146842002868652
v0.2×v0.3,wallet,false_deceive,tell_location,14,1,0.5567483901977539
v0.2×v0.2,key,false_help,tell_location,14,1,0.7214908599853516
v0.2×v0.3,wallet,shared_deceive,tell_location,14,1,0.16393089294433594
v0.2×v0.3,wallet,shared_help,tell_location,14,1,0.643733024597168
v0.2×v0.3,wallet,false_deceive,want_check,14,1,-0.0525822639465332
v0.2×v0.2,key,false_help,want_check,14,1,1.7067632675170898
v0.2×v0.3,wallet,shared_deceive,want_check,14,1,-1.0426411628723145
v0.2×v0.3,wallet,shared_help,want_check,14,1,0.6538400650024414
v0.2×v0.3,wallet,false_deceive,will_check,14,1,0.832970142364502
v0.2×v0.2,key,false_help,will_check,14,1,2.0065836906433105
v0.2×v0.3,wallet,shared_deceive,will_check,14,1,-1.2400856018066406
v0.2×v0.3,wallet,shared_help,will_check,14,1,0.8833198547363281
v0.2×v0.3,wallet,false_deceive,ava_strategy,15,2,-1.637305736541748
v0.2×v0.2,key,false_help,ava_strategy,15,2,-2.2016072273254395
v0.2×v0.3,wallet,shared_deceive,ava_strategy,15,2,-1.2201895713806152
v0.2×v0.3,wallet,shared_help,ava_strategy,15,2,-1.529810905456543
v0.2×v0.3,wallet,false_deceive,ava_think_location,15,2,0.28115129470825195
v0.2×v0.2,key,false_help,ava_think_location,15,2,-1.0763142108917236
v0.2×v0.3,wallet,shared_deceive,ava_think_location,15,2,0.7401909828186035
v0.2×v0.3,wallet,shared_help,ava_think_location,15,2,0.8508334159851074
v0.2×v0.3,wallet,false_deceive,decision_confidence,15,2,-0.4739718437194824
v0.2×v0.2,key,false_help,decision_confidence,15,2,2.157468318939209
v0.2×v0.3,wallet,shared_deceive,decision_confidence,15,2,0.757850170135498
v0.2×v0.3,wallet,shared_help,decision_confidence,15,2,0.4795689582824707
v0.2×v0.3,wallet,false_deceive,mia_strategy,15,2,-2.1729788780212402
v0.2×v0.2,key,false_help,mia_strategy,15,2,-2.503994941711426
v0.2×v0.3,wallet,shared_deceive,mia_strategy,15,2,-2.495695114135742
v0.2×v0.3,wallet,shared_help,mia_strategy,15,2,-1.6557798385620117
v0.2×v0.3,wallet,false_deceive,mia_think_location,15,2,0.07657861709594727
v0.2×v0.2,key,false_help,mia_think_location,15,2,1.342674970626831
v0.2×v0.3,wallet,shared_deceive,mia_think_location,15,2,0.13206720352172852
v0.2×v0.3,wallet,shared_help,mia_think_location,15,2,0.6755166053771973
v0.2×v0.3,wallet,false_deceive,other_honesty,15,2,-2.0164966583251953
v0.2×v0.2,key,false_help,other_honesty,15,2,-2.557681083679199
v0.2×v0.3,wallet,shared_deceive,other_honesty,15,2,-1.900153636932373
v0.2×v0.3,wallet,shared_help,other_honesty,15,2,-2.133213996887207
v0.2×v0.3,wallet,false_deceive,other_strategy,15,2,-1.1920223236083984
v0.2×v0.2,key,false_help,other_strategy,15,2,-2.4509124755859375
v0.2×v0.3,wallet,shared_deceive,other_strategy,15,2,-1.9212355613708496
v0.2×v0.3,wallet,shared_help,other_strategy,15,2,-1.474379539489746
v0.2×v0.3,wallet,false_deceive,other_think_location,15,2,0.20106267929077148
v0.2×v0.2,key,false_help,other_think_location,15,2,1.1715571880340576
v0.2×v0.3,wallet,shared_deceive,other_think_location,15,2,0.030745506286621094
v0.2×v0.3,wallet,shared_help,other_think_location,15,2,0.6489737033843994
v0.2×v0.3,wallet,false_deceive,self_belief_location,15,2,1.231454610824585
v0.2×v0.2,key,false_help,self_belief_location,15,2,-1.2291314601898193
v0.2×v0.3,wallet,shared_deceive,self_belief_location,15,2,1.2131805419921875
v0.2×v0.3,wallet,shared_help,self_belief_location,15,2,1.3985800743103027
v0.2×v0.3,wallet,false_deceive,self_believe_location,15,2,0.7082095146179199
v0.2×v0.2,key,false_help,self_believe_location,15,2,-1.2346513271331787
v0.2×v0.3,wallet,shared_deceive,self_believe_location,15,2,0.9707076549530029
v0.2×v0.3,wallet,shared_help,self_believe_location,15,2,0.8906841278076172
v0.2×v0.3,wallet,false_deceive,self_honesty,15,2,-1.186234474182129
v0.2×v0.2,key,false_help,self_honesty,15,2,-1.1461906433105469
v0.2×v0.3,wallet,shared_deceive,self_honesty,15,2,-0.42604875564575195
v0.2×v0.3,wallet,shared_help,self_honesty,15,2,-2.8727588653564453
v0.2×v0.3,wallet,false_deceive,self_think_location,15,2,0.5889430046081543
v0.2×v0.2,key,false_help,self_think_location,15,2,-0.23879480361938477
v0.2×v0.3,wallet,shared_deceive,self_think_location,15,2,0.8749079704284668
v0.2×v0.3,wallet,shared_help,self_think_location,15,2,0.7903563976287842
v0.2×v0.3,wallet,false_deceive,tell_location,15,2,0.6939430236816406
v0.2×v0.2,key,false_help,tell_location,15,2,-0.4299798011779785
v0.2×v0.3,wallet,shared_deceive,tell_location,15,2,0.559363842010498
v0.2×v0.3,wallet,shared_help,tell_location,15,2,0.312222957611084
v0.2×v0.3,wallet,false_deceive,want_check,15,2,-0.0668635368347168
v0.2×v0.2,key,false_help,want_check,15,2,-0.6693472862243652
v0.2×v0.3,wallet,shared_deceive,want_check,15,2,0.2667412757873535
v0.2×v0.3,wallet,shared_help,want_check,15,2,0.8170304298400879
v0.2×v0.3,wallet,false_deceive,will_check,15,2,0.49372315406799316
v0.2×v0.2,key,false_help,will_check,15,2,-1.1624128818511963
v0.2×v0.3,wallet,shared_deceive,will_check,15,2,-0.026927947998046875
v0.2×v0.3,wallet,shared_help,will_check,15,2,0.9076399803161621
