pattern,episode,item,true_location,other_location,belief,mia_opening,ava_response,final_choice,correct
The X is [prep] Y,0,apron,drawer,hook,shared_truth,The apron is on the drawer.,"Great, I will check the drawer. LEAVE",drawer,1.0
The X is [prep] Y,0,apron,drawer,hook,ignorance,The apron is on the drawer.,I will check the drawer then. LEAVE,drawer,1.0
The X is [prep] Y,1,badge,desk,hook by the door,shared_truth,The badge is on the desk.,"Great, I'll check the desk. LEAVE",desk,1.0
The X is [prep] Y,1,badge,desk,hook by the door,ignorance,The badge is on the desk.,I will check the desk. LEAVE.,desk,1.0
The X is [prep] Y,2,ball,garage,yard,shared_truth,The ball is in the garage.,"Great, I'll go check the garage. LEAVE.",garage,1.0
The X is [prep] Y,2,ball,garage,yard,ignorance,The ball is in the garage.,"Thanks, I'll check the garage. LEAVE.",garage,1.0
The X is [prep] Y,3,belt,chair,closet,shared_truth,The belt is on the chair.,"Thanks, I'll check the chair. LEAVE.",chair,1.0
The X is [prep] Y,3,belt,chair,closet,ignorance,The belt is on the chair.,I'll check the chair then. LEAVE.,chair,1.0
The X is [prep] Y,4,binder,desk,shelf,shared_truth,The binder is on the desk.,"Thanks, I'll check the desk. LEAVE",desk,1.0
The X is [prep] Y,4,binder,desk,shelf,ignorance,The binder is on the desk.,"Thanks, I will check the desk. LEAVE.",desk,1.0
The X is [prep] Y,5,blanket,bed,chair,shared_truth,The blanket is on the bed.,"Thanks, I'll check the bed. LEAVE.",bed,1.0
The X is [prep] Y,5,blanket,bed,chair,ignorance,The blanket is on the bed.,"Thanks, I'll look on the bed. LEAVE.",bed,1.0
The X is [prep] Y,6,book,shelf,bag,shared_truth,The book is on the shelf.,I'll check the shelf. LEAVE.,shelf,1.0
The X is [prep] Y,6,book,shelf,bag,ignorance,The book is on the shelf.,"Thanks, I'll check the shelf. LE",,
The X is [prep] Y,7,bottle,counter,fridge,shared_truth,The bottle is on the counter.,"Thanks, I'll look on the counter. LEAVE",counter,1.0
The X is [prep] Y,7,bottle,counter,fridge,ignorance,The bottle is on the counter.,"Thanks, I'll check the counter. LEAVE",counter,1.0
The X is [prep] Y,8,bowl,table,counter,shared_truth,The bowl is on the table.,I will check the table then. LEAVE,table,1.0
The X is [prep] Y,8,bowl,table,counter,ignorance,The bowl is on the table.,"Thanks, I'll check the table. LEAVE",table,1.0
The X is [prep] Y,9,broom,closet,corner,shared_truth,The broom is in the closet.,I'll check the closet then. LEAVE.,closet,1.0
The X is [prep] Y,9,broom,closet,corner,ignorance,The broom is in the closet.,"Got it, I will check the closet. LEAVE",closet,1.0
The X is [prep] Y,10,brush,drawer,counter,shared_truth,The brush is right there on the drawer.,"Got it, I'll look on the drawer. LEAVE.",drawer,1.0
The X is [prep] Y,10,brush,drawer,counter,ignorance,The brush is right there on the drawer.,"Thanks, I'll check the drawer. LEAVE",drawer,1.0
The X is [prep] Y,11,bulb,box,shelf,shared_truth,The bulb is on the box.,"Thanks, I'll check the box. LEAVE",box,1.0
The X is [prep] Y,11,bulb,box,shelf,ignorance,The bulb is on the box.,I will look on the box. LEAVE,box,1.0
The X is [prep] Y,12,cable,desk,floor underneath,shared_truth,The cable is right here on the desk.,"Thanks, I'll take it from the desk. LEAVE",desk,1.0
The X is [prep] Y,12,cable,desk,floor underneath,ignorance,The cable is right here on the desk.,"Thanks, I'll check the desk. LEAVE",desk,1.0
The X is [prep] Y,13,camera,shelf,bag,shared_truth,The camera is on the shelf.,"Thanks, I'll check the shelf. LEAVE.",shelf,1.0
The X is [prep] Y,13,camera,shelf,bag,ignorance,The camera is on the shelf.,"Thanks, I will check the shelf. LEAVE",shelf,1.0
The X is [prep] Y,14,candle,mantle,side table,shared_truth,The candle is on the mantle.,Thank you. I will check the mantle. LEAVE,mantle,1.0
The X is [prep] Y,14,candle,mantle,side table,ignorance,The candle is on the mantle.,I will look on the mantle. LEAVE,mantle,1.0
The X is [prep] Y,15,chain,hook,box,shared_truth,The chain is on the hook.,"Thanks, I'll look on the hook. LEAVE",hook,1.0
The X is [prep] Y,15,chain,hook,box,ignorance,The chain is on the hook.,I will check the hook. LEAVE.,hook,1.0
The X is [prep] Y,16,chalk,box,chalk tray,shared_truth,The chalk is in the box.,I'll look in the box then. LEAVE,box,1.0
The X is [prep] Y,16,chalk,box,chalk tray,ignorance,The chalk is in the box.,I will look in the box. LEAVE.,box,1.0
The X is [prep] Y,17,charger,desk,bed,shared_truth,The charger is on the desk.,I'll check the desk then. LEAVE.,desk,1.0
The X is [prep] Y,17,charger,desk,bed,ignorance,The charger is on the desk.,"Thanks, I'll look on the desk. LEAVE",desk,1.0
The X is [prep] Y,18,clip,desk,paper tray,shared_truth,The clip is on the desk.,I'll look on the desk then. LEAVE.,desk,1.0
The X is [prep] Y,18,clip,desk,paper tray,ignorance,The clip is on the desk.,"Thanks, I'll look on the desk. LE",,
The X is [prep] Y,19,clipboard,desk,shelf,shared_truth,The clipboard is on the desk.,"Thanks, I'll check the desk. LEAVE.",desk,1.0
The X is [prep] Y,19,clipboard,desk,shelf,ignorance,The clipboard is on the desk.,I will check the desk then. LEAVE,desk,1.0
The X is [prep] Y,20,cloth,basket,drying rack,shared_truth,The cloth is right there on the basket.,"Thanks, I'll check the basket. LEAVE.",basket,1.0
The X is [prep] Y,20,cloth,basket,drying rack,ignorance,The cloth is right there on the basket.,"Thanks, I'll check the basket. LEAVE.",basket,1.0
The X is [prep] Y,21,coin,pocket,jar,shared_truth,The coin is in the coat pocket.,I'll look in the coat pocket. LEAVE.,pocket,1.0
The X is [prep] Y,21,coin,pocket,jar,ignorance,The coin is in the coat pocket.,I will check the coat pocket. LEAVE.,pocket,1.0
The X is [prep] Y,22,comb,drawer,shelf,shared_truth,The comb is on the drawer.,I'll check the drawer then. LEAVE,drawer,1.0
The X is [prep] Y,22,comb,drawer,shelf,ignorance,The comb is on the drawer.,"Thanks, I'll check the drawer. LEAVE.",drawer,1.0
The X is [prep] Y,23,cord,basket,desk,shared_truth,The cord is on the basket.,I'll check the basket then. LEAVE.,basket,1.0
The X is [prep] Y,23,cord,basket,desk,ignorance,The cord is on the basket.,"Thanks, I'll check the basket. LEAVE",basket,1.0
The X is [prep] Y,24,cup,shelf,table,shared_truth,The cup is on the shelf.,I'll look on the shelf. LEAVE,shelf,1.0
The X is [prep] Y,24,cup,shelf,table,ignorance,The cup is on the shelf.,I'll check the shelf. LEAVE,shelf,1.0
The X is [prep] Y,25,dice,table,cup,shared_truth,The dice is on the table.,I'll check the table then. LEAVE,table,1.0
The X is [prep] Y,25,dice,table,cup,ignorance,The dice is on the table.,I will look on the table. LEAVE,table,1.0
The X is [prep] Y,26,drill,bench,tool case,shared_truth,The drill is on the workbench.,"Thanks, I'll check the workbench. LEAVE",bench,1.0
The X is [prep] Y,26,drill,bench,tool case,ignorance,The drill is on the workbench.,I will check the workbench. LEAVE,bench,1.0
The X is [prep] Y,27,fan,shelf,floor,shared_truth,The fan is on the shelf.,I'll check the shelf. LEAVE.,shelf,1.0
The X is [prep] Y,27,fan,shelf,floor,ignorance,The fan is on the shelf.,"Got it, I'll check the shelf. LEAVE.",shelf,1.0
The X is [prep] Y,28,film,shelf,drawer,shared_truth,The film is on the shelf.,I'll check the shelf then. LEAVE,shelf,1.0
The X is [prep] Y,28,film,shelf,drawer,ignorance,The film is on the shelf.,I'll check the shelf. LEAVE,shelf,1.0
The X is [prep] Y,29,flag,pole,storage box,shared_truth,The flag is on the pole.,"Thanks, I will check the pole. LEAVE",pole,1.0
The X is [prep] Y,29,flag,pole,storage box,ignorance,The flag is on the pole.,"Thanks, I'll check the pole. LEAVE.",pole,1.0
The X is [prep] Y,30,flashlight,drawer,shelf,shared_truth,The flashlight is on the drawer.,"Thanks, I'll check the drawer. LEAVE.",drawer,1.0
The X is [prep] Y,30,flashlight,drawer,shelf,ignorance,The flashlight is on the drawer.,"Thanks, I'll check the drawer. LEAVE",drawer,1.0
The X is [prep] Y,31,flask,locker,desk,shared_truth,The flask is on the locker.,I'll check the locker. LEAVE,locker,1.0
The X is [prep] Y,31,flask,locker,desk,ignorance,The flask is on the locker.,"Thanks, I'll check the locker. LEAVE",locker,1.0
The X is [prep] Y,32,fork,counter,drawer,shared_truth,The fork is on the counter.,"Thanks, I'll check the counter. LEAVE",counter,1.0
The X is [prep] Y,32,fork,counter,drawer,ignorance,The fork is on the counter.,"Thanks, I'll grab it from the counter. LEAVE.",counter,1.0
The X is [prep] Y,33,frame,wall,desk,shared_truth,The frame is right there on the wall.,"Perfect, I'll check the wall. LEAVE",wall,1.0
The X is [prep] Y,33,frame,wall,desk,ignorance,The frame is right there on the wall.,"Thanks, I'll check the wall. LEAVE",wall,1.0
The X is [prep] Y,34,glasses,shelf,counter,shared_truth,The glasses is right there on the shelf.,"Thanks, I'll look on the shelf. LEAVE",shelf,1.0
The X is [prep] Y,34,glasses,shelf,counter,ignorance,The glasses is right there on the shelf.,"Thanks, I'll check the shelf. LEAVE.",shelf,1.0
The X is [prep] Y,35,globe,shelf,desk,shared_truth,The globe is on the shelf.,I will look on the shelf. LEAVE,shelf,1.0
The X is [prep] Y,35,globe,shelf,desk,ignorance,The globe is on the shelf.,"Thanks, I'll check the shelf. LEAVE",shelf,1.0
The X is [prep] Y,36,glove,bench,coat pocket,shared_truth,The glove is right over there on the bench.,"Perfect, I'll check the bench. LEAVE.",bench,1.0
The X is [prep] Y,36,glove,bench,coat pocket,ignorance,The glove is right over there on the bench.,I'll check the bench. LEAVE,bench,1.0
The X is [prep] Y,37,hammer,floor,shelf,shared_truth,The hammer is on the floor.,"Thanks, I'll look on the floor. LEAVE.",floor,1.0
The X is [prep] Y,37,hammer,floor,shelf,ignorance,The hammer is on the floor.,I will look on the floor. LEAVE.,floor,1.0
The X is [prep] Y,38,hat,hook,chair,shared_truth,The hat is on the hook.,"Thanks, I'll check the hook. LEAVE",hook,1.0
The X is [prep] Y,38,hat,hook,chair,ignorance,The hat is on the hook.,I'll check the hook. LEAVE,hook,1.0
The X is [prep] Y,39,jacket,hook,chair,shared_truth,The jacket is hanging on the coat hook.,I'll check the coat hook. LEAVE.,hook,1.0
The X is [prep] Y,39,jacket,hook,chair,ignorance,The jacket is hanging on the coat hook.,"Thanks, I'll check the coat hook. LEAVE",hook,1.0
The X is [prep] Y,40,jar,counter,shelf,shared_truth,The jar is on the counter.,I will check the counter then. LEAVE.,counter,1.0
The X is [prep] Y,40,jar,counter,shelf,ignorance,The jar is on the counter.,"Got it, I will look on the counter. LEAVE",counter,1.0
The X is [prep] Y,41,key,red box,blue box,shared_truth,The key is in the red box.,I will check the red box. LEAVE.,red box,1.0
The X is [prep] Y,41,key,red box,blue box,ignorance,The key is in the red box.,I'll check the red box. LEAVE.,red box,1.0
The X is [prep] Y,42,knob,box,shelf,shared_truth,The knob is on the box.,"Thanks, I will check the box. LEAVE",box,1.0
The X is [prep] Y,42,knob,box,shelf,ignorance,The knob is on the box.,"Thank you, I'll check the box. LEAVE.",box,1.0
The X is [prep] Y,43,lantern,truck,tent,shared_truth,The lantern is in the truck.,"Perfect, I'll go get it from the truck. LEAVE",truck,1.0
The X is [prep] Y,43,lantern,truck,tent,ignorance,The lantern is in the truck.,"Thanks, I'll check the truck. LEAVE",truck,1.0
The X is [prep] Y,44,lanyard,locker,desk,shared_truth,The lanyard is over there on the locker.,"Great, I'll check the locker then. LEAVE.",locker,1.0
The X is [prep] Y,44,lanyard,locker,desk,ignorance,The lanyard is over there on the locker.,I'll check the locker. LEAVE,locker,1.0
The X is [prep] Y,45,leash,hook,table,shared_truth,The leash is on the hook.,"Thanks, I'll check the hook. LEAVE",hook,1.0
The X is [prep] Y,45,leash,hook,table,ignorance,The leash is on the hook.,"Thank you, I'll check the hook. LEAVE.",hook,1.0
The X is [prep] Y,46,lens,bag,lens case,shared_truth,The lens is in the bag.,I'll check the bag then. LEAVE.,bag,1.0
The X is [prep] Y,46,lens,bag,lens case,ignorance,The lens is in the bag.,I'll check the bag. LEAVE.,bag,1.0
The X is [prep] Y,47,letter,mat,mailbox,shared_truth,The letter is on the door mat.,"Thanks, I'll check the door mat. LEAVE.",mat,1.0
The X is [prep] Y,47,letter,mat,mailbox,ignorance,The letter is on the door mat.,Thank you. I'll check the door mat. LEAVE.,mat,1.0
The X is [prep] Y,48,lighter,pocket,drawer,shared_truth,The lighter is in the jacket pocket.,"Thanks, I will check the jacket pocket then. LEAVE",pocket,1.0
The X is [prep] Y,48,lighter,pocket,drawer,ignorance,The lighter is in the jacket pocket.,"Thanks, I'll check the jacket pocket. LEAVE.",pocket,1.0
The X is [prep] Y,49,lock,gate,shed,shared_truth,The lock is on the gate.,"Great, I'll check the gate then. LEAVE",gate,1.0
The X is [prep] Y,49,lock,gate,shed,ignorance,The lock is on the gate.,"Thanks, I'll check the gate. LEAVE",gate,1.0
The X is [prep] Y,50,map,wall,table,shared_truth,The map is on the wall.,"Thanks, I will look on the wall. LEAVE.",wall,1.0
The X is [prep] Y,50,map,wall,table,ignorance,The map is on the wall.,"Thanks, I'll check the wall. LEAVE.",wall,1.0
The X is [prep] Y,51,marker,tray,cup,shared_truth,The marker is in the tray.,I will look in the tray. LEAVE.,tray,1.0
The X is [prep] Y,51,marker,tray,cup,ignorance,The marker is in the tray.,"Got it, I'll check the tray. LEAVE.",tray,1.0
The X is [prep] Y,52,mask,drawer,hook,shared_truth,The mask is on the drawer.,"Thank you, I'll check the drawer then. LEAVE",drawer,1.0
The X is [prep] Y,52,mask,drawer,hook,ignorance,The mask is on the drawer.,I will look on the drawer then. LEAVE,drawer,1.0
The X is [prep] Y,53,mat,shelf,floor,shared_truth,The mat is on the shelf.,"Thanks, I'll check the shelf. LEAVE.",shelf,1.0
The X is [prep] Y,53,mat,shelf,floor,ignorance,The mat is on the shelf.,I'll check the shelf then. LEAVE.,shelf,1.0
The X is [prep] Y,54,medal,box,shelf,shared_truth,The medal is on the display box.,"Great, I'll check the display box. LEAVE.",box,1.0
The X is [prep] Y,54,medal,box,shelf,ignorance,The medal is on the display box.,I will look in the display box. LEAVE,box,1.0
The X is [prep] Y,55,mirror,shelf,wall,shared_truth,The mirror is on the shelf.,I'll check the shelf then. LEAVE,shelf,1.0
The X is [prep] Y,55,mirror,shelf,wall,ignorance,The mirror is on the shelf.,I will look on the shelf. LEAVE.,shelf,1.0
The X is [prep] Y,56,mug,rack,shelf,shared_truth,The mug is on the drying rack.,"Great, I'll look on the drying rack. LEAVE",rack,1.0
The X is [prep] Y,56,mug,rack,shelf,ignorance,The mug is on the drying rack.,"Thanks, I'll check the drying rack. LEAVE.",rack,1.0
The X is [prep] Y,57,needle,drawer,box,shared_truth,The needle is in the drawer.,I'll look in the drawer. LEAVE,drawer,1.0
The X is [prep] Y,57,needle,drawer,box,ignorance,The needle is in the drawer.,"Thanks, I'll check the drawer. LEAVE",drawer,1.0
The X is [prep] Y,58,net,shed,yard,shared_truth,The net is in the storage shed.,"Thanks, I'll check the storage shed then. LEAVE",shed,1.0
The X is [prep] Y,58,net,shed,yard,ignorance,The net is in the storage shed.,"Thanks, I'll go check the storage shed. LEAVE",shed,1.0
The X is [prep] Y,59,notebook,desk,backpack,shared_truth,The notebook is in the desk.,"Thanks, I will check the desk. LEAVE",desk,1.0
The X is [prep] Y,59,notebook,desk,backpack,ignorance,The notebook is in the desk.,"Thanks, I'll look in the desk. LEAVE",desk,1.0
The X is [prep] Y,60,package,back porch,,shared_truth,The package is on the back porch.,"Thanks, I'll check the back porch. LEAVE",,
The X is [prep] Y,60,package,back porch,,ignorance,The package is on the back porch.,I'll check the back porch then. LEAVE,,
The X is [prep] Y,61,pail,shed,porch,shared_truth,The pail is on the shed.,"Thanks, I will check the shed. LEAVE",shed,1.0
The X is [prep] Y,61,pail,shed,porch,ignorance,The pail is on the shed.,"Thanks, I'll go check the shed. LEAVE",shed,1.0
The X is [prep] Y,62,paint,shelf,workbench,shared_truth,The paint is on the shelf.,I will check the shelf then. LEAVE,shelf,1.0
The X is [prep] Y,62,paint,shelf,workbench,ignorance,The paint is on the shelf.,"Thanks, I will look on the shelf. LEAVE",shelf,1.0
The X is [prep] Y,63,pan,shelf,stove,shared_truth,The pan is on the shelf.,"Thanks, I'll look on the shelf. LEAVE.",shelf,1.0
The X is [prep] Y,63,pan,shelf,stove,ignorance,The pan is on the shelf.,I will check the shelf then. LEAVE.,shelf,1.0
The X is [prep] Y,64,patch,drawer,table,shared_truth,The patch is on the drawer.,Thanks for confirming. I'll check the drawer. LEAVE.,drawer,1.0
The X is [prep] Y,64,patch,drawer,table,ignorance,The patch is on the drawer.,"Thanks, I'll check the drawer. LEAVE",drawer,1.0
The X is [prep] Y,65,pen,tray,cup,shared_truth,The pen is in the tray.,"Thanks, I'll check the tray. LEAVE",tray,1.0
The X is [prep] Y,65,pen,tray,cup,ignorance,The pen is in the tray.,I'll check the tray then. LEAVE,tray,1.0
The X is [prep] Y,66,phone,table,couch,shared_truth,The phone is on the table.,"Great, I'll look on the table. LEAVE",table,1.0
The X is [prep] Y,66,phone,table,couch,ignorance,The phone is on the table.,"Thanks, I'll look on the table. LEAVE",table,1.0
The X is [prep] Y,67,photo,drawer,shelf,shared_truth,The photo is in the drawer.,"Thanks, I'll check the drawer. LEAVE.",drawer,1.0
The X is [prep] Y,67,photo,drawer,shelf,ignorance,The photo is in the drawer.,"Okay, I will look in the drawer. LEAVE.",drawer,1.0
The X is [prep] Y,68,pillow,bed,couch,shared_truth,The pillow is on the bed.,"Thanks, I'll check the bed. LEAVE.",bed,1.0
The X is [prep] Y,68,pillow,bed,couch,ignorance,The pillow is on the bed.,"Got it, I'll look on the bed. LEAVE",bed,1.0
The X is [prep] Y,69,plate,sink,table,shared_truth,The plate is on the sink.,I'll check the sink. LEAVE,sink,1.0
The X is [prep] Y,69,plate,sink,table,ignorance,The plate is on the sink.,I'll check the sink then. LEAVE,sink,1.0
The X is [prep] Y,70,plug,floor,desk,shared_truth,The plug is on the floor.,"Thanks, I'll check the floor. LEAVE.",floor,1.0
The X is [prep] Y,70,plug,floor,desk,ignorance,The plug is on the floor.,I will check the floor. LEAVE,floor,1.0
The X is [prep] Y,71,rake,shed,fence,shared_truth,The rake is over by the shed.,"Perfect, I'll check by the shed. LEAVE",shed,1.0
The X is [prep] Y,71,rake,shed,fence,ignorance,The rake is over by the shed.,I'll check by the shed then. LEAVE.,shed,1.0
The X is [prep] Y,72,receipt,pocket,folder,shared_truth,The receipt is in the coat pocket.,I'll check the coat pocket then. LEAVE,pocket,1.0
The X is [prep] Y,72,receipt,pocket,folder,ignorance,The receipt is in the coat pocket.,"Got it, I'll check the coat pocket. LEAVE.",pocket,1.0
The X is [prep] Y,73,remote,table,sofa cushion,shared_truth,The remote is on the coffee table.,"Thanks, I'll check the coffee table. LEAVE.",table,1.0
The X is [prep] Y,73,remote,table,sofa cushion,ignorance,The remote is on the coffee table.,"Thanks, I'll check the coffee table. LEAVE.",table,1.0
The X is [prep] Y,74,ring,box,pouch,shared_truth,The ring is in the small box.,"Thanks, I will check the small box. LEAVE",box,1.0
The X is [prep] Y,74,ring,box,pouch,ignorance,The ring is in the small box.,I will check the small box. LEAVE.,box,1.0
The X is [prep] Y,75,rope,shed,car trunk,shared_truth,The rope is in the shed.,"Perfect, I will look in the shed. LEAVE",shed,1.0
The X is [prep] Y,75,rope,shed,car trunk,ignorance,The rope is in the shed.,"Thanks, I'll go check the shed. LEAVE",shed,1.0
The X is [prep] Y,76,scale,shelf,counter,shared_truth,The scale is on the shelf.,"Thanks, I'll check the shelf. LEAVE",shelf,1.0
The X is [prep] Y,76,scale,shelf,counter,ignorance,The scale is on the shelf.,I will check the shelf. LEAVE,shelf,1.0
The X is [prep] Y,77,scarf,closet,bench,shared_truth,The scarf is in the closet.,"Thanks, I'll check the closet. LEAVE.",closet,1.0
The X is [prep] Y,77,scarf,closet,bench,ignorance,The scarf is in the closet.,I'll look in the closet. LEAVE,closet,1.0
The X is [prep] Y,78,scissors,desk,cabinet,shared_truth,The scissors is on the desk.,I'll check the desk then. LEAVE.,desk,1.0
The X is [prep] Y,78,scissors,desk,cabinet,ignorance,The scissors is on the desk.,"Thanks, I'll check the desk. LEAVE",desk,1.0
The X is [prep] Y,79,seed,bag,pot,shared_truth,The seed is in the bag.,I will look in the bag. LEAVE.,bag,1.0
The X is [prep] Y,79,seed,bag,pot,ignorance,The seed is in the bag.,"Got it, I'll check the bag. LEAVE",bag,1.0
The X is [prep] Y,80,shovel,yard,tool shed,shared_truth,The shovel is in the yard.,"Thanks, I'll go check the yard. LEAVE.",yard,1.0
The X is [prep] Y,80,shovel,yard,tool shed,ignorance,The shovel is in the yard.,"Got it, I'll go look in the yard. LEAVE.",yard,1.0
The X is [prep] Y,81,soap,ledge,shelf,shared_truth,The soap is on the window ledge.,I'll check the window ledge then. LEAVE,ledge,1.0
The X is [prep] Y,81,soap,ledge,shelf,ignorance,The soap is on the window ledge.,I'll check the window ledge then. LEAVE,ledge,1.0
The X is [prep] Y,82,sponge,counter,sink,shared_truth,The sponge is on the counter.,"Thanks, I will check the counter then. LEAVE",counter,1.0
The X is [prep] Y,82,sponge,counter,sink,ignorance,The sponge is on the counter.,"Got it, I'll check the counter. LEAVE.",counter,1.0
The X is [prep] Y,83,spoon,bowl,cup,shared_truth,The spoon is in the bowl.,I'll check the bowl then. LEAVE,bowl,1.0
The X is [prep] Y,83,spoon,bowl,cup,ignorance,The spoon is in the bowl.,I'll check the bowl then. LEAVE,bowl,1.0
The X is [prep] Y,84,stamp,drawer,tray,shared_truth,The stamp is in the drawer.,"Great, I'll check the drawer then. LEAVE",drawer,1.0
The X is [prep] Y,84,stamp,drawer,tray,ignorance,The stamp is in the drawer.,"Thanks, I'll check the drawer. LEAVE",drawer,1.0
The X is [prep] Y,85,stapler,desk,drawer,shared_truth,The stapler is on the desk.,"Thank you, I will look on the desk. LEAVE.",desk,1.0
The X is [prep] Y,85,stapler,desk,drawer,ignorance,The stapler is on the desk.,I'll check the desk then. LEAVE.,desk,1.0
The X is [prep] Y,86,stone,pot,window ledge,shared_truth,The stone is on the pot.,I'll check the pot. LEAVE.,pot,1.0
The X is [prep] Y,86,stone,pot,window ledge,ignorance,The stone is on the pot.,"Thanks, I'll check the pot. LEAVE.",pot,1.0
The X is [prep] Y,87,strap,drawer,hook,shared_truth,The strap is on the drawer.,"Thanks, I'll check the drawer. LEAVE.",drawer,1.0
The X is [prep] Y,87,strap,drawer,hook,ignorance,The strap is on the drawer.,"Got it, I'll look on the drawer. LEAVE",drawer,1.0
The X is [prep] Y,88,tape,shelf,drawer,shared_truth,The tape is on the shelf.,I'll check the shelf. LEAVE,shelf,1.0
The X is [prep] Y,88,tape,shelf,drawer,ignorance,The tape is on the shelf.,"Got it, I'll look on the shelf. LEAVE.",shelf,1.0
The X is [prep] Y,89,ticket,pocket,bag,shared_truth,The ticket is in the coat pocket.,I will check the coat pocket. LEAVE,pocket,1.0
The X is [prep] Y,89,ticket,pocket,bag,ignorance,The ticket is in the coat pocket.,"Thanks, I will check the coat pocket. LEAVE",pocket,1.0
The X is [prep] Y,90,towel,rack,laundry basket,shared_truth,The towel is on the rack.,I'll check the towel rack then. LEAVE.,rack,1.0
The X is [prep] Y,90,towel,rack,laundry basket,ignorance,The towel is on the rack.,I will check the towel rack. LEAVE.,rack,1.0
The X is [prep] Y,91,toy,bin,rug,shared_truth,The toy is on the bin.,"Thanks, I'll check the toy bin. LEAVE",bin,1.0
The X is [prep] Y,91,toy,bin,rug,ignorance,The toy is on the bin.,I'll check the toy bin then. LEAVE,bin,1.0
The X is [prep] Y,92,tray,oven,counter,shared_truth,The tray is right there on the oven.,"Thanks, I'll check the oven. LEAVE.",oven,1.0
The X is [prep] Y,92,tray,oven,counter,ignorance,The tray is right there on the oven.,"Thanks, I'll check the oven. LEAVE.",oven,1.0
The X is [prep] Y,93,umbrella,hook,umbrella stand,shared_truth,The umbrella is on the wall hook.,I'll check the wall hook then. LEAVE.,hook,1.0
The X is [prep] Y,93,umbrella,hook,umbrella stand,ignorance,The umbrella is on the wall hook.,"Got it, I'll check the wall hook. LEAVE.",hook,1.0
The X is [prep] Y,94,vase,mantle,table,shared_truth,The vase is on the mantle.,I will look on the mantle. LEAVE,mantle,1.0
The X is [prep] Y,94,vase,mantle,table,ignorance,The vase is on the mantle.,"Thanks, I'll check the mantle. LEAVE.",mantle,1.0
The X is [prep] Y,95,wallet,drawer,desk,shared_truth,The wallet is in the drawer.,"Thanks, I will check the drawer. LEAVE.",drawer,1.0
The X is [prep] Y,95,wallet,drawer,desk,ignorance,The wallet is in the drawer.,"Thanks, I'll check the drawer. LEAVE",drawer,1.0
The X is [prep] Y,96,watch,nightstand,dresser,shared_truth,The watch is on the nightstand.,I'll check the nightstand. LEAVE.,nightstand,1.0
The X is [prep] Y,96,watch,nightstand,dresser,ignorance,The watch is on the nightstand.,"Thanks, I'll check the nightstand. LEAVE.",nightstand,1.0
The X is [prep] Y,97,whisk,drawer,hook,shared_truth,The whisk is on the drawer.,I will check the drawer then. LEAVE,drawer,1.0
The X is [prep] Y,97,whisk,drawer,hook,ignorance,The whisk is on the drawer.,I'll check the drawer. LEAVE,drawer,1.0
The X is [prep] Y,98,wire,bench,drawer,shared_truth,The wire is on the bench.,I'll check the bench. LEAVE.,bench,1.0
The X is [prep] Y,98,wire,bench,drawer,ignorance,The wire is on the bench.,"Got it, I'll look on the bench. LEAVE.",bench,1.0
The X is [prep] Y,99,wrench,toolbox,workbench,shared_truth,The wrench is on the toolbox.,"Great, I'll check the toolbox then. LEAVE.",toolbox,1.0
The X is [prep] Y,99,wrench,toolbox,workbench,ignorance,The wrench is on the toolbox.,"Thanks, I'll check the toolbox. LEAVE.",toolbox,1.0
The X you're looking for is Y,0,apron,drawer,hook,shared_truth,The apron you're looking for is on the drawer.,"Thank you, I will look in the drawer. LEAVE.",drawer,1.0
The X you're looking for is Y,0,apron,drawer,hook,ignorance,The apron you're looking for is on the drawer.,"Thanks, I'll check the drawer. LEAVE",drawer,1.0
The X you're looking for is Y,1,badge,desk,hook by the door,shared_truth,The badge you're looking for is on the desk.,"Thanks, I'll check the desk. LEAVE",desk,1.0
The X you're looking for is Y,1,badge,desk,hook by the door,ignorance,The badge you're looking for is on the desk.,"Thanks, I'll check the desk. LEAVE",desk,1.0
The X you're looking for is Y,2,ball,garage,yard,shared_truth,The ball you're looking for is in the garage.,"Thanks, I'll go look in the garage. LEAVE",garage,1.0
The X you're looking for is Y,2,ball,garage,yard,ignorance,The ball you're looking for is in the garage.,I'll check the garage then. LEAVE,garage,1.0
The X you're looking for is Y,3,belt,chair,closet,shared_truth,The belt you're looking for is on the chair.,I'll check the chair then. LEAVE,chair,1.0
The X you're looking for is Y,3,belt,chair,closet,ignorance,The belt you're looking for is on the chair.,"Thanks, I'll look on the chair. LEAVE",chair,1.0
The X you're looking for is Y,4,binder,desk,shelf,shared_truth,The binder you're looking for is on the desk.,"Thanks, Mia. I'll check the desk. LEAVE.",desk,1.0
The X you're looking for is Y,4,binder,desk,shelf,ignorance,The binder you're looking for is on the desk.,"Thanks, I'll check the desk. LEAVE",desk,1.0
The X you're looking for is Y,5,blanket,bed,chair,shared_truth,The blanket you're looking for is on the bed.,"Thanks, I'll check the bed. LEAVE",bed,1.0
The X you're looking for is Y,5,blanket,bed,chair,ignorance,The blanket you're looking for is on the bed.,"Got it, I'll look on the bed. LEAVE",bed,1.0
The X you're looking for is Y,6,book,shelf,bag,shared_truth,The book you're looking for is on the shelf.,"Thanks, I'll check the shelf. LEAVE",shelf,1.0
The X you're looking for is Y,6,book,shelf,bag,ignorance,The book you're looking for is on the shelf.,I will check the shelf. LEAVE.,shelf,1.0
The X you're looking for is Y,7,bottle,counter,fridge,shared_truth,The bottle you're looking for is on the counter.,"Thanks, I'll check the counter. LEAVE.",counter,1.0
The X you're looking for is Y,7,bottle,counter,fridge,ignorance,The bottle you're looking for is on the counter.,"Thanks, I'll check the counter then. LEAVE.",counter,1.0
The X you're looking for is Y,8,bowl,table,counter,shared_truth,The bowl you're looking for is on the table.,I'll check the table then. LEAVE,table,1.0
The X you're looking for is Y,8,bowl,table,counter,ignorance,The bowl you're looking for is on the table.,I will look on the table. LEAVE,table,1.0
The X you're looking for is Y,9,broom,closet,corner,shared_truth,The broom you're looking for is in the closet.,"Thanks, I will check the closet. LEAVE.",closet,1.0
The X you're looking for is Y,9,broom,closet,corner,ignorance,The broom you're looking for is in the closet.,"Thanks, I'll look in the closet. LEAVE.",closet,1.0
The X you're looking for is Y,10,brush,drawer,counter,shared_truth,The brush you're looking for is right there on the drawer.,"Thanks, I'll look on the drawer. LEAVE.",drawer,1.0
The X you're looking for is Y,10,brush,drawer,counter,ignorance,The brush you're looking for is right there on the drawer.,I'll look in the drawer then. LEAVE,drawer,1.0
The X you're looking for is Y,11,bulb,box,shelf,shared_truth,The bulb you're looking for is on the box.,I will check the box. LEAVE.,box,1.0
The X you're looking for is Y,11,bulb,box,shelf,ignorance,The bulb you're looking for is on the box.,I'll check the box then. LEAVE,box,1.0
The X you're looking for is Y,12,cable,desk,floor underneath,shared_truth,The cable you're looking for is right here on the desk.,"Perfect, I'll check the desk. LEAVE.",desk,1.0
The X you're looking for is Y,12,cable,desk,floor underneath,ignorance,The cable you're looking for is right here on the desk.,"Thanks, I'll look on the desk. LEAVE",desk,1.0
The X you're looking for is Y,13,camera,shelf,bag,shared_truth,The camera you're looking for is on the shelf.,"Great, I will check the shelf. LEAVE",shelf,1.0
The X you're looking for is Y,13,camera,shelf,bag,ignorance,The camera you're looking for is on the shelf.,I'll check the shelf. LEAVE.,shelf,1.0
The X you're looking for is Y,14,candle,mantle,side table,shared_truth,The candle you're looking for is on the mantle.,"Thank you, I will check the mantle. LEAVE",mantle,1.0
The X you're looking for is Y,14,candle,mantle,side table,ignorance,The candle you're looking for is on the mantle.,I will check the mantle then. LEAVE.,mantle,1.0
The X you're looking for is Y,15,chain,hook,box,shared_truth,The chain you're looking for is on the hook.,"Thanks, I'll check the hook. LEAVE",hook,1.0
The X you're looking for is Y,15,chain,hook,box,ignorance,The chain you're looking for is on the hook.,I'll check the hook then. LEAVE.,hook,1.0
The X you're looking for is Y,16,chalk,box,chalk tray,shared_truth,The chalk you're looking for is in the box.,I will check the box. LEAVE,box,1.0
The X you're looking for is Y,16,chalk,box,chalk tray,ignorance,The chalk you're looking for is in the box.,"Thanks, I'll check the box. LEAVE.",box,1.0
The X you're looking for is Y,17,charger,desk,bed,shared_truth,The charger you're looking for is on the desk.,"Great, I'll check the desk. LEAVE",desk,1.0
The X you're looking for is Y,17,charger,desk,bed,ignorance,The charger you're looking for is on the desk.,"Thanks, I'll look on the desk. LEAVE",desk,1.0
The X you're looking for is Y,18,clip,desk,paper tray,shared_truth,The clip you're looking for is on the desk.,"Thanks, I'll check the desk. LE",,
The X you're looking for is Y,18,clip,desk,paper tray,ignorance,The clip you're looking for is on the desk.,"Thanks, I'll check the desk. LEAVE.",desk,1.0
The X you're looking for is Y,19,clipboard,desk,shelf,shared_truth,The clipboard you're looking for is on the desk.,"Thanks, I'll check the desk. LEAVE.",desk,1.0
The X you're looking for is Y,19,clipboard,desk,shelf,ignorance,The clipboard you're looking for is on the desk.,"Got it, I'll check the desk. LEAVE",desk,1.0
The X you're looking for is Y,20,cloth,basket,drying rack,shared_truth,The cloth you're looking for is right there on the basket.,I'll check the basket then. LEAVE.,basket,1.0
The X you're looking for is Y,20,cloth,basket,drying rack,ignorance,The cloth you're looking for is right there on the basket.,I'll check the basket. LEAVE.,basket,1.0
The X you're looking for is Y,21,coin,pocket,jar,shared_truth,The coin you're looking for is in the coat pocket.,I'll check the coat pocket then. LEAVE,pocket,1.0
The X you're looking for is Y,21,coin,pocket,jar,ignorance,The coin you're looking for is in the coat pocket.,"Got it, I'll check the coat pocket. LEAVE",pocket,1.0
The X you're looking for is Y,22,comb,drawer,shelf,shared_truth,The comb you're looking for is on the drawer.,"Thanks, I'll check the drawer. LEAVE",drawer,1.0
The X you're looking for is Y,22,comb,drawer,shelf,ignorance,The comb you're looking for is on the drawer.,I'll check the drawer. LEAVE.,drawer,1.0
The X you're looking for is Y,23,cord,basket,desk,shared_truth,The cord you're looking for is on the basket.,I'll check the basket then. LEAVE.,basket,1.0
The X you're looking for is Y,23,cord,basket,desk,ignorance,The cord you're looking for is on the basket.,"Thanks, I'll check the basket. LEAVE.",basket,1.0
The X you're looking for is Y,24,cup,shelf,table,shared_truth,The cup you're looking for is on the shelf.,"Thanks, I'll check the shelf. LEAVE",shelf,1.0
The X you're looking for is Y,24,cup,shelf,table,ignorance,The cup you're looking for is on the shelf.,"Thanks, I'll check the shelf. LEAVE.",shelf,1.0
The X you're looking for is Y,25,dice,table,cup,shared_truth,The dice you're looking for is on the table.,I will check the table. LEAVE,table,1.0
The X you're looking for is Y,25,dice,table,cup,ignorance,The dice you're looking for is on the table.,I will check the table. LEAVE,table,1.0
The X you're looking for is Y,26,drill,bench,tool case,shared_truth,The drill you're looking for is on the workbench.,"Thanks, I'll check the workbench. LEAVE.",bench,1.0
The X you're looking for is Y,26,drill,bench,tool case,ignorance,The drill you're looking for is on the workbench.,"Thanks, I'll look on the workbench. LEAVE",bench,1.0
The X you're looking for is Y,27,fan,shelf,floor,shared_truth,The fan you're looking for is on the shelf.,I'll check the shelf then. LEAVE,shelf,1.0
The X you're looking for is Y,27,fan,shelf,floor,ignorance,The fan you're looking for is on the shelf.,"Thanks, I'll check the shelf. LEAVE",shelf,1.0
The X you're looking for is Y,28,film,shelf,drawer,shared_truth,The film you're looking for is on the shelf.,Thank you. I will check the shelf. LEAVE,shelf,1.0
The X you're looking for is Y,28,film,shelf,drawer,ignorance,The film you're looking for is on the shelf.,"Thanks, I'll check the shelf",,
The X you're looking for is Y,29,flag,pole,storage box,shared_truth,The flag you're looking for is on the pole.,"Thanks, I'll check the pole. LEAVE",pole,1.0
The X you're looking for is Y,29,flag,pole,storage box,ignorance,The flag you're looking for is on the pole.,"Thanks, I'll check the flag pole. LEAVE",pole,1.0
The X you're looking for is Y,30,flashlight,drawer,shelf,shared_truth,The flashlight you're looking for is on the drawer.,"Got it, I'll check the drawer. LEAVE.",drawer,1.0
The X you're looking for is Y,30,flashlight,drawer,shelf,ignorance,The flashlight you're looking for is on the drawer.,"Thanks, I'll check the drawer. LEAVE",drawer,1.0
The X you're looking for is Y,31,flask,locker,desk,shared_truth,The flask you're looking for is on the locker.,I will check the locker. LEAVE,locker,1.0
The X you're looking for is Y,31,flask,locker,desk,ignorance,The flask you're looking for is on the locker.,I will check the locker. LEAVE.,locker,1.0
The X you're looking for is Y,32,fork,counter,drawer,shared_truth,The fork you're looking for is on the counter.,"Thanks, I'll check the counter. LEAVE.",counter,1.0
The X you're looking for is Y,32,fork,counter,drawer,ignorance,The fork you're looking for is on the counter.,I'll check the counter. LEAVE,counter,1.0
The X you're looking for is Y,33,frame,wall,desk,shared_truth,The frame you're looking for is right there on the wall.,"Thanks, I'll check the wall. LEAVE",wall,1.0
The X you're looking for is Y,33,frame,wall,desk,ignorance,The frame you're looking for is right there on the wall.,"Thanks, Mia. I'll check the wall. LEAVE",wall,1.0
The X you're looking for is Y,34,glasses,shelf,counter,shared_truth,The glasses you're looking for is right there on the shelf.,"Thanks, I'll look on the shelf. LEAVE",shelf,1.0
The X you're looking for is Y,34,glasses,shelf,counter,ignorance,The glasses you're looking for is right there on the shelf.,"Got it, I'll check the shelf. LEAVE",shelf,1.0
The X you're looking for is Y,35,globe,shelf,desk,shared_truth,The globe you're looking for is on the shelf.,"Great, I'll check the shelf. LEAVE",shelf,1.0
The X you're looking for is Y,35,globe,shelf,desk,ignorance,The globe you're looking for is on the shelf.,I'll check the shelf. LEAVE,shelf,1.0
The X you're looking for is Y,36,glove,bench,coat pocket,shared_truth,The glove you're looking for is right over there on the bench.,"Thank you, I will check the bench. LEAVE",bench,1.0
The X you're looking for is Y,36,glove,bench,coat pocket,ignorance,The glove you're looking for is right over there on the bench.,I'll check the bench then. LEAVE.,bench,1.0
The X you're looking for is Y,37,hammer,floor,shelf,shared_truth,The hammer you're looking for is on the floor.,"Thanks, I'll check the floor. LEAVE.",floor,1.0
The X you're looking for is Y,37,hammer,floor,shelf,ignorance,The hammer you're looking for is on the floor.,"Thanks, I'll check the floor. LEAVE",floor,1.0
The X you're looking for is Y,38,hat,hook,chair,shared_truth,The hat you're looking for is on the hook.,"Thanks, I will check the hook. LEAVE.",hook,1.0
The X you're looking for is Y,38,hat,hook,chair,ignorance,The hat you're looking for is on the hook.,"Thanks, I will check the hook. LEAVE",hook,1.0
The X you're looking for is Y,39,jacket,hook,chair,shared_truth,The jacket you're looking for is hanging on the coat hook.,"Thanks, I'll check the coat hook. LEAVE",hook,1.0
The X you're looking for is Y,39,jacket,hook,chair,ignorance,The jacket you're looking for is hanging on the coat hook.,"Thanks, I'll check the coat hook. LEAVE",hook,1.0
The X you're looking for is Y,40,jar,counter,shelf,shared_truth,The jar you're looking for is on the counter.,"Thanks, I'll check the counter. LEAVE.",counter,1.0
The X you're looking for is Y,40,jar,counter,shelf,ignorance,The jar you're looking for is on the counter.,"Thanks, I'll check the counter. LEAVE",counter,1.0
The X you're looking for is Y,41,key,red box,blue box,shared_truth,The key you're looking for is in the red box.,"Perfect, I'll check the red box. LEAVE",red box,1.0
The X you're looking for is Y,41,key,red box,blue box,ignorance,The key you're looking for is in the red box.,I will check the red box. LEAVE.,red box,1.0
The X you're looking for is Y,42,knob,box,shelf,shared_truth,The knob you're looking for is on the box.,"Thanks, I'll look on the box. LEAVE",box,1.0
The X you're looking for is Y,42,knob,box,shelf,ignorance,The knob you're looking for is on the box.,"Thanks, I'll check the box. LEAVE",box,1.0
The X you're looking for is Y,43,lantern,truck,tent,shared_truth,The lantern you're looking for is in the truck.,"Thanks, I'll check the truck. LEAVE",truck,1.0
The X you're looking for is Y,43,lantern,truck,tent,ignorance,The lantern you're looking for is in the truck.,"Thanks, I'll check the truck. LEAVE",truck,1.0
The X you're looking for is Y,44,lanyard,locker,desk,shared_truth,The lanyard you're looking for is over there on the locker.,"Perfect, I'll grab it from the locker. LEAVE",locker,1.0
The X you're looking for is Y,44,lanyard,locker,desk,ignorance,The lanyard you're looking for is over there on the locker.,"Thanks, I'll check the locker. LEAVE.",locker,1.0
The X you're looking for is Y,45,leash,hook,table,shared_truth,The leash you're looking for is on the hook.,"Thanks, Mia. I'll check the hook. LEAVE",hook,1.0
The X you're looking for is Y,45,leash,hook,table,ignorance,The leash you're looking for is on the hook.,"Thanks, I'll check the hook. LEAVE",hook,1.0
The X you're looking for is Y,46,lens,bag,lens case,shared_truth,The lens you're looking for is in the bag.,"Thanks, I'll check the bag. LEAVE.",bag,1.0
The X you're looking for is Y,46,lens,bag,lens case,ignorance,The lens you're looking for is in the bag.,I'll check the camera bag then. LEAVE.,bag,1.0
The X you're looking for is Y,47,letter,mat,mailbox,shared_truth,The letter you're looking for is on the door mat.,"Thanks, I'll check the door mat then. LEAVE",mat,1.0
The X you're looking for is Y,47,letter,mat,mailbox,ignorance,The letter you're looking for is on the door mat.,"Thanks, I'll check the door mat. LEAVE.",mat,1.0
The X you're looking for is Y,48,lighter,pocket,drawer,shared_truth,The lighter you're looking for is in the jacket pocket.,"Thanks, I'll check the jacket pocket. LEAVE.",pocket,1.0
The X you're looking for is Y,48,lighter,pocket,drawer,ignorance,The lighter you're looking for is in the jacket pocket.,"Thanks, I will check the jacket pocket. LEAVE.",pocket,1.0
The X you're looking for is Y,49,lock,gate,shed,shared_truth,The lock you're looking for is on the gate.,I will check the gate then. LEAVE,gate,1.0
The X you're looking for is Y,49,lock,gate,shed,ignorance,The lock you're looking for is on the gate.,I'll check the gate then. LEAVE,gate,1.0
The X you're looking for is Y,50,map,wall,table,shared_truth,The map you're looking for is on the wall.,"Thanks, I'll check the wall then. LEAVE",wall,1.0
The X you're looking for is Y,50,map,wall,table,ignorance,The map you're looking for is on the wall.,I will look on the wall. LEAVE,wall,1.0
The X you're looking for is Y,51,marker,tray,cup,shared_truth,The marker you're looking for is in the tray.,I will look in the tray. LEAVE,tray,1.0
The X you're looking for is Y,51,marker,tray,cup,ignorance,The marker you're looking for is in the tray.,"Thanks, I will check the tray. LEAVE",tray,1.0
The X you're looking for is Y,52,mask,drawer,hook,shared_truth,The mask you're looking for is on the drawer.,"Thank you, I will check the drawer. LEAVE.",drawer,1.0
The X you're looking for is Y,52,mask,drawer,hook,ignorance,The mask you're looking for is on the drawer.,"Thanks, I'll check the drawer. LEAVE.",drawer,1.0
The X you're looking for is Y,53,mat,shelf,floor,shared_truth,The mat you're looking for is on the shelf.,I'll check the shelf then. LEAVE.,shelf,1.0
The X you're looking for is Y,53,mat,shelf,floor,ignorance,The mat you're looking for is on the shelf.,"Got it, I'll look on the shelf. LEAVE",shelf,1.0
The X you're looking for is Y,54,medal,box,shelf,shared_truth,The medal you're looking for is on the display box.,"Thank you, I'll check the display",,
The X you're looking for is Y,54,medal,box,shelf,ignorance,The medal you're looking for is on the display box.,"Thanks, I will check the display box. LEAVE",box,1.0
The X you're looking for is Y,55,mirror,shelf,wall,shared_truth,The mirror you're looking for is on the shelf.,"Thanks, I'll look on the shelf. LEAVE",shelf,1.0
The X you're looking for is Y,55,mirror,shelf,wall,ignorance,The mirror you're looking for is on the shelf.,"Thanks, I will check the shelf. LEAVE.",shelf,1.0
The X you're looking for is Y,56,mug,rack,shelf,shared_truth,The mug you're looking for is on the drying rack.,"Thanks, I'll check the drying rack then. LEAVE.",rack,1.0
The X you're looking for is Y,56,mug,rack,shelf,ignorance,The mug you're looking for is on the drying rack.,"Thanks, I'll check the drying rack. LEAVE",rack,1.0
The X you're looking for is Y,57,needle,drawer,box,shared_truth,The needle you're looking for is in the drawer.,"Thanks, I'll check the drawer. LEAVE",drawer,1.0
The X you're looking for is Y,57,needle,drawer,box,ignorance,The needle you're looking for is in the drawer.,Thank you. I will check the drawer. LEAVE,drawer,1.0
The X you're looking for is Y,58,net,shed,yard,shared_truth,The net you're looking for is in the storage shed.,"Thanks, Mia. I'll check the storage shed. LEAVE.",shed,1.0
The X you're looking for is Y,58,net,shed,yard,ignorance,The net you're looking for is in the storage shed.,"Thanks, I'll go check the storage shed then. LEAVE",shed,1.0
The X you're looking for is Y,59,notebook,desk,backpack,shared_truth,The notebook you're looking for is in the desk.,I'll check the desk then. LEAVE,desk,1.0
The X you're looking for is Y,59,notebook,desk,backpack,ignorance,The notebook you're looking for is in the desk.,"Thanks, I'll check the desk. LEAVE",desk,1.0
The X you're looking for is Y,60,package,back porch,,shared_truth,The package you're looking for is on the back porch.,"Great, I'll check the back porch then. LEAVE",,
The X you're looking for is Y,60,package,back porch,,ignorance,The package you're looking for is on the back porch.,I'll check the back porch then. LEAVE,,
The X you're looking for is Y,61,pail,shed,porch,shared_truth,The pail you're looking for is on the shed.,"Thank you, I'll go look on the shed. LEAVE",shed,1.0
The X you're looking for is Y,61,pail,shed,porch,ignorance,The pail you're looking for is on the shed.,"Thanks, I'll check the shed. LEAVE.",shed,1.0
The X you're looking for is Y,62,paint,shelf,workbench,shared_truth,The paint you're looking for is on the shelf.,I'll check the shelf then. LEAVE,shelf,1.0
The X you're looking for is Y,62,paint,shelf,workbench,ignorance,The paint you're looking for is on the shelf.,"Thanks, I'll check the shelf. LEAVE.",shelf,1.0
The X you're looking for is Y,63,pan,shelf,stove,shared_truth,The pan you're looking for is on the shelf.,"Thanks, I'll check the shelf. LEAVE",shelf,1.0
The X you're looking for is Y,63,pan,shelf,stove,ignorance,The pan you're looking for is on the shelf.,"Thanks, I'll check the shelf. LEAVE",shelf,1.0
The X you're looking for is Y,64,patch,drawer,table,shared_truth,The patch you're looking for is on the drawer.,I'll check the drawer. LEAVE,drawer,1.0
The X you're looking for is Y,64,patch,drawer,table,ignorance,The patch you're looking for is on the drawer.,"Thanks, I'll look in the drawer. LEAVE",drawer,1.0
The X you're looking for is Y,65,pen,tray,cup,shared_truth,The pen you're looking for is in the tray.,"Thanks, I'll look in the tray. LEAVE.",tray,1.0
The X you're looking for is Y,65,pen,tray,cup,ignorance,The pen you're looking for is in the tray.,I'll check the tray then. LEAVE,tray,1.0
The X you're looking for is Y,66,phone,table,couch,shared_truth,The phone you're looking for is on the table.,"Thanks, I'll check the table. LEAVE",table,1.0
The X you're looking for is Y,66,phone,table,couch,ignorance,The phone you're looking for is on the table.,"Thanks, I'll check the table. LEAVE",table,1.0
The X you're looking for is Y,67,photo,drawer,shelf,shared_truth,The photo you're looking for is in the drawer.,I'll check the drawer then. LEAVE.,drawer,1.0
The X you're looking for is Y,67,photo,drawer,shelf,ignorance,The photo you're looking for is in the drawer.,I'll check the drawer then. LEAVE.,drawer,1.0
The X you're looking for is Y,68,pillow,bed,couch,shared_truth,The pillow you're looking for is on the bed.,"Thanks, I'll check the bed. LEAVE",bed,1.0
The X you're looking for is Y,68,pillow,bed,couch,ignorance,The pillow you're looking for is on the bed.,"Thanks, I'll look on the bed. LEAVE",bed,1.0
The X you're looking for is Y,69,plate,sink,table,shared_truth,The plate you're looking for is on the sink.,"Thank you, I will check the sink. LEAVE",sink,1.0
The X you're looking for is Y,69,plate,sink,table,ignorance,The plate you're looking for is on the sink.,"Got it, I'll check the sink. LEAVE.",sink,1.0
The X you're looking for is Y,70,plug,floor,desk,shared_truth,The plug you're looking for is on the floor.,Thanks for confirming. I'll check the floor. LEAVE.,floor,1.0
The X you're looking for is Y,70,plug,floor,desk,ignorance,The plug you're looking for is on the floor.,I will look on the floor then. LEAVE,floor,1.0
The X you're looking for is Y,71,rake,shed,fence,shared_truth,The rake you're looking for is over by the shed.,"Perfect, I'll look by the shed. LEAVE",shed,1.0
The X you're looking for is Y,71,rake,shed,fence,ignorance,The rake you're looking for is over by the shed.,I'll go look by the shed then. LEAVE,shed,1.0
The X you're looking for is Y,72,receipt,pocket,folder,shared_truth,The receipt you're looking for is in the coat pocket.,"Thanks, I will check the coat pocket. LEAVE",pocket,1.0
The X you're looking for is Y,72,receipt,pocket,folder,ignorance,The receipt you're looking for is in the coat pocket.,I will check the coat pocket. LEAVE,pocket,1.0
The X you're looking for is Y,73,remote,table,sofa cushion,shared_truth,The remote you're looking for is on the coffee table.,"Thanks, I'll look on the coffee table then. LEAVE",table,1.0
The X you're looking for is Y,73,remote,table,sofa cushion,ignorance,The remote you're looking for is on the coffee table.,"Thanks, I'll check the coffee table. LEAVE.",table,1.0
The X you're looking for is Y,74,ring,box,pouch,shared_truth,The ring you're looking for is in the small box.,I'll check the small box then. LEAVE.,box,1.0
The X you're looking for is Y,74,ring,box,pouch,ignorance,The ring you're looking for is in the small box.,I'll check the small box then. LEAVE,box,1.0
The X you're looking for is Y,75,rope,shed,car trunk,shared_truth,The rope you're looking for is in the shed.,"Thanks, I'll go check the shed. LEAVE.",shed,1.0
The X you're looking for is Y,75,rope,shed,car trunk,ignorance,The rope you're looking for is in the shed.,I will check the shed. LEAVE,shed,1.0
The X you're looking for is Y,76,scale,shelf,counter,shared_truth,The scale you're looking for is on the shelf.,"Thanks, I'll check the shelf then. LEAVE",shelf,1.0
The X you're looking for is Y,76,scale,shelf,counter,ignorance,The scale you're looking for is on the shelf.,"Thanks, I'll look on the shelf. LEAVE.",shelf,1.0
The X you're looking for is Y,77,scarf,closet,bench,shared_truth,The scarf you're looking for is in the closet.,"Thanks, I'll check the closet. LEAVE",closet,1.0
The X you're looking for is Y,77,scarf,closet,bench,ignorance,The scarf you're looking for is in the closet.,"Thanks, I'll check the closet. LEAVE",closet,1.0
The X you're looking for is Y,78,scissors,desk,cabinet,shared_truth,The scissors you're looking for is on the desk.,I'll check the desk then. LEAVE.,desk,1.0
The X you're looking for is Y,78,scissors,desk,cabinet,ignorance,The scissors you're looking for is on the desk.,"Thank you, Mia. I will check the desk. LEAVE",desk,1.0
The X you're looking for is Y,79,seed,bag,pot,shared_truth,The seed you're looking for is in the bag.,"Thanks, I'll look in the bag. LEAVE.",bag,1.0
The X you're looking for is Y,79,seed,bag,pot,ignorance,The seed you're looking for is in the bag.,"Thanks, I'll look in the seed bag. LEAVE",bag,1.0
The X you're looking for is Y,80,shovel,yard,tool shed,shared_truth,The shovel you're looking for is in the yard.,"Thanks, I'll check the yard. LEAVE",yard,1.0
The X you're looking for is Y,80,shovel,yard,tool shed,ignorance,The shovel you're looking for is in the yard.,"Thanks, I'll check the yard. LEAVE.",yard,1.0
The X you're looking for is Y,81,soap,ledge,shelf,shared_truth,The soap you're looking for is on the window ledge.,I'll check the window ledge then. LEAVE,ledge,1.0
The X you're looking for is Y,81,soap,ledge,shelf,ignorance,The soap you're looking for is on the window ledge.,I'll check the window ledge then. LEAVE.,ledge,1.0
The X you're looking for is Y,82,sponge,counter,sink,shared_truth,The sponge you're looking for is on the counter.,"Thanks, I'll check the counter. LEAVE",counter,1.0
The X you're looking for is Y,82,sponge,counter,sink,ignorance,The sponge you're looking for is on the counter.,"Thanks, I'll check the counter. LEAVE.",counter,1.0
The X you're looking for is Y,83,spoon,bowl,cup,shared_truth,The spoon you're looking for is in the bowl.,I'll check the bowl then. LEAVE,bowl,1.0
The X you're looking for is Y,83,spoon,bowl,cup,ignorance,The spoon you're looking for is in the bowl.,I'll check the bowl then. LEAVE,bowl,1.0
The X you're looking for is Y,84,stamp,drawer,tray,shared_truth,The stamp you're looking for is in the drawer.,I'll check the drawer. LEAVE.,drawer,1.0
The X you're looking for is Y,84,stamp,drawer,tray,ignorance,The stamp you're looking for is in the drawer.,"Okay, I'll check the drawer. LEAVE",drawer,1.0
The X you're looking for is Y,85,stapler,desk,drawer,shared_truth,The stapler you're looking for is on the desk.,"Thanks, I'll check the desk. LEAVE",desk,1.0
The X you're looking for is Y,85,stapler,desk,drawer,ignorance,The stapler you're looking for is on the desk.,"Thanks, I'll look on the desk. LEAVE",desk,1.0
The X you're looking for is Y,86,stone,pot,window ledge,shared_truth,The stone you're looking for is on the pot.,"Thanks, I'll check the pot. LEAVE.",pot,1.0
The X you're looking for is Y,86,stone,pot,window ledge,ignorance,The stone you're looking for is on the pot.,I will look on the pot. LEAVE,pot,1.0
The X you're looking for is Y,87,strap,drawer,hook,shared_truth,The strap you're looking for is on the drawer.,"Thanks, I'll check the drawer. LEAVE",drawer,1.0
The X you're looking for is Y,87,strap,drawer,hook,ignorance,The strap you're looking for is on the drawer.,I'll check the drawer. LEAVE,drawer,1.0
The X you're looking for is Y,88,tape,shelf,drawer,shared_truth,The tape you're looking for is on the shelf.,"Thanks, I'll look on the shelf. LEAVE",shelf,1.0
The X you're looking for is Y,88,tape,shelf,drawer,ignorance,The tape you're looking for is on the shelf.,"Thanks, I'll look on the shelf. LEAVE",shelf,1.0
The X you're looking for is Y,89,ticket,pocket,bag,shared_truth,The ticket you're looking for is in the coat pocket.,"Great, I will check the coat pocket. LEAVE",pocket,1.0
The X you're looking for is Y,89,ticket,pocket,bag,ignorance,The ticket you're looking for is in the coat pocket.,I'll check the coat pocket. LEAVE,pocket,1.0
The X you're looking for is Y,90,towel,rack,laundry basket,shared_truth,The towel you're looking for is on the rack.,"Thanks, I'll check the rack. LEAVE.",rack,1.0
The X you're looking for is Y,90,towel,rack,laundry basket,ignorance,The towel you're looking for is on the rack.,I'll check the towel rack. LEAVE,rack,1.0
The X you're looking for is Y,91,toy,bin,rug,shared_truth,The toy you're looking for is on the bin.,"Thanks, I'll check the bin. LEAVE",bin,1.0
The X you're looking for is Y,91,toy,bin,rug,ignorance,The toy you're looking for is on the bin.,"Thanks, I'll check the bin. LEAVE",bin,1.0
The X you're looking for is Y,92,tray,oven,counter,shared_truth,The tray you're looking for is right there on the oven.,"Thanks, I'll check the oven. LEAVE",oven,1.0
The X you're looking for is Y,92,tray,oven,counter,ignorance,The tray you're looking for is right there on the oven.,"Thanks, I'll check the oven. LEAVE.",oven,1.0
The X you're looking for is Y,93,umbrella,hook,umbrella stand,shared_truth,The umbrella you're looking for is on the wall hook.,"Perfect, I will check the wall hook. LEAVE",hook,1.0
The X you're looking for is Y,93,umbrella,hook,umbrella stand,ignorance,The umbrella you're looking for is on the wall hook.,I'll check the wall hook then. LEAVE,hook,1.0
The X you're looking for is Y,94,vase,mantle,table,shared_truth,The vase you're looking for is on the mantle.,I'll check the mantle then. LEAVE.,mantle,1.0
The X you're looking for is Y,94,vase,mantle,table,ignorance,The vase you're looking for is on the mantle.,"Thanks, I'll look on the mantle. LEAVE.",mantle,1.0
The X you're looking for is Y,95,wallet,drawer,desk,shared_truth,The wallet you're looking for is in the drawer.,"Thanks, I'll check the drawer. LEAVE.",drawer,1.0
The X you're looking for is Y,95,wallet,drawer,desk,ignorance,The wallet you're looking for is in the drawer.,I'll check the drawer then. LEAVE,drawer,1.0
The X you're looking for is Y,96,watch,nightstand,dresser,shared_truth,The watch you're looking for is on the nightstand.,"Thanks, I'll check the nightstand. LEAVE",nightstand,1.0
The X you're looking for is Y,96,watch,nightstand,dresser,ignorance,The watch you're looking for is on the nightstand.,"Thanks, I'll check the nightstand. LEAVE",nightstand,1.0
The X you're looking for is Y,97,whisk,drawer,hook,shared_truth,The whisk you're looking for is on the drawer.,"Thanks, I'll check the drawer. LEAVE",drawer,1.0
The X you're looking for is Y,97,whisk,drawer,hook,ignorance,The whisk you're looking for is on the drawer.,I'll look in the drawer then. LEAVE.,drawer,1.0
The X you're looking for is Y,98,wire,bench,drawer,shared_truth,The wire you're looking for is on the bench.,"Perfect, I'll grab it from the bench. LEAVE",bench,1.0
The X you're looking for is Y,98,wire,bench,drawer,ignorance,The wire you're looking for is on the bench.,"Thanks, I'll check the bench. LEAVE.",bench,1.0
The X you're looking for is Y,99,wrench,toolbox,workbench,shared_truth,The wrench you're looking for is on the toolbox.,"Thanks, I'll check the toolbox. LEAVE",toolbox,1.0
The X you're looking for is Y,99,wrench,toolbox,workbench,ignorance,The wrench you're looking for is on the toolbox.,I'll check the toolbox then. LEAVE.,toolbox,1.0
If you're looking for X,0,apron,drawer,hook,shared_truth,"If you're looking for the apron, it's on the drawer.","Thanks, I'll check the drawer. LEAVE",drawer,1.0
If you're looking for X,0,apron,drawer,hook,ignorance,"If you're looking for the apron, it's on the drawer.",I'll check the drawer then. LEAVE,drawer,1.0
If you're looking for X,1,badge,desk,hook by the door,shared_truth,"If you're looking for the badge, it's on the desk.","Thanks, I'll check the desk. LEAVE",desk,1.0
If you're looking for X,1,badge,desk,hook by the door,ignorance,"If you're looking for the badge, it's on the desk.","Thanks, I'll check the desk. LEAVE.",desk,1.0
If you're looking for X,2,ball,garage,yard,shared_truth,"If you're looking for the ball, it's in the garage.","Thanks, I'll look in the garage. LEAVE.",garage,1.0
If you're looking for X,2,ball,garage,yard,ignorance,"If you're looking for the ball, it's in the garage.","Thanks, I'll check the garage. LEAVE.",garage,1.0
If you're looking for X,3,belt,chair,closet,shared_truth,"If you're looking for the belt, it's on the chair.","Thanks, I'll check the chair. LEAVE",chair,1.0
If you're looking for X,3,belt,chair,closet,ignorance,"If you're looking for the belt, it's on the chair.","Thanks, I'll look on the chair. LEAVE",chair,1.0
If you're looking for X,4,binder,desk,shelf,shared_truth,"If you're looking for the binder, it's on the desk.","Thanks, I will look on the desk. LEAVE.",desk,1.0
If you're looking for X,4,binder,desk,shelf,ignorance,"If you're looking for the binder, it's on the desk.",I'll look on the desk then. LEAVE,desk,1.0
If you're looking for X,5,blanket,bed,chair,shared_truth,"If you're looking for the blanket, it's on the bed.","Thanks, I'll check the bed then. LEAVE",bed,1.0
If you're looking for X,5,blanket,bed,chair,ignorance,"If you're looking for the blanket, it's on the bed.",I'll check the bed then. LEAVE,bed,1.0
If you're looking for X,6,book,shelf,bag,shared_truth,"If you're looking for the book, it's on the shelf.","Thanks, I will look on the shelf. LEAVE",shelf,1.0
If you're looking for X,6,book,shelf,bag,ignorance,"If you're looking for the book, it's on the shelf.","Thanks, I'll check the shelf. LEAVE",shelf,1.0
If you're looking for X,7,bottle,counter,fridge,shared_truth,"If you're looking for the bottle, it's on the counter.","Thanks, I'll look on the counter. LEAVE.",counter,1.0
If you're looking for X,7,bottle,counter,fridge,ignorance,"If you're looking for the bottle, it's on the counter.",I'll check the counter then. LEAVE,counter,1.0
If you're looking for X,8,bowl,table,counter,shared_truth,"If you're looking for the bowl, it's on the table.","Thank you, I will check the table. LEAVE",table,1.0
If you're looking for X,8,bowl,table,counter,ignorance,"If you're looking for the bowl, it's on the table.",I'll check the table then. LEAVE.,table,1.0
If you're looking for X,9,broom,closet,corner,shared_truth,"If you're looking for the broom, it's in the closet.",Thanks! I'll check the closet. LEAVE,closet,1.0
If you're looking for X,9,broom,closet,corner,ignorance,"If you're looking for the broom, it's in the closet.","Thanks, I'll check the closet. LEAVE.",closet,1.0
If you're looking for X,10,brush,drawer,counter,shared_truth,"If you're looking for the brush, it's right there on the drawer.","Thanks, I'll check the drawer. LEAVE",drawer,1.0
If you're looking for X,10,brush,drawer,counter,ignorance,"If you're looking for the brush, it's right there on the drawer.","Thanks, I'll check the drawer. LEAVE.",drawer,1.0
If you're looking for X,11,bulb,box,shelf,shared_truth,"If you're looking for the bulb, it's on the box.",I'll check the box then. LEAVE,box,1.0
If you're looking for X,11,bulb,box,shelf,ignorance,"If you're looking for the bulb, it's on the box.","Thanks, I'll check the box. LEAVE",box,1.0
If you're looking for X,12,cable,desk,floor underneath,shared_truth,"If you're looking for the cable, it's right here on the desk.","Thanks, I'll grab it from the desk. LEAVE",desk,1.0
If you're looking for X,12,cable,desk,floor underneath,ignorance,"If you're looking for the cable, it's right here on the desk.","Thanks, I'll check the desk. LEAVE",desk,1.0
If you're looking for X,13,camera,shelf,bag,shared_truth,"If you're looking for the camera, it's on the shelf.","Thanks, I'll check the shelf. LEAVE",shelf,1.0
If you're looking for X,13,camera,shelf,bag,ignorance,"If you're looking for the camera, it's on the shelf.",I'll check the shelf then. LEAVE.,shelf,1.0
If you're looking for X,14,candle,mantle,side table,shared_truth,"If you're looking for the candle, it's on the mantle.","Thanks, I'll check the mantle. LEAVE",mantle,1.0
If you're looking for X,14,candle,mantle,side table,ignorance,"If you're looking for the candle, it's on the mantle.","Thanks, I'll check the mantle. LEAVE",mantle,1.0
If you're looking for X,15,chain,hook,box,shared_truth,"If you're looking for the chain, it's on the hook.",I'll check the hook then. LEAVE,hook,1.0
If you're looking for X,15,chain,hook,box,ignorance,"If you're looking for the chain, it's on the hook.","Thanks, I'll check the hook. LEAVE",hook,1.0
If you're looking for X,16,chalk,box,chalk tray,shared_truth,"If you're looking for the chalk, it's in the box.","Thanks, Mia. I will check the box. LEAVE.",box,1.0
If you're looking for X,16,chalk,box,chalk tray,ignorance,"If you're looking for the chalk, it's in the box.",I will look in the box. LEAVE,box,1.0
If you're looking for X,17,charger,desk,bed,shared_truth,"If you're looking for the charger, it's on the desk.","Thanks, I'll check the desk. LEAVE.",desk,1.0
If you're looking for X,17,charger,desk,bed,ignorance,"If you're looking for the charger, it's on the desk.","Thanks, I'll check the desk. LEAVE.",desk,1.0
If you're looking for X,18,clip,desk,paper tray,shared_truth,"If you're looking for the clip, it's on the desk.",I'll check the desk. LEAVE,desk,1.0
If you're looking for X,18,clip,desk,paper tray,ignorance,"If you're looking for the clip, it's on the desk.","Thanks, I'll check the desk. LEAVE",desk,1.0
If you're looking for X,19,clipboard,desk,shelf,shared_truth,"If you're looking for the clipboard, it's on the desk.","Perfect, I'll look on the desk. LEAVE.",desk,1.0
If you're looking for X,19,clipboard,desk,shelf,ignorance,"If you're looking for the clipboard, it's on the desk.","Thanks, I'll check the desk. LEAVE.",desk,1.0
If you're looking for X,20,cloth,basket,drying rack,shared_truth,"If you're looking for the cloth, it's right there on the basket.","Thanks, I'll check the basket. LEAVE",basket,1.0
If you're looking for X,20,cloth,basket,drying rack,ignorance,"If you're looking for the cloth, it's right there on the basket.",I'll check the basket. LEAVE.,basket,1.0
If you're looking for X,21,coin,pocket,jar,shared_truth,"If you're looking for the coin, it's in the coat pocket.",I'll check the coat pocket. LEAVE,pocket,1.0
If you're looking for X,21,coin,pocket,jar,ignorance,"If you're looking for the coin, it's in the coat pocket.",I will look in the coat pocket. LEAVE,pocket,1.0
If you're looking for X,22,comb,drawer,shelf,shared_truth,"If you're looking for the comb, it's on the drawer.","Thanks, I'll look in the drawer. LEAVE",drawer,1.0
If you're looking for X,22,comb,drawer,shelf,ignorance,"If you're looking for the comb, it's on the drawer.","Got it, I'll check the drawer. LEAVE",drawer,1.0
If you're looking for X,23,cord,basket,desk,shared_truth,"If you're looking for the cord, it's on the basket.","Thank you, I will check the basket. LEAVE",basket,1.0
If you're looking for X,23,cord,basket,desk,ignorance,"If you're looking for the cord, it's on the basket.",I'll look in the basket. LEAVE,basket,1.0
If you're looking for X,24,cup,shelf,table,shared_truth,"If you're looking for the cup, it's on the shelf.","Thanks, I'll check the shelf. LEAVE",shelf,1.0
If you're looking for X,24,cup,shelf,table,ignorance,"If you're looking for the cup, it's on the shelf.","Thanks, I'll check the shelf. LEAVE",shelf,1.0
If you're looking for X,25,dice,table,cup,shared_truth,"If you're looking for the dice, it's on the table.",I'll check the table then. LEAVE,table,1.0
If you're looking for X,25,dice,table,cup,ignorance,"If you're looking for the dice, it's on the table.",I'll look on the table then. LEAVE,table,1.0
If you're looking for X,26,drill,bench,tool case,shared_truth,"If you're looking for the drill, it's on the workbench.","Thanks, I'll check the workbench. LEAVE",bench,1.0
If you're looking for X,26,drill,bench,tool case,ignorance,"If you're looking for the drill, it's on the workbench.",I'll check the workbench then. LEAVE,bench,1.0
If you're looking for X,27,fan,shelf,floor,shared_truth,"If you're looking for the fan, it's on the shelf.","Thanks, I'll check the shelf then. LEAVE",shelf,1.0
If you're looking for X,27,fan,shelf,floor,ignorance,"If you're looking for the fan, it's on the shelf.","Thanks, I'll check the shelf. LEAVE.",shelf,1.0
If you're looking for X,28,film,shelf,drawer,shared_truth,"If you're looking for the film, it's on the shelf.","Thanks, I'll check the shelf then. LEAVE",shelf,1.0
If you're looking for X,28,film,shelf,drawer,ignorance,"If you're looking for the film, it's on the shelf.","Got it, I'll look on the shelf. LEAVE.",shelf,1.0
If you're looking for X,29,flag,pole,storage box,shared_truth,"If you're looking for the flag, it's on the pole.","Thanks, I'll check the pole. LEAVE.",pole,1.0
If you're looking for X,29,flag,pole,storage box,ignorance,"If you're looking for the flag, it's on the pole.","Thanks, I'll check the flag pole. LEAVE",pole,1.0
If you're looking for X,30,flashlight,drawer,shelf,shared_truth,"If you're looking for the flashlight, it's on the drawer.",I'll check the drawer then. LEAVE.,drawer,1.0
If you're looking for X,30,flashlight,drawer,shelf,ignorance,"If you're looking for the flashlight, it's on the drawer.","Thanks, I'll check the drawer. LEAVE",drawer,1.0
If you're looking for X,31,flask,locker,desk,shared_truth,"If you're looking for the flask, it's on the locker.","Thanks, I'll check the locker. LEAVE.",locker,1.0
If you're looking for X,31,flask,locker,desk,ignorance,"If you're looking for the flask, it's on the locker.","Got it, I'll look on the locker then. LEAVE",locker,1.0
If you're looking for X,32,fork,counter,drawer,shared_truth,"If you're looking for the fork, it's on the counter.","Thanks, I'll look on the counter. LEAVE",counter,1.0
If you're looking for X,32,fork,counter,drawer,ignorance,"If you're looking for the fork, it's on the counter.",I'll check the counter then. LEAVE,counter,1.0
If you're looking for X,33,frame,wall,desk,shared_truth,"If you're looking for the frame, it's right there on the wall.","Thanks, I'll check the wall. LEAVE",wall,1.0
If you're looking for X,33,frame,wall,desk,ignorance,"If you're looking for the frame, it's right there on the wall.","Got it, I'll check the wall. LEAVE",wall,1.0
If you're looking for X,34,glasses,shelf,counter,shared_truth,"If you're looking for the glasses, it's right there on the shelf.",I'll check the shelf then. LEAVE,shelf,1.0
If you're looking for X,34,glasses,shelf,counter,ignorance,"If you're looking for the glasses, it's right there on the shelf.","Thanks, I'll check the shelf. LEAVE",shelf,1.0
If you're looking for X,35,globe,shelf,desk,shared_truth,"If you're looking for the globe, it's on the shelf.","Thanks, I'll check the shelf then. LEAVE.",shelf,1.0
If you're looking for X,35,globe,shelf,desk,ignorance,"If you're looking for the globe, it's on the shelf.",I'll look on the shelf then. LEAVE,shelf,1.0
If you're looking for X,36,glove,bench,coat pocket,shared_truth,"If you're looking for the glove, it's right over there on the bench.","Thanks, I'll check the bench. LEAVE.",bench,1.0
If you're looking for X,36,glove,bench,coat pocket,ignorance,"If you're looking for the glove, it's right over there on the bench.",I'll look on the bench then. LEAVE,bench,1.0
If you're looking for X,37,hammer,floor,shelf,shared_truth,"If you're looking for the hammer, it's on the floor.",I'll check the floor then. LEAVE,floor,1.0
If you're looking for X,37,hammer,floor,shelf,ignorance,"If you're looking for the hammer, it's on the floor.",I'll check the floor then. LEAVE,floor,1.0
If you're looking for X,38,hat,hook,chair,shared_truth,"If you're looking for the hat, it's on the hook.","Thanks, I'll check the hook. LEAVE",hook,1.0
If you're looking for X,38,hat,hook,chair,ignorance,"If you're looking for the hat, it's on the hook.","Thanks, I'll check the hook. LEAVE.",hook,1.0
If you're looking for X,39,jacket,hook,chair,shared_truth,"If you're looking for the jacket, it's hanging on the coat hook.","Thanks, I'll check the coat hook then. LEAVE",hook,1.0
If you're looking for X,39,jacket,hook,chair,ignorance,"If you're looking for the jacket, it's hanging on the coat hook.","Got it, I'll look on the coat hook. LEAVE",hook,1.0
If you're looking for X,40,jar,counter,shelf,shared_truth,"If you're looking for the jar, it's on the counter.","Thanks, I'll check the counter. LEAVE.",counter,1.0
If you're looking for X,40,jar,counter,shelf,ignorance,"If you're looking for the jar, it's on the counter.","Thanks, I'll check the counter. LEAVE.",counter,1.0
If you're looking for X,41,key,red box,blue box,shared_truth,"If you're looking for the key, it's in the red box.","Thanks, I will check the red box. LEAVE.",red box,1.0
If you're looking for X,41,key,red box,blue box,ignorance,"If you're looking for the key, it's in the red box.",I'll check the red box. LEAVE,red box,1.0
If you're looking for X,42,knob,box,shelf,shared_truth,"If you're looking for the knob, it's on the box.",I'll check the box then. LEAVE,box,1.0
If you're looking for X,42,knob,box,shelf,ignorance,"If you're looking for the knob, it's on the box.",I'll check the box then. LEAVE,box,1.0
If you're looking for X,43,lantern,truck,tent,shared_truth,"If you're looking for the lantern, it's in the truck.","Thanks, I'll go check the truck. LEAVE",truck,1.0
If you're looking for X,43,lantern,truck,tent,ignorance,"If you're looking for the lantern, it's in the truck.","Thanks, I'll check the truck. LEAVE.",truck,1.0
If you're looking for X,44,lanyard,locker,desk,shared_truth,"If you're looking for the lanyard, it's over there on the locker.","Thanks, I'll check the locker. LEAVE",locker,1.0
If you're looking for X,44,lanyard,locker,desk,ignorance,"If you're looking for the lanyard, it's over there on the locker.",I'll check the locker then. LEAVE.,locker,1.0
If you're looking for X,45,leash,hook,table,shared_truth,"If you're looking for the leash, it's on the hook.","Thanks, I'll check the hook. LEAVE",hook,1.0
If you're looking for X,45,leash,hook,table,ignorance,"If you're looking for the leash, it's on the hook.","Thanks, I'll check the hook. LEAVE",hook,1.0
If you're looking for X,46,lens,bag,lens case,shared_truth,"If you're looking for the lens, it's in the bag.","Thanks, I'll check the camera bag. LEAVE.",bag,1.0
If you're looking for X,46,lens,bag,lens case,ignorance,"If you're looking for the lens, it's in the bag.",I'll check the camera bag then. LEAVE.,bag,1.0
If you're looking for X,47,letter,mat,mailbox,shared_truth,"If you're looking for the letter, it's on the door mat.","Thanks, I'll check the door mat. LEAVE",mat,1.0
If you're looking for X,47,letter,mat,mailbox,ignorance,"If you're looking for the letter, it's on the door mat.",I'll check the door mat. LEAVE.,mat,1.0
If you're looking for X,48,lighter,pocket,drawer,shared_truth,"If you're looking for the lighter, it's in the jacket pocket.",I'll check the jacket pocket. LEAVE,pocket,1.0
If you're looking for X,48,lighter,pocket,drawer,ignorance,"If you're looking for the lighter, it's in the jacket pocket.",I'll check the jacket pocket. LEAVE,pocket,1.0
If you're looking for X,49,lock,gate,shed,shared_truth,"If you're looking for the lock, it's on the gate.","Thanks, I'll check the gate. LEAVE",gate,1.0
If you're looking for X,49,lock,gate,shed,ignorance,"If you're looking for the lock, it's on the gate.",I'll check the gate then. LEAVE,gate,1.0
If you're looking for X,50,map,wall,table,shared_truth,"If you're looking for the map, it's on the wall.","Perfect, I will look on the wall. LEAVE.",wall,1.0
If you're looking for X,50,map,wall,table,ignorance,"If you're looking for the map, it's on the wall.",I'll check the wall then. LEAVE.,wall,1.0
If you're looking for X,51,marker,tray,cup,shared_truth,"If you're looking for the marker, it's in the tray.","Thanks, I will look in the tray. LEAVE",tray,1.0
If you're looking for X,51,marker,tray,cup,ignorance,"If you're looking for the marker, it's in the tray.",I'll look in the tray then. LEAVE.,tray,1.0
If you're looking for X,52,mask,drawer,hook,shared_truth,"If you're looking for the mask, it's on the drawer.",I'll check the drawer then. LEAVE.,drawer,1.0
If you're looking for X,52,mask,drawer,hook,ignorance,"If you're looking for the mask, it's on the drawer.","I'll check the drawer then, thanks. LEAVE",drawer,1.0
If you're looking for X,53,mat,shelf,floor,shared_truth,"If you're looking for the mat, it's on the shelf.","Thanks, I'll look on the shelf then. LEAVE",shelf,1.0
If you're looking for X,53,mat,shelf,floor,ignorance,"If you're looking for the mat, it's on the shelf.",I'll check the shelf then. LEAVE.,shelf,1.0
If you're looking for X,54,medal,box,shelf,shared_truth,"If you're looking for the medal, it's on the display box.","Perfect, I will check the display box. LEAVE",box,1.0
If you're looking for X,54,medal,box,shelf,ignorance,"If you're looking for the medal, it's on the display box.","Thanks, I'll check the display box. LEAVE",box,1.0
If you're looking for X,55,mirror,shelf,wall,shared_truth,"If you're looking for the mirror, it's on the shelf.","Thanks, Mia. I'll check the shelf. LEAVE.",shelf,1.0
If you're looking for X,55,mirror,shelf,wall,ignorance,"If you're looking for the mirror, it's on the shelf.","Thanks, I'll look on the shelf. LEAVE",shelf,1.0
If you're looking for X,56,mug,rack,shelf,shared_truth,"If you're looking for the mug, it's on the drying rack.","Thanks, I'll check the drying rack. LEAVE",rack,1.0
If you're looking for X,56,mug,rack,shelf,ignorance,"If you're looking for the mug, it's on the drying rack.",I'll check the drying rack then. LEAVE.,rack,1.0
If you're looking for X,57,needle,drawer,box,shared_truth,"If you're looking for the needle, it's in the drawer.","Thanks, I'll check the drawer. LEAVE.",drawer,1.0
If you're looking for X,57,needle,drawer,box,ignorance,"If you're looking for the needle, it's in the drawer.","Thanks, I'll check the drawer. LEAVE",drawer,1.0
If you're looking for X,58,net,shed,yard,shared_truth,"If you're looking for the net, it's in the storage shed.","Thanks, I'll check the storage shed. LEAVE",shed,1.0
If you're looking for X,58,net,shed,yard,ignorance,"If you're looking for the net, it's in the storage shed.","Got it, I'll go check the storage shed. LEAVE.",shed,1.0
If you're looking for X,59,notebook,desk,backpack,shared_truth,"If you're looking for the notebook, it's in the desk.","Thanks, I will look in the desk. LEAVE.",desk,1.0
If you're looking for X,59,notebook,desk,backpack,ignorance,"If you're looking for the notebook, it's in the desk.",I'll look in the desk then. LEAVE,desk,1.0
If you're looking for X,60,package,back porch,,shared_truth,"If you're looking for the package, it's on the back porch.","Thanks, I'll check the back porch. LEAVE",,
If you're looking for X,60,package,back porch,,ignorance,"If you're looking for the package, it's on the back porch.","Got it, I'll go check the back porch. LEAVE",,
If you're looking for X,61,pail,shed,porch,shared_truth,"If you're looking for the pail, it's on the shed.",I'll check the shed then. LEAVE.,shed,1.0
If you're looking for X,61,pail,shed,porch,ignorance,"If you're looking for the pail, it's on the shed.","Thanks, I'll go check the shed. LEAVE",shed,1.0
If you're looking for X,62,paint,shelf,workbench,shared_truth,"If you're looking for the paint, it's on the shelf.","Great, I'll check the shelf then. LEAVE",shelf,1.0
If you're looking for X,62,paint,shelf,workbench,ignorance,"If you're looking for the paint, it's on the shelf.",I will look on the shelf then. LEAVE,shelf,1.0
If you're looking for X,63,pan,shelf,stove,shared_truth,"If you're looking for the pan, it's on the shelf.","Thanks, I'll check the shelf then. LEAVE",shelf,1.0
If you're looking for X,63,pan,shelf,stove,ignorance,"If you're looking for the pan, it's on the shelf.","Thanks, I'll check the shelf. LEAVE",shelf,1.0
If you're looking for X,64,patch,drawer,table,shared_truth,"If you're looking for the patch, it's on the drawer.","Thanks, I'll look in the drawer. LEAVE",drawer,1.0
If you're looking for X,64,patch,drawer,table,ignorance,"If you're looking for the patch, it's on the drawer.","Thanks, I'll check the drawer. LEAVE.",drawer,1.0
If you're looking for X,65,pen,tray,cup,shared_truth,"If you're looking for the pen, it's in the tray.","Thanks, I'll look in the tray. LEAVE",tray,1.0
If you're looking for X,65,pen,tray,cup,ignorance,"If you're looking for the pen, it's in the tray.",I'll check the tray. LEAVE.,tray,1.0
If you're looking for X,66,phone,table,couch,shared_truth,"If you're looking for the phone, it's on the table.","Perfect, I'll check the table. LEAVE",table,1.0
If you're looking for X,66,phone,table,couch,ignorance,"If you're looking for the phone, it's on the table.","Thanks, I'll check the table. LEAVE",table,1.0
If you're looking for X,67,photo,drawer,shelf,shared_truth,"If you're looking for the photo, it's in the drawer.","Great, I'll check the drawer. LEAVE",drawer,1.0
If you're looking for X,67,photo,drawer,shelf,ignorance,"If you're looking for the photo, it's in the drawer.",I'll check the drawer then. LEAVE,drawer,1.0
If you're looking for X,68,pillow,bed,couch,shared_truth,"If you're looking for the pillow, it's on the bed.",I'll check the bed then. LEAVE,bed,1.0
If you're looking for X,68,pillow,bed,couch,ignorance,"If you're looking for the pillow, it's on the bed.",I'll check the bed. LEAVE,bed,1.0
If you're looking for X,69,plate,sink,table,shared_truth,"If you're looking for the plate, it's on the sink.","Thanks, I'll check the sink. LEAVE",sink,1.0
If you're looking for X,69,plate,sink,table,ignorance,"If you're looking for the plate, it's on the sink.","Thanks, I'll check the sink. LEAVE.",sink,1.0
If you're looking for X,70,plug,floor,desk,shared_truth,"If you're looking for the plug, it's on the floor.","Thanks, I'll check the floor then. LEAVE",floor,1.0
If you're looking for X,70,plug,floor,desk,ignorance,"If you're looking for the plug, it's on the floor.","Thanks, I'll look on the floor. LEAVE.",floor,1.0
If you're looking for X,71,rake,shed,fence,shared_truth,"If you're looking for the rake, it's over by the shed.","Great, I'll go look by the shed. LEAVE",shed,1.0
If you're looking for X,71,rake,shed,fence,ignorance,"If you're looking for the rake, it's over by the shed.","Thanks, I'll look by the shed. LEAVE",shed,1.0
If you're looking for X,72,receipt,pocket,folder,shared_truth,"If you're looking for the receipt, it's in the coat pocket.","Thanks, I'll check the coat pocket. LEAVE",pocket,1.0
If you're looking for X,72,receipt,pocket,folder,ignorance,"If you're looking for the receipt, it's in the coat pocket.",I'll check the coat pocket then. LEAVE,pocket,1.0
If you're looking for X,73,remote,table,sofa cushion,shared_truth,"If you're looking for the remote, it's on the coffee table.","Thanks, I'll check the coffee table. LEAVE",table,1.0
If you're looking for X,73,remote,table,sofa cushion,ignorance,"If you're looking for the remote, it's on the coffee table.","Thanks, I'll look on the coffee table. LEAVE",table,1.0
If you're looking for X,74,ring,box,pouch,shared_truth,"If you're looking for the ring, it's in the small box.",Thank you. I'm going to check the small box. LEAVE,box,1.0
If you're looking for X,74,ring,box,pouch,ignorance,"If you're looking for the ring, it's in the small box.","Thanks, I'll check the small box. LEAVE.",box,1.0
If you're looking for X,75,rope,shed,car trunk,shared_truth,"If you're looking for the rope, it's in the shed.","Perfect, I'll check the shed. LEAVE.",shed,1.0
If you're looking for X,75,rope,shed,car trunk,ignorance,"If you're looking for the rope, it's in the shed.","Thanks, I'll check the shed then. LEAVE",shed,1.0
If you're looking for X,76,scale,shelf,counter,shared_truth,"If you're looking for the scale, it's on the shelf.","Thanks, I'll check the shelf. LEAVE",shelf,1.0
If you're looking for X,76,scale,shelf,counter,ignorance,"If you're looking for the scale, it's on the shelf.","Got it, I'll look on the shelf. LEAVE",shelf,1.0
If you're looking for X,77,scarf,closet,bench,shared_truth,"If you're looking for the scarf, it's in the closet.","Thanks, I'll check the closet. LEAVE",closet,1.0
If you're looking for X,77,scarf,closet,bench,ignorance,"If you're looking for the scarf, it's in the closet.","Thanks, I will look in the closet. LEAVE.",closet,1.0
If you're looking for X,78,scissors,desk,cabinet,shared_truth,"If you're looking for the scissors, it's on the desk.","Thanks, I'll check the desk. LEAVE.",desk,1.0
If you're looking for X,78,scissors,desk,cabinet,ignorance,"If you're looking for the scissors, it's on the desk.","Thanks, I'll check the desk. LEAVE.",desk,1.0
If you're looking for X,79,seed,bag,pot,shared_truth,"If you're looking for the seed, it's in the bag.",I'll check the bag then. LEAVE,bag,1.0
If you're looking for X,79,seed,bag,pot,ignorance,"If you're looking for the seed, it's in the bag.","Thanks, I'll check the bag. LEAVE.",bag,1.0
If you're looking for X,80,shovel,yard,tool shed,shared_truth,"If you're looking for the shovel, it's in the yard.","Thanks, I'll check the yard then. LEAVE.",yard,1.0
If you're looking for X,80,shovel,yard,tool shed,ignorance,"If you're looking for the shovel, it's in the yard.","Thanks, I'll go look in the yard then. LEAVE",yard,1.0
If you're looking for X,81,soap,ledge,shelf,shared_truth,"If you're looking for the soap, it's on the window ledge.","Thanks, I'll check the window ledge. LEAVE",ledge,1.0
If you're looking for X,81,soap,ledge,shelf,ignorance,"If you're looking for the soap, it's on the window ledge.","Thanks, I'll check the window ledge. LEAVE.",ledge,1.0
If you're looking for X,82,sponge,counter,sink,shared_truth,"If you're looking for the sponge, it's on the counter.","Thanks, I'll look on the counter. LEAVE",counter,1.0
If you're looking for X,82,sponge,counter,sink,ignorance,"If you're looking for the sponge, it's on the counter.","Thanks, I'll check the counter. LEAVE.",counter,1.0
If you're looking for X,83,spoon,bowl,cup,shared_truth,"If you're looking for the spoon, it's in the bowl.",I'll check the bowl then. LEAVE,bowl,1.0
If you're looking for X,83,spoon,bowl,cup,ignorance,"If you're looking for the spoon, it's in the bowl.",I'll check the bowl then. LEAVE,bowl,1.0
If you're looking for X,84,stamp,drawer,tray,shared_truth,"If you're looking for the stamp, it's in the drawer.","Thanks, I'll check the drawer. LEAVE",drawer,1.0
If you're looking for X,84,stamp,drawer,tray,ignorance,"If you're looking for the stamp, it's in the drawer.","Thanks, I'll check the drawer. LEAVE",drawer,1.0
If you're looking for X,85,stapler,desk,drawer,shared_truth,"If you're looking for the stapler, it's on the desk.","Thanks, I'll check the desk. LEAVE",desk,1.0
If you're looking for X,85,stapler,desk,drawer,ignorance,"If you're looking for the stapler, it's on the desk.","Thanks, I'll check the desk. LEAVE",desk,1.0
If you're looking for X,86,stone,pot,window ledge,shared_truth,"If you're looking for the stone, it's on the pot.",I'll check the pot. LEAVE.,pot,1.0
If you're looking for X,86,stone,pot,window ledge,ignorance,"If you're looking for the stone, it's on the pot.","Thanks, Mia. I'll check the pot. LEAVE",pot,1.0
If you're looking for X,87,strap,drawer,hook,shared_truth,"If you're looking for the strap, it's on the drawer.","Perfect, I'll check the drawer. LEAVE.",drawer,1.0
If you're looking for X,87,strap,drawer,hook,ignorance,"If you're looking for the strap, it's on the drawer.","Thanks, I'll check the drawer. LEAVE",drawer,1.0
If you're looking for X,88,tape,shelf,drawer,shared_truth,"If you're looking for the tape, it's on the shelf.","Thanks, I'll check the shelf. LEAVE",shelf,1.0
If you're looking for X,88,tape,shelf,drawer,ignorance,"If you're looking for the tape, it's on the shelf.","Got it, I'll look on the shelf. LEAVE",shelf,1.0
If you're looking for X,89,ticket,pocket,bag,shared_truth,"If you're looking for the ticket, it's in the coat pocket.","Great, I will check the coat pocket. LEAVE.",pocket,1.0
If you're looking for X,89,ticket,pocket,bag,ignorance,"If you're looking for the ticket, it's in the coat pocket.",I'll check the coat pocket. LEAVE,pocket,1.0
If you're looking for X,90,towel,rack,laundry basket,shared_truth,"If you're looking for the towel, it's on the rack.",I'll check the rack then. LEAVE,rack,1.0
If you're looking for X,90,towel,rack,laundry basket,ignorance,"If you're looking for the towel, it's on the rack.","Thanks, I'll check the towel rack. LEAVE",rack,1.0
If you're looking for X,91,toy,bin,rug,shared_truth,"If you're looking for the toy, it's on the bin.","Great, I'll look on the bin then. LEAVE",bin,1.0
If you're looking for X,91,toy,bin,rug,ignorance,"If you're looking for the toy, it's on the bin.","Thanks, I'll look in the toy bin. LEAVE.",bin,1.0
If you're looking for X,92,tray,oven,counter,shared_truth,"If you're looking for the tray, it's right there on the oven.","I'll check the oven then, thanks. LEAVE",oven,1.0
If you're looking for X,92,tray,oven,counter,ignorance,"If you're looking for the tray, it's right there on the oven.","Thanks, I'll check the oven. LEAVE.",oven,1.0
If you're looking for X,93,umbrella,hook,umbrella stand,shared_truth,"If you're looking for the umbrella, it's on the wall hook.","Thanks, I'll check the wall hook then. LEAVE",hook,1.0
If you're looking for X,93,umbrella,hook,umbrella stand,ignorance,"If you're looking for the umbrella, it's on the wall hook.","Thanks, I will check the wall hook. LEAVE",hook,1.0
If you're looking for X,94,vase,mantle,table,shared_truth,"If you're looking for the vase, it's on the mantle.","Thanks, I will check the mantle. LEAVE",mantle,1.0
If you're looking for X,94,vase,mantle,table,ignorance,"If you're looking for the vase, it's on the mantle.","Thanks, I'll look on the mantle. LEAVE",mantle,1.0
If you're looking for X,95,wallet,drawer,desk,shared_truth,"If you're looking for the wallet, it's in the drawer.","Thanks, I'll check the drawer. LEAVE",drawer,1.0
If you're looking for X,95,wallet,drawer,desk,ignorance,"If you're looking for the wallet, it's in the drawer.",I'll check the drawer. LEAVE,drawer,1.0
If you're looking for X,96,watch,nightstand,dresser,shared_truth,"If you're looking for the watch, it's on the nightstand.","Thanks, I'll check the nightstand. LEAVE.",nightstand,1.0
If you're looking for X,96,watch,nightstand,dresser,ignorance,"If you're looking for the watch, it's on the nightstand.","Thanks, I'll check the nightstand. LEAVE.",nightstand,1.0
If you're looking for X,97,whisk,drawer,hook,shared_truth,"If you're looking for the whisk, it's on the drawer.","Thank you, I will check the drawer then. LEAVE.",drawer,1.0
If you're looking for X,97,whisk,drawer,hook,ignorance,"If you're looking for the whisk, it's on the drawer.",I'll check the drawer then. LEAVE,drawer,1.0
If you're looking for X,98,wire,bench,drawer,shared_truth,"If you're looking for the wire, it's on the bench.",I'll check the bench then. LEAVE.,bench,1.0
If you're looking for X,98,wire,bench,drawer,ignorance,"If you're looking for the wire, it's on the bench.",I'll check the bench. LEAVE.,bench,1.0
If you're looking for X,99,wrench,toolbox,workbench,shared_truth,"If you're looking for the wrench, it's on the toolbox.",I'll check the toolbox then. LEAVE.,toolbox,1.0
If you're looking for X,99,wrench,toolbox,workbench,ignorance,"If you're looking for the wrench, it's on the toolbox.","Thanks, I will check the toolbox. LEAVE",toolbox,1.0
Are you looking for X?,0,apron,drawer,hook,shared_truth,Are you looking for the apron? It's on the drawer.,"Thanks, I'll check the drawer. LEAVE.",drawer,1.0
Are you looking for X?,0,apron,drawer,hook,ignorance,Are you looking for the apron? It's on the drawer.,Thanks! I will check the drawer then. LEAVE,drawer,1.0
Are you looking for X?,1,badge,desk,hook by the door,shared_truth,Are you looking for the badge? It's on the desk.,"Thanks, I'll check the desk. LEAVE.",desk,1.0
Are you looking for X?,1,badge,desk,hook by the door,ignorance,Are you looking for the badge? It's on the desk.,"Thanks, I'll check the desk. LEAVE",desk,1.0
Are you looking for X?,2,ball,garage,yard,shared_truth,Are you looking for the ball? It's in the garage.,Thanks! I'll check the garage. LEAVE,garage,1.0
Are you looking for X?,2,ball,garage,yard,ignorance,Are you looking for the ball? It's in the garage.,I'll check the garage. LEAVE,garage,1.0
Are you looking for X?,3,belt,chair,closet,shared_truth,Are you looking for the belt? It's on the chair.,"Thanks, I'll check the chair. LEAVE",chair,1.0
Are you looking for X?,3,belt,chair,closet,ignorance,Are you looking for the belt? It's on the chair.,I'll check the chair then. LEAVE,chair,1.0
Are you looking for X?,4,binder,desk,shelf,shared_truth,Are you looking for the binder? It's on the desk.,"Thanks, I'll check the desk. LEAVE.",desk,1.0
Are you looking for X?,4,binder,desk,shelf,ignorance,Are you looking for the binder? It's on the desk.,"Thanks, I'll look on the desk. LEAVE.",desk,1.0
Are you looking for X?,5,blanket,bed,chair,shared_truth,Are you looking for the blanket? It's on the bed.,"Thanks, I'll check the bed. LEAVE",bed,1.0
Are you looking for X?,5,blanket,bed,chair,ignorance,Are you looking for the blanket? It's on the bed.,I'll look on the bed then. LEAVE,bed,1.0
Are you looking for X?,6,book,shelf,bag,shared_truth,Are you looking for the book? It's on the shelf.,"Thanks, I'll look on the shelf. LEAVE",shelf,1.0
Are you looking for X?,6,book,shelf,bag,ignorance,Are you looking for the book? It's on the shelf.,"Thanks, I'll check the shelf. LEAVE",shelf,1.0
Are you looking for X?,7,bottle,counter,fridge,shared_truth,Are you looking for the bottle? It's on the counter.,"Thanks, I will look on the counter. LEAVE",counter,1.0
Are you looking for X?,7,bottle,counter,fridge,ignorance,Are you looking for the bottle? It's on the counter.,"Thanks, I'll check the counter. LEAVE",counter,1.0
Are you looking for X?,8,bowl,table,counter,shared_truth,Are you looking for the bowl? It's on the table.,"Thanks, I'll check the table. LEAVE",table,1.0
Are you looking for X?,8,bowl,table,counter,ignorance,Are you looking for the bowl? It's on the table.,"Thanks, I'll check the table. LEAVE.",table,1.0
Are you looking for X?,9,broom,closet,corner,shared_truth,Are you looking for the broom? It's in the closet.,"Thanks, I'll check the closet. LEAVE.",closet,1.0
Are you looking for X?,9,broom,closet,corner,ignorance,Are you looking for the broom? It's in the closet.,"Thanks, I'll look in the closet. LEAVE.",closet,1.0
Are you looking for X?,10,brush,drawer,counter,shared_truth,Are you looking for the brush? It's right there on the drawer.,"Thanks, I'll get it from the drawer. LEAVE",drawer,1.0
Are you looking for X?,10,brush,drawer,counter,ignorance,Are you looking for the brush? It's right there on the drawer.,"Thanks, I'll check the drawer. LEAVE",drawer,1.0
Are you looking for X?,11,bulb,box,shelf,shared_truth,Are you looking for the bulb? It's on the box.,"Thanks, I'll look on the box. LEAVE",box,1.0
Are you looking for X?,11,bulb,box,shelf,ignorance,Are you looking for the bulb? It's on the box.,"Got it, I'll check the box. LEAVE",box,1.0
Are you looking for X?,12,cable,desk,floor underneath,shared_truth,Are you looking for the cable? It's right here on the desk.,"Perfect, I'll get it from the desk. LEAVE",desk,1.0
Are you looking for X?,12,cable,desk,floor underneath,ignorance,Are you looking for the cable? It's right here on the desk.,I will look on the desk then. LEAVE.,desk,1.0
Are you looking for X?,13,camera,shelf,bag,shared_truth,Are you looking for the camera? It's on the shelf.,"Great, I'll check the shelf then. LEAVE",shelf,1.0
Are you looking for X?,13,camera,shelf,bag,ignorance,Are you looking for the camera? It's on the shelf.,"Thanks, I'll check the shelf. LEAVE",shelf,1.0
Are you looking for X?,14,candle,mantle,side table,shared_truth,Are you looking for the candle? It's on the mantle.,"Thank you, I will look on the mantle. LEAVE",mantle,1.0
Are you looking for X?,14,candle,mantle,side table,ignorance,Are you looking for the candle? It's on the mantle.,I'll look on the mantle. LEAVE,mantle,1.0
Are you looking for X?,15,chain,hook,box,shared_truth,Are you looking for the chain? It's on the hook.,"Thanks, I'll check the hook. LEAVE",hook,1.0
Are you looking for X?,15,chain,hook,box,ignorance,Are you looking for the chain? It's on the hook.,"Thanks, I'll check the hook. LEAVE",hook,1.0
Are you looking for X?,16,chalk,box,chalk tray,shared_truth,Are you looking for the chalk? It's in the box.,"Thanks, I'll check the box. LEAVE",box,1.0
Are you looking for X?,16,chalk,box,chalk tray,ignorance,Are you looking for the chalk? It's in the box.,"Thanks, I'll look in the box. LEAVE",box,1.0
Are you looking for X?,17,charger,desk,bed,shared_truth,Are you looking for the charger? It's on the desk.,Thanks! I'll look on the desk. LEAVE,desk,1.0
Are you looking for X?,17,charger,desk,bed,ignorance,Are you looking for the charger? It's on the desk.,"Thanks, I'll check the desk. LEAVE",desk,1.0
Are you looking for X?,18,clip,desk,paper tray,shared_truth,Are you looking for the clip? It's on the desk.,"Thank you, I will check the desk. LEAVE",desk,1.0
Are you looking for X?,18,clip,desk,paper tray,ignorance,Are you looking for the clip? It's on the desk.,"Thanks, I'll check the desk. LEAVE.",desk,1.0
Are you looking for X?,19,clipboard,desk,shelf,shared_truth,Are you looking for the clipboard? It's on the desk.,"Thanks, I'll check the desk. LEAVE",desk,1.0
Are you looking for X?,19,clipboard,desk,shelf,ignorance,Are you looking for the clipboard? It's on the desk.,I'll check the desk then. LEAVE,desk,1.0
Are you looking for X?,20,cloth,basket,drying rack,shared_truth,Are you looking for the cloth? It's right there on the basket.,"Thanks, Mia. I'll check the basket. LEAVE.",basket,1.0
Are you looking for X?,20,cloth,basket,drying rack,ignorance,Are you looking for the cloth? It's right there on the basket.,"Thanks, I'll check the basket. LEAVE.",basket,1.0
Are you looking for X?,21,coin,pocket,jar,shared_truth,Are you looking for the coin? It's in the coat pocket.,"Thanks, I'll check the coat pocket. LEAVE",pocket,1.0
Are you looking for X?,21,coin,pocket,jar,ignorance,Are you looking for the coin? It's in the coat pocket.,I'll check the coat pocket then. LEAVE.,pocket,1.0
Are you looking for X?,22,comb,drawer,shelf,shared_truth,Are you looking for the comb? It's on the drawer.,"Thanks, I'll check the drawer. LEAVE",drawer,1.0
Are you looking for X?,22,comb,drawer,shelf,ignorance,Are you looking for the comb? It's on the drawer.,I'll check the drawer then. LEAVE.,drawer,1.0
Are you looking for X?,23,cord,basket,desk,shared_truth,Are you looking for the cord? It's on the basket.,"Thanks, I will check the basket. LEAVE",basket,1.0
Are you looking for X?,23,cord,basket,desk,ignorance,Are you looking for the cord? It's on the basket.,"Thanks, I will check the basket. LEAVE",basket,1.0
Are you looking for X?,24,cup,shelf,table,shared_truth,Are you looking for the cup? It's on the shelf.,"Thanks, I'll look on the shelf. LEAVE",shelf,1.0
Are you looking for X?,24,cup,shelf,table,ignorance,Are you looking for the cup? It's on the shelf.,"Thanks, I'll check the shelf. LEAVE",shelf,1.0
Are you looking for X?,25,dice,table,cup,shared_truth,Are you looking for the dice? It's on the table.,"Thanks, I'll check the table. LEAVE.",table,1.0
Are you looking for X?,25,dice,table,cup,ignorance,Are you looking for the dice? It's on the table.,"Thanks, I'll look on the table. LEAVE",table,1.0
Are you looking for X?,26,drill,bench,tool case,shared_truth,Are you looking for the drill? It's on the workbench.,"Thanks, I'll check the workbench. LEAVE",bench,1.0
Are you looking for X?,26,drill,bench,tool case,ignorance,Are you looking for the drill? It's on the workbench.,"Thanks, I'll check the workbench. LEAVE.",bench,1.0
Are you looking for X?,27,fan,shelf,floor,shared_truth,Are you looking for the fan? It's on the shelf.,"Thanks, I'll look on the shelf. LEAVE",shelf,1.0
Are you looking for X?,27,fan,shelf,floor,ignorance,Are you looking for the fan? It's on the shelf.,I'll check the shelf then. LEAVE,shelf,1.0
Are you looking for X?,28,film,shelf,drawer,shared_truth,Are you looking for the film? It's on the shelf.,"Thanks, I'll check the shelf then. LEAVE",shelf,1.0
Are you looking for X?,28,film,shelf,drawer,ignorance,Are you looking for the film? It's on the shelf.,"Thanks, I'll check the shelf. LEAVE",shelf,1.0
Are you looking for X?,29,flag,pole,storage box,shared_truth,Are you looking for the flag? It's on the pole.,"Thanks, that's what I thought. I'",,
Are you looking for X?,29,flag,pole,storage box,ignorance,Are you looking for the flag? It's on the pole.,"Thanks, I'll check the pole. LEAVE",pole,1.0
Are you looking for X?,30,flashlight,drawer,shelf,shared_truth,Are you looking for the flashlight? It's on the drawer.,"Thanks, I'll check the drawer. LEAVE",drawer,1.0
Are you looking for X?,30,flashlight,drawer,shelf,ignorance,Are you looking for the flashlight? It's on the drawer.,"Thanks, I'll check the drawer. LEAVE.",drawer,1.0
Are you looking for X?,31,flask,locker,desk,shared_truth,Are you looking for the flask? It's on the locker.,I'll check the locker then. LEAVE,locker,1.0
Are you looking for X?,31,flask,locker,desk,ignorance,Are you looking for the flask? It's on the locker.,I'll check the locker. LEAVE.,locker,1.0
Are you looking for X?,32,fork,counter,drawer,shared_truth,Are you looking for the fork? It's on the counter.,"Perfect, I will check the counter. LEAVE.",counter,1.0
Are you looking for X?,32,fork,counter,drawer,ignorance,Are you looking for the fork? It's on the counter.,I will look on the counter. LEAVE.,counter,1.0
Are you looking for X?,33,frame,wall,desk,shared_truth,Are you looking for the frame? It's right there on the wall.,I will look on the wall then. LEAVE,wall,1.0
Are you looking for X?,33,frame,wall,desk,ignorance,Are you looking for the frame? It's right there on the wall.,"Thanks, I'll check the wall. LEAVE",wall,1.0
Are you looking for X?,34,glasses,shelf,counter,shared_truth,Are you looking for the glasses? It's right there on the shelf.,"Thanks, I'll check the shelf. LEAVE.",shelf,1.0
Are you looking for X?,34,glasses,shelf,counter,ignorance,Are you looking for the glasses? It's right there on the shelf.,"Thanks, I'll check the shelf. LEAVE",shelf,1.0
Are you looking for X?,35,globe,shelf,desk,shared_truth,Are you looking for the globe? It's on the shelf.,"Thanks, I'll look on the shelf. LEAVE",shelf,1.0
Are you looking for X?,35,globe,shelf,desk,ignorance,Are you looking for the globe? It's on the shelf.,I'll check the shelf. LEAVE,shelf,1.0
Are you looking for X?,36,glove,bench,coat pocket,shared_truth,Are you looking for the glove? It's right over there on the bench.,"Thanks, I'll look on the bench. LEAVE.",bench,1.0
Are you looking for X?,36,glove,bench,coat pocket,ignorance,Are you looking for the glove? It's right over there on the bench.,I'll check the bench then. LEAVE,bench,1.0
Are you looking for X?,37,hammer,floor,shelf,shared_truth,Are you looking for the hammer? It's on the floor.,"Thanks, I will look on the floor. LEAVE",floor,1.0
Are you looking for X?,37,hammer,floor,shelf,ignorance,Are you looking for the hammer? It's on the floor.,"Thanks, I'll check the floor. LEAVE.",floor,1.0
Are you looking for X?,38,hat,hook,chair,shared_truth,Are you looking for the hat? It's on the hook.,"Thanks, I'll check the hook. LEAVE",hook,1.0
Are you looking for X?,38,hat,hook,chair,ignorance,Are you looking for the hat? It's on the hook.,"Thanks, I'll check the hook. LEAVE",hook,1.0
Are you looking for X?,39,jacket,hook,chair,shared_truth,Are you looking for the jacket? It's hanging on the coat hook.,"Yes, I am. I'll check the coat hook. LEAVE.",hook,1.0
Are you looking for X?,39,jacket,hook,chair,ignorance,Are you looking for the jacket? It's hanging on the coat hook.,"Thanks, I'll check the coat hook. LEAVE",hook,1.0
Are you looking for X?,40,jar,counter,shelf,shared_truth,Are you looking for the jar? It's on the counter.,"Perfect, I will look on the counter. LEAVE.",counter,1.0
Are you looking for X?,40,jar,counter,shelf,ignorance,Are you looking for the jar? It's on the counter.,I'll look on the counter then. LEAVE,counter,1.0
Are you looking for X?,41,key,red box,blue box,shared_truth,Are you looking for the key? It's in the red box.,"Thanks, I'll check the red box. LEAVE",red box,1.0
Are you looking for X?,41,key,red box,blue box,ignorance,Are you looking for the key? It's in the red box.,"Thanks, I'll check the red box. LEAVE",red box,1.0
Are you looking for X?,42,knob,box,shelf,shared_truth,Are you looking for the knob? It's on the box.,"Thanks, I'll check the box. LEAVE",box,1.0
Are you looking for X?,42,knob,box,shelf,ignorance,Are you looking for the knob? It's on the box.,"Thanks, I'll look on the box. LEAVE",box,1.0
Are you looking for X?,43,lantern,truck,tent,shared_truth,Are you looking for the lantern? It's in the truck.,Thanks! I'll check the truck then. LEAVE,truck,1.0
Are you looking for X?,43,lantern,truck,tent,ignorance,Are you looking for the lantern? It's in the truck.,"Thanks, I'll check the truck. LEAVE",truck,1.0
Are you looking for X?,44,lanyard,locker,desk,shared_truth,Are you looking for the lanyard? It's over there on the locker.,"Perfect, I'll grab it from the locker. LEAVE",locker,1.0
Are you looking for X?,44,lanyard,locker,desk,ignorance,Are you looking for the lanyard? It's over there on the locker.,"Thanks, I'll check the locker. LEAVE",locker,1.0
Are you looking for X?,45,leash,hook,table,shared_truth,Are you looking for the leash? It's on the hook.,"Yes, I am. I'll check the hook. LEAVE",hook,1.0
Are you looking for X?,45,leash,hook,table,ignorance,Are you looking for the leash? It's on the hook.,"Thanks, I'll check the hook. LEAVE",hook,1.0
Are you looking for X?,46,lens,bag,lens case,shared_truth,Are you looking for the lens? It's in the bag.,"Thanks, I'll check the bag. LEAVE.",bag,1.0
Are you looking for X?,46,lens,bag,lens case,ignorance,Are you looking for the lens? It's in the bag.,"Thanks, I'll check the bag. LEAVE",bag,1.0
Are you looking for X?,47,letter,mat,mailbox,shared_truth,Are you looking for the letter? It's on the door mat.,"Thanks, I'll check the door mat. LEAVE",mat,1.0
Are you looking for X?,47,letter,mat,mailbox,ignorance,Are you looking for the letter? It's on the door mat.,"Thanks, I will look on the door mat. LEAVE.",mat,1.0
Are you looking for X?,48,lighter,pocket,drawer,shared_truth,Are you looking for the lighter? It's in the jacket pocket.,"Thanks, I'll check the jacket pocket. LEAVE",pocket,1.0
Are you looking for X?,48,lighter,pocket,drawer,ignorance,Are you looking for the lighter? It's in the jacket pocket.,I'll look in the jacket pocket. LEAVE.,pocket,1.0
Are you looking for X?,49,lock,gate,shed,shared_truth,Are you looking for the lock? It's on the gate.,"Thanks, I'll check the gate. LEAVE",gate,1.0
Are you looking for X?,49,lock,gate,shed,ignorance,Are you looking for the lock? It's on the gate.,"Thanks, I'll check the gate. LEAVE",gate,1.0
Are you looking for X?,50,map,wall,table,shared_truth,Are you looking for the map? It's on the wall.,"Perfect, I will look on the wall. LEAVE",wall,1.0
Are you looking for X?,50,map,wall,table,ignorance,Are you looking for the map? It's on the wall.,"Great, I'll check the wall then. LEAVE",wall,1.0
Are you looking for X?,51,marker,tray,cup,shared_truth,Are you looking for the marker? It's in the tray.,"Thanks, I'll check the tray. LEAVE",tray,1.0
Are you looking for X?,51,marker,tray,cup,ignorance,Are you looking for the marker? It's in the tray.,I'll check the tray then. LEAVE,tray,1.0
Are you looking for X?,52,mask,drawer,hook,shared_truth,Are you looking for the mask? It's on the drawer.,"Thank you, I will check the drawer. LEAVE",drawer,1.0
Are you looking for X?,52,mask,drawer,hook,ignorance,Are you looking for the mask? It's on the drawer.,"Thanks, I'll check the drawer. LEAVE",drawer,1.0
Are you looking for X?,53,mat,shelf,floor,shared_truth,Are you looking for the mat? It's on the shelf.,"Thanks, I'll check the shelf then. LEAVE.",shelf,1.0
Are you looking for X?,53,mat,shelf,floor,ignorance,Are you looking for the mat? It's on the shelf.,Thanks! I'll check the shelf. LEAVE,shelf,1.0
Are you looking for X?,54,medal,box,shelf,shared_truth,Are you looking for the medal? It's on the display box.,I'll check the display box then. LEAVE,box,1.0
Are you looking for X?,54,medal,box,shelf,ignorance,Are you looking for the medal? It's on the display box.,"Got it, I'll check the display box. LEAVE.",box,1.0
Are you looking for X?,55,mirror,shelf,wall,shared_truth,Are you looking for the mirror? It's on the shelf.,"Thanks, I'll check the shelf. LEAVE",shelf,1.0
Are you looking for X?,55,mirror,shelf,wall,ignorance,Are you looking for the mirror? It's on the shelf.,"Thanks, I'll look on the shelf. LEAVE",shelf,1.0
Are you looking for X?,56,mug,rack,shelf,shared_truth,Are you looking for the mug? It's on the drying rack.,"Thanks, I'll check the drying rack. LEAVE",rack,1.0
Are you looking for X?,56,mug,rack,shelf,ignorance,Are you looking for the mug? It's on the drying rack.,"Thanks, I'll check the drying rack. LEAVE.",rack,1.0
Are you looking for X?,57,needle,drawer,box,shared_truth,Are you looking for the needle? It's in the drawer.,"Great, I will look in the drawer. LEAVE.",drawer,1.0
Are you looking for X?,57,needle,drawer,box,ignorance,Are you looking for the needle? It's in the drawer.,"Thanks, I'll check the drawer. LEAVE",drawer,1.0
Are you looking for X?,58,net,shed,yard,shared_truth,Are you looking for the net? It's in the storage shed.,"Perfect, I'll go look in the storage shed. LEAVE",shed,1.0
Are you looking for X?,58,net,shed,yard,ignorance,Are you looking for the net? It's in the storage shed.,Thanks! I'll check the storage shed. LEAVE.,shed,1.0
Are you looking for X?,59,notebook,desk,backpack,shared_truth,Are you looking for the notebook? It's in the desk.,"Thanks, I'll check the desk. LEAVE",desk,1.0
Are you looking for X?,59,notebook,desk,backpack,ignorance,Are you looking for the notebook? It's in the desk.,"Thanks, I will check the desk. LEAVE.",desk,1.0
Are you looking for X?,60,package,back porch,,shared_truth,Are you looking for the package? It's on the back porch.,"Great, I'll check the back porch. LEAVE.",,
Are you looking for X?,60,package,back porch,,ignorance,Are you looking for the package? It's on the back porch.,"Thanks, I'll check the back porch. LEAVE",,
Are you looking for X?,61,pail,shed,porch,shared_truth,Are you looking for the pail? It's on the shed.,"Thanks, I will check the shed. LEAVE",shed,1.0
Are you looking for X?,61,pail,shed,porch,ignorance,Are you looking for the pail? It's on the shed.,"Thanks, I'll go look on the shed. LEAVE",shed,1.0
Are you looking for X?,62,paint,shelf,workbench,shared_truth,Are you looking for the paint? It's on the shelf.,"Thanks, I'll check the shelf. LEAVE",shelf,1.0
Are you looking for X?,62,paint,shelf,workbench,ignorance,Are you looking for the paint? It's on the shelf.,"Thanks, I'll check the shelf. LEAVE",shelf,1.0
Are you looking for X?,63,pan,shelf,stove,shared_truth,Are you looking for the pan? It's on the shelf.,"Thanks, I will look on the shelf. LEAVE",shelf,1.0
Are you looking for X?,63,pan,shelf,stove,ignorance,Are you looking for the pan? It's on the shelf.,"Got it, I'll check the shelf. LEAVE",shelf,1.0
Are you looking for X?,64,patch,drawer,table,shared_truth,Are you looking for the patch? It's on the drawer.,"Thanks, I'll check the drawer. LEAVE.",drawer,1.0
Are you looking for X?,64,patch,drawer,table,ignorance,Are you looking for the patch? It's on the drawer.,"Thank you, I'll check the drawer. LEAVE.",drawer,1.0
Are you looking for X?,65,pen,tray,cup,shared_truth,Are you looking for the pen? It's in the tray.,"Thanks, I'll check the tray. LEAVE",tray,1.0
Are you looking for X?,65,pen,tray,cup,ignorance,Are you looking for the pen? It's in the tray.,Thanks! I'll check the tray. LEAVE,tray,1.0
Are you looking for X?,66,phone,table,couch,shared_truth,Are you looking for the phone? It's on the table.,"Thanks, I'll check the table. LEAVE.",table,1.0
Are you looking for X?,66,phone,table,couch,ignorance,Are you looking for the phone? It's on the table.,"Thanks, I'll look on the table. LEAVE.",table,1.0
Are you looking for X?,67,photo,drawer,shelf,shared_truth,Are you looking for the photo? It's in the drawer.,"Thanks, I'll check the drawer. LEAVE.",drawer,1.0
Are you looking for X?,67,photo,drawer,shelf,ignorance,Are you looking for the photo? It's in the drawer.,"Thanks, I'll look in the drawer. LEAVE",drawer,1.0
Are you looking for X?,68,pillow,bed,couch,shared_truth,Are you looking for the pillow? It's on the bed.,"Thanks, I'll check the bed. LEAVE",bed,1.0
Are you looking for X?,68,pillow,bed,couch,ignorance,Are you looking for the pillow? It's on the bed.,"Thanks, I will look on the bed. LEAVE",bed,1.0
Are you looking for X?,69,plate,sink,table,shared_truth,Are you looking for the plate? It's on the sink.,"Thanks, I'll check the sink. LEAVE.",sink,1.0
Are you looking for X?,69,plate,sink,table,ignorance,Are you looking for the plate? It's on the sink.,"Thanks, I will look on the sink. LEAVE",sink,1.0
Are you looking for X?,70,plug,floor,desk,shared_truth,Are you looking for the plug? It's on the floor.,"Thanks, I'll check the floor. LEAVE.",floor,1.0
Are you looking for X?,70,plug,floor,desk,ignorance,Are you looking for the plug? It's on the floor.,I'll look on the floor then. LEAVE,floor,1.0
Are you looking for X?,71,rake,shed,fence,shared_truth,Are you looking for the rake? It's over by the shed.,"Perfect, I'll go look by the shed. LEAVE",shed,1.0
Are you looking for X?,71,rake,shed,fence,ignorance,Are you looking for the rake? It's over by the shed.,I'll check by the shed then. LEAVE.,shed,1.0
Are you looking for X?,72,receipt,pocket,folder,shared_truth,Are you looking for the receipt? It's in the coat pocket.,"Great, I'll check the coat pocket. LEAVE",pocket,1.0
Are you looking for X?,72,receipt,pocket,folder,ignorance,Are you looking for the receipt? It's in the coat pocket.,I will look in the coat pocket. LEAVE,pocket,1.0
Are you looking for X?,73,remote,table,sofa cushion,shared_truth,Are you looking for the remote? It's on the coffee table.,Thanks! I'll check the coffee table then. LEAVE,table,1.0
Are you looking for X?,73,remote,table,sofa cushion,ignorance,Are you looking for the remote? It's on the coffee table.,Thanks! I'll check the coffee table. LEAVE,table,1.0
Are you looking for X?,74,ring,box,pouch,shared_truth,Are you looking for the ring? It's in the small box.,"Thanks, I'll check the small box. LEAVE.",box,1.0
Are you looking for X?,74,ring,box,pouch,ignorance,Are you looking for the ring? It's in the small box.,"Thanks, I'll check the small box. LEAVE",box,1.0
Are you looking for X?,75,rope,shed,car trunk,shared_truth,Are you looking for the rope? It's in the shed.,"Thanks, I'll check the shed. LEAVE",shed,1.0
Are you looking for X?,75,rope,shed,car trunk,ignorance,Are you looking for the rope? It's in the shed.,I'll go look in the shed. LEAVE,shed,1.0
Are you looking for X?,76,scale,shelf,counter,shared_truth,Are you looking for the scale? It's on the shelf.,"Thanks, I'll look on the shelf. LEAVE",shelf,1.0
Are you looking for X?,76,scale,shelf,counter,ignorance,Are you looking for the scale? It's on the shelf.,"Thanks, I'll check the shelf. LEAVE",shelf,1.0
Are you looking for X?,77,scarf,closet,bench,shared_truth,Are you looking for the scarf? It's in the closet.,"Thanks, I will look in the closet. LEAVE.",closet,1.0
Are you looking for X?,77,scarf,closet,bench,ignorance,Are you looking for the scarf? It's in the closet.,I'll check the closet then. LEAVE.,closet,1.0
Are you looking for X?,78,scissors,desk,cabinet,shared_truth,Are you looking for the scissors? It's on the desk.,"Thanks, I will check the desk. LEAVE.",desk,1.0
Are you looking for X?,78,scissors,desk,cabinet,ignorance,Are you looking for the scissors? It's on the desk.,"Thanks, I'll look on the desk. LEAVE",desk,1.0
Are you looking for X?,79,seed,bag,pot,shared_truth,Are you looking for the seed? It's in the bag.,"Thanks, I'll check the bag. LEAVE.",bag,1.0
Are you looking for X?,79,seed,bag,pot,ignorance,Are you looking for the seed? It's in the bag.,"Thanks, I will check the bag. LEAVE",bag,1.0
Are you looking for X?,80,shovel,yard,tool shed,shared_truth,Are you looking for the shovel? It's in the yard.,"Great, I will check the yard. LEAVE",yard,1.0
Are you looking for X?,80,shovel,yard,tool shed,ignorance,Are you looking for the shovel? It's in the yard.,"Thanks, I'll look in the yard. LEAVE",yard,1.0
Are you looking for X?,81,soap,ledge,shelf,shared_truth,Are you looking for the soap? It's on the window ledge.,"Thanks, I'll check the window ledge. LEAVE",ledge,1.0
Are you looking for X?,81,soap,ledge,shelf,ignorance,Are you looking for the soap? It's on the window ledge.,I'll check the window ledge then. LEAVE.,ledge,1.0
Are you looking for X?,82,sponge,counter,sink,shared_truth,Are you looking for the sponge? It's on the counter.,"Thanks, I'll check the counter. LEAVE",counter,1.0
Are you looking for X?,82,sponge,counter,sink,ignorance,Are you looking for the sponge? It's on the counter.,"Thanks, I'll check the counter. LEAVE.",counter,1.0
Are you looking for X?,83,spoon,bowl,cup,shared_truth,Are you looking for the spoon? It's in the bowl.,"Thanks, I'll check the bowl. LEAVE",bowl,1.0
Are you looking for X?,83,spoon,bowl,cup,ignorance,Are you looking for the spoon? It's in the bowl.,I'll check the bowl. LEAVE.,bowl,1.0
Are you looking for X?,84,stamp,drawer,tray,shared_truth,Are you looking for the stamp? It's in the drawer.,"Thank you, I will look in the drawer. LEAVE.",drawer,1.0
Are you looking for X?,84,stamp,drawer,tray,ignorance,Are you looking for the stamp? It's in the drawer.,"Thanks, I'll check the drawer. LEAVE.",drawer,1.0
Are you looking for X?,85,stapler,desk,drawer,shared_truth,Are you looking for the stapler? It's on the desk.,"Thanks, I will check the desk. LEAVE.",desk,1.0
Are you looking for X?,85,stapler,desk,drawer,ignorance,Are you looking for the stapler? It's on the desk.,I'll look on the desk. LEAVE,desk,1.0
Are you looking for X?,86,stone,pot,window ledge,shared_truth,Are you looking for the stone? It's on the pot.,I will check the pot then. LEAVE.,pot,1.0
Are you looking for X?,86,stone,pot,window ledge,ignorance,Are you looking for the stone? It's on the pot.,"Thanks, I will look on the pot. LEAVE",pot,1.0
Are you looking for X?,87,strap,drawer,hook,shared_truth,Are you looking for the strap? It's on the drawer.,"Thanks, I will look in the drawer. LEAVE.",drawer,1.0
Are you looking for X?,87,strap,drawer,hook,ignorance,Are you looking for the strap? It's on the drawer.,"Thanks, I'll check the drawer then. LEAVE",drawer,1.0
Are you looking for X?,88,tape,shelf,drawer,shared_truth,Are you looking for the tape? It's on the shelf.,I'll check the shelf then. LEAVE,shelf,1.0
Are you looking for X?,88,tape,shelf,drawer,ignorance,Are you looking for the tape? It's on the shelf.,"Thanks, I'll check the shelf. LEAVE",shelf,1.0
Are you looking for X?,89,ticket,pocket,bag,shared_truth,Are you looking for the ticket? It's in the coat pocket.,"Thanks, I'll check the coat pocket then.",,
Are you looking for X?,89,ticket,pocket,bag,ignorance,Are you looking for the ticket? It's in the coat pocket.,"Thanks, I will check the coat pocket. LEAVE",pocket,1.0
Are you looking for X?,90,towel,rack,laundry basket,shared_truth,Are you looking for the towel? It's on the rack.,"Thanks, I'll check the towel rack. LEAVE.",rack,1.0
Are you looking for X?,90,towel,rack,laundry basket,ignorance,Are you looking for the towel? It's on the rack.,"Thanks, I'll check the towel rack. LEAVE.",rack,1.0
Are you looking for X?,91,toy,bin,rug,shared_truth,Are you looking for the toy? It's on the bin.,"Thanks, I will check the bin. LEAVE",bin,1.0
Are you looking for X?,91,toy,bin,rug,ignorance,Are you looking for the toy? It's on the bin.,"Thanks, I will check the bin. LEAVE",bin,1.0
Are you looking for X?,92,tray,oven,counter,shared_truth,Are you looking for the tray? It's right there on the oven.,"Thanks, I'll check the oven. LEAVE",oven,1.0
Are you looking for X?,92,tray,oven,counter,ignorance,Are you looking for the tray? It's right there on the oven.,"Thanks, I'll check the oven. LEAVE.",oven,1.0
Are you looking for X?,93,umbrella,hook,umbrella stand,shared_truth,Are you looking for the umbrella? It's on the wall hook.,"Thanks, I'll check the wall hook. LEAVE",hook,1.0
Are you looking for X?,93,umbrella,hook,umbrella stand,ignorance,Are you looking for the umbrella? It's on the wall hook.,"Thanks, I'll grab it from the wall hook. LEAVE.",hook,1.0
Are you looking for X?,94,vase,mantle,table,shared_truth,Are you looking for the vase? It's on the mantle.,"Thank you, I'll look on the mantle. LEAVE.",mantle,1.0
Are you looking for X?,94,vase,mantle,table,ignorance,Are you looking for the vase? It's on the mantle.,"Thanks, I'll check the mantle. LEAVE",mantle,1.0
Are you looking for X?,95,wallet,drawer,desk,shared_truth,Are you looking for the wallet? It's in the drawer.,I'll check the drawer then. LEAVE,drawer,1.0
Are you looking for X?,95,wallet,drawer,desk,ignorance,Are you looking for the wallet? It's in the drawer.,"Thanks, I'll check the drawer then. LEAVE",drawer,1.0
Are you looking for X?,96,watch,nightstand,dresser,shared_truth,Are you looking for the watch? It's on the nightstand.,"Thanks, I'll check the nightstand then. LEAVE",nightstand,1.0
Are you looking for X?,96,watch,nightstand,dresser,ignorance,Are you looking for the watch? It's on the nightstand.,"Thanks, I'll check the nightstand. LEAVE",nightstand,1.0
Are you looking for X?,97,whisk,drawer,hook,shared_truth,Are you looking for the whisk? It's on the drawer.,"Thanks, I'll check the drawer. LEAVE",drawer,1.0
Are you looking for X?,97,whisk,drawer,hook,ignorance,Are you looking for the whisk? It's on the drawer.,"Thanks, I'll look in the drawer. LEAVE",drawer,1.0
Are you looking for X?,98,wire,bench,drawer,shared_truth,Are you looking for the wire? It's on the bench.,"Thanks, I'll check the bench. LEAVE.",bench,1.0
Are you looking for X?,98,wire,bench,drawer,ignorance,Are you looking for the wire? It's on the bench.,I will check the bench. LEAVE,bench,1.0
Are you looking for X?,99,wrench,toolbox,workbench,shared_truth,Are you looking for the wrench? It's on the toolbox.,"Thanks, I'll check the toolbox. LEAVE.",toolbox,1.0
Are you looking for X?,99,wrench,toolbox,workbench,ignorance,Are you looking for the wrench? It's on the toolbox.,"Thanks, I will look on the toolbox. LEAVE",toolbox,1.0
Looking for X?,0,apron,drawer,hook,shared_truth,Looking for the apron? It's on the drawer.,I'll check the drawer then. LEAVE,drawer,1.0
Looking for X?,0,apron,drawer,hook,ignorance,Looking for the apron? It's on the drawer.,"Thanks, I'll check the drawer. LEAVE.",drawer,1.0
Looking for X?,1,badge,desk,hook by the door,shared_truth,Looking for the badge? It's on the desk.,"Thanks, I'll check the desk. LEAVE",desk,1.0
Looking for X?,1,badge,desk,hook by the door,ignorance,Looking for the badge? It's on the desk.,I'll check the desk. LEAVE.,desk,1.0
Looking for X?,2,ball,garage,yard,shared_truth,Looking for the ball? It's in the garage.,"Thanks, I'll check the garage. LEAVE",garage,1.0
Looking for X?,2,ball,garage,yard,ignorance,Looking for the ball? It's in the garage.,I'll check the garage. LEAVE,garage,1.0
Looking for X?,3,belt,chair,closet,shared_truth,Looking for the belt? It's on the chair.,"Thanks, I'll check the chair. LEAVE",chair,1.0
Looking for X?,3,belt,chair,closet,ignorance,Looking for the belt? It's on the chair.,"Thanks, I'll check the chair. LEAVE",chair,1.0
Looking for X?,4,binder,desk,shelf,shared_truth,Looking for the binder? It's on the desk.,"Thanks, I'll check the desk. LEAVE.",desk,1.0
Looking for X?,4,binder,desk,shelf,ignorance,Looking for the binder? It's on the desk.,I'll check the desk then. LEAVE.,desk,1.0
Looking for X?,5,blanket,bed,chair,shared_truth,Looking for the blanket? It's on the bed.,"Thanks, I'll check the bed. LEAVE",bed,1.0
Looking for X?,5,blanket,bed,chair,ignorance,Looking for the blanket? It's on the bed.,"Thanks, I'll check the bed. LEAVE.",bed,1.0
Looking for X?,6,book,shelf,bag,shared_truth,Looking for the book? It's on the shelf.,"Thanks, I'll check the shelf. LEAVE",shelf,1.0
Looking for X?,6,book,shelf,bag,ignorance,Looking for the book? It's on the shelf.,I'll check the shelf then. LEAVE.,shelf,1.0
Looking for X?,7,bottle,counter,fridge,shared_truth,Looking for the bottle? It's on the counter.,"Got it, I'll check the counter. LEAVE",counter,1.0
Looking for X?,7,bottle,counter,fridge,ignorance,Looking for the bottle? It's on the counter.,"Thanks, I'll check the counter. LEAVE",counter,1.0
Looking for X?,8,bowl,table,counter,shared_truth,Looking for the bowl? It's on the table.,I'll check the table then. LEAVE.,table,1.0
Looking for X?,8,bowl,table,counter,ignorance,Looking for the bowl? It's on the table.,I'll look on the table then. LEAVE.,table,1.0
Looking for X?,9,broom,closet,corner,shared_truth,Looking for the broom? It's in the closet.,"Thanks, I'll check the closet. LEAVE",closet,1.0
Looking for X?,9,broom,closet,corner,ignorance,Looking for the broom? It's in the closet.,"Thanks, I'll check the closet. LEAVE",closet,1.0
Looking for X?,10,brush,drawer,counter,shared_truth,Looking for the brush? It's right there on the drawer.,"Thanks, I'll check the drawer. LEAVE.",drawer,1.0
Looking for X?,10,brush,drawer,counter,ignorance,Looking for the brush? It's right there on the drawer.,"Thanks, I'll check the drawer. LEAVE.",drawer,1.0
Looking for X?,11,bulb,box,shelf,shared_truth,Looking for the bulb? It's on the box.,"Thanks, I will check the box then. LEAVE",box,1.0
Looking for X?,11,bulb,box,shelf,ignorance,Looking for the bulb? It's on the box.,"Thanks, I'll check the box. LEAVE",box,1.0
Looking for X?,12,cable,desk,floor underneath,shared_truth,Looking for the cable? It's right here on the desk.,"Thanks, I'll grab it from the desk. LEAVE",desk,1.0
Looking for X?,12,cable,desk,floor underneath,ignorance,Looking for the cable? It's right here on the desk.,"Thanks, I'll check the desk. LEAVE",desk,1.0
Looking for X?,13,camera,shelf,bag,shared_truth,Looking for the camera? It's on the shelf.,"Thanks, I'll check the shelf. LEAVE.",shelf,1.0
Looking for X?,13,camera,shelf,bag,ignorance,Looking for the camera? It's on the shelf.,"Thanks, I'll check the shelf. LEAVE",shelf,1.0
Looking for X?,14,candle,mantle,side table,shared_truth,Looking for the candle? It's on the mantle.,I'll check the mantle then. LEAVE.,mantle,1.0
Looking for X?,14,candle,mantle,side table,ignorance,Looking for the candle? It's on the mantle.,"I'll check the mantle, thanks. LEAVE",mantle,1.0
Looking for X?,15,chain,hook,box,shared_truth,Looking for the chain? It's on the hook.,"Thanks, I'll check the hook. LEAVE",hook,1.0
Looking for X?,15,chain,hook,box,ignorance,Looking for the chain? It's on the hook.,"Thanks, I'll check the hook. LEAVE",hook,1.0
Looking for X?,16,chalk,box,chalk tray,shared_truth,Looking for the chalk? It's in the box.,"Thanks, I'll look in the box. LEAVE",box,1.0
Looking for X?,16,chalk,box,chalk tray,ignorance,Looking for the chalk? It's in the box.,I'll check the box. LEAVE,box,1.0
Looking for X?,17,charger,desk,bed,shared_truth,Looking for the charger? It's on the desk.,"Thanks, I'll check the desk. LEAVE",desk,1.0
Looking for X?,17,charger,desk,bed,ignorance,Looking for the charger? It's on the desk.,"Thanks, I'll check the desk. LEAVE",desk,1.0
Looking for X?,18,clip,desk,paper tray,shared_truth,Looking for the clip? It's on the desk.,"Thanks, I will check the desk. LEAVE.",desk,1.0
Looking for X?,18,clip,desk,paper tray,ignorance,Looking for the clip? It's on the desk.,"Thanks, I'll check the desk. LEAVE.",desk,1.0
Looking for X?,19,clipboard,desk,shelf,shared_truth,Looking for the clipboard? It's on the desk.,"Thanks, I'll check the desk. LEAVE",desk,1.0
Looking for X?,19,clipboard,desk,shelf,ignorance,Looking for the clipboard? It's on the desk.,"Thanks, I'll check the desk. LEAVE.",desk,1.0
Looking for X?,20,cloth,basket,drying rack,shared_truth,Looking for the cloth? It's right there on the basket.,"Thanks, I'll check the basket. LEAVE",basket,1.0
Looking for X?,20,cloth,basket,drying rack,ignorance,Looking for the cloth? It's right there on the basket.,"Thanks, I'll check the basket. LEAVE.",basket,1.0
Looking for X?,21,coin,pocket,jar,shared_truth,Looking for the coin? It's in the coat pocket.,I'll check the pocket then. LEAVE.,pocket,1.0
Looking for X?,21,coin,pocket,jar,ignorance,Looking for the coin? It's in the coat pocket.,I'll check the coat pocket. LEAVE,pocket,1.0
Looking for X?,22,comb,drawer,shelf,shared_truth,Looking for the comb? It's on the drawer.,"Thanks, I'll check the drawer. LEAVE.",drawer,1.0
Looking for X?,22,comb,drawer,shelf,ignorance,Looking for the comb? It's on the drawer.,I'll check the drawer then. LEAVE.,drawer,1.0
Looking for X?,23,cord,basket,desk,shared_truth,Looking for the cord? It's on the basket.,"Thanks, I'll check the basket. LEAVE",basket,1.0
Looking for X?,23,cord,basket,desk,ignorance,Looking for the cord? It's on the basket.,"Thanks, I'll check the basket. LEAVE",basket,1.0
Looking for X?,24,cup,shelf,table,shared_truth,Looking for the cup? It's on the shelf.,"Thanks, I'll look on the shelf. LEAVE",shelf,1.0
Looking for X?,24,cup,shelf,table,ignorance,Looking for the cup? It's on the shelf.,"Thanks, I'll check the shelf. LEAVE",shelf,1.0
Looking for X?,25,dice,table,cup,shared_truth,Looking for the dice? It's on the table.,"Thanks, I'll check the table. LEAVE",table,1.0
Looking for X?,25,dice,table,cup,ignorance,Looking for the dice? It's on the table.,"Got it, I'll look on the table. LEAVE",table,1.0
Looking for X?,26,drill,bench,tool case,shared_truth,Looking for the drill? It's on the workbench.,"Thanks, I'll check the workbench. LEAVE",bench,1.0
Looking for X?,26,drill,bench,tool case,ignorance,Looking for the drill? It's on the workbench.,"Got it, I'll check the workbench. LEAVE.",bench,1.0
Looking for X?,27,fan,shelf,floor,shared_truth,Looking for the fan? It's on the shelf.,"Thanks, I'll check the shelf. LEAVE",shelf,1.0
Looking for X?,27,fan,shelf,floor,ignorance,Looking for the fan? It's on the shelf.,"Thanks, I will check the shelf. LEAVE",shelf,1.0
Looking for X?,28,film,shelf,drawer,shared_truth,Looking for the film? It's on the shelf.,"Thanks, I'll check the shelf then. LEAVE",shelf,1.0
Looking for X?,28,film,shelf,drawer,ignorance,Looking for the film? It's on the shelf.,"Thanks, I'll check the shelf. LEAVE",shelf,1.0
Looking for X?,29,flag,pole,storage box,shared_truth,Looking for the flag? It's on the pole.,"Thanks, I'll look on the pole. LEAVE",pole,1.0
Looking for X?,29,flag,pole,storage box,ignorance,Looking for the flag? It's on the pole.,"Thanks, I'll check the flag pole then. LEAVE",pole,1.0
Looking for X?,30,flashlight,drawer,shelf,shared_truth,Looking for the flashlight? It's on the drawer.,"Thanks, I'll check the drawer. LEAVE",drawer,1.0
Looking for X?,30,flashlight,drawer,shelf,ignorance,Looking for the flashlight? It's on the drawer.,"Thanks, I'll check the drawer. LEAVE",drawer,1.0
Looking for X?,31,flask,locker,desk,shared_truth,Looking for the flask? It's on the locker.,"Thanks, I'll check the locker then. LEAVE.",locker,1.0
Looking for X?,31,flask,locker,desk,ignorance,Looking for the flask? It's on the locker.,"Thanks, I'll check the locker. LEAVE.",locker,1.0
Looking for X?,32,fork,counter,drawer,shared_truth,Looking for the fork? It's on the counter.,I'll check the counter then. LEAVE.,counter,1.0
Looking for X?,32,fork,counter,drawer,ignorance,Looking for the fork? It's on the counter.,"Thanks, I'll check the counter. LEAVE",counter,1.0
Looking for X?,33,frame,wall,desk,shared_truth,Looking for the frame? It's right there on the wall.,"Thanks, I'll check the wall. LEAVE",wall,1.0
Looking for X?,33,frame,wall,desk,ignorance,Looking for the frame? It's right there on the wall.,"Thanks, I'll check the wall. LEAVE.",wall,1.0
Looking for X?,34,glasses,shelf,counter,shared_truth,Looking for the glasses? It's right there on the shelf.,"Thanks, I'll check the shelf. LEAVE",shelf,1.0
Looking for X?,34,glasses,shelf,counter,ignorance,Looking for the glasses? It's right there on the shelf.,"Thanks, I'll check the shelf. LEAVE",shelf,1.0
Looking for X?,35,globe,shelf,desk,shared_truth,Looking for the globe? It's on the shelf.,"Thanks, I'll look on the shelf. LEAVE",shelf,1.0
Looking for X?,35,globe,shelf,desk,ignorance,Looking for the globe? It's on the shelf.,I'll check the shelf. LEAVE,shelf,1.0
Looking for X?,36,glove,bench,coat pocket,shared_truth,Looking for the glove? It's right over there on the bench.,"Thanks, I'll check the bench. LEAVE.",bench,1.0
Looking for X?,36,glove,bench,coat pocket,ignorance,Looking for the glove? It's right over there on the bench.,"Thanks, Mia. I'll check the bench. LEAVE.",bench,1.0
Looking for X?,37,hammer,floor,shelf,shared_truth,Looking for the hammer? It's on the floor.,"Thanks, I'll check the floor. LEAVE",floor,1.0
Looking for X?,37,hammer,floor,shelf,ignorance,Looking for the hammer? It's on the floor.,"Thanks, I'll check the floor then. LEAVE",floor,1.0
Looking for X?,38,hat,hook,chair,shared_truth,Looking for the hat? It's on the hook.,"Thanks, I'll check the hook. LEAVE",hook,1.0
Looking for X?,38,hat,hook,chair,ignorance,Looking for the hat? It's on the hook.,"Thanks, I'll check the hook. LEAVE",hook,1.0
Looking for X?,39,jacket,hook,chair,shared_truth,Looking for the jacket? It's hanging on the coat hook.,"Thanks, I'll check the coat hook. LEAVE",hook,1.0
Looking for X?,39,jacket,hook,chair,ignorance,Looking for the jacket? It's hanging on the coat hook.,"Thanks, I'll check the coat hook. LEAVE",hook,1.0
Looking for X?,40,jar,counter,shelf,shared_truth,Looking for the jar? It's on the counter.,"Thanks, I'll check the counter. LEAVE",counter,1.0
Looking for X?,40,jar,counter,shelf,ignorance,Looking for the jar? It's on the counter.,"Thanks, I'll check the counter. LEAVE",counter,1.0
Looking for X?,41,key,red box,blue box,shared_truth,Looking for the key? It's in the red box.,I'll check the red box then. LEAVE.,red box,1.0
Looking for X?,41,key,red box,blue box,ignorance,Looking for the key? It's in the red box.,"Thanks, I'll check the red box. LEAVE.",red box,1.0
Looking for X?,42,knob,box,shelf,shared_truth,Looking for the knob? It's on the box.,"Thanks, I'll check the box. LEAVE",box,1.0
Looking for X?,42,knob,box,shelf,ignorance,Looking for the knob? It's on the box.,"Thanks, I'll check the box. LEAVE.",box,1.0
Looking for X?,43,lantern,truck,tent,shared_truth,Looking for the lantern? It's in the truck.,"Thanks, I'll check the truck. LEAVE",truck,1.0
Looking for X?,43,lantern,truck,tent,ignorance,Looking for the lantern? It's in the truck.,"Thanks, I'll check the truck. LEAVE.",truck,1.0
Looking for X?,44,lanyard,locker,desk,shared_truth,Looking for the lanyard? It's over there on the locker.,Thanks! I'll check the locker. LEAVE.,locker,1.0
Looking for X?,44,lanyard,locker,desk,ignorance,Looking for the lanyard? It's over there on the locker.,"Thanks, I'll check the locker. LEAVE.",locker,1.0
Looking for X?,45,leash,hook,table,shared_truth,Looking for the leash? It's on the hook.,"Thanks, I'll check the hook. LEAVE",hook,1.0
Looking for X?,45,leash,hook,table,ignorance,Looking for the leash? It's on the hook.,I'll check the hook then. LEAVE,hook,1.0
Looking for X?,46,lens,bag,lens case,shared_truth,Looking for the lens? It's in the bag.,I'll check the bag then. LEAVE,bag,1.0
Looking for X?,46,lens,bag,lens case,ignorance,Looking for the lens? It's in the bag.,"Thanks, I'll check the camera bag. LEAVE.",bag,1.0
Looking for X?,47,letter,mat,mailbox,shared_truth,Looking for the letter? It's on the door mat.,"Thanks, I'll check the door mat. LEAVE",mat,1.0
Looking for X?,47,letter,mat,mailbox,ignorance,Looking for the letter? It's on the door mat.,I'll check the door mat. LEAVE.,mat,1.0
Looking for X?,48,lighter,pocket,drawer,shared_truth,Looking for the lighter? It's in the jacket pocket.,"Thanks, I'll check the jacket pocket. LEAVE.",pocket,1.0
Looking for X?,48,lighter,pocket,drawer,ignorance,Looking for the lighter? It's in the jacket pocket.,"Thanks, I'll check the jacket pocket. LEAVE",pocket,1.0
Looking for X?,49,lock,gate,shed,shared_truth,Looking for the lock? It's on the gate.,I'll check the gate then. LEAVE.,gate,1.0
Looking for X?,49,lock,gate,shed,ignorance,Looking for the lock? It's on the gate.,"Got it, I'll go check the gate. LEAVE",gate,1.0
Looking for X?,50,map,wall,table,shared_truth,Looking for the map? It's on the wall.,"Thanks, I'll check the wall. LEAVE",wall,1.0
Looking for X?,50,map,wall,table,ignorance,Looking for the map? It's on the wall.,"Thanks, I'll look on the wall. LEAVE",wall,1.0
Looking for X?,51,marker,tray,cup,shared_truth,Looking for the marker? It's in the tray.,I thought so. I will check the tray. LEAVE.,tray,1.0
Looking for X?,51,marker,tray,cup,ignorance,Looking for the marker? It's in the tray.,I'll check the tray then. LEAVE.,tray,1.0
Looking for X?,52,mask,drawer,hook,shared_truth,Looking for the mask? It's on the drawer.,"Thanks, I'll check the drawer. LEAVE",drawer,1.0
Looking for X?,52,mask,drawer,hook,ignorance,Looking for the mask? It's on the drawer.,"Thanks, I'll check the drawer. LEAVE",drawer,1.0
Looking for X?,53,mat,shelf,floor,shared_truth,Looking for the mat? It's on the shelf.,"Thanks, I'll check the shelf. LEAVE",shelf,1.0
Looking for X?,53,mat,shelf,floor,ignorance,Looking for the mat? It's on the shelf.,Thanks! I'll check the shelf. LEAVE.,shelf,1.0
Looking for X?,54,medal,box,shelf,shared_truth,Looking for the medal? It's on the display box.,I'll check the display box. LEAVE,box,1.0
Looking for X?,54,medal,box,shelf,ignorance,Looking for the medal? It's on the display box.,I'll check the display box then. LEAVE.,box,1.0
Looking for X?,55,mirror,shelf,wall,shared_truth,Looking for the mirror? It's on the shelf.,"Thanks, I'll check the shelf then. LEAVE.",shelf,1.0
Looking for X?,55,mirror,shelf,wall,ignorance,Looking for the mirror? It's on the shelf.,"Thanks, I'll check the shelf. LEAVE",shelf,1.0
Looking for X?,56,mug,rack,shelf,shared_truth,Looking for the mug? It's on the drying rack.,"Thanks, I'll check the drying rack. LEAVE",rack,1.0
Looking for X?,56,mug,rack,shelf,ignorance,Looking for the mug? It's on the drying rack.,I'll look on the drying rack. LEAVE,rack,1.0
Looking for X?,57,needle,drawer,box,shared_truth,Looking for the needle? It's in the drawer.,"Thanks, I will look in the drawer. LEAVE.",drawer,1.0
Looking for X?,57,needle,drawer,box,ignorance,Looking for the needle? It's in the drawer.,I'll check the drawer then. LEAVE,drawer,1.0
Looking for X?,58,net,shed,yard,shared_truth,Looking for the net? It's in the storage shed.,"Thanks, I'll go check the storage shed. LEAVE",shed,1.0
Looking for X?,58,net,shed,yard,ignorance,Looking for the net? It's in the storage shed.,"Thanks, I will check the storage shed. LEAVE",shed,1.0
Looking for X?,59,notebook,desk,backpack,shared_truth,Looking for the notebook? It's in the desk.,"Thanks, I'll check the desk. LEAVE",desk,1.0
Looking for X?,59,notebook,desk,backpack,ignorance,Looking for the notebook? It's in the desk.,"Thanks, I will look in the desk. LEAVE",desk,1.0
Looking for X?,60,package,back porch,,shared_truth,Looking for the package? It's on the back porch.,"Great, I'll check the back porch. LEAVE",,
Looking for X?,60,package,back porch,,ignorance,Looking for the package? It's on the back porch.,"Thanks, I'll check the back porch. LEAVE",,
Looking for X?,61,pail,shed,porch,shared_truth,Looking for the pail? It's on the shed.,"Thanks, I'll go check the shed then. LEAVE.",shed,1.0
Looking for X?,61,pail,shed,porch,ignorance,Looking for the pail? It's on the shed.,"Thanks, I'll check the shed. LEAVE",shed,1.0
Looking for X?,62,paint,shelf,workbench,shared_truth,Looking for the paint? It's on the shelf.,"Thanks, I'll check the shelf. LEAVE.",shelf,1.0
Looking for X?,62,paint,shelf,workbench,ignorance,Looking for the paint? It's on the shelf.,"Thanks, I'll check the shelf. LEAVE",shelf,1.0
Looking for X?,63,pan,shelf,stove,shared_truth,Looking for the pan? It's on the shelf.,"Thanks, I'll check the shelf. LEAVE.",shelf,1.0
Looking for X?,63,pan,shelf,stove,ignorance,Looking for the pan? It's on the shelf.,"Thanks, I'll look on the shelf. LEAVE",shelf,1.0
Looking for X?,64,patch,drawer,table,shared_truth,Looking for the patch? It's on the drawer.,"Thanks, I'll check the drawer. LEAVE",drawer,1.0
Looking for X?,64,patch,drawer,table,ignorance,Looking for the patch? It's on the drawer.,"Thanks, I'll check the drawer. LEAVE.",drawer,1.0
Looking for X?,65,pen,tray,cup,shared_truth,Looking for the pen? It's in the tray.,"Thanks, I'll check the tray. LEAVE.",tray,1.0
Looking for X?,65,pen,tray,cup,ignorance,Looking for the pen? It's in the tray.,"Thanks, I'll check the tray. LEAVE",tray,1.0
Looking for X?,66,phone,table,couch,shared_truth,Looking for the phone? It's on the table.,"Thanks, I'll check the table. LEAVE",table,1.0
Looking for X?,66,phone,table,couch,ignorance,Looking for the phone? It's on the table.,"Thanks, I'll check the table. LEAVE",table,1.0
Looking for X?,67,photo,drawer,shelf,shared_truth,Looking for the photo? It's in the drawer.,"Thanks, I'll check the drawer. LEAVE",drawer,1.0
Looking for X?,67,photo,drawer,shelf,ignorance,Looking for the photo? It's in the drawer.,"Thanks, I'll check the drawer. LEAVE.",drawer,1.0
Looking for X?,68,pillow,bed,couch,shared_truth,Looking for the pillow? It's on the bed.,"Thanks, I'll check the bed. LEAVE",bed,1.0
Looking for X?,68,pillow,bed,couch,ignorance,Looking for the pillow? It's on the bed.,"Thanks, I'll check the bed. LEAVE",bed,1.0
Looking for X?,69,plate,sink,table,shared_truth,Looking for the plate? It's on the sink.,"Thanks, I'll check the sink. LEAVE",sink,1.0
Looking for X?,69,plate,sink,table,ignorance,Looking for the plate? It's on the sink.,"Thanks, I'll check the sink. LEAVE",sink,1.0
Looking for X?,70,plug,floor,desk,shared_truth,Looking for the plug? It's on the floor.,"Thanks, I'll check the floor. LEAVE",floor,1.0
Looking for X?,70,plug,floor,desk,ignorance,Looking for the plug? It's on the floor.,"Thanks, I'll check the floor. LEAVE",floor,1.0
Looking for X?,71,rake,shed,fence,shared_truth,Looking for the rake? It's over by the shed.,"Thanks, I'll go check by the shed. LEAVE",shed,1.0
Looking for X?,71,rake,shed,fence,ignorance,Looking for the rake? It's over by the shed.,"Thanks, I'll look by the shed. LEAVE",shed,1.0
Looking for X?,72,receipt,pocket,folder,shared_truth,Looking for the receipt? It's in the coat pocket.,"Thanks, I'll check the coat pocket then. LEAVE",pocket,1.0
Looking for X?,72,receipt,pocket,folder,ignorance,Looking for the receipt? It's in the coat pocket.,"Thanks, I'll check the coat pocket. LEAVE",pocket,1.0
Looking for X?,73,remote,table,sofa cushion,shared_truth,Looking for the remote? It's on the coffee table.,"Thanks, I'll check the coffee table. LEAVE",table,1.0
Looking for X?,73,remote,table,sofa cushion,ignorance,Looking for the remote? It's on the coffee table.,"Thanks, I'll look on the coffee table. LEAVE",table,1.0
Looking for X?,74,ring,box,pouch,shared_truth,Looking for the ring? It's in the small box.,I thought so. I'll check the small box. LEAVE,box,1.0
Looking for X?,74,ring,box,pouch,ignorance,Looking for the ring? It's in the small box.,I'll check the small box. LEAVE.,box,1.0
Looking for X?,75,rope,shed,car trunk,shared_truth,Looking for the rope? It's in the shed.,I'll check the shed then. LEAVE,shed,1.0
Looking for X?,75,rope,shed,car trunk,ignorance,Looking for the rope? It's in the shed.,"Thanks, I'll check the shed. LEAVE",shed,1.0
Looking for X?,76,scale,shelf,counter,shared_truth,Looking for the scale? It's on the shelf.,"Great, I'll check the shelf. LEAVE",shelf,1.0
Looking for X?,76,scale,shelf,counter,ignorance,Looking for the scale? It's on the shelf.,"Thanks, I'll check the shelf. LEAVE",shelf,1.0
Looking for X?,77,scarf,closet,bench,shared_truth,Looking for the scarf? It's in the closet.,"Thanks, I'll check the closet. LEAVE.",closet,1.0
Looking for X?,77,scarf,closet,bench,ignorance,Looking for the scarf? It's in the closet.,"Thanks, I'll check the closet. LEAVE.",closet,1.0
Looking for X?,78,scissors,desk,cabinet,shared_truth,Looking for the scissors? It's on the desk.,"Thanks, I'll look on the desk. LEAVE.",desk,1.0
Looking for X?,78,scissors,desk,cabinet,ignorance,Looking for the scissors? It's on the desk.,"Thanks, I'll look on the desk. LEAVE",desk,1.0
Looking for X?,79,seed,bag,pot,shared_truth,Looking for the seed? It's in the bag.,"Thanks, I'll check the bag. LEAVE",bag,1.0
Looking for X?,79,seed,bag,pot,ignorance,Looking for the seed? It's in the bag.,I'll check the bag. LEAVE.,bag,1.0
Looking for X?,80,shovel,yard,tool shed,shared_truth,Looking for the shovel? It's in the yard.,I'll check the yard then. LEAVE.,yard,1.0
Looking for X?,80,shovel,yard,tool shed,ignorance,Looking for the shovel? It's in the yard.,"Thanks, I'll check the yard. LEAVE",yard,1.0
Looking for X?,81,soap,ledge,shelf,shared_truth,Looking for the soap? It's on the window ledge.,"Thanks, I'll look on the window ledge. LEAVE.",ledge,1.0
Looking for X?,81,soap,ledge,shelf,ignorance,Looking for the soap? It's on the window ledge.,"Thanks, I'll check the window ledge. LEAVE",ledge,1.0
Looking for X?,82,sponge,counter,sink,shared_truth,Looking for the sponge? It's on the counter.,"Thanks, I'll check the counter. LEAVE",counter,1.0
Looking for X?,82,sponge,counter,sink,ignorance,Looking for the sponge? It's on the counter.,"Thanks, I'll check the counter. LEAVE.",counter,1.0
Looking for X?,83,spoon,bowl,cup,shared_truth,Looking for the spoon? It's in the bowl.,"Thanks, I will check the bowl. LEAVE",bowl,1.0
Looking for X?,83,spoon,bowl,cup,ignorance,Looking for the spoon? It's in the bowl.,"Thanks, I'll check the bowl. LEAVE",bowl,1.0
Looking for X?,84,stamp,drawer,tray,shared_truth,Looking for the stamp? It's in the drawer.,"Thanks, I'll look in the drawer. LEAVE",drawer,1.0
Looking for X?,84,stamp,drawer,tray,ignorance,Looking for the stamp? It's in the drawer.,"Thanks, I'll look in the drawer. LEAVE.",drawer,1.0
Looking for X?,85,stapler,desk,drawer,shared_truth,Looking for the stapler? It's on the desk.,"Thanks, I'll look on the desk. LEAVE.",desk,1.0
Looking for X?,85,stapler,desk,drawer,ignorance,Looking for the stapler? It's on the desk.,"Thanks, I'll look on the desk. LEAVE.",desk,1.0
Looking for X?,86,stone,pot,window ledge,shared_truth,Looking for the stone? It's on the pot.,"Thanks, I'll check the pot. LEAVE",pot,1.0
Looking for X?,86,stone,pot,window ledge,ignorance,Looking for the stone? It's on the pot.,"Thanks, I'll check the pot. LEAVE",pot,1.0
Looking for X?,87,strap,drawer,hook,shared_truth,Looking for the strap? It's on the drawer.,"Perfect, I'll check the drawer. LEAVE",drawer,1.0
Looking for X?,87,strap,drawer,hook,ignorance,Looking for the strap? It's on the drawer.,"Thanks, I'll check the drawer. LEAVE.",drawer,1.0
Looking for X?,88,tape,shelf,drawer,shared_truth,Looking for the tape? It's on the shelf.,"Thanks, I'll look on the shelf. LEAVE",shelf,1.0
Looking for X?,88,tape,shelf,drawer,ignorance,Looking for the tape? It's on the shelf.,"Thanks, I'll check the shelf. LEAVE",shelf,1.0
Looking for X?,89,ticket,pocket,bag,shared_truth,Looking for the ticket? It's in the coat pocket.,"Thanks, I'll check the coat pocket. LEAVE",pocket,1.0
Looking for X?,89,ticket,pocket,bag,ignorance,Looking for the ticket? It's in the coat pocket.,I'll check the coat pocket then. LEAVE,pocket,1.0
Looking for X?,90,towel,rack,laundry basket,shared_truth,Looking for the towel? It's on the rack.,"Thanks, I'll check the rack. LEAVE",rack,1.0
Looking for X?,90,towel,rack,laundry basket,ignorance,Looking for the towel? It's on the rack.,I'll check the towel rack. LEAVE,rack,1.0
Looking for X?,91,toy,bin,rug,shared_truth,Looking for the toy? It's on the bin.,"Thanks, I'll look on the bin. LEAVE.",bin,1.0
Looking for X?,91,toy,bin,rug,ignorance,Looking for the toy? It's on the bin.,Thanks! I'll check the bin. LEAVE,bin,1.0
Looking for X?,92,tray,oven,counter,shared_truth,Looking for the tray? It's right there on the oven.,"Thanks, I will look on the oven. LEAVE.",oven,1.0
Looking for X?,92,tray,oven,counter,ignorance,Looking for the tray? It's right there on the oven.,I'll check the oven. LEAVE.,oven,1.0
Looking for X?,93,umbrella,hook,umbrella stand,shared_truth,Looking for the umbrella? It's on the wall hook.,"Thanks, I'll check the wall hook. LEAVE",hook,1.0
Looking for X?,93,umbrella,hook,umbrella stand,ignorance,Looking for the umbrella? It's on the wall hook.,"Thanks, I will check the wall hook. LEAVE",hook,1.0
Looking for X?,94,vase,mantle,table,shared_truth,Looking for the vase? It's on the mantle.,"Thanks, I'll look on the mantle. LEAVE.",mantle,1.0
Looking for X?,94,vase,mantle,table,ignorance,Looking for the vase? It's on the mantle.,I will check the mantle. LEAVE,mantle,1.0
Looking for X?,95,wallet,drawer,desk,shared_truth,Looking for the wallet? It's in the drawer.,I'll check the drawer then. LEAVE,drawer,1.0
Looking for X?,95,wallet,drawer,desk,ignorance,Looking for the wallet? It's in the drawer.,"Got it, I'll check the drawer. LEAVE",drawer,1.0
Looking for X?,96,watch,nightstand,dresser,shared_truth,Looking for the watch? It's on the nightstand.,"Thanks, I'll look on the nightstand. LEAVE",nightstand,1.0
Looking for X?,96,watch,nightstand,dresser,ignorance,Looking for the watch? It's on the nightstand.,"Thanks, I will check the nightstand. LEAVE",nightstand,1.0
Looking for X?,97,whisk,drawer,hook,shared_truth,Looking for the whisk? It's on the drawer.,"Thanks, I'll check the drawer. LEAVE",drawer,1.0
Looking for X?,97,whisk,drawer,hook,ignorance,Looking for the whisk? It's on the drawer.,"Thanks, I will check the drawer. LEAVE.",drawer,1.0
Looking for X?,98,wire,bench,drawer,shared_truth,Looking for the wire? It's on the bench.,"Thanks, I'll check the bench. LEAVE",bench,1.0
Looking for X?,98,wire,bench,drawer,ignorance,Looking for the wire? It's on the bench.,"Thanks, Mia. I'll check the bench. LEAVE.",bench,1.0
Looking for X?,99,wrench,toolbox,workbench,shared_truth,Looking for the wrench? It's on the toolbox.,"Thanks, I'll look on the toolbox. LEAVE",toolbox,1.0
Looking for X?,99,wrench,toolbox,workbench,ignorance,Looking for the wrench? It's on the toolbox.,"Thanks, I'll check the toolbox. LEAVE",toolbox,1.0
I saw X on/in Y,0,apron,drawer,hook,shared_truth,I saw the apron on the drawer.,"Thank you, I will check the drawer. LEAVE",drawer,1.0
I saw X on/in Y,0,apron,drawer,hook,ignorance,I saw the apron on the drawer.,"Thanks, I'll check the drawer. LEAVE.",drawer,1.0
I saw X on/in Y,1,badge,desk,hook by the door,shared_truth,I saw the badge on the desk.,"Thanks, Mia. I'll check the desk then. LEAVE",desk,1.0
I saw X on/in Y,1,badge,desk,hook by the door,ignorance,I saw the badge on the desk.,"Thanks, I'll check the desk then. LEAVE.",desk,1.0
I saw X on/in Y,2,ball,garage,yard,shared_truth,I saw the ball in the garage.,"Perfect, I'll go look in the garage then. LEAVE.",garage,1.0
I saw X on/in Y,2,ball,garage,yard,ignorance,I saw the ball in the garage.,"Thanks, I'll go check the garage. LEAVE",garage,1.0
I saw X on/in Y,3,belt,chair,closet,shared_truth,I saw the belt on the chair.,I'll check the chair then. LEAVE,chair,1.0
I saw X on/in Y,3,belt,chair,closet,ignorance,I saw the belt on the chair.,"Thanks, I'll check the chair. LEAVE",chair,1.0
I saw X on/in Y,4,binder,desk,shelf,shared_truth,I saw the binder on the desk.,"Thanks, I'll check the desk. LEAVE",desk,1.0
I saw X on/in Y,4,binder,desk,shelf,ignorance,I saw the binder on the desk.,"I will check the desk then, thanks. LEAVE.",desk,1.0
I saw X on/in Y,5,blanket,bed,chair,shared_truth,I saw the blanket on the bed.,"Thanks, I'll check the bed then. LEAVE.",bed,1.0
I saw X on/in Y,5,blanket,bed,chair,ignorance,I saw the blanket on the bed.,"Thanks, I'll look on the bed. LEAVE",bed,1.0
I saw X on/in Y,6,book,shelf,bag,shared_truth,I saw the book on the shelf.,"Thanks, I'll look on the shelf then. LEAVE",shelf,1.0
I saw X on/in Y,6,book,shelf,bag,ignorance,I saw the book on the shelf.,"Thanks, I will check the shelf. LEAVE.",shelf,1.0
I saw X on/in Y,7,bottle,counter,fridge,shared_truth,I saw the bottle on the counter.,"Thanks, I'll check the counter then. LEAVE",counter,1.0
I saw X on/in Y,7,bottle,counter,fridge,ignorance,I saw the bottle on the counter.,"Thanks, I'll check the counter. LEAVE.",counter,1.0
I saw X on/in Y,8,bowl,table,counter,shared_truth,I saw the bowl on the table.,"Thanks, I will look on the table. LEAVE",table,1.0
I saw X on/in Y,8,bowl,table,counter,ignorance,I saw the bowl on the table.,"Thanks, I'll check the table. LEAVE",table,1.0
I saw X on/in Y,9,broom,closet,corner,shared_truth,I saw the broom in the closet.,"Thanks, I'll check the closet then. LEAVE.",closet,1.0
I saw X on/in Y,9,broom,closet,corner,ignorance,I saw the broom in the closet.,I'll look in the closet then. LEAVE,closet,1.0
I saw X on/in Y,10,brush,drawer,counter,shared_truth,I saw the brush right there on the drawer.,"Great, I'll check the drawer. LEAVE.",drawer,1.0
I saw X on/in Y,10,brush,drawer,counter,ignorance,I saw the brush right there on the drawer.,I'll check the drawer then. LEAVE.,drawer,1.0
I saw X on/in Y,11,bulb,box,shelf,shared_truth,I saw the bulb on the box.,I'll check the box. LEAVE.,box,1.0
I saw X on/in Y,11,bulb,box,shelf,ignorance,I saw the bulb on the box.,"Thanks, I'll check the box. LEAVE",box,1.0
I saw X on/in Y,12,cable,desk,floor underneath,shared_truth,I saw the cable right here on the desk.,"Great, I will check the desk then. LEAVE",desk,1.0
I saw X on/in Y,12,cable,desk,floor underneath,ignorance,I saw the cable right here on the desk.,"Thanks, I will look on the desk. LEAVE.",desk,1.0
I saw X on/in Y,13,camera,shelf,bag,shared_truth,I saw the camera on the shelf.,"Thanks, I will check the shelf then. LEAVE",shelf,1.0
I saw X on/in Y,13,camera,shelf,bag,ignorance,I saw the camera on the shelf.,Thank you. I will look on the shelf. LEAVE,shelf,1.0
I saw X on/in Y,14,candle,mantle,side table,shared_truth,I saw the candle on the mantle.,"Thanks, I'll look on the mantle. LEAVE",mantle,1.0
I saw X on/in Y,14,candle,mantle,side table,ignorance,I saw the candle on the mantle.,"Thank you, I will look on the mantle. LEAVE",mantle,1.0
I saw X on/in Y,15,chain,hook,box,shared_truth,I saw the chain on the hook.,"Thanks, I'll check the hook. LEAVE",hook,1.0
I saw X on/in Y,15,chain,hook,box,ignorance,I saw the chain on the hook.,"Thanks, I'll check the hook. LEAVE",hook,1.0
I saw X on/in Y,16,chalk,box,chalk tray,shared_truth,I saw the chalk in the box.,"Thanks, I will look in the box. LEAVE",box,1.0
I saw X on/in Y,16,chalk,box,chalk tray,ignorance,I saw the chalk in the box.,I'll look in the box then. LEAVE,box,1.0
I saw X on/in Y,17,charger,desk,bed,shared_truth,I saw the charger on the desk.,Thanks! I'll check the desk. LEAVE,desk,1.0
I saw X on/in Y,17,charger,desk,bed,ignorance,I saw the charger on the desk.,Thanks! I'll check the desk. LEAVE,desk,1.0
I saw X on/in Y,18,clip,desk,paper tray,shared_truth,I saw the clip on the desk.,"Great, I'll check the desk then. LEAVE",desk,1.0
I saw X on/in Y,18,clip,desk,paper tray,ignorance,I saw the clip on the desk.,"Thanks, I will check the desk",,
I saw X on/in Y,19,clipboard,desk,shelf,shared_truth,I saw the clipboard on the desk.,"Thanks, I'll check the desk. LEAVE.",desk,1.0
I saw X on/in Y,19,clipboard,desk,shelf,ignorance,I saw the clipboard on the desk.,"Thanks, I'll look on the desk. LEAVE.",desk,1.0
I saw X on/in Y,20,cloth,basket,drying rack,shared_truth,I saw the cloth right there on the basket.,"Perfect, I will check the basket. LEAVE.",basket,1.0
I saw X on/in Y,20,cloth,basket,drying rack,ignorance,I saw the cloth right there on the basket.,"Thanks, I'll check the basket. LEAVE",basket,1.0
I saw X on/in Y,21,coin,pocket,jar,shared_truth,I saw the coin in the coat pocket.,I'll check the coat pocket. LEAVE,pocket,1.0
I saw X on/in Y,21,coin,pocket,jar,ignorance,I saw the coin in the coat pocket.,I'll check the coat pocket. LEAVE,pocket,1.0
I saw X on/in Y,22,comb,drawer,shelf,shared_truth,I saw the comb on the drawer.,I'll check the drawer then. LEAVE.,drawer,1.0
I saw X on/in Y,22,comb,drawer,shelf,ignorance,I saw the comb on the drawer.,"Thanks, I'll check the drawer. LEAVE.",drawer,1.0
I saw X on/in Y,23,cord,basket,desk,shared_truth,I saw the cord on the basket.,"Thanks, I will check the basket. LEAVE.",basket,1.0
I saw X on/in Y,23,cord,basket,desk,ignorance,I saw the cord on the basket.,"Thanks, I'll check the basket. LEAVE",basket,1.0
I saw X on/in Y,24,cup,shelf,table,shared_truth,I saw the cup on the shelf.,"Thanks, I'll check the shelf then. LEAVE.",shelf,1.0
I saw X on/in Y,24,cup,shelf,table,ignorance,I saw the cup on the shelf.,I will check the shelf. LEAVE,shelf,1.0
I saw X on/in Y,25,dice,table,cup,shared_truth,I saw the dice on the table.,I'll check the table. LEAVE,table,1.0
I saw X on/in Y,25,dice,table,cup,ignorance,I saw the dice on the table.,"Thanks, I will look on the table. LEAVE.",table,1.0
I saw X on/in Y,26,drill,bench,tool case,shared_truth,I saw the drill on the workbench.,Thanks for letting me know. I'll check the workbench. LEAVE.,bench,1.0
I saw X on/in Y,26,drill,bench,tool case,ignorance,I saw the drill on the workbench.,I'll look on the workbench then. LEAVE,bench,1.0
I saw X on/in Y,27,fan,shelf,floor,shared_truth,I saw the fan on the shelf.,"Thanks, I'll check the shelf then. LEAVE",shelf,1.0
I saw X on/in Y,27,fan,shelf,floor,ignorance,I saw the fan on the shelf.,"Thanks, I will look on the shelf. LEAVE",shelf,1.0
I saw X on/in Y,28,film,shelf,drawer,shared_truth,I saw the film on the shelf.,"Perfect, I'll look on the shelf then. LEAVE",shelf,1.0
I saw X on/in Y,28,film,shelf,drawer,ignorance,I saw the film on the shelf.,"Got it, I will look on the shelf. LEAVE",shelf,1.0
I saw X on/in Y,29,flag,pole,storage box,shared_truth,I saw the flag on the pole.,"Thanks, Mia. I'll check the flag pole then. LEAVE.",pole,1.0
I saw X on/in Y,29,flag,pole,storage box,ignorance,I saw the flag on the pole.,"Thanks, I'll check the pole then. LEAVE.",pole,1.0
I saw X on/in Y,30,flashlight,drawer,shelf,shared_truth,I saw the flashlight on the drawer.,"Thanks for confirming, I'll check the drawer. LEAVE",drawer,1.0
I saw X on/in Y,30,flashlight,drawer,shelf,ignorance,I saw the flashlight on the drawer.,"Thanks, I'll check the drawer. LEAVE",drawer,1.0
I saw X on/in Y,31,flask,locker,desk,shared_truth,I saw the flask on the locker.,"Thanks, I'll check the locker. LEAVE",locker,1.0
I saw X on/in Y,31,flask,locker,desk,ignorance,I saw the flask on the locker.,I'll check the locker then. LEAVE,locker,1.0
I saw X on/in Y,32,fork,counter,drawer,shared_truth,I saw the fork on the counter.,"Great, I'll check the counter. LEAVE",counter,1.0
I saw X on/in Y,32,fork,counter,drawer,ignorance,I saw the fork on the counter.,"Thanks, I'll check the counter. LEAVE.",counter,1.0
I saw X on/in Y,33,frame,wall,desk,shared_truth,I saw the frame right there on the wall.,"Perfect, I'll check the wall. LEAVE",wall,1.0
I saw X on/in Y,33,frame,wall,desk,ignorance,I saw the frame right there on the wall.,"Thanks, I'll check the wall. LEAVE",wall,1.0
I saw X on/in Y,34,glasses,shelf,counter,shared_truth,I saw the glasses right there on the shelf.,"Thanks, I'll check the shelf. LEAVE",shelf,1.0
I saw X on/in Y,34,glasses,shelf,counter,ignorance,I saw the glasses right there on the shelf.,"Thanks, I'll check the shelf. LEAVE",shelf,1.0
I saw X on/in Y,35,globe,shelf,desk,shared_truth,I saw the globe on the shelf.,"Great, I'll look on the shelf then. LEAVE",shelf,1.0
I saw X on/in Y,35,globe,shelf,desk,ignorance,I saw the globe on the shelf.,I'll check the shelf then. LEAVE.,shelf,1.0
I saw X on/in Y,36,glove,bench,coat pocket,shared_truth,I saw the glove right over there on the bench.,"Thanks, I'll check the bench then. LEAVE.",bench,1.0
I saw X on/in Y,36,glove,bench,coat pocket,ignorance,I saw the glove right over there on the bench.,I will look on the bench then. LEAVE,bench,1.0
I saw X on/in Y,37,hammer,floor,shelf,shared_truth,I saw the hammer on the floor.,I'll look on the floor then. LEAVE.,floor,1.0
I saw X on/in Y,37,hammer,floor,shelf,ignorance,I saw the hammer on the floor.,"Thanks, I'll check the floor. LEAVE.",floor,1.0
I saw X on/in Y,38,hat,hook,chair,shared_truth,I saw the hat on the hook.,"Great, I'll check the hook then. LEAVE",hook,1.0
I saw X on/in Y,38,hat,hook,chair,ignorance,I saw the hat on the hook.,"Thanks, I will check the hook. LEAVE.",hook,1.0
I saw X on/in Y,39,jacket,hook,chair,shared_truth,I saw the jacket hanging on the coat hook.,"Thanks, I'll check the coat hook. LEAVE",hook,1.0
I saw X on/in Y,39,jacket,hook,chair,ignorance,I saw the jacket hanging on the coat hook.,"Thanks, I'll check the coat hook. LEAVE",hook,1.0
I saw X on/in Y,40,jar,counter,shelf,shared_truth,I saw the jar on the counter.,I'll check the counter then. LEAVE,counter,1.0
I saw X on/in Y,40,jar,counter,shelf,ignorance,I saw the jar on the counter.,I will look on the counter. LEAVE,counter,1.0
I saw X on/in Y,41,key,red box,blue box,shared_truth,I saw the key in the red box.,"Thanks, Mia. I'll check the red box. LEAVE.",red box,1.0
I saw X on/in Y,41,key,red box,blue box,ignorance,I saw the key in the red box.,I will check the red box then. LEAVE.,red box,1.0
I saw X on/in Y,42,knob,box,shelf,shared_truth,I saw the knob on the box.,I'll check the box then. LEAVE.,box,1.0
I saw X on/in Y,42,knob,box,shelf,ignorance,I saw the knob on the box.,"Thanks, I will check the box. LEAVE.",box,1.0
I saw X on/in Y,43,lantern,truck,tent,shared_truth,I saw the lantern in the truck.,"Perfect, I'll check the truck. LEAVE",truck,1.0
I saw X on/in Y,43,lantern,truck,tent,ignorance,I saw the lantern in the truck.,"Thanks, I'll go check the truck. LEAVE",truck,1.0
I saw X on/in Y,44,lanyard,locker,desk,shared_truth,I saw the lanyard over there on the locker.,"Thanks, I'll check the locker. LEAVE",locker,1.0
I saw X on/in Y,44,lanyard,locker,desk,ignorance,I saw the lanyard over there on the locker.,"Thanks, I'll check the locker. LEAVE",locker,1.0
I saw X on/in Y,45,leash,hook,table,shared_truth,I saw the leash on the hook.,"Great, I'll check the hook. LEAVE.",hook,1.0
I saw X on/in Y,45,leash,hook,table,ignorance,I saw the leash on the hook.,"Got it, I'll check the hook. LEAVE",hook,1.0
I saw X on/in Y,46,lens,bag,lens case,shared_truth,I saw the lens in the bag.,"Thanks, I'll check the bag. LEAVE",bag,1.0
I saw X on/in Y,46,lens,bag,lens case,ignorance,I saw the lens in the bag.,I'll check the bag then. LEAVE.,bag,1.0
I saw X on/in Y,47,letter,mat,mailbox,shared_truth,I saw the letter on the door mat.,"Thanks, I'll check the door mat. LEAVE.",mat,1.0
I saw X on/in Y,47,letter,mat,mailbox,ignorance,I saw the letter on the door mat.,I'll check the door mat. LEAVE.,mat,1.0
I saw X on/in Y,48,lighter,pocket,drawer,shared_truth,I saw the lighter in the jacket pocket.,"Great, I'll check the jacket pocket then. LEAVE.",pocket,1.0
I saw X on/in Y,48,lighter,pocket,drawer,ignorance,I saw the lighter in the jacket pocket.,"Thanks, I'll look in the jacket pocket. LEAVE",pocket,1.0
I saw X on/in Y,49,lock,gate,shed,shared_truth,I saw the lock on the gate.,"Perfect, I'll check the gate. LEAVE",gate,1.0
I saw X on/in Y,49,lock,gate,shed,ignorance,I saw the lock on the gate.,I'll go check the gate then. LEAVE,gate,1.0
I saw X on/in Y,50,map,wall,table,shared_truth,I saw the map on the wall.,"Perfect, I'll check the wall. LEAVE",wall,1.0
I saw X on/in Y,50,map,wall,table,ignorance,I saw the map on the wall.,"Thanks, I'll check the wall. LEAVE.",wall,1.0
I saw X on/in Y,51,marker,tray,cup,shared_truth,I saw the marker in the tray.,"Thanks, I will look in the tray. LEAVE",tray,1.0
I saw X on/in Y,51,marker,tray,cup,ignorance,I saw the marker in the tray.,"Thanks, I will check the tray. LEAVE",tray,1.0
I saw X on/in Y,52,mask,drawer,hook,shared_truth,I saw the mask on the drawer.,"Thanks, I'll check the drawer then. LEAVE.",drawer,1.0
I saw X on/in Y,52,mask,drawer,hook,ignorance,I saw the mask on the drawer.,I'll check the drawer then. LEAVE,drawer,1.0
I saw X on/in Y,53,mat,shelf,floor,shared_truth,I saw the mat on the shelf.,"Great, I'll look on the shelf then. LEAVE",shelf,1.0
I saw X on/in Y,53,mat,shelf,floor,ignorance,I saw the mat on the shelf.,Thanks! I'll check the shelf. LEAVE,shelf,1.0
I saw X on/in Y,54,medal,box,shelf,shared_truth,I saw the medal on the display box.,"Thanks, I'll check the display box. LEAVE.",box,1.0
I saw X on/in Y,54,medal,box,shelf,ignorance,I saw the medal on the display box.,I'll check the display box then. LEAVE,box,1.0
I saw X on/in Y,55,mirror,shelf,wall,shared_truth,I saw the mirror on the shelf.,I'll check the shelf then. LEAVE.,shelf,1.0
I saw X on/in Y,55,mirror,shelf,wall,ignorance,I saw the mirror on the shelf.,I will check the shelf. LEAVE.,shelf,1.0
I saw X on/in Y,56,mug,rack,shelf,shared_truth,I saw the mug on the drying rack.,I'll check the drying rack then. LEAVE,rack,1.0
I saw X on/in Y,56,mug,rack,shelf,ignorance,I saw the mug on the drying rack.,"Thanks, I'll check the drying rack. LEAVE.",rack,1.0
I saw X on/in Y,57,needle,drawer,box,shared_truth,I saw the needle in the drawer.,I'll check the drawer. LEAVE.,drawer,1.0
I saw X on/in Y,57,needle,drawer,box,ignorance,I saw the needle in the drawer.,"Thanks, I'll check the drawer then. LEAVE",drawer,1.0
I saw X on/in Y,58,net,shed,yard,shared_truth,I saw the net in the storage shed.,"Thanks, I'll go check the storage shed then. LEAVE",shed,1.0
I saw X on/in Y,58,net,shed,yard,ignorance,I saw the net in the storage shed.,"Thanks, I'll check the storage shed. LEAVE.",shed,1.0
I saw X on/in Y,59,notebook,desk,backpack,shared_truth,I saw the notebook in the desk.,"Great, I'll check the desk then. LEAVE.",desk,1.0
I saw X on/in Y,59,notebook,desk,backpack,ignorance,I saw the notebook in the desk.,"Thanks, I'll check the desk. LEAVE",desk,1.0
I saw X on/in Y,60,package,back porch,,shared_truth,I saw the package on the back porch.,"Thanks, I'll go get it from the back porch. LEAVE",,
I saw X on/in Y,60,package,back porch,,ignorance,I saw the package on the back porch.,"Got it, I'll check the back porch. LEAVE",,
I saw X on/in Y,61,pail,shed,porch,shared_truth,I saw the pail on the shed.,"Thanks, I'll go check the shed. LEAVE",shed,1.0
I saw X on/in Y,61,pail,shed,porch,ignorance,I saw the pail on the shed.,"Thanks, I'll go check the shed. LEAVE",shed,1.0
I saw X on/in Y,62,paint,shelf,workbench,shared_truth,I saw the paint on the shelf.,"Thanks, I'll check the shelf. LEAVE",shelf,1.0
I saw X on/in Y,62,paint,shelf,workbench,ignorance,I saw the paint on the shelf.,"Thanks, I'll check the shelf. LEAVE",shelf,1.0
I saw X on/in Y,63,pan,shelf,stove,shared_truth,I saw the pan on the shelf.,"Thanks, I will look on the shelf then. LEAVE",shelf,1.0
I saw X on/in Y,63,pan,shelf,stove,ignorance,I saw the pan on the shelf.,"Thanks, I'll look on the shelf. LEAVE",shelf,1.0
I saw X on/in Y,64,patch,drawer,table,shared_truth,I saw the patch on the drawer.,"Thanks, I'll check the drawer. LEAVE",drawer,1.0
I saw X on/in Y,64,patch,drawer,table,ignorance,I saw the patch on the drawer.,I'll check the drawer then. LEAVE.,drawer,1.0
I saw X on/in Y,65,pen,tray,cup,shared_truth,I saw the pen in the tray.,I will look in the tray. LEAVE.,tray,1.0
I saw X on/in Y,65,pen,tray,cup,ignorance,I saw the pen in the tray.,I'll check the tray. LEAVE,tray,1.0
I saw X on/in Y,66,phone,table,couch,shared_truth,I saw the phone on the table.,"Thanks, I'll check the table. LEAVE.",table,1.0
I saw X on/in Y,66,phone,table,couch,ignorance,I saw the phone on the table.,I'll check the table. LEAVE,table,1.0
I saw X on/in Y,67,photo,drawer,shelf,shared_truth,I saw the photo in the drawer.,I'll check the drawer then. LEAVE,drawer,1.0
I saw X on/in Y,67,photo,drawer,shelf,ignorance,I saw the photo in the drawer.,I'll check the drawer then. LEAVE.,drawer,1.0
I saw X on/in Y,68,pillow,bed,couch,shared_truth,I saw the pillow on the bed.,"Perfect, I'll check the bed. LEAVE",bed,1.0
I saw X on/in Y,68,pillow,bed,couch,ignorance,I saw the pillow on the bed.,"Thanks, I'll look on the bed. LEAVE",bed,1.0
I saw X on/in Y,69,plate,sink,table,shared_truth,I saw the plate on the sink.,Thanks. I'll check the sink. LEAVE,sink,1.0
I saw X on/in Y,69,plate,sink,table,ignorance,I saw the plate on the sink.,"Thanks, I'll check the sink. LEAVE.",sink,1.0
I saw X on/in Y,70,plug,floor,desk,shared_truth,I saw the plug on the floor.,I'll check the floor then. LEAVE,floor,1.0
I saw X on/in Y,70,plug,floor,desk,ignorance,I saw the plug on the floor.,"Thanks, I'll look on the floor. LEAVE",floor,1.0
I saw X on/in Y,71,rake,shed,fence,shared_truth,I saw the rake over by the shed.,"Great, I'll check by the shed. LEAVE",shed,1.0
I saw X on/in Y,71,rake,shed,fence,ignorance,I saw the rake over by the shed.,"Great, I will check the shed. LEAVE",shed,1.0
I saw X on/in Y,72,receipt,pocket,folder,shared_truth,I saw the receipt in the coat pocket.,"Thanks, I'll check the coat pocket. LEAVE",pocket,1.0
I saw X on/in Y,72,receipt,pocket,folder,ignorance,I saw the receipt in the coat pocket.,I'll check the coat pocket then. LEAVE.,pocket,1.0
I saw X on/in Y,73,remote,table,sofa cushion,shared_truth,I saw the remote on the coffee table.,"Thanks, I'll look on the coffee table. LEAVE.",table,1.0
I saw X on/in Y,73,remote,table,sofa cushion,ignorance,I saw the remote on the coffee table.,"Thanks, I'll check the coffee table. LEAVE",table,1.0
I saw X on/in Y,74,ring,box,pouch,shared_truth,I saw the ring in the small box.,I'll check the small box then. LEAVE,box,1.0
I saw X on/in Y,74,ring,box,pouch,ignorance,I saw the ring in the small box.,I will check the small box. LEAVE,box,1.0
I saw X on/in Y,75,rope,shed,car trunk,shared_truth,I saw the rope in the shed.,"Thanks, I will check the shed then. LEAVE.",shed,1.0
I saw X on/in Y,75,rope,shed,car trunk,ignorance,I saw the rope in the shed.,"Thanks, I will check the shed. LEAVE.",shed,1.0
I saw X on/in Y,76,scale,shelf,counter,shared_truth,I saw the scale on the shelf.,"Thanks, I'll check the shelf. LEAVE",shelf,1.0
I saw X on/in Y,76,scale,shelf,counter,ignorance,I saw the scale on the shelf.,I'll look on the shelf then. LEAVE,shelf,1.0
I saw X on/in Y,77,scarf,closet,bench,shared_truth,I saw the scarf in the closet.,"Thanks, I will look in the closet. LEAVE",closet,1.0
I saw X on/in Y,77,scarf,closet,bench,ignorance,I saw the scarf in the closet.,"Thanks, I'll check the closet. LEAVE",closet,1.0
I saw X on/in Y,78,scissors,desk,cabinet,shared_truth,I saw the scissors on the desk.,"Thanks, I'll check the desk. LEAVE.",desk,1.0
I saw X on/in Y,78,scissors,desk,cabinet,ignorance,I saw the scissors on the desk.,"Thanks, I'll look on the desk. LEAVE",desk,1.0
I saw X on/in Y,79,seed,bag,pot,shared_truth,I saw the seed in the bag.,I will check the bag then. LEAVE,bag,1.0
I saw X on/in Y,79,seed,bag,pot,ignorance,I saw the seed in the bag.,"Thanks, I'll check the bag. LEAVE",bag,1.0
I saw X on/in Y,80,shovel,yard,tool shed,shared_truth,I saw the shovel in the yard.,I'll check the yard then. LEAVE,yard,1.0
I saw X on/in Y,80,shovel,yard,tool shed,ignorance,I saw the shovel in the yard.,"Thanks, I'll look in the yard. LEAVE.",yard,1.0
I saw X on/in Y,81,soap,ledge,shelf,shared_truth,I saw the soap on the window ledge.,I'll check the window ledge then. LEAVE,ledge,1.0
I saw X on/in Y,81,soap,ledge,shelf,ignorance,I saw the soap on the window ledge.,"Thanks, I'll look on the window ledge. LEAVE",ledge,1.0
I saw X on/in Y,82,sponge,counter,sink,shared_truth,I saw the sponge on the counter.,"Thanks, I will look on the counter. LEAVE",counter,1.0
I saw X on/in Y,82,sponge,counter,sink,ignorance,I saw the sponge on the counter.,I will check the counter. LEAVE,counter,1.0
I saw X on/in Y,83,spoon,bowl,cup,shared_truth,I saw the spoon in the bowl.,"Thanks, I'll check the bowl. LEAVE",bowl,1.0
I saw X on/in Y,83,spoon,bowl,cup,ignorance,I saw the spoon in the bowl.,I'll check the bowl. LEAVE,bowl,1.0
I saw X on/in Y,84,stamp,drawer,tray,shared_truth,I saw the stamp in the drawer.,I'll check the drawer then. LEAVE,drawer,1.0
I saw X on/in Y,84,stamp,drawer,tray,ignorance,I saw the stamp in the drawer.,I'll check the drawer then. LEAVE,drawer,1.0
I saw X on/in Y,85,stapler,desk,drawer,shared_truth,I saw the stapler on the desk.,"Great, I will check the desk then. LEAVE",desk,1.0
I saw X on/in Y,85,stapler,desk,drawer,ignorance,I saw the stapler on the desk.,"Thanks, I'll check the desk. LEAVE.",desk,1.0
I saw X on/in Y,86,stone,pot,window ledge,shared_truth,I saw the stone on the pot.,I will look on the pot. LEAVE,pot,1.0
I saw X on/in Y,86,stone,pot,window ledge,ignorance,I saw the stone on the pot.,I will look on the pot. LEAVE,pot,1.0
I saw X on/in Y,87,strap,drawer,hook,shared_truth,I saw the strap on the drawer.,"Perfect, I'll check the drawer. LEAVE",drawer,1.0
I saw X on/in Y,87,strap,drawer,hook,ignorance,I saw the strap on the drawer.,"Thanks, I'll check the drawer. LEAVE.",drawer,1.0
I saw X on/in Y,88,tape,shelf,drawer,shared_truth,I saw the tape on the shelf.,"Thanks, I will check the shelf. LEAVE",shelf,1.0
I saw X on/in Y,88,tape,shelf,drawer,ignorance,I saw the tape on the shelf.,"Thanks, Mia. I'll check the shelf. LEAVE.",shelf,1.0
I saw X on/in Y,89,ticket,pocket,bag,shared_truth,I saw the ticket in the coat pocket.,I'll check the coat pocket then. LEAVE,pocket,1.0
I saw X on/in Y,89,ticket,pocket,bag,ignorance,I saw the ticket in the coat pocket.,I'll look in the coat pocket. LEAVE,pocket,1.0
I saw X on/in Y,90,towel,rack,laundry basket,shared_truth,I saw the towel on the rack.,Thanks! I'll check the towel rack. LEAVE,rack,1.0
I saw X on/in Y,90,towel,rack,laundry basket,ignorance,I saw the towel on the rack.,"Thanks, I will check the towel rack. LEAVE.",rack,1.0
I saw X on/in Y,91,toy,bin,rug,shared_truth,I saw the toy on the bin.,I'll check the bin then. LEAVE,bin,1.0
I saw X on/in Y,91,toy,bin,rug,ignorance,I saw the toy on the bin.,I'll check the toy bin. LEAVE,bin,1.0
I saw X on/in Y,92,tray,oven,counter,shared_truth,I saw the tray right there on the oven.,I'll check the oven. LEAVE.,oven,1.0
I saw X on/in Y,92,tray,oven,counter,ignorance,I saw the tray right there on the oven.,"Thanks, I'll check the oven. LEAVE",oven,1.0
I saw X on/in Y,93,umbrella,hook,umbrella stand,shared_truth,I saw the umbrella on the wall hook.,"Great, I will check the wall hook. LEAVE",hook,1.0
I saw X on/in Y,93,umbrella,hook,umbrella stand,ignorance,I saw the umbrella on the wall hook.,"Thanks, I'll check the wall hook then. LEAVE",hook,1.0
I saw X on/in Y,94,vase,mantle,table,shared_truth,I saw the vase on the mantle.,"Thanks, I will check the mantle. LEAVE.",mantle,1.0
I saw X on/in Y,94,vase,mantle,table,ignorance,I saw the vase on the mantle.,"Thanks, I will check the mantle. LEAVE.",mantle,1.0
I saw X on/in Y,95,wallet,drawer,desk,shared_truth,I saw the wallet in the drawer.,"Perfect, I will look in the drawer then. LEAVE",drawer,1.0
I saw X on/in Y,95,wallet,drawer,desk,ignorance,I saw the wallet in the drawer.,I'll look in the drawer then. LEAVE,drawer,1.0
I saw X on/in Y,96,watch,nightstand,dresser,shared_truth,I saw the watch on the nightstand.,"Great, I'll check the nightstand then. LEAVE",nightstand,1.0
I saw X on/in Y,96,watch,nightstand,dresser,ignorance,I saw the watch on the nightstand.,I will check the nightstand. LEAVE,nightstand,1.0
I saw X on/in Y,97,whisk,drawer,hook,shared_truth,I saw the whisk on the drawer.,"Thanks, I'll check the drawer then. LEAVE.",drawer,1.0
I saw X on/in Y,97,whisk,drawer,hook,ignorance,I saw the whisk on the drawer.,"Thanks, I'll check the drawer then. LEAVE",drawer,1.0
I saw X on/in Y,98,wire,bench,drawer,shared_truth,I saw the wire on the bench.,"Thanks, I'll check the bench. LEAVE",bench,1.0
I saw X on/in Y,98,wire,bench,drawer,ignorance,I saw the wire on the bench.,I will look on the bench. LEAVE.,bench,1.0
I saw X on/in Y,99,wrench,toolbox,workbench,shared_truth,I saw the wrench on the toolbox.,"Thanks, I'll look on the toolbox. LEAVE",toolbox,1.0
I saw X on/in Y,99,wrench,toolbox,workbench,ignorance,I saw the wrench on the toolbox.,I'll check the toolbox then. LEAVE.,toolbox,1.0
"Vocative (Ava/Hey Ava, ...)",0,apron,drawer,hook,shared_truth,"Ava, the apron is on the drawer.","Thanks, Mia. I'll check the drawer. LEAVE.",drawer,1.0
"Vocative (Ava/Hey Ava, ...)",0,apron,drawer,hook,ignorance,"Ava, the apron is on the drawer.",I'll check the drawer then. LEAVE,drawer,1.0
"Vocative (Ava/Hey Ava, ...)",1,badge,desk,hook by the door,shared_truth,"Ava, the badge is on the desk.","Thanks Mia, I'll check the desk. LEAVE",desk,1.0
"Vocative (Ava/Hey Ava, ...)",1,badge,desk,hook by the door,ignorance,"Ava, the badge is on the desk.","Got it, I'll check the desk. LEAVE",desk,1.0
"Vocative (Ava/Hey Ava, ...)",2,ball,garage,yard,shared_truth,"Ava, the ball is in the garage.","Thanks, Mia. I'll check the garage then. LEAVE",garage,1.0
"Vocative (Ava/Hey Ava, ...)",2,ball,garage,yard,ignorance,"Ava, the ball is in the garage.","Thanks, I'll look in the garage. LEAVE.",garage,1.0
"Vocative (Ava/Hey Ava, ...)",3,belt,chair,closet,shared_truth,"Ava, the belt is on the chair.","Thanks, I'll check the chair. LEAVE.",chair,1.0
"Vocative (Ava/Hey Ava, ...)",3,belt,chair,closet,ignorance,"Ava, the belt is on the chair.",I'll check the chair then. LEAVE,chair,1.0
"Vocative (Ava/Hey Ava, ...)",4,binder,desk,shelf,shared_truth,"Ava, the binder is on the desk.","Thanks, Mia. I'll check the desk. LEAVE.",desk,1.0
"Vocative (Ava/Hey Ava, ...)",4,binder,desk,shelf,ignorance,"Ava, the binder is on the desk.","Thanks, I will look on the desk. LEAVE.",desk,1.0
"Vocative (Ava/Hey Ava, ...)",5,blanket,bed,chair,shared_truth,"Ava, the blanket is on the bed.","Thanks, I'll look on the bed. LEAVE",bed,1.0
"Vocative (Ava/Hey Ava, ...)",5,blanket,bed,chair,ignorance,"Ava, the blanket is on the bed.",I'll look on the bed then. LEAVE.,bed,1.0
"Vocative (Ava/Hey Ava, ...)",6,book,shelf,bag,shared_truth,"Ava, the book is on the shelf.",I'll check the shelf then. LEAVE,shelf,1.0
"Vocative (Ava/Hey Ava, ...)",6,book,shelf,bag,ignorance,"Ava, the book is on the shelf.","Thanks, I'll check the shelf. LEAVE",shelf,1.0
"Vocative (Ava/Hey Ava, ...)",7,bottle,counter,fridge,shared_truth,"Ava, the bottle is on the counter.","Thanks Mia, I'll check the counter. LEAVE.",counter,1.0
"Vocative (Ava/Hey Ava, ...)",7,bottle,counter,fridge,ignorance,"Ava, the bottle is on the counter.","Thanks, I'll check the counter. LEAVE",counter,1.0
"Vocative (Ava/Hey Ava, ...)",8,bowl,table,counter,shared_truth,"Ava, the bowl is on the table.","Thanks, Mia. I'll check the table. LEAVE",table,1.0
"Vocative (Ava/Hey Ava, ...)",8,bowl,table,counter,ignorance,"Ava, the bowl is on the table.","Thanks, I'll look on the table. LEAVE.",table,1.0
"Vocative (Ava/Hey Ava, ...)",9,broom,closet,corner,shared_truth,"Ava, the broom is in the closet.","Thanks, Mia. I will check the closet. LEAVE",closet,1.0
"Vocative (Ava/Hey Ava, ...)",9,broom,closet,corner,ignorance,"Ava, the broom is in the closet.","Thanks, I'll check the closet. LEAVE",closet,1.0
"Vocative (Ava/Hey Ava, ...)",10,brush,drawer,counter,shared_truth,"Ava, the brush is right there on the drawer.",I'll check the drawer then. LEAVE,drawer,1.0
"Vocative (Ava/Hey Ava, ...)",10,brush,drawer,counter,ignorance,"Ava, the brush is right there on the drawer.","Thanks, I'll check the drawer. LEAVE.",drawer,1.0
"Vocative (Ava/Hey Ava, ...)",11,bulb,box,shelf,shared_truth,"Ava, the bulb is on the box.",I'll check the box then. LEAVE,box,1.0
"Vocative (Ava/Hey Ava, ...)",11,bulb,box,shelf,ignorance,"Ava, the bulb is on the box.","Thanks, Mia. I'll check the box. LEAVE",box,1.0
"Vocative (Ava/Hey Ava, ...)",12,cable,desk,floor underneath,shared_truth,"Ava, the cable is right here on the desk.","Great, I'll grab it from the desk. LEAVE.",desk,1.0
"Vocative (Ava/Hey Ava, ...)",12,cable,desk,floor underneath,ignorance,"Ava, the cable is right here on the desk.","Thanks, I'll check the desk. LEAVE.",desk,1.0
"Vocative (Ava/Hey Ava, ...)",13,camera,shelf,bag,shared_truth,"Ava, the camera is on the shelf.",I'll check the shelf then. LEAVE.,shelf,1.0
"Vocative (Ava/Hey Ava, ...)",13,camera,shelf,bag,ignorance,"Ava, the camera is on the shelf.","Thanks, Mia. I'll check the shelf. LEAVE.",shelf,1.0
"Vocative (Ava/Hey Ava, ...)",14,candle,mantle,side table,shared_truth,"Ava, the candle is on the mantle.","Thanks, Mia. I'll check the mantle. LEAVE",mantle,1.0
"Vocative (Ava/Hey Ava, ...)",14,candle,mantle,side table,ignorance,"Ava, the candle is on the mantle.","Thanks, Mia. I'll check the mantle. LEAVE.",mantle,1.0
"Vocative (Ava/Hey Ava, ...)",15,chain,hook,box,shared_truth,"Ava, the chain is on the hook.",I'll check the hook then. LEAVE,hook,1.0
"Vocative (Ava/Hey Ava, ...)",15,chain,hook,box,ignorance,"Ava, the chain is on the hook.",I'll check the hook. LEAVE.,hook,1.0
"Vocative (Ava/Hey Ava, ...)",16,chalk,box,chalk tray,shared_truth,"Ava, the chalk is in the box.","Thanks, Mia. I will look in the box. LEAVE.",box,1.0
"Vocative (Ava/Hey Ava, ...)",16,chalk,box,chalk tray,ignorance,"Ava, the chalk is in the box.","Thanks, I'll look in the box. LEAVE.",box,1.0
"Vocative (Ava/Hey Ava, ...)",17,charger,desk,bed,shared_truth,"Ava, the charger is on the desk.","Thanks, Mia. I'll check the desk. LEAVE",desk,1.0
"Vocative (Ava/Hey Ava, ...)",17,charger,desk,bed,ignorance,"Ava, the charger is on the desk.","Thanks, I'll check the desk. LEAVE",desk,1.0
"Vocative (Ava/Hey Ava, ...)",18,clip,desk,paper tray,shared_truth,"Ava, the clip is on the desk.","Thanks, Mia. I will check the desk. LEAVE.",desk,1.0
"Vocative (Ava/Hey Ava, ...)",18,clip,desk,paper tray,ignorance,"Ava, the clip is on the desk.","Thanks, I'll check the desk. LEAVE.",desk,1.0
"Vocative (Ava/Hey Ava, ...)",19,clipboard,desk,shelf,shared_truth,"Ava, the clipboard is on the desk.","Thanks Mia, I'll check the desk. LEAVE",desk,1.0
"Vocative (Ava/Hey Ava, ...)",19,clipboard,desk,shelf,ignorance,"Ava, the clipboard is on the desk.",I'll check the desk then. LEAVE,desk,1.0
"Vocative (Ava/Hey Ava, ...)",20,cloth,basket,drying rack,shared_truth,"Ava, the cloth is right there on the basket.","Thanks, Mia. I will check the basket. LEAVE.",basket,1.0
"Vocative (Ava/Hey Ava, ...)",20,cloth,basket,drying rack,ignorance,"Ava, the cloth is right there on the basket.",I'll check the basket. LEAVE,basket,1.0
"Vocative (Ava/Hey Ava, ...)",21,coin,pocket,jar,shared_truth,"Ava, the coin is in the coat pocket.",I'll check the coat pocket. LEAVE,pocket,1.0
"Vocative (Ava/Hey Ava, ...)",21,coin,pocket,jar,ignorance,"Ava, the coin is in the coat pocket.","Thanks, Mia. I'll check the coat pocket. LEAVE.",pocket,1.0
"Vocative (Ava/Hey Ava, ...)",22,comb,drawer,shelf,shared_truth,"Ava, the comb is on the drawer.","Thanks Mia, I'll check the drawer. LEAVE.",drawer,1.0
"Vocative (Ava/Hey Ava, ...)",22,comb,drawer,shelf,ignorance,"Ava, the comb is on the drawer.","Thanks, I'll check the drawer. LEAVE",drawer,1.0
"Vocative (Ava/Hey Ava, ...)",23,cord,basket,desk,shared_truth,"Ava, the cord is on the basket.","Thanks, I'll check the basket. LEAVE.",basket,1.0
"Vocative (Ava/Hey Ava, ...)",23,cord,basket,desk,ignorance,"Ava, the cord is on the basket.","Thanks, I will check the basket. LEAVE",basket,1.0
"Vocative (Ava/Hey Ava, ...)",24,cup,shelf,table,shared_truth,"Ava, the cup is on the shelf.","Got it, I'll check the shelf. LEAVE.",shelf,1.0
"Vocative (Ava/Hey Ava, ...)",24,cup,shelf,table,ignorance,"Ava, the cup is on the shelf.","Thanks, I'll check the shelf. LEAVE",shelf,1.0
"Vocative (Ava/Hey Ava, ...)",25,dice,table,cup,shared_truth,"Ava, the dice is on the table.","Thanks, Mia. I will check the table. LEAVE.",table,1.0
"Vocative (Ava/Hey Ava, ...)",25,dice,table,cup,ignorance,"Ava, the dice is on the table.","Thanks, Mia. I'll check the table. LEAVE.",table,1.0
"Vocative (Ava/Hey Ava, ...)",26,drill,bench,tool case,shared_truth,"Ava, the drill is on the workbench.",I'll check the workbench then. LEAVE.,bench,1.0
"Vocative (Ava/Hey Ava, ...)",26,drill,bench,tool case,ignorance,"Ava, the drill is on the workbench.","Thanks, I'll check the workbench. LEAVE",bench,1.0
"Vocative (Ava/Hey Ava, ...)",27,fan,shelf,floor,shared_truth,"Ava, the fan is on the shelf.","Thanks, I will look on the shelf. LEAVE",shelf,1.0
"Vocative (Ava/Hey Ava, ...)",27,fan,shelf,floor,ignorance,"Ava, the fan is on the shelf.",I'll check the shelf then. LEAVE.,shelf,1.0
"Vocative (Ava/Hey Ava, ...)",28,film,shelf,drawer,shared_truth,"Ava, the film is on the shelf.",Thanks Mia. I'll check the shelf. LEAVE,shelf,1.0
"Vocative (Ava/Hey Ava, ...)",28,film,shelf,drawer,ignorance,"Ava, the film is on the shelf.",I'll check the shelf then. LEAVE,shelf,1.0
"Vocative (Ava/Hey Ava, ...)",29,flag,pole,storage box,shared_truth,"Ava, the flag is on the pole.","Thanks, Mia. I'll look at the pole. LEAVE",pole,1.0
"Vocative (Ava/Hey Ava, ...)",29,flag,pole,storage box,ignorance,"Ava, the flag is on the pole.",Thanks Mia. I'll check the pole. LEAVE,pole,1.0
"Vocative (Ava/Hey Ava, ...)",30,flashlight,drawer,shelf,shared_truth,"Ava, the flashlight is on the drawer.",I'll check the drawer. LEAVE,drawer,1.0
"Vocative (Ava/Hey Ava, ...)",30,flashlight,drawer,shelf,ignorance,"Ava, the flashlight is on the drawer.",I'll check the drawer then. LEAVE.,drawer,1.0
"Vocative (Ava/Hey Ava, ...)",31,flask,locker,desk,shared_truth,"Ava, the flask is on the locker.","Thanks Mia, I'll check the locker. LEAVE",locker,1.0
"Vocative (Ava/Hey Ava, ...)",31,flask,locker,desk,ignorance,"Ava, the flask is on the locker.","Thanks, Mia. I will check the locker. LEAVE",locker,1.0
"Vocative (Ava/Hey Ava, ...)",32,fork,counter,drawer,shared_truth,"Ava, the fork is on the counter.","Thanks, I will check the counter. LEAVE",counter,1.0
"Vocative (Ava/Hey Ava, ...)",32,fork,counter,drawer,ignorance,"Ava, the fork is on the counter.",I'll check the counter. LEAVE,counter,1.0
"Vocative (Ava/Hey Ava, ...)",33,frame,wall,desk,shared_truth,"Ava, the frame is right there on the wall.",I'll check the wall then. LEAVE.,wall,1.0
"Vocative (Ava/Hey Ava, ...)",33,frame,wall,desk,ignorance,"Ava, the frame is right there on the wall.","Thanks Mia, I'll check the wall. LEAVE.",wall,1.0
"Vocative (Ava/Hey Ava, ...)",34,glasses,shelf,counter,shared_truth,"Ava, the glasses is right there on the shelf.","Thanks Mia, I'll check the shelf. LEAVE",shelf,1.0
"Vocative (Ava/Hey Ava, ...)",34,glasses,shelf,counter,ignorance,"Ava, the glasses is right there on the shelf.","Thanks, I'll check the shelf. LEAVE.",shelf,1.0
"Vocative (Ava/Hey Ava, ...)",35,globe,shelf,desk,shared_truth,"Ava, the globe is on the shelf.","Thanks, Mia. I'll check the shelf. LEAVE",shelf,1.0
"Vocative (Ava/Hey Ava, ...)",35,globe,shelf,desk,ignorance,"Ava, the globe is on the shelf.","Thanks, Mia. I'll check the shelf. LEAVE",shelf,1.0
"Vocative (Ava/Hey Ava, ...)",36,glove,bench,coat pocket,shared_truth,"Ava, the glove is right over there on the bench.","Thanks, Mia. I'll check the bench. LEAVE",bench,1.0
"Vocative (Ava/Hey Ava, ...)",36,glove,bench,coat pocket,ignorance,"Ava, the glove is right over there on the bench.","Got it, I'll check the bench then. LEAVE",bench,1.0
"Vocative (Ava/Hey Ava, ...)",37,hammer,floor,shelf,shared_truth,"Ava, the hammer is on the floor.","Thanks, Mia. I will check the floor. LEAVE",floor,1.0
"Vocative (Ava/Hey Ava, ...)",37,hammer,floor,shelf,ignorance,"Ava, the hammer is on the floor.",I'll look on the floor then. LEAVE,floor,1.0
"Vocative (Ava/Hey Ava, ...)",38,hat,hook,chair,shared_truth,"Ava, the hat is on the hook.","Thanks, Mia. I will check the hook. LEAVE",hook,1.0
"Vocative (Ava/Hey Ava, ...)",38,hat,hook,chair,ignorance,"Ava, the hat is on the hook.","Thanks, Mia. I'll check the hook. LEAVE.",hook,1.0
"Vocative (Ava/Hey Ava, ...)",39,jacket,hook,chair,shared_truth,"Ava, the jacket is hanging on the coat hook.","Thanks, I will check the coat hook. LEAVE",hook,1.0
"Vocative (Ava/Hey Ava, ...)",39,jacket,hook,chair,ignorance,"Ava, the jacket is hanging on the coat hook.",I'll check the coat hook. LEAVE,hook,1.0
"Vocative (Ava/Hey Ava, ...)",40,jar,counter,shelf,shared_truth,"Ava, the jar is on the counter.",I'll check the counter then. LEAVE,counter,1.0
"Vocative (Ava/Hey Ava, ...)",40,jar,counter,shelf,ignorance,"Ava, the jar is on the counter.","Thanks, I'll check the counter. LEAVE",counter,1.0
"Vocative (Ava/Hey Ava, ...)",41,key,red box,blue box,shared_truth,"Ava, the key is in the red box.",I'll check the red box then. LEAVE,red box,1.0
"Vocative (Ava/Hey Ava, ...)",41,key,red box,blue box,ignorance,"Ava, the key is in the red box.",I'll check the red box. LEAVE.,red box,1.0
"Vocative (Ava/Hey Ava, ...)",42,knob,box,shelf,shared_truth,"Ava, the knob is on the box.","Thanks, Mia. I'll check the box. LEAVE",box,1.0
"Vocative (Ava/Hey Ava, ...)",42,knob,box,shelf,ignorance,"Ava, the knob is on the box.",I'll check the box. LEAVE,box,1.0
"Vocative (Ava/Hey Ava, ...)",43,lantern,truck,tent,shared_truth,"Ava, the lantern is in the truck.","Thanks Mia, I'll check the truck. LEAVE.",truck,1.0
"Vocative (Ava/Hey Ava, ...)",43,lantern,truck,tent,ignorance,"Ava, the lantern is in the truck.","Thanks, I'll go look in the truck.",,
"Vocative (Ava/Hey Ava, ...)",44,lanyard,locker,desk,shared_truth,"Ava, the lanyard is over there on the locker.","Thanks, I'll check the locker. LEAVE.",locker,1.0
"Vocative (Ava/Hey Ava, ...)",44,lanyard,locker,desk,ignorance,"Ava, the lanyard is over there on the locker.","Thanks Mia, I'll grab it from the locker. LEAVE.",locker,1.0
"Vocative (Ava/Hey Ava, ...)",45,leash,hook,table,shared_truth,"Ava, the leash is on the hook.","Thanks, Mia. I'll check the hook. LEAVE",hook,1.0
"Vocative (Ava/Hey Ava, ...)",45,leash,hook,table,ignorance,"Ava, the leash is on the hook.","Thanks, Mia. I'll check the hook. LEAVE",hook,1.0
"Vocative (Ava/Hey Ava, ...)",46,lens,bag,lens case,shared_truth,"Ava, the lens is in the bag.","Thanks, Mia. I'll check the bag then. LEAVE",bag,1.0
"Vocative (Ava/Hey Ava, ...)",46,lens,bag,lens case,ignorance,"Ava, the lens is in the bag.",I'll check the bag then. LEAVE,bag,1.0
"Vocative (Ava/Hey Ava, ...)",47,letter,mat,mailbox,shared_truth,"Ava, the letter is on the door mat.","Thanks Mia, I'll check the door mat. LEAVE",mat,1.0
"Vocative (Ava/Hey Ava, ...)",47,letter,mat,mailbox,ignorance,"Ava, the letter is on the door mat.",I will check the door mat. LEAVE.,mat,1.0
"Vocative (Ava/Hey Ava, ...)",48,lighter,pocket,drawer,shared_truth,"Ava, the lighter is in the jacket pocket.",I'll check the jacket pocket. LEAVE,pocket,1.0
"Vocative (Ava/Hey Ava, ...)",48,lighter,pocket,drawer,ignorance,"Ava, the lighter is in the jacket pocket.",I'll check the jacket pocket then. LEAVE,pocket,1.0
"Vocative (Ava/Hey Ava, ...)",49,lock,gate,shed,shared_truth,"Ava, the lock is on the gate.","Great, I'll go check the gate then. LEAVE",gate,1.0
"Vocative (Ava/Hey Ava, ...)",49,lock,gate,shed,ignorance,"Ava, the lock is on the gate.",I'll check the gate then. LEAVE,gate,1.0
"Vocative (Ava/Hey Ava, ...)",50,map,wall,table,shared_truth,"Ava, the map is on the wall.","Thanks, I will check the wall. LEAVE.",wall,1.0
"Vocative (Ava/Hey Ava, ...)",50,map,wall,table,ignorance,"Ava, the map is on the wall.","Thanks, I'll check the wall. LEAVE.",wall,1.0
"Vocative (Ava/Hey Ava, ...)",51,marker,tray,cup,shared_truth,"Ava, the marker is in the tray.",I'll check the tray then. LEAVE.,tray,1.0
"Vocative (Ava/Hey Ava, ...)",51,marker,tray,cup,ignorance,"Ava, the marker is in the tray.",I'll check the tray then. LEAVE.,tray,1.0
"Vocative (Ava/Hey Ava, ...)",52,mask,drawer,hook,shared_truth,"Ava, the mask is on the drawer.","Thanks, Mia. I'll check the drawer. LEAVE.",drawer,1.0
"Vocative (Ava/Hey Ava, ...)",52,mask,drawer,hook,ignorance,"Ava, the mask is on the drawer.",Thanks. I'll check the drawer. LEAVE,drawer,1.0
"Vocative (Ava/Hey Ava, ...)",53,mat,shelf,floor,shared_truth,"Ava, the mat is on the shelf.","Thanks, Mia. I'll check the shelf. LEAVE.",shelf,1.0
"Vocative (Ava/Hey Ava, ...)",53,mat,shelf,floor,ignorance,"Ava, the mat is on the shelf.","Thanks, I'll look on the shelf. LEAVE.",shelf,1.0
"Vocative (Ava/Hey Ava, ...)",54,medal,box,shelf,shared_truth,"Ava, the medal is on the display box.","Thanks, Mia. I'll check the display box. LEAVE.",box,1.0
"Vocative (Ava/Hey Ava, ...)",54,medal,box,shelf,ignorance,"Ava, the medal is on the display box.","Thanks, Mia. I'll check the display box. LEAVE",box,1.0
"Vocative (Ava/Hey Ava, ...)",55,mirror,shelf,wall,shared_truth,"Ava, the mirror is on the shelf.",I will check the shelf then. LEAVE,shelf,1.0
"Vocative (Ava/Hey Ava, ...)",55,mirror,shelf,wall,ignorance,"Ava, the mirror is on the shelf.","Thanks, I will look on the shelf. LEAVE",shelf,1.0
"Vocative (Ava/Hey Ava, ...)",56,mug,rack,shelf,shared_truth,"Ava, the mug is on the drying rack.","Got it, I'll look on the drying rack. LEAVE",rack,1.0
"Vocative (Ava/Hey Ava, ...)",56,mug,rack,shelf,ignorance,"Ava, the mug is on the drying rack.","Thanks, Mia. I'll check the drying rack. LEAVE",rack,1.0
"Vocative (Ava/Hey Ava, ...)",57,needle,drawer,box,shared_truth,"Ava, the needle is in the drawer.","Thanks, Mia. I'll check the drawer. LEAVE.",drawer,1.0
"Vocative (Ava/Hey Ava, ...)",57,needle,drawer,box,ignorance,"Ava, the needle is in the drawer.",I'll check the drawer then. LEAVE.,drawer,1.0
"Vocative (Ava/Hey Ava, ...)",58,net,shed,yard,shared_truth,"Ava, the net is in the storage shed.","Thanks, Mia. I'll check the storage shed. LEAVE",shed,1.0
"Vocative (Ava/Hey Ava, ...)",58,net,shed,yard,ignorance,"Ava, the net is in the storage shed.",Thanks Mia! I'll go check the storage shed. LEAVE,shed,1.0
"Vocative (Ava/Hey Ava, ...)",59,notebook,desk,backpack,shared_truth,"Ava, the notebook is in the desk.","Thanks, Mia. I'll check the desk.",,
"Vocative (Ava/Hey Ava, ...)",59,notebook,desk,backpack,ignorance,"Ava, the notebook is in the desk.","Thanks, Mia. I'll check the desk. LEAVE",desk,1.0
"Vocative (Ava/Hey Ava, ...)",60,package,back porch,,shared_truth,"Ava, the package is on the back porch.","Thanks, Mia. I'll check the back porch. LEAVE",,
"Vocative (Ava/Hey Ava, ...)",60,package,back porch,,ignorance,"Ava, the package is on the back porch.","Got it, I'll check the back porch. LEAVE",,
"Vocative (Ava/Hey Ava, ...)",61,pail,shed,porch,shared_truth,"Ava, the pail is on the shed.","Thanks, I'll check the shed. LEAVE",shed,1.0
"Vocative (Ava/Hey Ava, ...)",61,pail,shed,porch,ignorance,"Ava, the pail is on the shed.","Thanks, Mia. I'll check the shed. LEAVE",shed,1.0
"Vocative (Ava/Hey Ava, ...)",62,paint,shelf,workbench,shared_truth,"Ava, the paint is on the shelf.","Got it, I'll check the shelf. LEAVE",shelf,1.0
"Vocative (Ava/Hey Ava, ...)",62,paint,shelf,workbench,ignorance,"Ava, the paint is on the shelf.","Got it, I'll look on the shelf. LEAVE",shelf,1.0
"Vocative (Ava/Hey Ava, ...)",63,pan,shelf,stove,shared_truth,"Ava, the pan is on the shelf.","Thanks, I'll check the shelf. LEAVE",shelf,1.0
"Vocative (Ava/Hey Ava, ...)",63,pan,shelf,stove,ignorance,"Ava, the pan is on the shelf.","Thanks, I'll look on the shelf. LEAVE",shelf,1.0
"Vocative (Ava/Hey Ava, ...)",64,patch,drawer,table,shared_truth,"Ava, the patch is on the drawer.","Thanks, I will check the drawer. LEAVE.",drawer,1.0
"Vocative (Ava/Hey Ava, ...)",64,patch,drawer,table,ignorance,"Ava, the patch is on the drawer.",I'll check the drawer then. LEAVE,drawer,1.0
"Vocative (Ava/Hey Ava, ...)",65,pen,tray,cup,shared_truth,"Ava, the pen is in the tray.","Thanks, Mia. I will check the tray. LEAVE",tray,1.0
"Vocative (Ava/Hey Ava, ...)",65,pen,tray,cup,ignorance,"Ava, the pen is in the tray.","Thanks, Mia. I'll check the tray. LEAVE",tray,1.0
"Vocative (Ava/Hey Ava, ...)",66,phone,table,couch,shared_truth,"Ava, the phone is on the table.","Great, I'll check the table. LEAVE.",table,1.0
"Vocative (Ava/Hey Ava, ...)",66,phone,table,couch,ignorance,"Ava, the phone is on the table.","Thanks, Mia. I'll check the table. LEAVE",table,1.0
"Vocative (Ava/Hey Ava, ...)",67,photo,drawer,shelf,shared_truth,"Ava, the photo is in the drawer.",I'll look in the drawer then. LEAVE.,drawer,1.0
"Vocative (Ava/Hey Ava, ...)",67,photo,drawer,shelf,ignorance,"Ava, the photo is in the drawer.","Thanks Mia, I'll look in the drawer. LEAVE",drawer,1.0
"Vocative (Ava/Hey Ava, ...)",68,pillow,bed,couch,shared_truth,"Ava, the pillow is on the bed.","Thanks, Mia. I'll check the bed. LEAVE.",bed,1.0
"Vocative (Ava/Hey Ava, ...)",68,pillow,bed,couch,ignorance,"Ava, the pillow is on the bed.","Thanks Mia, I'll check the bed. LEAVE",bed,1.0
"Vocative (Ava/Hey Ava, ...)",69,plate,sink,table,shared_truth,"Ava, the plate is on the sink.","Great, I'll check the sink. LEAVE",sink,1.0
"Vocative (Ava/Hey Ava, ...)",69,plate,sink,table,ignorance,"Ava, the plate is on the sink.","Thanks, I'll look by the sink. LEAVE",sink,1.0
"Vocative (Ava/Hey Ava, ...)",70,plug,floor,desk,shared_truth,"Ava, the plug is on the floor.","Thanks, Mia. I'll check the floor. LEAVE",floor,1.0
"Vocative (Ava/Hey Ava, ...)",70,plug,floor,desk,ignorance,"Ava, the plug is on the floor.",I will check the floor then. LEAVE.,floor,1.0
"Vocative (Ava/Hey Ava, ...)",71,rake,shed,fence,shared_truth,"Ava, the rake is over by the shed.","Thanks, Mia. I'll go look by the shed. LEAVE",shed,1.0
"Vocative (Ava/Hey Ava, ...)",71,rake,shed,fence,ignorance,"Ava, the rake is over by the shed.","Thanks, I'll check by the shed. LEAVE",shed,1.0
"Vocative (Ava/Hey Ava, ...)",72,receipt,pocket,folder,shared_truth,"Ava, the receipt is in the coat pocket.","Thanks, Mia. I'll check the coat pocket. LEAVE",pocket,1.0
"Vocative (Ava/Hey Ava, ...)",72,receipt,pocket,folder,ignorance,"Ava, the receipt is in the coat pocket.",I'll check the coat pocket then. LEAVE,pocket,1.0
"Vocative (Ava/Hey Ava, ...)",73,remote,table,sofa cushion,shared_truth,"Ava, the remote is on the coffee table.","Thanks Mia, I'll check the coffee table. LEAVE",table,1.0
"Vocative (Ava/Hey Ava, ...)",73,remote,table,sofa cushion,ignorance,"Ava, the remote is on the coffee table.","Got it, I'll look on the coffee table. LEAVE",table,1.0
"Vocative (Ava/Hey Ava, ...)",74,ring,box,pouch,shared_truth,"Ava, the ring is in the small box.","I agree, I'll check the small box. LEAVE",box,1.0
"Vocative (Ava/Hey Ava, ...)",74,ring,box,pouch,ignorance,"Ava, the ring is in the small box.",I'll check the small box. LEAVE,box,1.0
"Vocative (Ava/Hey Ava, ...)",75,rope,shed,car trunk,shared_truth,"Ava, the rope is in the shed.","Great, I'll go check the shed then. LEAVE",shed,1.0
"Vocative (Ava/Hey Ava, ...)",75,rope,shed,car trunk,ignorance,"Ava, the rope is in the shed.","Thanks, Mia. I'll go look in the shed. LEAVE",shed,1.0
"Vocative (Ava/Hey Ava, ...)",76,scale,shelf,counter,shared_truth,"Ava, the scale is on the shelf.","Thanks, Mia. I'll check the shelf. LEAVE",shelf,1.0
"Vocative (Ava/Hey Ava, ...)",76,scale,shelf,counter,ignorance,"Ava, the scale is on the shelf.","Thanks, I'll look on the shelf then. LEAVE",shelf,1.0
"Vocative (Ava/Hey Ava, ...)",77,scarf,closet,bench,shared_truth,"Ava, the scarf is in the closet.","Thanks Mia, I'll check the closet. LEAVE",closet,1.0
"Vocative (Ava/Hey Ava, ...)",77,scarf,closet,bench,ignorance,"Ava, the scarf is in the closet.","Thanks Mia, I'll check the closet. LEAVE",closet,1.0
"Vocative (Ava/Hey Ava, ...)",78,scissors,desk,cabinet,shared_truth,"Ava, the scissors is on the desk.",I'll check the desk. LEAVE,desk,1.0
"Vocative (Ava/Hey Ava, ...)",78,scissors,desk,cabinet,ignorance,"Ava, the scissors is on the desk.","Thanks Mia, I'll look on the desk. LEAVE.",desk,1.0
"Vocative (Ava/Hey Ava, ...)",79,seed,bag,pot,shared_truth,"Ava, the seed is in the bag.","Thanks, Mia. I'll check the bag. LEAVE",bag,1.0
"Vocative (Ava/Hey Ava, ...)",79,seed,bag,pot,ignorance,"Ava, the seed is in the bag.",I will look in the bag. LEAVE.,bag,1.0
"Vocative (Ava/Hey Ava, ...)",80,shovel,yard,tool shed,shared_truth,"Ava, the shovel is in the yard.","Thanks Mia, I'll go check the yard. LEAVE.",yard,1.0
"Vocative (Ava/Hey Ava, ...)",80,shovel,yard,tool shed,ignorance,"Ava, the shovel is in the yard.","Thanks, Mia. I'll check the yard. LEAVE.",yard,1.0
"Vocative (Ava/Hey Ava, ...)",81,soap,ledge,shelf,shared_truth,"Ava, the soap is on the window ledge.","Thanks, I'll check the window ledge. LEAVE.",ledge,1.0
"Vocative (Ava/Hey Ava, ...)",81,soap,ledge,shelf,ignorance,"Ava, the soap is on the window ledge.","Thanks, Mia. I'll check the window ledge. LEAVE.",ledge,1.0
"Vocative (Ava/Hey Ava, ...)",82,sponge,counter,sink,shared_truth,"Ava, the sponge is on the counter.","Thanks, I will look on the counter. LEAVE.",counter,1.0
"Vocative (Ava/Hey Ava, ...)",82,sponge,counter,sink,ignorance,"Ava, the sponge is on the counter.","Thanks, I'll look on the counter. LEAVE",counter,1.0
"Vocative (Ava/Hey Ava, ...)",83,spoon,bowl,cup,shared_truth,"Ava, the spoon is in the bowl.",I'll check the bowl. LEAVE,bowl,1.0
"Vocative (Ava/Hey Ava, ...)",83,spoon,bowl,cup,ignorance,"Ava, the spoon is in the bowl.","Thanks, I'll check the bowl. LEAVE.",bowl,1.0
"Vocative (Ava/Hey Ava, ...)",84,stamp,drawer,tray,shared_truth,"Ava, the stamp is in the drawer.","Thanks, I'll check the drawer. LEAVE.",drawer,1.0
"Vocative (Ava/Hey Ava, ...)",84,stamp,drawer,tray,ignorance,"Ava, the stamp is in the drawer.","Thanks, Mia. I'll check the drawer. LEAVE",drawer,1.0
"Vocative (Ava/Hey Ava, ...)",85,stapler,desk,drawer,shared_truth,"Ava, the stapler is on the desk.","Thanks, I'll look on the desk. LEAVE.",desk,1.0
"Vocative (Ava/Hey Ava, ...)",85,stapler,desk,drawer,ignorance,"Ava, the stapler is on the desk.","Thanks, I'll check the desk. LEAVE",desk,1.0
"Vocative (Ava/Hey Ava, ...)",86,stone,pot,window ledge,shared_truth,"Ava, the stone is on the pot.",I will check the pot then. LEAVE.,pot,1.0
"Vocative (Ava/Hey Ava, ...)",86,stone,pot,window ledge,ignorance,"Ava, the stone is on the pot.","Got it, I'll check the pot. LEAVE",pot,1.0
"Vocative (Ava/Hey Ava, ...)",87,strap,drawer,hook,shared_truth,"Ava, the strap is on the drawer.","Thanks, Mia. I'll check the drawer. LEAVE.",drawer,1.0
"Vocative (Ava/Hey Ava, ...)",87,strap,drawer,hook,ignorance,"Ava, the strap is on the drawer.",I'll check the drawer then. LEAVE,drawer,1.0
"Vocative (Ava/Hey Ava, ...)",88,tape,shelf,drawer,shared_truth,"Ava, the tape is on the shelf.","Thanks, I'll check the shelf. LEAVE",shelf,1.0
"Vocative (Ava/Hey Ava, ...)",88,tape,shelf,drawer,ignorance,"Ava, the tape is on the shelf.",I'll check the shelf then. LEAVE.,shelf,1.0
"Vocative (Ava/Hey Ava, ...)",89,ticket,pocket,bag,shared_truth,"Ava, the ticket is in the coat pocket.",I'll check the coat pocket. LEAVE,pocket,1.0
"Vocative (Ava/Hey Ava, ...)",89,ticket,pocket,bag,ignorance,"Ava, the ticket is in the coat pocket.",I will look in the coat pocket. LEAVE,pocket,1.0
"Vocative (Ava/Hey Ava, ...)",90,towel,rack,laundry basket,shared_truth,"Ava, the towel is on the rack.","Thanks, Mia. I'll check the rack. LEAVE",rack,1.0
"Vocative (Ava/Hey Ava, ...)",90,towel,rack,laundry basket,ignorance,"Ava, the towel is on the rack.","Got it, I'll check the towel rack. LEAVE.",rack,1.0
"Vocative (Ava/Hey Ava, ...)",91,toy,bin,rug,shared_truth,"Ava, the toy is on the bin.",I'll check the bin then. LEAVE,bin,1.0
"Vocative (Ava/Hey Ava, ...)",91,toy,bin,rug,ignorance,"Ava, the toy is on the bin.","Thanks, Mia. I will check the bin. LEAVE.",bin,1.0
"Vocative (Ava/Hey Ava, ...)",92,tray,oven,counter,shared_truth,"Ava, the tray is right there on the oven.","Thanks Mia, I'll check the oven. LEAVE",oven,1.0
"Vocative (Ava/Hey Ava, ...)",92,tray,oven,counter,ignorance,"Ava, the tray is right there on the oven.","Thanks, I'll check the oven. LEAVE.",oven,1.0
"Vocative (Ava/Hey Ava, ...)",93,umbrella,hook,umbrella stand,shared_truth,"Ava, the umbrella is on the wall hook.","Great, I will check the wall hook then. LEAVE",hook,1.0
"Vocative (Ava/Hey Ava, ...)",93,umbrella,hook,umbrella stand,ignorance,"Ava, the umbrella is on the wall hook.",I'll check the wall hook then. LEAVE,hook,1.0
"Vocative (Ava/Hey Ava, ...)",94,vase,mantle,table,shared_truth,"Ava, the vase is on the mantle.","Thanks Mia, I will check the mantle. LEAVE",mantle,1.0
"Vocative (Ava/Hey Ava, ...)",94,vase,mantle,table,ignorance,"Ava, the vase is on the mantle.","Thanks, Mia. I'll check the mantle. LEAVE.",mantle,1.0
"Vocative (Ava/Hey Ava, ...)",95,wallet,drawer,desk,shared_truth,"Ava, the wallet is in the drawer.",I'll check the drawer. LEAVE.,drawer,1.0
"Vocative (Ava/Hey Ava, ...)",95,wallet,drawer,desk,ignorance,"Ava, the wallet is in the drawer.",I'll check the drawer then. LEAVE,drawer,1.0
"Vocative (Ava/Hey Ava, ...)",96,watch,nightstand,dresser,shared_truth,"Ava, the watch is on the nightstand.",I'll check the nightstand then. LEAVE.,nightstand,1.0
"Vocative (Ava/Hey Ava, ...)",96,watch,nightstand,dresser,ignorance,"Ava, the watch is on the nightstand.","Got it, I will look on the nightstand. LEAVE",nightstand,1.0
"Vocative (Ava/Hey Ava, ...)",97,whisk,drawer,hook,shared_truth,"Ava, the whisk is on the drawer.","Thanks, Mia. I'll check the drawer. LEAVE.",drawer,1.0
"Vocative (Ava/Hey Ava, ...)",97,whisk,drawer,hook,ignorance,"Ava, the whisk is on the drawer.",I'll check the drawer then. LEAVE,drawer,1.0
"Vocative (Ava/Hey Ava, ...)",98,wire,bench,drawer,shared_truth,"Ava, the wire is on the bench.","Thanks Mia, I will check the bench then. LEAVE.",bench,1.0
"Vocative (Ava/Hey Ava, ...)",98,wire,bench,drawer,ignorance,"Ava, the wire is on the bench.","Thanks, Mia. I'll check the bench. LEAVE",bench,1.0
"Vocative (Ava/Hey Ava, ...)",99,wrench,toolbox,workbench,shared_truth,"Ava, the wrench is on the toolbox.","Thanks, I will look on the toolbox. LEAVE",toolbox,1.0
"Vocative (Ava/Hey Ava, ...)",99,wrench,toolbox,workbench,ignorance,"Ava, the wrench is on the toolbox.","Thanks, Mia. I'll check the toolbox. LEAVE",toolbox,1.0
Your X is on/in Y,0,apron,drawer,hook,shared_truth,Your apron is on the drawer.,"Thanks, I'll look in the drawer. LEAVE",drawer,1.0
Your X is on/in Y,0,apron,drawer,hook,ignorance,Your apron is on the drawer.,I'll check the drawer. LEAVE.,drawer,1.0
Your X is on/in Y,1,badge,desk,hook by the door,shared_truth,Your badge is on the desk.,"Thanks, I'll check the desk. LEAVE.",desk,1.0
Your X is on/in Y,1,badge,desk,hook by the door,ignorance,Your badge is on the desk.,"Thanks, I'll check the desk. LEAVE",desk,1.0
Your X is on/in Y,2,ball,garage,yard,shared_truth,Your ball is in the garage.,I'll check the garage then. LEAVE,garage,1.0
Your X is on/in Y,2,ball,garage,yard,ignorance,Your ball is in the garage.,"Thanks, I'll check the garage. LEAVE",garage,1.0
Your X is on/in Y,3,belt,chair,closet,shared_truth,Your belt is on the chair.,"Thanks, I'll look on the chair. LEAVE",chair,1.0
Your X is on/in Y,3,belt,chair,closet,ignorance,Your belt is on the chair.,"Thanks, I'll check the chair. LEAVE",chair,1.0
Your X is on/in Y,4,binder,desk,shelf,shared_truth,Your binder is on the desk.,"Got it, I'll check the desk. LEAVE",desk,1.0
Your X is on/in Y,4,binder,desk,shelf,ignorance,Your binder is on the desk.,I'll check the desk then. LEAVE,desk,1.0
Your X is on/in Y,5,blanket,bed,chair,shared_truth,Your blanket is on the bed.,"Thanks, I will look on the bed. LEAVE",bed,1.0
Your X is on/in Y,5,blanket,bed,chair,ignorance,Your blanket is on the bed.,"Thanks, I will look on the bed. LEAVE.",bed,1.0
Your X is on/in Y,6,book,shelf,bag,shared_truth,Your book is on the shelf.,"Thanks, I'll check the shelf. LEAVE",shelf,1.0
Your X is on/in Y,6,book,shelf,bag,ignorance,Your book is on the shelf.,"Thank you, I will check the shelf. LEAVE.",shelf,1.0
Your X is on/in Y,7,bottle,counter,fridge,shared_truth,Your bottle is on the counter.,I will check the counter then. LEAVE,counter,1.0
Your X is on/in Y,7,bottle,counter,fridge,ignorance,Your bottle is on the counter.,"Thanks, I'll check the counter. LEAVE",counter,1.0
Your X is on/in Y,8,bowl,table,counter,shared_truth,Your bowl is on the table.,"Thanks, I'll look on the table. LEAVE",table,1.0
Your X is on/in Y,8,bowl,table,counter,ignorance,Your bowl is on the table.,"Thanks, I'll check the table. LEAVE",table,1.0
Your X is on/in Y,9,broom,closet,corner,shared_truth,Your broom is in the closet.,"Thanks, I'll look in the closet. LEAVE.",closet,1.0
Your X is on/in Y,9,broom,closet,corner,ignorance,Your broom is in the closet.,"Thanks, I'll check the closet. LEAVE.",closet,1.0
Your X is on/in Y,10,brush,drawer,counter,shared_truth,Your brush is right there on the drawer.,I'll check the drawer then. LEAVE,drawer,1.0
Your X is on/in Y,10,brush,drawer,counter,ignorance,Your brush is right there on the drawer.,I'll check the drawer then. LEAVE,drawer,1.0
Your X is on/in Y,11,bulb,box,shelf,shared_truth,Your bulb is on the box.,Thanks. I will check the box. LEAVE,box,1.0
Your X is on/in Y,11,bulb,box,shelf,ignorance,Your bulb is on the box.,"Thanks, I'll look on the box. LE",,
Your X is on/in Y,12,cable,desk,floor underneath,shared_truth,Your cable is right here on the desk.,"Perfect, I will get it from the desk then. LEAVE",desk,1.0
Your X is on/in Y,12,cable,desk,floor underneath,ignorance,Your cable is right here on the desk.,I'll check the desk then. LEAVE,desk,1.0
Your X is on/in Y,13,camera,shelf,bag,shared_truth,Your camera is on the shelf.,I'll check the shelf then. LEAVE,shelf,1.0
Your X is on/in Y,13,camera,shelf,bag,ignorance,Your camera is on the shelf.,"Thanks, I'll check the shelf. LEAVE",shelf,1.0
Your X is on/in Y,14,candle,mantle,side table,shared_truth,Your candle is on the mantle.,I'll check the mantle then. LEAVE,mantle,1.0
Your X is on/in Y,14,candle,mantle,side table,ignorance,Your candle is on the mantle.,I will look on the mantle. LEAVE.,mantle,1.0
Your X is on/in Y,15,chain,hook,box,shared_truth,Your chain is on the hook.,"Thanks, I'll check the hook. LEAVE",hook,1.0
Your X is on/in Y,15,chain,hook,box,ignorance,Your chain is on the hook.,I'll check the hook. LEAVE.,hook,1.0
Your X is on/in Y,16,chalk,box,chalk tray,shared_truth,Your chalk is in the box.,"Thanks, I'll look in the box. LEAVE",box,1.0
Your X is on/in Y,16,chalk,box,chalk tray,ignorance,Your chalk is in the box.,"Thanks, I will check the box. LEAVE",box,1.0
Your X is on/in Y,17,charger,desk,bed,shared_truth,Your charger is on the desk.,"Thanks, I'll check the desk. LEAVE.",desk,1.0
Your X is on/in Y,17,charger,desk,bed,ignorance,Your charger is on the desk.,"Got it, I'll check the desk. LEAVE",desk,1.0
Your X is on/in Y,18,clip,desk,paper tray,shared_truth,Your clip is on the desk.,"Thanks, I'll check the desk. LEAVE",desk,1.0
Your X is on/in Y,18,clip,desk,paper tray,ignorance,Your clip is on the desk.,"Thanks, I'll check the desk. LEAVE.",desk,1.0
Your X is on/in Y,19,clipboard,desk,shelf,shared_truth,Your clipboard is on the desk.,"Thanks, I'll check the desk. LEAVE",desk,1.0
Your X is on/in Y,19,clipboard,desk,shelf,ignorance,Your clipboard is on the desk.,"Thank you, I will check the desk. LEAVE",desk,1.0
Your X is on/in Y,20,cloth,basket,drying rack,shared_truth,Your cloth is right there on the basket.,"Thanks, I'll check the basket. LEAVE.",basket,1.0
Your X is on/in Y,20,cloth,basket,drying rack,ignorance,Your cloth is right there on the basket.,I will look on the basket. LEAVE,basket,1.0
Your X is on/in Y,21,coin,pocket,jar,shared_truth,Your coin is in the coat pocket.,I'll check the coat pocket. LEAVE,pocket,1.0
Your X is on/in Y,21,coin,pocket,jar,ignorance,Your coin is in the coat pocket.,I'll check the coat pocket. LEAVE,pocket,1.0
Your X is on/in Y,22,comb,drawer,shelf,shared_truth,Your comb is on the drawer.,"Thanks, I'll check the drawer. LEAVE.",drawer,1.0
Your X is on/in Y,22,comb,drawer,shelf,ignorance,Your comb is on the drawer.,"Thanks Mia, I'll check the drawer. LEAVE",drawer,1.0
Your X is on/in Y,23,cord,basket,desk,shared_truth,Your cord is on the basket.,"Thanks, I'll check the basket. LEAVE.",basket,1.0
Your X is on/in Y,23,cord,basket,desk,ignorance,Your cord is on the basket.,"Thanks, I'll check the basket. LEAVE.",basket,1.0
Your X is on/in Y,24,cup,shelf,table,shared_truth,Your cup is on the shelf.,"Great, I'll check the shelf. LEAVE.",shelf,1.0
Your X is on/in Y,24,cup,shelf,table,ignorance,Your cup is on the shelf.,"Thanks, I'll check the shelf. LEAVE.",shelf,1.0
Your X is on/in Y,25,dice,table,cup,shared_truth,Your dice is on the table.,"Thanks, I'll check the table. LEAVE",table,1.0
Your X is on/in Y,25,dice,table,cup,ignorance,Your dice is on the table.,"Thanks, I will check the table. LEAVE",table,1.0
Your X is on/in Y,26,drill,bench,tool case,shared_truth,Your drill is on the workbench.,"Thanks, I'll check the workbench. LEAVE",bench,1.0
Your X is on/in Y,26,drill,bench,tool case,ignorance,Your drill is on the workbench.,I'll check the workbench then. LEAVE.,bench,1.0
Your X is on/in Y,27,fan,shelf,floor,shared_truth,Your fan is on the shelf.,I'll check the shelf then. LEAVE.,shelf,1.0
Your X is on/in Y,27,fan,shelf,floor,ignorance,Your fan is on the shelf.,"Got it, I'll check the shelf. LEAVE",shelf,1.0
Your X is on/in Y,28,film,shelf,drawer,shared_truth,Your film is on the shelf.,"Great, I will check the shelf. LEAVE",shelf,1.0
Your X is on/in Y,28,film,shelf,drawer,ignorance,Your film is on the shelf.,I'll check the shelf. LEAVE,shelf,1.0
Your X is on/in Y,29,flag,pole,storage box,shared_truth,Your flag is on the pole.,"Thanks, I'll check the pole then. LEAVE",pole,1.0
Your X is on/in Y,29,flag,pole,storage box,ignorance,Your flag is on the pole.,I'll check the flag pole then. LEAVE.,pole,1.0
Your X is on/in Y,30,flashlight,drawer,shelf,shared_truth,Your flashlight is on the drawer.,I'll check the drawer then. LEAVE.,drawer,1.0
Your X is on/in Y,30,flashlight,drawer,shelf,ignorance,Your flashlight is on the drawer.,"Thanks, I'll check the drawer. LEAVE.",drawer,1.0
Your X is on/in Y,31,flask,locker,desk,shared_truth,Your flask is on the locker.,"Thanks, I'll check the locker. LEAVE.",locker,1.0
Your X is on/in Y,31,flask,locker,desk,ignorance,Your flask is on the locker.,"Thanks, I will check the locker. LEAVE",locker,1.0
Your X is on/in Y,32,fork,counter,drawer,shared_truth,Your fork is on the counter.,I will look on the counter then. LEAVE.,counter,1.0
Your X is on/in Y,32,fork,counter,drawer,ignorance,Your fork is on the counter.,"Thanks, I'll check the counter. LEAVE.",counter,1.0
Your X is on/in Y,33,frame,wall,desk,shared_truth,Your frame is right there on the wall.,I'll check the wall then. LEAVE,wall,1.0
Your X is on/in Y,33,frame,wall,desk,ignorance,Your frame is right there on the wall.,I will check the wall then. LEAVE.,wall,1.0
Your X is on/in Y,34,glasses,shelf,counter,shared_truth,Your glasses is right there on the shelf.,"Thanks, I'll check the shelf. LEAVE",shelf,1.0
Your X is on/in Y,34,glasses,shelf,counter,ignorance,Your glasses is right there on the shelf.,"Thanks, I'll check the shelf. LEAVE.",shelf,1.0
Your X is on/in Y,35,globe,shelf,desk,shared_truth,Your globe is on the shelf.,I'll check the shelf. LEAVE,shelf,1.0
Your X is on/in Y,35,globe,shelf,desk,ignorance,Your globe is on the shelf.,I'll check the shelf. LEAVE,shelf,1.0
Your X is on/in Y,36,glove,bench,coat pocket,shared_truth,Your glove is right over there on the bench.,"Thank you, I will check the bench. LEAVE",bench,1.0
Your X is on/in Y,36,glove,bench,coat pocket,ignorance,Your glove is right over there on the bench.,"Thanks, I'll check the bench. LEAVE",bench,1.0
Your X is on/in Y,37,hammer,floor,shelf,shared_truth,Your hammer is on the floor.,I will check the floor then. LEAVE.,floor,1.0
Your X is on/in Y,37,hammer,floor,shelf,ignorance,Your hammer is on the floor.,"Thanks, I'll check the floor. LEAVE",floor,1.0
Your X is on/in Y,38,hat,hook,chair,shared_truth,Your hat is on the hook.,"Thanks, I'll check the hook. LEAVE",hook,1.0
Your X is on/in Y,38,hat,hook,chair,ignorance,Your hat is on the hook.,I'll check the hook. LEAVE,hook,1.0
Your X is on/in Y,39,jacket,hook,chair,shared_truth,Your jacket is hanging on the coat hook.,I'll check the coat hook then. LEAVE,hook,1.0
Your X is on/in Y,39,jacket,hook,chair,ignorance,Your jacket is hanging on the coat hook.,I'll check the coat hook. LEAVE.,hook,1.0
Your X is on/in Y,40,jar,counter,shelf,shared_truth,Your jar is on the counter.,"Thanks, I'll check the counter. LEAVE",counter,1.0
Your X is on/in Y,40,jar,counter,shelf,ignorance,Your jar is on the counter.,"Thanks, I'll look on the counter. LEAVE",counter,1.0
Your X is on/in Y,41,key,red box,blue box,shared_truth,Your key is in the red box.,"Thanks, I will check the red box. LEAVE",red box,1.0
Your X is on/in Y,41,key,red box,blue box,ignorance,Your key is in the red box.,"Thank you, I will check the red box. LEAVE",red box,1.0
Your X is on/in Y,42,knob,box,shelf,shared_truth,Your knob is on the box.,I'll check the box. LEAVE.,box,1.0
Your X is on/in Y,42,knob,box,shelf,ignorance,Your knob is on the box.,I'll check the box. LEAVE,box,1.0
Your X is on/in Y,43,lantern,truck,tent,shared_truth,Your lantern is in the truck.,"Thanks, I'll go check the truck then. LEAVE",truck,1.0
Your X is on/in Y,43,lantern,truck,tent,ignorance,Your lantern is in the truck.,I'll check the truck then. LEAVE.,truck,1.0
Your X is on/in Y,44,lanyard,locker,desk,shared_truth,Your lanyard is over there on the locker.,"Thanks, I'll check the locker. LEAVE.",locker,1.0
Your X is on/in Y,44,lanyard,locker,desk,ignorance,Your lanyard is over there on the locker.,"Got it, I'll check the locker. LEAVE",locker,1.0
Your X is on/in Y,45,leash,hook,table,shared_truth,Your leash is on the hook.,"Thanks, I'll check the hook. LEAVE",hook,1.0
Your X is on/in Y,45,leash,hook,table,ignorance,Your leash is on the hook.,"Thanks, I'll check the hook then. LEAVE",hook,1.0
Your X is on/in Y,46,lens,bag,lens case,shared_truth,Your lens is in the bag.,I'll check the bag. LEAVE,bag,1.0
Your X is on/in Y,46,lens,bag,lens case,ignorance,Your lens is in the bag.,Thanks. I'll check the camera bag. LEAVE.,bag,1.0
Your X is on/in Y,47,letter,mat,mailbox,shared_truth,Your letter is on the door mat.,I'll check the door mat then. LEAVE,mat,1.0
Your X is on/in Y,47,letter,mat,mailbox,ignorance,Your letter is on the door mat.,I will check the door mat. LEAVE.,mat,1.0
Your X is on/in Y,48,lighter,pocket,drawer,shared_truth,Your lighter is in the jacket pocket.,"Thanks, I'll check the jacket pocket. LEAVE",pocket,1.0
Your X is on/in Y,48,lighter,pocket,drawer,ignorance,Your lighter is in the jacket pocket.,I'll check the jacket pocket then. LEAVE.,pocket,1.0
Your X is on/in Y,49,lock,gate,shed,shared_truth,Your lock is on the gate.,"Thanks, I'll check the gate. LEAVE",gate,1.0
Your X is on/in Y,49,lock,gate,shed,ignorance,Your lock is on the gate.,"Thanks, I'll go check the gate. LEAVE",gate,1.0
Your X is on/in Y,50,map,wall,table,shared_truth,Your map is on the wall.,"Thanks, I will check the wall. LEAVE",wall,1.0
Your X is on/in Y,50,map,wall,table,ignorance,Your map is on the wall.,"Thanks, I will check the wall. LEAVE.",wall,1.0
Your X is on/in Y,51,marker,tray,cup,shared_truth,Your marker is in the tray.,I'll check the tray then. LEAVE.,tray,1.0
Your X is on/in Y,51,marker,tray,cup,ignorance,Your marker is in the tray.,"Thanks, I'll check the tray. LEAVE",tray,1.0
Your X is on/in Y,52,mask,drawer,hook,shared_truth,Your mask is on the drawer.,Thank you. I will check the drawer. LEAVE,drawer,1.0
Your X is on/in Y,52,mask,drawer,hook,ignorance,Your mask is on the drawer.,"Thanks, I'll check the drawer. LEAVE",drawer,1.0
Your X is on/in Y,53,mat,shelf,floor,shared_truth,Your mat is on the shelf.,"Thanks, I'll look on the shelf. LEAVE",shelf,1.0
Your X is on/in Y,53,mat,shelf,floor,ignorance,Your mat is on the shelf.,"Thanks, I'll check the shelf. LEAVE",shelf,1.0
Your X is on/in Y,54,medal,box,shelf,shared_truth,Your medal is on the display box.,"Thanks, I'll check the display box. LEAVE.",box,1.0
Your X is on/in Y,54,medal,box,shelf,ignorance,Your medal is on the display box.,"Thanks, I'll check the display box. LEAVE",box,1.0
Your X is on/in Y,55,mirror,shelf,wall,shared_truth,Your mirror is on the shelf.,"Thanks, I will check the shelf. LEAVE",shelf,1.0
Your X is on/in Y,55,mirror,shelf,wall,ignorance,Your mirror is on the shelf.,"Thanks, I will look on the shelf. LEAVE",shelf,1.0
Your X is on/in Y,56,mug,rack,shelf,shared_truth,Your mug is on the drying rack.,"Thanks, I'll look on the drying rack. LEAVE",rack,1.0
Your X is on/in Y,56,mug,rack,shelf,ignorance,Your mug is on the drying rack.,I'll look on the drying rack. LEAVE,rack,1.0
Your X is on/in Y,57,needle,drawer,box,shared_truth,Your needle is in the drawer.,"Thanks, I will check the drawer. LEAVE",drawer,1.0
Your X is on/in Y,57,needle,drawer,box,ignorance,Your needle is in the drawer.,"Thanks, I'll check the drawer. LEAVE",drawer,1.0
Your X is on/in Y,58,net,shed,yard,shared_truth,Your net is in the storage shed.,"Great, I'll go look in the storage shed. LEAVE",shed,1.0
Your X is on/in Y,58,net,shed,yard,ignorance,Your net is in the storage shed.,"Thanks, I'll check the storage shed then.",,
Your X is on/in Y,59,notebook,desk,backpack,shared_truth,Your notebook is in the desk.,"Thanks, I'll check the desk. LEAVE",desk,1.0
Your X is on/in Y,59,notebook,desk,backpack,ignorance,Your notebook is in the desk.,"Thanks, I'll check the desk. LEAVE.",desk,1.0
Your X is on/in Y,60,package,back porch,,shared_truth,Your package is on the back porch.,"Thank you, I will check the back porch. LEAVE",,
Your X is on/in Y,60,package,back porch,,ignorance,Your package is on the back porch.,"Thanks, I'll check the back porch. LEAVE",,
Your X is on/in Y,61,pail,shed,porch,shared_truth,Your pail is on the shed.,"Thanks, I'll go look on the shed. LEAVE",shed,1.0
Your X is on/in Y,61,pail,shed,porch,ignorance,Your pail is on the shed.,"Thanks, I'll go check the shed. LEAVE",shed,1.0
Your X is on/in Y,62,paint,shelf,workbench,shared_truth,Your paint is on the shelf.,"Thank you, I'll check the shelf. LEAVE",shelf,1.0
Your X is on/in Y,62,paint,shelf,workbench,ignorance,Your paint is on the shelf.,"Thanks, I'll check the shelf. LEAVE.",shelf,1.0
Your X is on/in Y,63,pan,shelf,stove,shared_truth,Your pan is on the shelf.,"Thanks, I'll check the shelf. LEAVE.",shelf,1.0
Your X is on/in Y,63,pan,shelf,stove,ignorance,Your pan is on the shelf.,"Thanks, I'll check the shelf. LEAVE",shelf,1.0
Your X is on/in Y,64,patch,drawer,table,shared_truth,Your patch is on the drawer.,"Thank you, I will check the drawer. LEAVE.",drawer,1.0
Your X is on/in Y,64,patch,drawer,table,ignorance,Your patch is on the drawer.,I will look in the drawer. LEAVE.,drawer,1.0
Your X is on/in Y,65,pen,tray,cup,shared_truth,Your pen is in the tray.,I will check the tray. LEAVE.,tray,1.0
Your X is on/in Y,65,pen,tray,cup,ignorance,Your pen is in the tray.,I will check the tray. LEAVE.,tray,1.0
Your X is on/in Y,66,phone,table,couch,shared_truth,Your phone is on the table.,I'll look on the table. LEAVE,table,1.0
Your X is on/in Y,66,phone,table,couch,ignorance,Your phone is on the table.,"Thanks, I'll check the table. LEAVE",table,1.0
Your X is on/in Y,67,photo,drawer,shelf,shared_truth,Your photo is in the drawer.,I'll check the drawer then. LEAVE.,drawer,1.0
Your X is on/in Y,67,photo,drawer,shelf,ignorance,Your photo is in the drawer.,"Thanks, I will check the drawer. LEAVE.",drawer,1.0
Your X is on/in Y,68,pillow,bed,couch,shared_truth,Your pillow is on the bed.,"Thanks, I'll check the bed. LEAVE",bed,1.0
Your X is on/in Y,68,pillow,bed,couch,ignorance,Your pillow is on the bed.,I'll check the bed then. LEAVE,bed,1.0
Your X is on/in Y,69,plate,sink,table,shared_truth,Your plate is on the sink.,"Got it, I'll look on the sink. LEAVE",sink,1.0
Your X is on/in Y,69,plate,sink,table,ignorance,Your plate is on the sink.,I'll check the sink then. LEAVE,sink,1.0
Your X is on/in Y,70,plug,floor,desk,shared_truth,Your plug is on the floor.,"Thanks, I will look on the floor. LEAVE.",floor,1.0
Your X is on/in Y,70,plug,floor,desk,ignorance,Your plug is on the floor.,"Thanks, I'll look on the floor. LEAVE",floor,1.0
Your X is on/in Y,71,rake,shed,fence,shared_truth,Your rake is over by the shed.,"Thanks, I'll check by the shed. LEAVE",shed,1.0
Your X is on/in Y,71,rake,shed,fence,ignorance,Your rake is over by the shed.,"Thanks, I'll go check by the shed. LEAVE",shed,1.0
Your X is on/in Y,72,receipt,pocket,folder,shared_truth,Your receipt is in the coat pocket.,"Thanks, I'll check the coat pocket then. LEAVE.",pocket,1.0
Your X is on/in Y,72,receipt,pocket,folder,ignorance,Your receipt is in the coat pocket.,I'll check the coat pocket then. LEAVE,pocket,1.0
Your X is on/in Y,73,remote,table,sofa cushion,shared_truth,Your remote is on the coffee table.,"Thanks, I'll check the coffee table. LEAVE",table,1.0
Your X is on/in Y,73,remote,table,sofa cushion,ignorance,Your remote is on the coffee table.,I'll check the coffee table then. LEAVE,table,1.0
Your X is on/in Y,74,ring,box,pouch,shared_truth,Your ring is in the small box.,I'll check the small box then. LEAVE,box,1.0
Your X is on/in Y,74,ring,box,pouch,ignorance,Your ring is in the small box.,I'll check the small box. LEAVE.,box,1.0
Your X is on/in Y,75,rope,shed,car trunk,shared_truth,Your rope is in the shed.,"Thank you, I'll go check the shed. LEAVE",shed,1.0
Your X is on/in Y,75,rope,shed,car trunk,ignorance,Your rope is in the shed.,I will look in the shed. LEAVE.,shed,1.0
Your X is on/in Y,76,scale,shelf,counter,shared_truth,Your scale is on the shelf.,"Thanks, I'll check the shelf then. LEAVE",shelf,1.0
Your X is on/in Y,76,scale,shelf,counter,ignorance,Your scale is on the shelf.,"Thanks, I'll check the shelf. LEAVE.",shelf,1.0
Your X is on/in Y,77,scarf,closet,bench,shared_truth,Your scarf is in the closet.,"Thanks, I'll check the closet. LEAVE",closet,1.0
Your X is on/in Y,77,scarf,closet,bench,ignorance,Your scarf is in the closet.,I'll check the closet. LEAVE,closet,1.0
Your X is on/in Y,78,scissors,desk,cabinet,shared_truth,Your scissors is on the desk.,"Thanks, I will check the desk. LEAVE",desk,1.0
Your X is on/in Y,78,scissors,desk,cabinet,ignorance,Your scissors is on the desk.,I'll check the desk. LEAVE.,desk,1.0
Your X is on/in Y,79,seed,bag,pot,shared_truth,Your seed is in the bag.,"Thanks, I will look in the bag. LEAVE.",bag,1.0
Your X is on/in Y,79,seed,bag,pot,ignorance,Your seed is in the bag.,I will look in the bag. LEAVE.,bag,1.0
Your X is on/in Y,80,shovel,yard,tool shed,shared_truth,Your shovel is in the yard.,"Thanks, I'll check the yard. LEAVE",yard,1.0
Your X is on/in Y,80,shovel,yard,tool shed,ignorance,Your shovel is in the yard.,I'll go check the yard then. LEAVE,yard,1.0
Your X is on/in Y,81,soap,ledge,shelf,shared_truth,Your soap is on the window ledge.,"Thanks, I'll check the window ledge then. LEAVE.",ledge,1.0
Your X is on/in Y,81,soap,ledge,shelf,ignorance,Your soap is on the window ledge.,I'll check the window ledge then. LEAVE,ledge,1.0
Your X is on/in Y,82,sponge,counter,sink,shared_truth,Your sponge is on the counter.,"Thanks, I'll check the counter. LEAVE",counter,1.0
Your X is on/in Y,82,sponge,counter,sink,ignorance,Your sponge is on the counter.,I'll check the counter then. LEAVE,counter,1.0
Your X is on/in Y,83,spoon,bowl,cup,shared_truth,Your spoon is in the bowl.,"Thanks, I will check the bowl. LEAVE",bowl,1.0
Your X is on/in Y,83,spoon,bowl,cup,ignorance,Your spoon is in the bowl.,I'll check the bowl. LEAVE,bowl,1.0
Your X is on/in Y,84,stamp,drawer,tray,shared_truth,Your stamp is in the drawer.,"Thanks, I'll check the drawer. LEAVE",drawer,1.0
Your X is on/in Y,84,stamp,drawer,tray,ignorance,Your stamp is in the drawer.,"Thanks, I'll check the drawer. LEAVE",drawer,1.0
Your X is on/in Y,85,stapler,desk,drawer,shared_truth,Your stapler is on the desk.,"Thanks, I'll check the desk. LEAVE",desk,1.0
Your X is on/in Y,85,stapler,desk,drawer,ignorance,Your stapler is on the desk.,I'll look on the desk. LEAVE.,desk,1.0
Your X is on/in Y,86,stone,pot,window ledge,shared_truth,Your stone is on the pot.,I will check the pot. LEAVE.,pot,1.0
Your X is on/in Y,86,stone,pot,window ledge,ignorance,Your stone is on the pot.,I'll check the pot then. LEAVE.,pot,1.0
Your X is on/in Y,87,strap,drawer,hook,shared_truth,Your strap is on the drawer.,"Thanks, I will check the drawer. LEAVE.",drawer,1.0
Your X is on/in Y,87,strap,drawer,hook,ignorance,Your strap is on the drawer.,I'll check the drawer then. LEAVE,drawer,1.0
Your X is on/in Y,88,tape,shelf,drawer,shared_truth,Your tape is on the shelf.,Thank you. I'll check the shelf. LEAVE,shelf,1.0
Your X is on/in Y,88,tape,shelf,drawer,ignorance,Your tape is on the shelf.,I'll look on the shelf then. LEAVE,shelf,1.0
Your X is on/in Y,89,ticket,pocket,bag,shared_truth,Your ticket is in the coat pocket.,I'll check the coat pocket then. LEAVE,pocket,1.0
Your X is on/in Y,89,ticket,pocket,bag,ignorance,Your ticket is in the coat pocket.,I will look in the coat pocket. LEAVE.,pocket,1.0
Your X is on/in Y,90,towel,rack,laundry basket,shared_truth,Your towel is on the rack.,"Thanks, I'll check the rack then. LEAVE",rack,1.0
Your X is on/in Y,90,towel,rack,laundry basket,ignorance,Your towel is on the rack.,I'll check the towel rack then. LEAVE,rack,1.0
Your X is on/in Y,91,toy,bin,rug,shared_truth,Your toy is on the bin.,"Thanks, I'll check the bin. LEAVE",bin,1.0
Your X is on/in Y,91,toy,bin,rug,ignorance,Your toy is on the bin.,"Thanks, I'll check the bin. LEAVE",bin,1.0
Your X is on/in Y,92,tray,oven,counter,shared_truth,Your tray is right there on the oven.,"Got it, I'll check the oven. LEAVE",oven,1.0
Your X is on/in Y,92,tray,oven,counter,ignorance,Your tray is right there on the oven.,"Thanks, I'll check the oven. LEAVE.",oven,1.0
Your X is on/in Y,93,umbrella,hook,umbrella stand,shared_truth,Your umbrella is on the wall hook.,"Thanks, I'll check the wall hook. LEAVE",hook,1.0
Your X is on/in Y,93,umbrella,hook,umbrella stand,ignorance,Your umbrella is on the wall hook.,I'll check the wall hook. LEAVE,hook,1.0
Your X is on/in Y,94,vase,mantle,table,shared_truth,Your vase is on the mantle.,"Thank you, I will look on the mantle. LEAVE",mantle,1.0
Your X is on/in Y,94,vase,mantle,table,ignorance,Your vase is on the mantle.,"Thanks, I will check the mantle. LEAVE",mantle,1.0
Your X is on/in Y,95,wallet,drawer,desk,shared_truth,Your wallet is in the drawer.,"Thanks, I'll check the drawer. LEAVE.",drawer,1.0
Your X is on/in Y,95,wallet,drawer,desk,ignorance,Your wallet is in the drawer.,"Thanks, I'll check the drawer. LEAVE",drawer,1.0
Your X is on/in Y,96,watch,nightstand,dresser,shared_truth,Your watch is on the nightstand.,"Thanks, I'll check the nightstand. LEAVE",nightstand,1.0
Your X is on/in Y,96,watch,nightstand,dresser,ignorance,Your watch is on the nightstand.,I'll check the nightstand. LEAVE.,nightstand,1.0
Your X is on/in Y,97,whisk,drawer,hook,shared_truth,Your whisk is on the drawer.,"Thanks, I'll look in the drawer. LEAVE.",drawer,1.0
Your X is on/in Y,97,whisk,drawer,hook,ignorance,Your whisk is on the drawer.,I'll check the drawer then. LEAVE,drawer,1.0
Your X is on/in Y,98,wire,bench,drawer,shared_truth,Your wire is on the bench.,"Thanks, I'll look on the bench. LEAVE.",bench,1.0
Your X is on/in Y,98,wire,bench,drawer,ignorance,Your wire is on the bench.,I'll check the bench. LEAVE,bench,1.0
Your X is on/in Y,99,wrench,toolbox,workbench,shared_truth,Your wrench is on the toolbox.,"Thanks, I'll look on the toolbox. LEAVE",toolbox,1.0
Your X is on/in Y,99,wrench,toolbox,workbench,ignorance,Your wrench is on the toolbox.,"Thanks, I'll check the toolbox. LEAVE",toolbox,1.0
I think X is in Y,0,apron,drawer,hook,shared_truth,I think the apron is on the drawer.,"I agree, I will check the drawer. LEAVE",drawer,1.0
I think X is in Y,0,apron,drawer,hook,ignorance,I think the apron is on the drawer.,"Thanks, I'll check the drawer. LEAVE",drawer,1.0
I think X is in Y,1,badge,desk,hook by the door,shared_truth,I think the badge is on the desk.,"Great, I agree it's on the desk. I'll check there. LEAVE",desk,1.0
I think X is in Y,1,badge,desk,hook by the door,ignorance,I think the badge is on the desk.,"Thanks, I'll check the desk. LEAVE",desk,1.0
I think X is in Y,2,ball,garage,yard,shared_truth,I think the ball is in the garage.,"I agree, let's check the garage. LEAVE.",garage,1.0
I think X is in Y,2,ball,garage,yard,ignorance,I think the ball is in the garage.,I will check the garage then. LEAVE,garage,1.0
I think X is in Y,3,belt,chair,closet,shared_truth,I think the belt is on the chair.,"I agree, I will check the chair. LEAVE",chair,1.0
I think X is in Y,3,belt,chair,closet,ignorance,I think the belt is on the chair.,I'll check the chair then. LEAVE,chair,1.0
I think X is in Y,4,binder,desk,shelf,shared_truth,I think the binder is on the desk.,"I agree, I'll look on the desk. LEAVE",desk,1.0
I think X is in Y,4,binder,desk,shelf,ignorance,I think the binder is on the desk.,"Thanks, I'll look on the desk then. LEAVE",desk,1.0
I think X is in Y,5,blanket,bed,chair,shared_truth,I think the blanket is on the bed.,"I agree, I will check the bed then. LEAVE",bed,1.0
I think X is in Y,5,blanket,bed,chair,ignorance,I think the blanket is on the bed.,"Thanks, I'll check the bed. LEAVE",bed,1.0
I think X is in Y,6,book,shelf,bag,shared_truth,I think the book is on the shelf.,"I agree, I'll check the shelf. LEAVE",shelf,1.0
I think X is in Y,6,book,shelf,bag,ignorance,I think the book is on the shelf.,I will check the shelf then. LEAVE.,shelf,1.0
I think X is in Y,7,bottle,counter,fridge,shared_truth,I think the bottle is on the counter.,"I agree, I'll check the counter. LEAVE",counter,1.0
I think X is in Y,7,bottle,counter,fridge,ignorance,I think the bottle is on the counter.,I will look on the counter. LEAVE,counter,1.0
I think X is in Y,8,bowl,table,counter,shared_truth,I think the bowl is on the table.,"I agree, I will look on the table. LEAVE",table,1.0
I think X is in Y,8,bowl,table,counter,ignorance,I think the bowl is on the table.,"Thanks, I will look on the table. LEAVE",table,1.0
I think X is in Y,9,broom,closet,corner,shared_truth,I think the broom is in the closet.,"Great, I will check the closet then. LEAVE",closet,1.0
I think X is in Y,9,broom,closet,corner,ignorance,I think the broom is in the closet.,I will look in the closet then. LEAVE.,closet,1.0
I think X is in Y,10,brush,drawer,counter,shared_truth,I think the brush is right there on the drawer.,"Perfect, I will check the drawer then. LEAVE",drawer,1.0
I think X is in Y,10,brush,drawer,counter,ignorance,I think the brush is right there on the drawer.,"Thanks, I'll check the drawer. LEAVE",drawer,1.0
I think X is in Y,11,bulb,box,shelf,shared_truth,I think the bulb is on the box.,I agree. I will check the box. LEAVE,box,1.0
I think X is in Y,11,bulb,box,shelf,ignorance,I think the bulb is on the box.,I'll check the box then. LEAVE,box,1.0
I think X is in Y,12,cable,desk,floor underneath,shared_truth,I think the cable is right here on the desk.,"I agree, I'll check the desk. LEAVE.",desk,1.0
I think X is in Y,12,cable,desk,floor underneath,ignorance,I think the cable is right here on the desk.,"Great, I'll check the desk. LEAVE",desk,1.0
I think X is in Y,13,camera,shelf,bag,shared_truth,I think the camera is on the shelf.,"I agree, let's check the shelf. LEAVE.",shelf,1.0
I think X is in Y,13,camera,shelf,bag,ignorance,I think the camera is on the shelf.,I will check the shelf. LEAVE.,shelf,1.0
I think X is in Y,14,candle,mantle,side table,shared_truth,I think the candle is on the mantle.,I agree. I will check the mantle. LEAVE,mantle,1.0
I think X is in Y,14,candle,mantle,side table,ignorance,I think the candle is on the mantle.,I'll look on the mantle. LEAVE,mantle,1.0
I think X is in Y,15,chain,hook,box,shared_truth,I think the chain is on the hook.,"I agree, I'll check the hook. LEAVE.",hook,1.0
I think X is in Y,15,chain,hook,box,ignorance,I think the chain is on the hook.,I'll look on the hook. LEAVE,hook,1.0
I think X is in Y,16,chalk,box,chalk tray,shared_truth,I think the chalk is in the box.,"Great, I'll check the box then. LEAVE.",box,1.0
I think X is in Y,16,chalk,box,chalk tray,ignorance,I think the chalk is in the box.,I'll check the box then. LEAVE,box,1.0
I think X is in Y,17,charger,desk,bed,shared_truth,I think the charger is on the desk.,"I agree, I'll check the desk then. LEAVE",desk,1.0
I think X is in Y,17,charger,desk,bed,ignorance,I think the charger is on the desk.,I'll look on the desk. LEAVE,desk,1.0
I think X is in Y,18,clip,desk,paper tray,shared_truth,I think the clip is on the desk.,"I agree, I will check the desk. LEAVE",desk,1.0
I think X is in Y,18,clip,desk,paper tray,ignorance,I think the clip is on the desk.,I'll check the desk then. LEAVE,desk,1.0
I think X is in Y,19,clipboard,desk,shelf,shared_truth,I think the clipboard is on the desk.,"I agree, I will check the desk. LEAVE.",desk,1.0
I think X is in Y,19,clipboard,desk,shelf,ignorance,I think the clipboard is on the desk.,I'll check the desk. LEAVE.,desk,1.0
I think X is in Y,20,cloth,basket,drying rack,shared_truth,I think the cloth is right there on the basket.,"Great, I will look in the basket then. LEAVE",basket,1.0
I think X is in Y,20,cloth,basket,drying rack,ignorance,I think the cloth is right there on the basket.,"Thanks, I'll check the basket then. LEAVE.",basket,1.0
I think X is in Y,21,coin,pocket,jar,shared_truth,I think the coin is in the coat pocket.,I agree. I will check the coat pocket. LEAVE,pocket,1.0
I think X is in Y,21,coin,pocket,jar,ignorance,I think the coin is in the coat pocket.,I'll check the coat pocket. LEAVE.,pocket,1.0
I think X is in Y,22,comb,drawer,shelf,shared_truth,I think the comb is on the drawer.,"I agree, I'll check the drawer. LEAVE.",drawer,1.0
I think X is in Y,22,comb,drawer,shelf,ignorance,I think the comb is on the drawer.,"Thanks, I'll check the drawer. LEAVE",drawer,1.0
I think X is in Y,23,cord,basket,desk,shared_truth,I think the cord is on the basket.,I agree. I will check the basket. LEAVE.,basket,1.0
I think X is in Y,23,cord,basket,desk,ignorance,I think the cord is on the basket.,"Thanks, I'll check the basket. LEAVE.",basket,1.0
I think X is in Y,24,cup,shelf,table,shared_truth,I think the cup is on the shelf.,The shelf it is. LEAVE.,shelf,1.0
I think X is in Y,24,cup,shelf,table,ignorance,I think the cup is on the shelf.,"Thanks, I'll check the shelf. LEAVE",shelf,1.0
I think X is in Y,25,dice,table,cup,shared_truth,I think the dice is on the table.,"I agree, I'll check the table. LEAVE",table,1.0
I think X is in Y,25,dice,table,cup,ignorance,I think the dice is on the table.,"Thanks, I'll check the table. LEAVE.",table,1.0
I think X is in Y,26,drill,bench,tool case,shared_truth,I think the drill is on the workbench.,"I agree, I'll check the workbench. LEAVE.",bench,1.0
I think X is in Y,26,drill,bench,tool case,ignorance,I think the drill is on the workbench.,"Thanks, I'll look on the workbench. LEAVE",bench,1.0
I think X is in Y,27,fan,shelf,floor,shared_truth,I think the fan is on the shelf.,"I agree, I'll check the shelf. LEAVE",shelf,1.0
I think X is in Y,27,fan,shelf,floor,ignorance,I think the fan is on the shelf.,"Thanks, I'll check the shelf. LEAVE.",shelf,1.0
I think X is in Y,28,film,shelf,drawer,shared_truth,I think the film is on the shelf.,"I agree, let's check the shelf. LEAVE",shelf,1.0
I think X is in Y,28,film,shelf,drawer,ignorance,I think the film is on the shelf.,"Okay, I'll check the shelf then. LEAVE",shelf,1.0
I think X is in Y,29,flag,pole,storage box,shared_truth,I think the flag is on the pole.,I agree. I will check the pole. LEAVE,pole,1.0
I think X is in Y,29,flag,pole,storage box,ignorance,I think the flag is on the pole.,I will check the flag pole. LEAVE,pole,1.0
I think X is in Y,30,flashlight,drawer,shelf,shared_truth,I think the flashlight is on the drawer.,"I agree, I will check the drawer. LEAVE.",drawer,1.0
I think X is in Y,30,flashlight,drawer,shelf,ignorance,I think the flashlight is on the drawer.,"Thanks, I'll check the drawer. LEAVE",drawer,1.0
I think X is in Y,31,flask,locker,desk,shared_truth,I think the flask is on the locker.,"Great, I will check the locker then. LEAVE",locker,1.0
I think X is in Y,31,flask,locker,desk,ignorance,I think the flask is on the locker.,I will check the locker. LEAVE,locker,1.0
I think X is in Y,32,fork,counter,drawer,shared_truth,I think the fork is on the counter.,"Great, I'll check the counter then. LEAVE",counter,1.0
I think X is in Y,32,fork,counter,drawer,ignorance,I think the fork is on the counter.,I will check the counter. LEAVE.,counter,1.0
I think X is in Y,33,frame,wall,desk,shared_truth,I think the frame is right there on the wall.,I agree. I will check the wall. LEAVE,wall,1.0
I think X is in Y,33,frame,wall,desk,ignorance,I think the frame is right there on the wall.,"Thanks, I will check the wall. LEAVE.",wall,1.0
I think X is in Y,34,glasses,shelf,counter,shared_truth,I think the glasses is right there on the shelf.,I'll check the shelf then. LEAVE,shelf,1.0
I think X is in Y,34,glasses,shelf,counter,ignorance,I think the glasses is right there on the shelf.,"Thanks, I'll check the shelf. LEAVE.",shelf,1.0
I think X is in Y,35,globe,shelf,desk,shared_truth,I think the globe is on the shelf.,"I agree, let's check the shelf. LEAVE.",shelf,1.0
I think X is in Y,35,globe,shelf,desk,ignorance,I think the globe is on the shelf.,"Thanks, I'll look on the shelf then. LEAVE",shelf,1.0
I think X is in Y,36,glove,bench,coat pocket,shared_truth,I think the glove is right over there on the bench.,"I agree, I will look on the bench. LEAVE",bench,1.0
I think X is in Y,36,glove,bench,coat pocket,ignorance,I think the glove is right over there on the bench.,"Thanks, I'll check the bench then. LEAVE",bench,1.0
I think X is in Y,37,hammer,floor,shelf,shared_truth,I think the hammer is on the floor.,"I agree, I'll check the floor. LEAVE.",floor,1.0
I think X is in Y,37,hammer,floor,shelf,ignorance,I think the hammer is on the floor.,I'll check the floor. LEAVE.,floor,1.0
I think X is in Y,38,hat,hook,chair,shared_truth,I think the hat is on the hook.,I agree. I will check the hook. LEAVE,hook,1.0
I think X is in Y,38,hat,hook,chair,ignorance,I think the hat is on the hook.,"Thanks, I will check the hook. LEAVE",hook,1.0
I think X is in Y,39,jacket,hook,chair,shared_truth,I think the jacket is hanging on the coat hook.,"Great, I'll check the coat hook then. LEAVE",hook,1.0
I think X is in Y,39,jacket,hook,chair,ignorance,I think the jacket is hanging on the coat hook.,"Thanks, Mia. I'll check the coat hook. LEAVE.",hook,1.0
I think X is in Y,40,jar,counter,shelf,shared_truth,I think the jar is on the counter.,"I agree, I'll check the counter. LEAVE",counter,1.0
I think X is in Y,40,jar,counter,shelf,ignorance,I think the jar is on the counter.,I will check the counter then. LEAVE,counter,1.0
I think X is in Y,41,key,red box,blue box,shared_truth,I think the key is in the red box.,I agree. I will check the red box. LEAVE,red box,1.0
I think X is in Y,41,key,red box,blue box,ignorance,I think the key is in the red box.,I will check the red box then. LEAVE,red box,1.0
I think X is in Y,42,knob,box,shelf,shared_truth,I think the knob is on the box.,"I agree, I'll check the box. LEAVE.",box,1.0
I think X is in Y,42,knob,box,shelf,ignorance,I think the knob is on the box.,"Thanks, Mia. I'll check the box then. LEAVE",box,1.0
I think X is in Y,43,lantern,truck,tent,shared_truth,I think the lantern is in the truck.,"I agree, I'll go check the truck. LEAVE",truck,1.0
I think X is in Y,43,lantern,truck,tent,ignorance,I think the lantern is in the truck.,"Okay, I will check the truck. LEAVE.",truck,1.0
I think X is in Y,44,lanyard,locker,desk,shared_truth,I think the lanyard is over there on the locker.,"I agree, I'll check the locker. LEAVE.",locker,1.0
I think X is in Y,44,lanyard,locker,desk,ignorance,I think the lanyard is over there on the locker.,I'll check the locker then. LEAVE,locker,1.0
I think X is in Y,45,leash,hook,table,shared_truth,I think the leash is on the hook.,I agree. I'll look on the hook. LEAVE,hook,1.0
I think X is in Y,45,leash,hook,table,ignorance,I think the leash is on the hook.,"Thank you, I will look on the hook. LEAVE",hook,1.0
I think X is in Y,46,lens,bag,lens case,shared_truth,I think the lens is in the bag.,"I agree, I'll check the bag. LEAVE",bag,1.0
I think X is in Y,46,lens,bag,lens case,ignorance,I think the lens is in the bag.,I'll check the camera bag then. LEAVE,bag,1.0
I think X is in Y,47,letter,mat,mailbox,shared_truth,I think the letter is on the door mat.,I agree. I will check the door mat. LEAVE.,mat,1.0
I think X is in Y,47,letter,mat,mailbox,ignorance,I think the letter is on the door mat.,"Okay, I will look on the door mat. LEAVE",mat,1.0
I think X is in Y,48,lighter,pocket,drawer,shared_truth,I think the lighter is in the jacket pocket.,"I agree, I will check the jacket pocket. LEAVE.",pocket,1.0
I think X is in Y,48,lighter,pocket,drawer,ignorance,I think the lighter is in the jacket pocket.,"Thanks, I'll check the jacket pocket. LEAVE",pocket,1.0
I think X is in Y,49,lock,gate,shed,shared_truth,I think the lock is on the gate.,"I agree, I will check the gate then. LEAVE.",gate,1.0
I think X is in Y,49,lock,gate,shed,ignorance,I think the lock is on the gate.,I'll check the gate then. LEAVE.,gate,1.0
I think X is in Y,50,map,wall,table,shared_truth,I think the map is on the wall.,"I agree, let's check the wall. LEAVE",wall,1.0
I think X is in Y,50,map,wall,table,ignorance,I think the map is on the wall.,"Thanks, I will look on the wall. LEAVE",wall,1.0
I think X is in Y,51,marker,tray,cup,shared_truth,I think the marker is in the tray.,I'll look in the tray. LEAVE,tray,1.0
I think X is in Y,51,marker,tray,cup,ignorance,I think the marker is in the tray.,I'll look in the tray then. LEAVE,tray,1.0
I think X is in Y,52,mask,drawer,hook,shared_truth,I think the mask is on the drawer.,"Perfect, I agree it's on the drawer and I'll check there. LEAVE.",drawer,1.0
I think X is in Y,52,mask,drawer,hook,ignorance,I think the mask is on the drawer.,"Thanks, I'll check the drawer. LEAVE.",drawer,1.0
I think X is in Y,53,mat,shelf,floor,shared_truth,I think the mat is on the shelf.,"I agree, I will check the shelf. LEAVE",shelf,1.0
I think X is in Y,53,mat,shelf,floor,ignorance,I think the mat is on the shelf.,"Thanks, I'll check the shelf. LEAVE.",shelf,1.0
I think X is in Y,54,medal,box,shelf,shared_truth,I think the medal is on the display box.,I agree. I'll look in the display box. LEAVE,box,1.0
I think X is in Y,54,medal,box,shelf,ignorance,I think the medal is on the display box.,I'll check the display box. LEAVE.,box,1.0
I think X is in Y,55,mirror,shelf,wall,shared_truth,I think the mirror is on the shelf.,"I agree, let's check the shelf. LEAVE",shelf,1.0
I think X is in Y,55,mirror,shelf,wall,ignorance,I think the mirror is on the shelf.,I will look on the shelf then. LEAVE.,shelf,1.0
I think X is in Y,56,mug,rack,shelf,shared_truth,I think the mug is on the drying rack.,"Perfect, I will look on the drying rack. LEAVE",rack,1.0
I think X is in Y,56,mug,rack,shelf,ignorance,I think the mug is on the drying rack.,"Thanks, I'll check the drying rack then. LEAVE.",rack,1.0
I think X is in Y,57,needle,drawer,box,shared_truth,I think the needle is in the drawer.,"I agree, I will check the drawer. LEAVE",drawer,1.0
I think X is in Y,57,needle,drawer,box,ignorance,I think the needle is in the drawer.,I'll check the drawer. LEAVE,drawer,1.0
I think X is in Y,58,net,shed,yard,shared_truth,I think the net is in the storage shed.,"I agree, I'll check the storage shed. LEAVE.",shed,1.0
I think X is in Y,58,net,shed,yard,ignorance,I think the net is in the storage shed.,"Thanks, I'll go check the storage shed. LEAVE",shed,1.0
I think X is in Y,59,notebook,desk,backpack,shared_truth,I think the notebook is in the desk.,"I agree, I will look in the desk. LEAVE",desk,1.0
I think X is in Y,59,notebook,desk,backpack,ignorance,I think the notebook is in the desk.,I'll check the desk. LEAVE,desk,1.0
I think X is in Y,60,package,back porch,,shared_truth,I think the package is on the back porch.,"I agree, I'll go check the back porch. LEAVE.",,
I think X is in Y,60,package,back porch,,ignorance,I think the package is on the back porch.,I'll check the back porch then. LEAVE.,,
I think X is in Y,61,pail,shed,porch,shared_truth,I think the pail is on the shed.,"I agree, I will check the shed. LEAVE",shed,1.0
I think X is in Y,61,pail,shed,porch,ignorance,I think the pail is on the shed.,I'll go check the shed then. LEAVE.,shed,1.0
I think X is in Y,62,paint,shelf,workbench,shared_truth,I think the paint is on the shelf.,"I agree, I'll check the shelf. LEAVE",shelf,1.0
I think X is in Y,62,paint,shelf,workbench,ignorance,I think the paint is on the shelf.,"Thanks, I will look on the shelf. LEAVE",shelf,1.0
I think X is in Y,63,pan,shelf,stove,shared_truth,I think the pan is on the shelf.,I'll check the shelf. LEAVE,shelf,1.0
I think X is in Y,63,pan,shelf,stove,ignorance,I think the pan is on the shelf.,"Okay, I will check the shelf. LEAVE.",shelf,1.0
I think X is in Y,64,patch,drawer,table,shared_truth,I think the patch is on the drawer.,"I agree, I will check the drawer. LEAVE",drawer,1.0
I think X is in Y,64,patch,drawer,table,ignorance,I think the patch is on the drawer.,"Thanks, I will check the drawer. LEAVE",drawer,1.0
I think X is in Y,65,pen,tray,cup,shared_truth,I think the pen is in the tray.,I'll check the tray then. LEAVE.,tray,1.0
I think X is in Y,65,pen,tray,cup,ignorance,I think the pen is in the tray.,I'll check the tray then. LEAVE,tray,1.0
I think X is in Y,66,phone,table,couch,shared_truth,I think the phone is on the table.,"I agree, I'll look on the table. LEAVE.",table,1.0
I think X is in Y,66,phone,table,couch,ignorance,I think the phone is on the table.,I'll check the table then. LEAVE.,table,1.0
I think X is in Y,67,photo,drawer,shelf,shared_truth,I think the photo is in the drawer.,"I agree, I'll check the drawer. LEAVE.",drawer,1.0
I think X is in Y,67,photo,drawer,shelf,ignorance,I think the photo is in the drawer.,I'll check the drawer then. LEAVE,drawer,1.0
I think X is in Y,68,pillow,bed,couch,shared_truth,I think the pillow is on the bed.,"Great, I will check the bed then. LEAVE",bed,1.0
I think X is in Y,68,pillow,bed,couch,ignorance,I think the pillow is on the bed.,"Thanks, I'll check the bed. LEAVE.",bed,1.0
I think X is in Y,69,plate,sink,table,shared_truth,I think the plate is on the sink.,I'll check the sink then. LEAVE,sink,1.0
I think X is in Y,69,plate,sink,table,ignorance,I think the plate is on the sink.,"Thanks, I'll check the sink. LEAVE",sink,1.0
I think X is in Y,70,plug,floor,desk,shared_truth,I think the plug is on the floor.,"I agree, I will check the floor. LEAVE",floor,1.0
I think X is in Y,70,plug,floor,desk,ignorance,I think the plug is on the floor.,"Thanks, I'll check the floor. LEAVE.",floor,1.0
I think X is in Y,71,rake,shed,fence,shared_truth,I think the rake is over by the shed.,"Great, I'll go check by the shed then. LEAVE",shed,1.0
I think X is in Y,71,rake,shed,fence,ignorance,I think the rake is over by the shed.,"Thanks, I'll check the shed. LEAVE",shed,1.0
I think X is in Y,72,receipt,pocket,folder,shared_truth,I think the receipt is in the coat pocket.,"I agree, I will check the coat pocket. LEAVE.",pocket,1.0
I think X is in Y,72,receipt,pocket,folder,ignorance,I think the receipt is in the coat pocket.,I will look in the coat pocket. LEAVE,pocket,1.0
I think X is in Y,73,remote,table,sofa cushion,shared_truth,I think the remote is on the coffee table.,"I agree, I'll check the coffee table. LEAVE",table,1.0
I think X is in Y,73,remote,table,sofa cushion,ignorance,I think the remote is on the coffee table.,I'll check the coffee table. LEAVE,table,1.0
I think X is in Y,74,ring,box,pouch,shared_truth,I think the ring is in the small box.,I agree. I will check the,,
I think X is in Y,74,ring,box,pouch,ignorance,I think the ring is in the small box.,I'll check the small box then. LEAVE.,box,1.0
I think X is in Y,75,rope,shed,car trunk,shared_truth,I think the rope is in the shed.,"I agree, I will check the shed. LEAVE.",shed,1.0
I think X is in Y,75,rope,shed,car trunk,ignorance,I think the rope is in the shed.,"Alright, I'll check the shed. LEAVE",shed,1.0
I think X is in Y,76,scale,shelf,counter,shared_truth,I think the scale is on the shelf.,"I agree, I will check the shelf. LEAVE",shelf,1.0
I think X is in Y,76,scale,shelf,counter,ignorance,I think the scale is on the shelf.,"Thanks, I will check the shelf. LEAVE.",shelf,1.0
I think X is in Y,77,scarf,closet,bench,shared_truth,I think the scarf is in the closet.,"I agree, I'll check the closet. LEAVE.",closet,1.0
I think X is in Y,77,scarf,closet,bench,ignorance,I think the scarf is in the closet.,I'll check the closet. LEAVE,closet,1.0
I think X is in Y,78,scissors,desk,cabinet,shared_truth,I think the scissors is on the desk.,"I agree, I will check the desk. LEAVE.",desk,1.0
I think X is in Y,78,scissors,desk,cabinet,ignorance,I think the scissors is on the desk.,"Thanks, I will look on the desk. LEAVE",desk,1.0
I think X is in Y,79,seed,bag,pot,shared_truth,I think the seed is in the bag.,"I agree, I'll check the bag. LEAVE",bag,1.0
I think X is in Y,79,seed,bag,pot,ignorance,I think the seed is in the bag.,I will look in the seed bag then. LEAVE,bag,1.0
I think X is in Y,80,shovel,yard,tool shed,shared_truth,I think the shovel is in the yard.,"I agree, I will go check the yard then. LEAVE",yard,1.0
I think X is in Y,80,shovel,yard,tool shed,ignorance,I think the shovel is in the yard.,"Thanks, I'll check the yard. LEAVE",yard,1.0
I think X is in Y,81,soap,ledge,shelf,shared_truth,I think the soap is on the window ledge.,"Great, I'll check the window ledge then. LEAVE",ledge,1.0
I think X is in Y,81,soap,ledge,shelf,ignorance,I think the soap is on the window ledge.,"Thanks, I'll check the window ledge. LEAVE",ledge,1.0
I think X is in Y,82,sponge,counter,sink,shared_truth,I think the sponge is on the counter.,"I agree, I'll check the counter. LEAVE.",counter,1.0
I think X is in Y,82,sponge,counter,sink,ignorance,I think the sponge is on the counter.,"Thanks, I'll check the counter. LEAVE.",counter,1.0
I think X is in Y,83,spoon,bowl,cup,shared_truth,I think the spoon is in the bowl.,"Perfect, I'll check the bowl then. LEAVE",bowl,1.0
I think X is in Y,83,spoon,bowl,cup,ignorance,I think the spoon is in the bowl.,I will check the bowl. LEAVE.,bowl,1.0
I think X is in Y,84,stamp,drawer,tray,shared_truth,I think the stamp is in the drawer.,"I agree, I will check the drawer. LEAVE",drawer,1.0
I think X is in Y,84,stamp,drawer,tray,ignorance,I think the stamp is in the drawer.,I'll check the drawer. LEAVE,drawer,1.0
I think X is in Y,85,stapler,desk,drawer,shared_truth,I think the stapler is on the desk.,"Great, I'll check the desk. LEAVE",desk,1.0
I think X is in Y,85,stapler,desk,drawer,ignorance,I think the stapler is on the desk.,I'll check the desk then. LEAVE,desk,1.0
I think X is in Y,86,stone,pot,window ledge,shared_truth,I think the stone is on the pot.,I agree. I will check the pot. LEAVE,pot,1.0
I think X is in Y,86,stone,pot,window ledge,ignorance,I think the stone is on the pot.,I'll check the pot then. LEAVE.,pot,1.0
I think X is in Y,87,strap,drawer,hook,shared_truth,I think the strap is on the drawer.,"Great, I'll check the drawer then. LEAVE",drawer,1.0
I think X is in Y,87,strap,drawer,hook,ignorance,I think the strap is on the drawer.,"Thanks, I'll check the drawer. LEAVE.",drawer,1.0
I think X is in Y,88,tape,shelf,drawer,shared_truth,I think the tape is on the shelf.,"I agree, I'll check the shelf. LEAVE",shelf,1.0
I think X is in Y,88,tape,shelf,drawer,ignorance,I think the tape is on the shelf.,"Okay, I'll check the shelf. LEAVE",shelf,1.0
I think X is in Y,89,ticket,pocket,bag,shared_truth,I think the ticket is in the coat pocket.,"Great, I'll check the coat pocket then. LEAVE",pocket,1.0
I think X is in Y,89,ticket,pocket,bag,ignorance,I think the ticket is in the coat pocket.,I'll check the coat pocket then. LEAVE.,pocket,1.0
I think X is in Y,90,towel,rack,laundry basket,shared_truth,I think the towel is on the rack.,"I agree, I'll check the",,
I think X is in Y,90,towel,rack,laundry basket,ignorance,I think the towel is on the rack.,"Got it, I will check the towel rack. LEAVE.",rack,1.0
I think X is in Y,91,toy,bin,rug,shared_truth,I think the toy is on the bin.,"I agree, I'll check the bin. LEAVE",bin,1.0
I think X is in Y,91,toy,bin,rug,ignorance,I think the toy is on the bin.,"Okay, I'll look on the bin. LEAVE",bin,1.0
I think X is in Y,92,tray,oven,counter,shared_truth,I think the tray is right there on the oven.,"Perfect, I'll check the oven. LEAVE.",oven,1.0
I think X is in Y,92,tray,oven,counter,ignorance,I think the tray is right there on the oven.,I'll check the oven. LEAVE,oven,1.0
I think X is in Y,93,umbrella,hook,umbrella stand,shared_truth,I think the umbrella is on the wall hook.,"Perfect, I'll check the wall hook. LEAVE",hook,1.0
I think X is in Y,93,umbrella,hook,umbrella stand,ignorance,I think the umbrella is on the wall hook.,I will check the wall hook then. LEAVE.,hook,1.0
I think X is in Y,94,vase,mantle,table,shared_truth,I think the vase is on the mantle.,"I agree, I will look on the mantle. LEAVE",mantle,1.0
I think X is in Y,94,vase,mantle,table,ignorance,I think the vase is on the mantle.,"Thanks, I will check the mantle. LEAVE",mantle,1.0
I think X is in Y,95,wallet,drawer,desk,shared_truth,I think the wallet is in the drawer.,"I agree, I'll check the drawer. LEAVE.",drawer,1.0
I think X is in Y,95,wallet,drawer,desk,ignorance,I think the wallet is in the drawer.,"Okay, I will look in the drawer. LEAVE.",drawer,1.0
I think X is in Y,96,watch,nightstand,dresser,shared_truth,I think the watch is on the nightstand.,I agree. I will check the nightstand. LEAVE,nightstand,1.0
I think X is in Y,96,watch,nightstand,dresser,ignorance,I think the watch is on the nightstand.,I'll check the nightstand then. LEAVE,nightstand,1.0
I think X is in Y,97,whisk,drawer,hook,shared_truth,I think the whisk is on the drawer.,"I agree, I will check the drawer. LEAVE",drawer,1.0
I think X is in Y,97,whisk,drawer,hook,ignorance,I think the whisk is on the drawer.,"Okay, I'll check the drawer. LEAVE",drawer,1.0
I think X is in Y,98,wire,bench,drawer,shared_truth,I think the wire is on the bench.,"I agree, I'll check the bench. LEAVE",bench,1.0
I think X is in Y,98,wire,bench,drawer,ignorance,I think the wire is on the bench.,"Thanks, I'll check the bench. LEAVE.",bench,1.0
I think X is in Y,99,wrench,toolbox,workbench,shared_truth,I think the wrench is on the toolbox.,"Thanks, I'll check the toolbox. LEAVE.",toolbox,1.0
I think X is in Y,99,wrench,toolbox,workbench,ignorance,I think the wrench is on the toolbox.,"Okay, I'll look on the toolbox. LEAVE",toolbox,1.0
If you need X,0,apron,drawer,hook,shared_truth,"If you need the apron, it's on the drawer.","Thanks, I'll check the drawer. LEAVE.",drawer,1.0
If you need X,0,apron,drawer,hook,ignorance,"If you need the apron, it's on the drawer.","Thanks, I'll check the drawer. LEAVE.",drawer,1.0
If you need X,1,badge,desk,hook by the door,shared_truth,"If you need the badge, it's on the desk.","Thanks, I'll check the desk. LEAVE",desk,1.0
If you need X,1,badge,desk,hook by the door,ignorance,"If you need the badge, it's on the desk.","Thanks, I'll look on the desk. LEAVE.",desk,1.0
If you need X,2,ball,garage,yard,shared_truth,"If you need the ball, it's in the garage.",I'll check the garage. LEAVE.,garage,1.0
If you need X,2,ball,garage,yard,ignorance,"If you need the ball, it's in the garage.","Thanks, I'll check the garage. LEAVE",garage,1.0
If you need X,3,belt,chair,closet,shared_truth,"If you need the belt, it's on the chair.",I'll check the chair then. LEAVE,chair,1.0
If you need X,3,belt,chair,closet,ignorance,"If you need the belt, it's on the chair.","Thanks, I'll check the chair. LEAVE",chair,1.0
If you need X,4,binder,desk,shelf,shared_truth,"If you need the binder, it's on the desk.","Thanks, I'll check the desk. LEAVE.",desk,1.0
If you need X,4,binder,desk,shelf,ignorance,"If you need the binder, it's on the desk.","Thanks, I'll look on the desk. LEAVE",desk,1.0
If you need X,5,blanket,bed,chair,shared_truth,"If you need the blanket, it's on the bed.","Thanks, I'll check the bed. LEAVE",bed,1.0
If you need X,5,blanket,bed,chair,ignorance,"If you need the blanket, it's on the bed.","Thanks, I'll check the bed. LEAVE.",bed,1.0
If you need X,6,book,shelf,bag,shared_truth,"If you need the book, it's on the shelf.","Thanks, I'll check the shelf. LEAVE",shelf,1.0
If you need X,6,book,shelf,bag,ignorance,"If you need the book, it's on the shelf.","Thanks, I'll look on the shelf. LEAVE",shelf,1.0
If you need X,7,bottle,counter,fridge,shared_truth,"If you need the bottle, it's on the counter.","Thanks, I'll check the counter. LEAVE",counter,1.0
If you need X,7,bottle,counter,fridge,ignorance,"If you need the bottle, it's on the counter.","Thanks, I'll check the counter. LEAVE",counter,1.0
If you need X,8,bowl,table,counter,shared_truth,"If you need the bowl, it's on the table.","Got it, I'll look on the table. LEAVE",table,1.0
If you need X,8,bowl,table,counter,ignorance,"If you need the bowl, it's on the table.","Thanks, I'll check the table. LEAVE.",table,1.0
If you need X,9,broom,closet,corner,shared_truth,"If you need the broom, it's in the closet.",Thanks. I'll check the closet. LEAVE,closet,1.0
If you need X,9,broom,closet,corner,ignorance,"If you need the broom, it's in the closet.",I'll check the closet. LEAVE,closet,1.0
If you need X,10,brush,drawer,counter,shared_truth,"If you need the brush, it's right there on the drawer.","Thanks, I'll check the drawer. LEAVE",drawer,1.0
If you need X,10,brush,drawer,counter,ignorance,"If you need the brush, it's right there on the drawer.","Thanks, I'll check the drawer. LEAVE.",drawer,1.0
If you need X,11,bulb,box,shelf,shared_truth,"If you need the bulb, it's on the box.","Thanks, I'll check the box. LEAVE",box,1.0
If you need X,11,bulb,box,shelf,ignorance,"If you need the bulb, it's on the box.","Thanks, I'll look on the box. LEAVE.",box,1.0
If you need X,12,cable,desk,floor underneath,shared_truth,"If you need the cable, it's right here on the desk.","Thanks, I'll grab it from the desk. LEAVE",desk,1.0
If you need X,12,cable,desk,floor underneath,ignorance,"If you need the cable, it's right here on the desk.","Thanks, I'll grab it from the desk. LEAVE",desk,1.0
If you need X,13,camera,shelf,bag,shared_truth,"If you need the camera, it's on the shelf.","Thanks, I will check the shelf. LEAVE",shelf,1.0
If you need X,13,camera,shelf,bag,ignorance,"If you need the camera, it's on the shelf.","Got it, I'll check the shelf. LEAVE",shelf,1.0
If you need X,14,candle,mantle,side table,shared_truth,"If you need the candle, it's on the mantle.","Thanks, I'll check the mantle. LEAVE.",mantle,1.0
If you need X,14,candle,mantle,side table,ignorance,"If you need the candle, it's on the mantle.",I'll check the mantle then. LEAVE,mantle,1.0
If you need X,15,chain,hook,box,shared_truth,"If you need the chain, it's on the hook.",I'll check the hook. LEAVE,hook,1.0
If you need X,15,chain,hook,box,ignorance,"If you need the chain, it's on the hook.",I'll check the hook. LEAVE,hook,1.0
If you need X,16,chalk,box,chalk tray,shared_truth,"If you need the chalk, it's in the box.","Thanks, I will look in the box. LEAVE",box,1.0
If you need X,16,chalk,box,chalk tray,ignorance,"If you need the chalk, it's in the box.","Got it, I'll check the box. LEAVE",box,1.0
If you need X,17,charger,desk,bed,shared_truth,"If you need the charger, it's on the desk.","Thanks, I'll check the desk then. LEAVE.",desk,1.0
If you need X,17,charger,desk,bed,ignorance,"If you need the charger, it's on the desk.","Thanks, I'll look on the desk. LEAVE.",desk,1.0
If you need X,18,clip,desk,paper tray,shared_truth,"If you need the clip, it's on the desk.",I'll check the desk. LEAVE,desk,1.0
If you need X,18,clip,desk,paper tray,ignorance,"If you need the clip, it's on the desk.","Thanks, I'll look on the desk. LEAVE",desk,1.0
If you need X,19,clipboard,desk,shelf,shared_truth,"If you need the clipboard, it's on the desk.","Thank you, I'll check the desk. LEAVE",desk,1.0
If you need X,19,clipboard,desk,shelf,ignorance,"If you need the clipboard, it's on the desk.","Thanks, I'll check the desk. LEAVE.",desk,1.0
If you need X,20,cloth,basket,drying rack,shared_truth,"If you need the cloth, it's right there on the basket.","Thanks, I will get it from the basket. LEAVE",basket,1.0
If you need X,20,cloth,basket,drying rack,ignorance,"If you need the cloth, it's right there on the basket.",I'll check the basket then. LEAVE.,basket,1.0
If you need X,21,coin,pocket,jar,shared_truth,"If you need the coin, it's in the coat pocket.",I'll check the coat pocket then. LEAVE,pocket,1.0
If you need X,21,coin,pocket,jar,ignorance,"If you need the coin, it's in the coat pocket.",I'll check the coat pocket. LEAVE,pocket,1.0
If you need X,22,comb,drawer,shelf,shared_truth,"If you need the comb, it's on the drawer.","Thanks, I'll check the drawer. LEAVE",drawer,1.0
If you need X,22,comb,drawer,shelf,ignorance,"If you need the comb, it's on the drawer.","Thanks, I'll check the drawer. LEAVE",drawer,1.0
If you need X,23,cord,basket,desk,shared_truth,"If you need the cord, it's on the basket.","Thanks, I'll check the basket. LEAVE.",basket,1.0
If you need X,23,cord,basket,desk,ignorance,"If you need the cord, it's on the basket.","Thanks, I'll check the basket. LEAVE",basket,1.0
If you need X,24,cup,shelf,table,shared_truth,"If you need the cup, it's on the shelf.","Thanks, I'll check the shelf. LEAVE",shelf,1.0
If you need X,24,cup,shelf,table,ignorance,"If you need the cup, it's on the shelf.","Thanks, I'll check the shelf. LEAVE.",shelf,1.0
If you need X,25,dice,table,cup,shared_truth,"If you need the dice, it's on the table.","Thanks, I'll check the table. LEAVE.",table,1.0
If you need X,25,dice,table,cup,ignorance,"If you need the dice, it's on the table.",I'll check the table then. LEAVE.,table,1.0
If you need X,26,drill,bench,tool case,shared_truth,"If you need the drill, it's on the workbench.","Thanks, I'll check the workbench. LEAVE",bench,1.0
If you need X,26,drill,bench,tool case,ignorance,"If you need the drill, it's on the workbench.","Thanks, I'll check the workbench. LEAVE.",bench,1.0
If you need X,27,fan,shelf,floor,shared_truth,"If you need the fan, it's on the shelf.",I'll check the shelf. LEAVE,shelf,1.0
If you need X,27,fan,shelf,floor,ignorance,"If you need the fan, it's on the shelf.","Got it, I'll look on the shelf. LEAVE",shelf,1.0
If you need X,28,film,shelf,drawer,shared_truth,"If you need the film, it's on the shelf.","Thanks, I'll check the shelf. LEAVE",shelf,1.0
If you need X,28,film,shelf,drawer,ignorance,"If you need the film, it's on the shelf.","Got it, I'll look on the shelf. LEAVE.",shelf,1.0
If you need X,29,flag,pole,storage box,shared_truth,"If you need the flag, it's on the pole.","Thanks, I'll check the pole. LEAVE",pole,1.0
If you need X,29,flag,pole,storage box,ignorance,"If you need the flag, it's on the pole.",I'll check the pole then. LEAVE,pole,1.0
If you need X,30,flashlight,drawer,shelf,shared_truth,"If you need the flashlight, it's on the drawer.","Thanks, I'll check the drawer. LEAVE.",drawer,1.0
If you need X,30,flashlight,drawer,shelf,ignorance,"If you need the flashlight, it's on the drawer.","Thanks, I'll check the",,
If you need X,31,flask,locker,desk,shared_truth,"If you need the flask, it's on the locker.","Thanks, I'll check the locker. LEAVE",locker,1.0
If you need X,31,flask,locker,desk,ignorance,"If you need the flask, it's on the locker.",I'll check the locker then. LEAVE.,locker,1.0
If you need X,32,fork,counter,drawer,shared_truth,"If you need the fork, it's on the counter.","Thanks, I'll look on the counter. LEAVE",counter,1.0
If you need X,32,fork,counter,drawer,ignorance,"If you need the fork, it's on the counter.","Thanks, I will look on the counter. LEAVE",counter,1.0
If you need X,33,frame,wall,desk,shared_truth,"If you need the frame, it's right there on the wall.","Perfect, I will check the wall then. LEAVE",wall,1.0
If you need X,33,frame,wall,desk,ignorance,"If you need the frame, it's right there on the wall.","Got it, I'll check the wall. LEAVE",wall,1.0
If you need X,34,glasses,shelf,counter,shared_truth,"If you need the glasses, it's right there on the shelf.","Thanks, I'll check the shelf. LEAVE",shelf,1.0
If you need X,34,glasses,shelf,counter,ignorance,"If you need the glasses, it's right there on the shelf.","Thanks, I'll check the shelf. LEAVE",shelf,1.0
If you need X,35,globe,shelf,desk,shared_truth,"If you need the globe, it's on the shelf.",Thank you. I will look on the shelf. LEAVE,shelf,1.0
If you need X,35,globe,shelf,desk,ignorance,"If you need the globe, it's on the shelf.",I'll check the shelf. LEAVE,shelf,1.0
If you need X,36,glove,bench,coat pocket,shared_truth,"If you need the glove, it's right over there on the bench.",I'll check the bench then. LEAVE,bench,1.0
If you need X,36,glove,bench,coat pocket,ignorance,"If you need the glove, it's right over there on the bench.","Thanks, I'll check the bench. LEAVE.",bench,1.0
If you need X,37,hammer,floor,shelf,shared_truth,"If you need the hammer, it's on the floor.","Thanks, I'll check the floor. LEAVE.",floor,1.0
If you need X,37,hammer,floor,shelf,ignorance,"If you need the hammer, it's on the floor.","Thanks, I'll check the floor. LEAVE.",floor,1.0
If you need X,38,hat,hook,chair,shared_truth,"If you need the hat, it's on the hook.","Thanks, I'll check the hook. LEAVE.",hook,1.0
If you need X,38,hat,hook,chair,ignorance,"If you need the hat, it's on the hook.","Thanks, I'll check the hook. LEAVE",hook,1.0
If you need X,39,jacket,hook,chair,shared_truth,"If you need the jacket, it's hanging on the coat hook.",I'll check the coat hook then. LEAVE,hook,1.0
If you need X,39,jacket,hook,chair,ignorance,"If you need the jacket, it's hanging on the coat hook.","Thanks, I'll check the coat hook. LEAVE",hook,1.0
If you need X,40,jar,counter,shelf,shared_truth,"If you need the jar, it's on the counter.","Thanks, I'll check the counter. LEAVE.",counter,1.0
If you need X,40,jar,counter,shelf,ignorance,"If you need the jar, it's on the counter.","Thanks, I'll check the counter. LEAVE.",counter,1.0
If you need X,41,key,red box,blue box,shared_truth,"If you need the key, it's in the red box.","Thanks, I'll check the red box. LEAVE",red box,1.0
If you need X,41,key,red box,blue box,ignorance,"If you need the key, it's in the red box.",I will check the red box. LEAVE.,red box,1.0
If you need X,42,knob,box,shelf,shared_truth,"If you need the knob, it's on the box.","Thank you, I will check the box. LEAVE",box,1.0
If you need X,42,knob,box,shelf,ignorance,"If you need the knob, it's on the box.",I will check the box then. LEAVE,box,1.0
If you need X,43,lantern,truck,tent,shared_truth,"If you need the lantern, it's in the truck.",I'll check the truck then. LEAVE.,truck,1.0
If you need X,43,lantern,truck,tent,ignorance,"If you need the lantern, it's in the truck.",I'll check the truck. LEAVE,truck,1.0
If you need X,44,lanyard,locker,desk,shared_truth,"If you need the lanyard, it's over there on the locker.","Thanks, I'll check the locker. LEAVE",locker,1.0
If you need X,44,lanyard,locker,desk,ignorance,"If you need the lanyard, it's over there on the locker.","Thanks, I'll check the locker. LEAVE.",locker,1.0
If you need X,45,leash,hook,table,shared_truth,"If you need the leash, it's on the hook.","Thanks, I'll grab it from the hook. LEAVE.",hook,1.0
If you need X,45,leash,hook,table,ignorance,"If you need the leash, it's on the hook.","Thanks, I'll check the hook. LEAVE.",hook,1.0
If you need X,46,lens,bag,lens case,shared_truth,"If you need the lens, it's in the bag.","Thanks, I'll check the bag. LEAVE",bag,1.0
If you need X,46,lens,bag,lens case,ignorance,"If you need the lens, it's in the bag.","Thanks, I'll check the camera bag. LEAVE",bag,1.0
If you need X,47,letter,mat,mailbox,shared_truth,"If you need the letter, it's on the door mat.","Thanks, I'll check the door mat. LEAVE",mat,1.0
If you need X,47,letter,mat,mailbox,ignorance,"If you need the letter, it's on the door mat.",I'll check the door mat then. LEAVE.,mat,1.0
If you need X,48,lighter,pocket,drawer,shared_truth,"If you need the lighter, it's in the jacket pocket.",I'll look in the jacket pocket then. LEAVE,pocket,1.0
If you need X,48,lighter,pocket,drawer,ignorance,"If you need the lighter, it's in the jacket pocket.",I'll check the jacket pocket. LEAVE,pocket,1.0
If you need X,49,lock,gate,shed,shared_truth,"If you need the lock, it's on the gate.","Thanks, I'll check the gate. LEAVE",gate,1.0
If you need X,49,lock,gate,shed,ignorance,"If you need the lock, it's on the gate.",I'll check the gate then. LEAVE,gate,1.0
If you need X,50,map,wall,table,shared_truth,"If you need the map, it's on the wall.","Thanks, I'll check the wall then. LEAVE.",wall,1.0
If you need X,50,map,wall,table,ignorance,"If you need the map, it's on the wall.","Thanks, I'll look on the wall. LEAVE.",wall,1.0
If you need X,51,marker,tray,cup,shared_truth,"If you need the marker, it's in the tray.","Thanks, I'll check the tray. LEAVE.",tray,1.0
If you need X,51,marker,tray,cup,ignorance,"If you need the marker, it's in the tray.",I will look in the tray. LEAVE,tray,1.0
If you need X,52,mask,drawer,hook,shared_truth,"If you need the mask, it's on the drawer.","Thanks, I'll check the drawer. LEAVE",drawer,1.0
If you need X,52,mask,drawer,hook,ignorance,"If you need the mask, it's on the drawer.","Thank you, I will check the drawer. LEAVE.",drawer,1.0
If you need X,53,mat,shelf,floor,shared_truth,"If you need the mat, it's on the shelf.","Thanks, I'll check the shelf. LEAVE",shelf,1.0
If you need X,53,mat,shelf,floor,ignorance,"If you need the mat, it's on the shelf.","Thanks, I'll grab it from the shelf. LEAVE.",shelf,1.0
If you need X,54,medal,box,shelf,shared_truth,"If you need the medal, it's on the display box.","Great, I'll check the display box then. LEAVE",box,1.0
If you need X,54,medal,box,shelf,ignorance,"If you need the medal, it's on the display box.","Thanks, I'll check the display box. LEAVE",box,1.0
If you need X,55,mirror,shelf,wall,shared_truth,"If you need the mirror, it's on the shelf.","Thanks, I will check the shelf. LEAVE",shelf,1.0
If you need X,55,mirror,shelf,wall,ignorance,"If you need the mirror, it's on the shelf.",I will look on the shelf. LEAVE,shelf,1.0
If you need X,56,mug,rack,shelf,shared_truth,"If you need the mug, it's on the drying rack.","Thanks, I'll check the drying rack. LEAVE",rack,1.0
If you need X,56,mug,rack,shelf,ignorance,"If you need the mug, it's on the drying rack.","Got it, I'll look on the drying rack. LEAVE",rack,1.0
If you need X,57,needle,drawer,box,shared_truth,"If you need the needle, it's in the drawer.",I'll check the drawer then. LEAVE,drawer,1.0
If you need X,57,needle,drawer,box,ignorance,"If you need the needle, it's in the drawer.","Thank you, I will look in the drawer. LEAVE",drawer,1.0
If you need X,58,net,shed,yard,shared_truth,"If you need the net, it's in the storage shed.","Great, I will check the storage shed. LEAVE",shed,1.0
If you need X,58,net,shed,yard,ignorance,"If you need the net, it's in the storage shed.","Thanks, I'll check the storage shed. LEAVE",shed,1.0
If you need X,59,notebook,desk,backpack,shared_truth,"If you need the notebook, it's in the desk.",I'll check the desk then. LEAVE,desk,1.0
If you need X,59,notebook,desk,backpack,ignorance,"If you need the notebook, it's in the desk.","Thanks, I'll look in the desk. LEAVE",desk,1.0
If you need X,60,package,back porch,,shared_truth,"If you need the package, it's on the back porch.","Thanks, I'll go check the back porch then. LEAVE",,
If you need X,60,package,back porch,,ignorance,"If you need the package, it's on the back porch.",I'll go check the back porch. LEAVE,,
If you need X,61,pail,shed,porch,shared_truth,"If you need the pail, it's on the shed.","Thanks, I'll check the shed. LEAVE",shed,1.0
If you need X,61,pail,shed,porch,ignorance,"If you need the pail, it's on the shed.","Got it, I'll go check the shed. LEAVE",shed,1.0
If you need X,62,paint,shelf,workbench,shared_truth,"If you need the paint, it's on the shelf.","Perfect, I'll look on the shelf then. LEAVE",shelf,1.0
If you need X,62,paint,shelf,workbench,ignorance,"If you need the paint, it's on the shelf.","Thanks, I'll check the shelf. LEAVE",shelf,1.0
If you need X,63,pan,shelf,stove,shared_truth,"If you need the pan, it's on the shelf.","Thanks, I'll check the shelf. LEAVE",shelf,1.0
If you need X,63,pan,shelf,stove,ignorance,"If you need the pan, it's on the shelf.",I'll look on the shelf then. LEAVE,shelf,1.0
If you need X,64,patch,drawer,table,shared_truth,"If you need the patch, it's on the drawer.","Great, I'll look on the drawer then. LEAVE",drawer,1.0
If you need X,64,patch,drawer,table,ignorance,"If you need the patch, it's on the drawer.","Got it, I'll look on the drawer. LEAVE",drawer,1.0
If you need X,65,pen,tray,cup,shared_truth,"If you need the pen, it's in the tray.","Thanks, I'll check the tray. LEAVE",tray,1.0
If you need X,65,pen,tray,cup,ignorance,"If you need the pen, it's in the tray.",I'll check the tray. LEAVE.,tray,1.0
If you need X,66,phone,table,couch,shared_truth,"If you need the phone, it's on the table.","Thanks, I'll check the table. LEAVE.",table,1.0
If you need X,66,phone,table,couch,ignorance,"If you need the phone, it's on the table.","Thanks, I'll look on the table. LEAVE",table,1.0
If you need X,67,photo,drawer,shelf,shared_truth,"If you need the photo, it's in the drawer.",I'll check the drawer. LEAVE,drawer,1.0
If you need X,67,photo,drawer,shelf,ignorance,"If you need the photo, it's in the drawer.","Thanks, I'll check the drawer. LEAVE",drawer,1.0
If you need X,68,pillow,bed,couch,shared_truth,"If you need the pillow, it's on the bed.","Thanks, I'll look on the bed. LEAVE",bed,1.0
If you need X,68,pillow,bed,couch,ignorance,"If you need the pillow, it's on the bed.","Thanks, I'll look on the bed. LEAVE",bed,1.0
If you need X,69,plate,sink,table,shared_truth,"If you need the plate, it's on the sink.","Thanks, I'll check the sink. LEAVE.",sink,1.0
If you need X,69,plate,sink,table,ignorance,"If you need the plate, it's on the sink.","Thanks, I'll check the sink. LEAVE.",sink,1.0
If you need X,70,plug,floor,desk,shared_truth,"If you need the plug, it's on the floor.",I will check the floor. LEAVE,floor,1.0
If you need X,70,plug,floor,desk,ignorance,"If you need the plug, it's on the floor.",Thanks. I'll check the floor. LEAVE,floor,1.0
If you need X,71,rake,shed,fence,shared_truth,"If you need the rake, it's over by the shed.","Thanks, I'll check by the shed. LEAVE",shed,1.0
If you need X,71,rake,shed,fence,ignorance,"If you need the rake, it's over by the shed.","Thanks, I'll look by the shed. LEAVE",shed,1.0
If you need X,72,receipt,pocket,folder,shared_truth,"If you need the receipt, it's in the coat pocket.",I'll check the coat pocket then. LEAVE.,pocket,1.0
If you need X,72,receipt,pocket,folder,ignorance,"If you need the receipt, it's in the coat pocket.",I'll check the coat pocket. LEAVE,pocket,1.0
If you need X,73,remote,table,sofa cushion,shared_truth,"If you need the remote, it's on the coffee table.","Thanks, I'll check the coffee table. LEAVE.",table,1.0
If you need X,73,remote,table,sofa cushion,ignorance,"If you need the remote, it's on the coffee table.","Thanks, I'll look on the coffee table. LEAVE",table,1.0
If you need X,74,ring,box,pouch,shared_truth,"If you need the ring, it's in the small box.","Thanks, I'll check the small box then. LEAVE.",box,1.0
If you need X,74,ring,box,pouch,ignorance,"If you need the ring, it's in the small box.",I'll check the small box. LEAVE,box,1.0
If you need X,75,rope,shed,car trunk,shared_truth,"If you need the rope, it's in the shed.","Thanks, I'll go check the shed. LEAVE.",shed,1.0
If you need X,75,rope,shed,car trunk,ignorance,"If you need the rope, it's in the shed.",I'll check the shed then. LEAVE.,shed,1.0
If you need X,76,scale,shelf,counter,shared_truth,"If you need the scale, it's on the shelf.","Thanks, I'll check the shelf. LEAVE.",shelf,1.0
If you need X,76,scale,shelf,counter,ignorance,"If you need the scale, it's on the shelf.","Got it, I'll look on the shelf. LEAVE",shelf,1.0
If you need X,77,scarf,closet,bench,shared_truth,"If you need the scarf, it's in the closet.","Thanks, I'll check the closet. LEAVE",closet,1.0
If you need X,77,scarf,closet,bench,ignorance,"If you need the scarf, it's in the closet.","Thanks, I'll check the closet. LEAVE",closet,1.0
If you need X,78,scissors,desk,cabinet,shared_truth,"If you need the scissors, it's on the desk.","Thanks, I'll check the desk. LEAVE.",desk,1.0
If you need X,78,scissors,desk,cabinet,ignorance,"If you need the scissors, it's on the desk.",I will look on the desk then. LEAVE,desk,1.0
If you need X,79,seed,bag,pot,shared_truth,"If you need the seed, it's in the bag.",I'll check the bag then. LEAVE.,bag,1.0
If you need X,79,seed,bag,pot,ignorance,"If you need the seed, it's in the bag.","Thanks, I will check the seed bag. LEAVE.",bag,1.0
If you need X,80,shovel,yard,tool shed,shared_truth,"If you need the shovel, it's in the yard.","Thanks, I'll check the yard. LEAVE",yard,1.0
If you need X,80,shovel,yard,tool shed,ignorance,"If you need the shovel, it's in the yard.","Thanks, I'll look in the yard. LEAVE",yard,1.0
If you need X,81,soap,ledge,shelf,shared_truth,"If you need the soap, it's on the window ledge.",Thanks. I'll check the window ledge. LEAVE.,ledge,1.0
If you need X,81,soap,ledge,shelf,ignorance,"If you need the soap, it's on the window ledge.","Got it, I'll check the window ledge. LEAVE.",ledge,1.0
If you need X,82,sponge,counter,sink,shared_truth,"If you need the sponge, it's on the counter.","Thanks, I'll check the counter. LEAVE",counter,1.0
If you need X,82,sponge,counter,sink,ignorance,"If you need the sponge, it's on the counter.","Got it, I'll look on the counter. LEAVE.",counter,1.0
If you need X,83,spoon,bowl,cup,shared_truth,"If you need the spoon, it's in the bowl.","Thanks, I will check the bowl. LEAVE",bowl,1.0
If you need X,83,spoon,bowl,cup,ignorance,"If you need the spoon, it's in the bowl.","Thanks, I'll check the bowl. LEAVE",bowl,1.0
If you need X,84,stamp,drawer,tray,shared_truth,"If you need the stamp, it's in the drawer.","Thank you, I will look in the drawer. LEAVE.",drawer,1.0
If you need X,84,stamp,drawer,tray,ignorance,"If you need the stamp, it's in the drawer.","Thanks, I'll check the drawer. LEAVE.",drawer,1.0
If you need X,85,stapler,desk,drawer,shared_truth,"If you need the stapler, it's on the desk.",I'll check the desk then. LEAVE,desk,1.0
If you need X,85,stapler,desk,drawer,ignorance,"If you need the stapler, it's on the desk.","Thanks, I'll check the desk. LEAVE",desk,1.0
If you need X,86,stone,pot,window ledge,shared_truth,"If you need the stone, it's on the pot.",I'll look on the pot. LEAVE,pot,1.0
If you need X,86,stone,pot,window ledge,ignorance,"If you need the stone, it's on the pot.","Thanks, I'll check the pot. LEAVE",pot,1.0
If you need X,87,strap,drawer,hook,shared_truth,"If you need the strap, it's on the drawer.","Thanks, I'll check the drawer. LEAVE.",drawer,1.0
If you need X,87,strap,drawer,hook,ignorance,"If you need the strap, it's on the drawer.","Got it, I'll look on the drawer. LEAVE.",drawer,1.0
If you need X,88,tape,shelf,drawer,shared_truth,"If you need the tape, it's on the shelf.",I'll check the shelf then. LEAVE.,shelf,1.0
If you need X,88,tape,shelf,drawer,ignorance,"If you need the tape, it's on the shelf.","Thanks, I'll look on the shelf. LEAVE",shelf,1.0
If you need X,89,ticket,pocket,bag,shared_truth,"If you need the ticket, it's in the coat pocket.","Great, I will look in the coat pocket. LEAVE",pocket,1.0
If you need X,89,ticket,pocket,bag,ignorance,"If you need the ticket, it's in the coat pocket.","Thanks, I'll check the coat pocket. LEAVE.",pocket,1.0
If you need X,90,towel,rack,laundry basket,shared_truth,"If you need the towel, it's on the rack.","Thanks, I'll check the rack. LEAVE",rack,1.0
If you need X,90,towel,rack,laundry basket,ignorance,"If you need the towel, it's on the rack.","Thanks, I'll check the towel rack. LEAVE",rack,1.0
If you need X,91,toy,bin,rug,shared_truth,"If you need the toy, it's on the bin.",I'll check the bin. LEAVE,bin,1.0
If you need X,91,toy,bin,rug,ignorance,"If you need the toy, it's on the bin.","Thanks, I'll check the toy bin. LEAVE",bin,1.0
If you need X,92,tray,oven,counter,shared_truth,"If you need the tray, it's right there on the oven.","Thanks, I'll grab it from the oven. LEAVE.",oven,1.0
If you need X,92,tray,oven,counter,ignorance,"If you need the tray, it's right there on the oven.",I'll check the oven. LEAVE,oven,1.0
If you need X,93,umbrella,hook,umbrella stand,shared_truth,"If you need the umbrella, it's on the wall hook.","Thanks, I'll check the wall hook. LEAVE.",hook,1.0
If you need X,93,umbrella,hook,umbrella stand,ignorance,"If you need the umbrella, it's on the wall hook.","Got it, I'll check the wall hook. LEAVE",hook,1.0
If you need X,94,vase,mantle,table,shared_truth,"If you need the vase, it's on the mantle.","Thanks, I'll check the mantle. LEAVE",mantle,1.0
If you need X,94,vase,mantle,table,ignorance,"If you need the vase, it's on the mantle.","Got it, I'll look on the mantle. LEAVE",mantle,1.0
If you need X,95,wallet,drawer,desk,shared_truth,"If you need the wallet, it's in the drawer.",I will look in the drawer. LEAVE.,drawer,1.0
If you need X,95,wallet,drawer,desk,ignorance,"If you need the wallet, it's in the drawer.","Got it, I'm checking the drawer. LEAVE",drawer,1.0
If you need X,96,watch,nightstand,dresser,shared_truth,"If you need the watch, it's on the nightstand.","Thanks, I'll check the nightstand. LEAVE",nightstand,1.0
If you need X,96,watch,nightstand,dresser,ignorance,"If you need the watch, it's on the nightstand.",I'll look on the nightstand. LEAVE,nightstand,1.0
If you need X,97,whisk,drawer,hook,shared_truth,"If you need the whisk, it's on the drawer.","Thanks, I'll check the drawer. LEAVE",drawer,1.0
If you need X,97,whisk,drawer,hook,ignorance,"If you need the whisk, it's on the drawer.","Thanks, I'll look in the drawer. LEAVE.",drawer,1.0
If you need X,98,wire,bench,drawer,shared_truth,"If you need the wire, it's on the bench.","Thanks, I'll check the bench.",,
If you need X,98,wire,bench,drawer,ignorance,"If you need the wire, it's on the bench.",I'll check the bench then. LEAVE.,bench,1.0
If you need X,99,wrench,toolbox,workbench,shared_truth,"If you need the wrench, it's on the toolbox.","Thanks, I'll check the toolbox. LEAVE",toolbox,1.0
If you need X,99,wrench,toolbox,workbench,ignorance,"If you need the wrench, it's on the toolbox.",I'll check the toolbox. LEAVE,toolbox,1.0
Bare anaphoric (It's in Y),0,apron,drawer,hook,shared_truth,It's on the drawer.,I will check the drawer. LEAVE.,drawer,1.0
Bare anaphoric (It's in Y),0,apron,drawer,hook,ignorance,It's on the drawer.,I will check the drawer. LEAVE,drawer,1.0
Bare anaphoric (It's in Y),1,badge,desk,hook by the door,shared_truth,It's on the desk.,"Thanks, I'll check the desk. LEAVE",desk,1.0
Bare anaphoric (It's in Y),1,badge,desk,hook by the door,ignorance,It's on the desk.,"Thanks, I'll check the desk. LEAVE.",desk,1.0
Bare anaphoric (It's in Y),2,ball,garage,yard,shared_truth,It's in the garage.,"Thanks, I'll go check the garage. LEAVE",garage,1.0
Bare anaphoric (It's in Y),2,ball,garage,yard,ignorance,It's in the garage.,I'll check the garage then. LEAVE,garage,1.0
Bare anaphoric (It's in Y),3,belt,chair,closet,shared_truth,It's on the chair.,I will look on the chair then. LEAVE,chair,1.0
Bare anaphoric (It's in Y),3,belt,chair,closet,ignorance,It's on the chair.,"Thanks, I'll look on the chair. LEAVE.",chair,1.0
Bare anaphoric (It's in Y),4,binder,desk,shelf,shared_truth,It's on the desk.,"Thanks, I'll check the desk. LEAVE.",desk,1.0
Bare anaphoric (It's in Y),4,binder,desk,shelf,ignorance,It's on the desk.,"Thanks, I will check the desk. LEAVE",desk,1.0
Bare anaphoric (It's in Y),5,blanket,bed,chair,shared_truth,It's on the bed.,I'll check the bed then. LEAVE,bed,1.0
Bare anaphoric (It's in Y),5,blanket,bed,chair,ignorance,It's on the bed.,"Thanks, I'll check the bed. LEAVE",bed,1.0
Bare anaphoric (It's in Y),6,book,shelf,bag,shared_truth,It's on the shelf.,"Great, I'll check the shelf. LEAVE",shelf,1.0
Bare anaphoric (It's in Y),6,book,shelf,bag,ignorance,It's on the shelf.,I will look on the shelf then. LEAVE,shelf,1.0
Bare anaphoric (It's in Y),7,bottle,counter,fridge,shared_truth,It's on the counter.,I'll check the counter then. LEAVE,counter,1.0
Bare anaphoric (It's in Y),7,bottle,counter,fridge,ignorance,It's on the counter.,"Thanks, I'll check the counter. LEAVE",counter,1.0
Bare anaphoric (It's in Y),8,bowl,table,counter,shared_truth,It's on the table.,I'll check the table then. LEAVE,table,1.0
Bare anaphoric (It's in Y),8,bowl,table,counter,ignorance,It's on the table.,"Thanks, I'll look on the table. LEAVE",table,1.0
Bare anaphoric (It's in Y),9,broom,closet,corner,shared_truth,It's in the closet.,I'll check the closet. LEAVE.,closet,1.0
Bare anaphoric (It's in Y),9,broom,closet,corner,ignorance,It's in the closet.,"Thanks, I'll look in the closet. LEAVE.",closet,1.0
Bare anaphoric (It's in Y),10,brush,drawer,counter,shared_truth,It's right there on the drawer.,I'll check the drawer then. LEAVE,drawer,1.0
Bare anaphoric (It's in Y),10,brush,drawer,counter,ignorance,It's right there on the drawer.,I'll check the drawer then. LEAVE.,drawer,1.0
Bare anaphoric (It's in Y),11,bulb,box,shelf,shared_truth,It's on the box.,"Got it, I'll check the box. LEAVE.",box,1.0
Bare anaphoric (It's in Y),11,bulb,box,shelf,ignorance,It's on the box.,I will check the box. LEAVE.,box,1.0
Bare anaphoric (It's in Y),12,cable,desk,floor underneath,shared_truth,It's right here on the desk.,"Thanks, I'll grab it from the desk. LEAVE",desk,1.0
Bare anaphoric (It's in Y),12,cable,desk,floor underneath,ignorance,It's right here on the desk.,I'll check the desk then. LEAVE,desk,1.0
Bare anaphoric (It's in Y),13,camera,shelf,bag,shared_truth,It's on the shelf.,"Thanks, I will check the shelf. LE",,
Bare anaphoric (It's in Y),13,camera,shelf,bag,ignorance,It's on the shelf.,"Got it, I'll look on the shelf. LEAVE.",shelf,1.0
Bare anaphoric (It's in Y),14,candle,mantle,side table,shared_truth,It's on the mantle.,I will look on the mantle. LEAVE.,mantle,1.0
Bare anaphoric (It's in Y),14,candle,mantle,side table,ignorance,It's on the mantle.,I'll check the mantle. LEAVE,mantle,1.0
Bare anaphoric (It's in Y),15,chain,hook,box,shared_truth,It's on the hook.,I'll check the hook. LEAVE,hook,1.0
Bare anaphoric (It's in Y),15,chain,hook,box,ignorance,It's on the hook.,I will look on the hook. LEAVE.,hook,1.0
Bare anaphoric (It's in Y),16,chalk,box,chalk tray,shared_truth,It's in the box.,"Thanks, Mia. I'll check the box. LEAVE.",box,1.0
Bare anaphoric (It's in Y),16,chalk,box,chalk tray,ignorance,It's in the box.,I'll check the box then. LEAVE.,box,1.0
Bare anaphoric (It's in Y),17,charger,desk,bed,shared_truth,It's on the desk.,"Thanks, I'll look on the desk. LEAVE.",desk,1.0
Bare anaphoric (It's in Y),17,charger,desk,bed,ignorance,It's on the desk.,"Thanks, I'll check the desk. LEAVE",desk,1.0
Bare anaphoric (It's in Y),18,clip,desk,paper tray,shared_truth,It's on the desk.,I will check the desk. LEAVE,desk,1.0
Bare anaphoric (It's in Y),18,clip,desk,paper tray,ignorance,It's on the desk.,"Thanks, I'll check the desk. LEAVE",desk,1.0
Bare anaphoric (It's in Y),19,clipboard,desk,shelf,shared_truth,It's on the desk.,"Thanks, I'll check the desk. LEAVE",desk,1.0
Bare anaphoric (It's in Y),19,clipboard,desk,shelf,ignorance,It's on the desk.,"Got it, I'll look on the desk. LEAVE.",desk,1.0
Bare anaphoric (It's in Y),20,cloth,basket,drying rack,shared_truth,It's right there on the basket.,"Thanks, I will check the basket. LEAVE",basket,1.0
Bare anaphoric (It's in Y),20,cloth,basket,drying rack,ignorance,It's right there on the basket.,I'll check the basket then. LEAVE.,basket,1.0
Bare anaphoric (It's in Y),21,coin,pocket,jar,shared_truth,It's in the coat pocket.,I'll check the coat pocket. LEAVE.,pocket,1.0
Bare anaphoric (It's in Y),21,coin,pocket,jar,ignorance,It's in the coat pocket.,I'll check the coat pocket. LEAVE.,pocket,1.0
Bare anaphoric (It's in Y),22,comb,drawer,shelf,shared_truth,It's on the drawer.,"Thanks, I'll check the drawer. LEAVE",drawer,1.0
Bare anaphoric (It's in Y),22,comb,drawer,shelf,ignorance,It's on the drawer.,I'll check the drawer then. LEAVE.,drawer,1.0
Bare anaphoric (It's in Y),23,cord,basket,desk,shared_truth,It's on the basket.,I will check the basket. LEAVE,basket,1.0
Bare anaphoric (It's in Y),23,cord,basket,desk,ignorance,It's on the basket.,"Thanks, I'll look in the basket. LEAVE.",basket,1.0
Bare anaphoric (It's in Y),24,cup,shelf,table,shared_truth,It's on the shelf.,I'll look on the shelf then. LEAVE,shelf,1.0
Bare anaphoric (It's in Y),24,cup,shelf,table,ignorance,It's on the shelf.,"Thanks, I'll look on the shelf. LEAVE",shelf,1.0
Bare anaphoric (It's in Y),25,dice,table,cup,shared_truth,It's on the table.,I'll check the table then. LEAVE,table,1.0
Bare anaphoric (It's in Y),25,dice,table,cup,ignorance,It's on the table.,"Thanks, I'll check the table. LEAVE.",table,1.0
Bare anaphoric (It's in Y),26,drill,bench,tool case,shared_truth,It's on the workbench.,I'll check the workbench then. LEAVE,bench,1.0
Bare anaphoric (It's in Y),26,drill,bench,tool case,ignorance,It's on the workbench.,I'll check the workbench then. LEAVE.,bench,1.0
Bare anaphoric (It's in Y),27,fan,shelf,floor,shared_truth,It's on the shelf.,"Great, I'll check the shelf. LEAVE",shelf,1.0
Bare anaphoric (It's in Y),27,fan,shelf,floor,ignorance,It's on the shelf.,I will check the shelf. LEAVE,shelf,1.0
Bare anaphoric (It's in Y),28,film,shelf,drawer,shared_truth,It's on the shelf.,"Great, I'll check the shelf. LEAVE",shelf,1.0
Bare anaphoric (It's in Y),28,film,shelf,drawer,ignorance,It's on the shelf.,"Got it, I'll check the shelf. LEAVE",shelf,1.0
Bare anaphoric (It's in Y),29,flag,pole,storage box,shared_truth,It's on the pole.,"Great, I'll check the pole. LEAVE",pole,1.0
Bare anaphoric (It's in Y),29,flag,pole,storage box,ignorance,It's on the pole.,I'll check the pole then. LEAVE,pole,1.0
Bare anaphoric (It's in Y),30,flashlight,drawer,shelf,shared_truth,It's on the drawer.,"Perfect, I'll check the drawer. LEAVE",drawer,1.0
Bare anaphoric (It's in Y),30,flashlight,drawer,shelf,ignorance,It's on the drawer.,"Got it, I'll check the drawer. LEAVE",drawer,1.0
Bare anaphoric (It's in Y),31,flask,locker,desk,shared_truth,It's on the locker.,I'll check the locker then. LEAVE.,locker,1.0
Bare anaphoric (It's in Y),31,flask,locker,desk,ignorance,It's on the locker.,"Thanks, I'll check the locker. LEAVE",locker,1.0
Bare anaphoric (It's in Y),32,fork,counter,drawer,shared_truth,It's on the counter.,"Thanks, I'll check the counter. LEAVE",counter,1.0
Bare anaphoric (It's in Y),32,fork,counter,drawer,ignorance,It's on the counter.,"Thanks, I'll look on the counter. LEAVE.",counter,1.0
Bare anaphoric (It's in Y),33,frame,wall,desk,shared_truth,It's right there on the wall.,"I'll check the wall, thanks. LEAVE",wall,1.0
Bare anaphoric (It's in Y),33,frame,wall,desk,ignorance,It's right there on the wall.,"Thanks, I'll check the wall. LEAVE.",wall,1.0
Bare anaphoric (It's in Y),34,glasses,shelf,counter,shared_truth,It's right there on the shelf.,"Thanks, I'll check the shelf. LEAVE",shelf,1.0
Bare anaphoric (It's in Y),34,glasses,shelf,counter,ignorance,It's right there on the shelf.,I'll check the shelf. LEAVE,shelf,1.0
Bare anaphoric (It's in Y),35,globe,shelf,desk,shared_truth,It's on the shelf.,I'll check the shelf. LEAVE.,shelf,1.0
Bare anaphoric (It's in Y),35,globe,shelf,desk,ignorance,It's on the shelf.,I'll check the shelf then. LEAVE,shelf,1.0
Bare anaphoric (It's in Y),36,glove,bench,coat pocket,shared_truth,It's right over there on the bench.,"Thanks, I'll check the bench then. LEAVE",bench,1.0
Bare anaphoric (It's in Y),36,glove,bench,coat pocket,ignorance,It's right over there on the bench.,"Thanks, I'll look on the bench. LEAVE.",bench,1.0
Bare anaphoric (It's in Y),37,hammer,floor,shelf,shared_truth,It's on the floor.,I will check the floor. LEAVE,floor,1.0
Bare anaphoric (It's in Y),37,hammer,floor,shelf,ignorance,It's on the floor.,"Okay, I'll look on the floor. LEAVE",floor,1.0
Bare anaphoric (It's in Y),38,hat,hook,chair,shared_truth,It's on the hook.,"Thanks, I'll check the hook. LEAVE",hook,1.0
Bare anaphoric (It's in Y),38,hat,hook,chair,ignorance,It's on the hook.,"Thanks, I'll check the hook. LEAVE",hook,1.0
Bare anaphoric (It's in Y),39,jacket,hook,chair,shared_truth,It's hanging on the coat hook.,"Thanks, I'll check the coat hook. LEAVE",hook,1.0
Bare anaphoric (It's in Y),39,jacket,hook,chair,ignorance,It's hanging on the coat hook.,I'll check the coat hook. LEAVE,hook,1.0
Bare anaphoric (It's in Y),40,jar,counter,shelf,shared_truth,It's on the counter.,I'll check the counter then. LEAVE,counter,1.0
Bare anaphoric (It's in Y),40,jar,counter,shelf,ignorance,It's on the counter.,I'll check the counter. LEAVE,counter,1.0
Bare anaphoric (It's in Y),41,key,red box,blue box,shared_truth,It's in the red box.,"Thanks, I will check the red box. LEAVE.",red box,1.0
Bare anaphoric (It's in Y),41,key,red box,blue box,ignorance,It's in the red box.,I'll check the red box. LEAVE,red box,1.0
Bare anaphoric (It's in Y),42,knob,box,shelf,shared_truth,It's on the box.,"Thanks, I'll check the box. LEAVE",box,1.0
Bare anaphoric (It's in Y),42,knob,box,shelf,ignorance,It's on the box.,"Thanks, I'll check the box. LEAVE",box,1.0
Bare anaphoric (It's in Y),43,lantern,truck,tent,shared_truth,It's in the truck.,"Thanks, I'll go check the truck. LEAVE",truck,1.0
Bare anaphoric (It's in Y),43,lantern,truck,tent,ignorance,It's in the truck.,I'll check the truck then. LEAVE.,truck,1.0
Bare anaphoric (It's in Y),44,lanyard,locker,desk,shared_truth,It's over there on the locker.,"Thanks, I'll check the locker. LEAVE",locker,1.0
Bare anaphoric (It's in Y),44,lanyard,locker,desk,ignorance,It's over there on the locker.,"Thanks, I'll check the locker. LEAVE",locker,1.0
Bare anaphoric (It's in Y),45,leash,hook,table,shared_truth,It's on the hook.,I'll check the hook then. LEAVE,hook,1.0
Bare anaphoric (It's in Y),45,leash,hook,table,ignorance,It's on the hook.,I'll check the hook. LEAVE,hook,1.0
Bare anaphoric (It's in Y),46,lens,bag,lens case,shared_truth,It's in the bag.,Thanks. I'll check the bag. LEAVE,bag,1.0
Bare anaphoric (It's in Y),46,lens,bag,lens case,ignorance,It's in the bag.,I'll check the camera bag. LEAVE,bag,1.0
Bare anaphoric (It's in Y),47,letter,mat,mailbox,shared_truth,It's on the door mat.,I will check the door mat then. LEAVE.,mat,1.0
Bare anaphoric (It's in Y),47,letter,mat,mailbox,ignorance,It's on the door mat.,"Thanks, I'll check the door mat. LEAVE",mat,1.0
Bare anaphoric (It's in Y),48,lighter,pocket,drawer,shared_truth,It's in the jacket pocket.,I'll check the jacket pocket then. LEAVE,pocket,1.0
Bare anaphoric (It's in Y),48,lighter,pocket,drawer,ignorance,It's in the jacket pocket.,"Thanks, I'll check the jacket pocket. LEAVE.",pocket,1.0
Bare anaphoric (It's in Y),49,lock,gate,shed,shared_truth,It's on the gate.,"Thanks, I'll check the gate. LEAVE.",gate,1.0
Bare anaphoric (It's in Y),49,lock,gate,shed,ignorance,It's on the gate.,I'll check the gate then. LEAVE,gate,1.0
Bare anaphoric (It's in Y),50,map,wall,table,shared_truth,It's on the wall.,"Great, I will check the wall. LEAVE",wall,1.0
Bare anaphoric (It's in Y),50,map,wall,table,ignorance,It's on the wall.,I'll check the wall. LEAVE.,wall,1.0
Bare anaphoric (It's in Y),51,marker,tray,cup,shared_truth,It's in the tray.,I'll check the tray then. LEAVE,tray,1.0
Bare anaphoric (It's in Y),51,marker,tray,cup,ignorance,It's in the tray.,"Okay, I'll look in the tray. LEAVE",tray,1.0
Bare anaphoric (It's in Y),52,mask,drawer,hook,shared_truth,It's on the drawer.,"Thanks, I'll check the drawer then. LEAVE",drawer,1.0
Bare anaphoric (It's in Y),52,mask,drawer,hook,ignorance,It's on the drawer.,"Thanks, I'll check the drawer. LEAVE",drawer,1.0
Bare anaphoric (It's in Y),53,mat,shelf,floor,shared_truth,It's on the shelf.,I'll check the shelf then. LEAVE.,shelf,1.0
Bare anaphoric (It's in Y),53,mat,shelf,floor,ignorance,It's on the shelf.,"Thanks, I'll look on the shelf. LEAVE",shelf,1.0
Bare anaphoric (It's in Y),54,medal,box,shelf,shared_truth,It's on the display box.,"Perfect, I'll check the display box. LEAVE",box,1.0
Bare anaphoric (It's in Y),54,medal,box,shelf,ignorance,It's on the display box.,I will check the display box. LEAVE,box,1.0
Bare anaphoric (It's in Y),55,mirror,shelf,wall,shared_truth,It's on the shelf.,I'll look on the shelf then. LEAVE,shelf,1.0
Bare anaphoric (It's in Y),55,mirror,shelf,wall,ignorance,It's on the shelf.,I will look on the shelf. LEAVE.,shelf,1.0
Bare anaphoric (It's in Y),56,mug,rack,shelf,shared_truth,It's on the drying rack.,"Thanks, I'll check the drying rack then. LEAVE.",rack,1.0
Bare anaphoric (It's in Y),56,mug,rack,shelf,ignorance,It's on the drying rack.,I'll check the drying rack. LEAVE,rack,1.0
Bare anaphoric (It's in Y),57,needle,drawer,box,shared_truth,It's in the drawer.,I'll check the drawer then. LEAVE.,drawer,1.0
Bare anaphoric (It's in Y),57,needle,drawer,box,ignorance,It's in the drawer.,I'll look in the drawer. LEAVE.,drawer,1.0
Bare anaphoric (It's in Y),58,net,shed,yard,shared_truth,It's in the storage shed.,I'll check the storage shed then. LEAVE,shed,1.0
Bare anaphoric (It's in Y),58,net,shed,yard,ignorance,It's in the storage shed.,"Thanks, I'll check the storage shed. LEAVE",shed,1.0
Bare anaphoric (It's in Y),59,notebook,desk,backpack,shared_truth,It's in the desk.,"Thanks, I'll check the desk. LEAVE",desk,1.0
Bare anaphoric (It's in Y),59,notebook,desk,backpack,ignorance,It's in the desk.,I'll check the desk. LEAVE,desk,1.0
Bare anaphoric (It's in Y),60,package,back porch,,shared_truth,It's on the back porch.,"Great, I'll go check the back porch. LEAVE",,
Bare anaphoric (It's in Y),60,package,back porch,,ignorance,It's on the back porch.,"Thanks, I'll check the back porch. LEAVE",,
Bare anaphoric (It's in Y),61,pail,shed,porch,shared_truth,It's on the shed.,I'll go look on the shed then. LEAVE,shed,1.0
Bare anaphoric (It's in Y),61,pail,shed,porch,ignorance,It's on the shed.,"Got it, I'll check the shed. LEAVE",shed,1.0
Bare anaphoric (It's in Y),62,paint,shelf,workbench,shared_truth,It's on the shelf.,"Thanks, I'll check the shelf then. LEAVE",shelf,1.0
Bare anaphoric (It's in Y),62,paint,shelf,workbench,ignorance,It's on the shelf.,I'll look on the shelf. LEAVE,shelf,1.0
Bare anaphoric (It's in Y),63,pan,shelf,stove,shared_truth,It's on the shelf.,I'll check the shelf then. LEAVE,shelf,1.0
Bare anaphoric (It's in Y),63,pan,shelf,stove,ignorance,It's on the shelf.,"Okay, I'll check the shelf. LEAVE.",shelf,1.0
Bare anaphoric (It's in Y),64,patch,drawer,table,shared_truth,It's on the drawer.,"Thanks, I'll check the drawer then. LEAVE.",drawer,1.0
Bare anaphoric (It's in Y),64,patch,drawer,table,ignorance,It's on the drawer.,I'll check the drawer then. LEAVE,drawer,1.0
Bare anaphoric (It's in Y),65,pen,tray,cup,shared_truth,It's in the tray.,I'll check the tray then. LEAVE.,tray,1.0
Bare anaphoric (It's in Y),65,pen,tray,cup,ignorance,It's in the tray.,I'll check the tray. LEAVE.,tray,1.0
Bare anaphoric (It's in Y),66,phone,table,couch,shared_truth,It's on the table.,"Thanks, I'll check the table. LEAVE",table,1.0
Bare anaphoric (It's in Y),66,phone,table,couch,ignorance,It's on the table.,I'll check the table then. LEAVE,table,1.0
Bare anaphoric (It's in Y),67,photo,drawer,shelf,shared_truth,It's in the drawer.,I'll check the drawer then. LEAVE.,drawer,1.0
Bare anaphoric (It's in Y),67,photo,drawer,shelf,ignorance,It's in the drawer.,"Thanks, I'll check the drawer. LEAVE",drawer,1.0
Bare anaphoric (It's in Y),68,pillow,bed,couch,shared_truth,It's on the bed.,I'll check the bed. LEAVE,bed,1.0
Bare anaphoric (It's in Y),68,pillow,bed,couch,ignorance,It's on the bed.,"Thanks, I will check the bed. LEAVE",bed,1.0
Bare anaphoric (It's in Y),69,plate,sink,table,shared_truth,It's on the sink.,"Thanks, I will check the sink. LEAVE",sink,1.0
Bare anaphoric (It's in Y),69,plate,sink,table,ignorance,It's on the sink.,"Thanks, I'll check the sink. LEAVE",sink,1.0
Bare anaphoric (It's in Y),70,plug,floor,desk,shared_truth,It's on the floor.,"Thanks, I'll check the floor then. LEAVE.",floor,1.0
Bare anaphoric (It's in Y),70,plug,floor,desk,ignorance,It's on the floor.,"Thanks, I'll check the floor. LEAVE",floor,1.0
Bare anaphoric (It's in Y),71,rake,shed,fence,shared_truth,It's over by the shed.,"Thanks, I will check the shed. LEAVE.",shed,1.0
Bare anaphoric (It's in Y),71,rake,shed,fence,ignorance,It's over by the shed.,"Thanks, I'll go check the shed. LEAVE",shed,1.0
Bare anaphoric (It's in Y),72,receipt,pocket,folder,shared_truth,It's in the coat pocket.,Thanks. I'll check the coat pocket. LEAVE.,pocket,1.0
Bare anaphoric (It's in Y),72,receipt,pocket,folder,ignorance,It's in the coat pocket.,"Thanks, I'll check the coat pocket. LEAVE.",pocket,1.0
Bare anaphoric (It's in Y),73,remote,table,sofa cushion,shared_truth,It's on the coffee table.,I'll check the coffee table then. LEAVE,table,1.0
Bare anaphoric (It's in Y),73,remote,table,sofa cushion,ignorance,It's on the coffee table.,"Thanks, I'll check the coffee table. LEAVE",table,1.0
Bare anaphoric (It's in Y),74,ring,box,pouch,shared_truth,It's in the small box.,I'll check the small box then. LEAVE,box,1.0
Bare anaphoric (It's in Y),74,ring,box,pouch,ignorance,It's in the small box.,I'll check the small box. LEAVE.,box,1.0
Bare anaphoric (It's in Y),75,rope,shed,car trunk,shared_truth,It's in the shed.,"Thanks, I'll check the shed. LEAVE",shed,1.0
Bare anaphoric (It's in Y),75,rope,shed,car trunk,ignorance,It's in the shed.,I'll check the shed then. LEAVE.,shed,1.0
Bare anaphoric (It's in Y),76,scale,shelf,counter,shared_truth,It's on the shelf.,"Great, I'll check the shelf. LEAVE.",shelf,1.0
Bare anaphoric (It's in Y),76,scale,shelf,counter,ignorance,It's on the shelf.,I'll check the shelf. LEAVE,shelf,1.0
Bare anaphoric (It's in Y),77,scarf,closet,bench,shared_truth,It's in the closet.,I'll check the closet then. LEAVE.,closet,1.0
Bare anaphoric (It's in Y),77,scarf,closet,bench,ignorance,It's in the closet.,"Thanks, I'll look in the closet. LEAVE",closet,1.0
Bare anaphoric (It's in Y),78,scissors,desk,cabinet,shared_truth,It's on the desk.,"Thanks, I will check the desk. LEAVE",desk,1.0
Bare anaphoric (It's in Y),78,scissors,desk,cabinet,ignorance,It's on the desk.,I'll check the desk then. LEAVE,desk,1.0
Bare anaphoric (It's in Y),79,seed,bag,pot,shared_truth,It's in the bag.,"Perfect, I'll check the bag then. LEAVE",bag,1.0
Bare anaphoric (It's in Y),79,seed,bag,pot,ignorance,It's in the bag.,I'll check the seed bag then. LEAVE.,bag,1.0
Bare anaphoric (It's in Y),80,shovel,yard,tool shed,shared_truth,It's in the yard.,I'll go check the yard then. LEAVE.,yard,1.0
Bare anaphoric (It's in Y),80,shovel,yard,tool shed,ignorance,It's in the yard.,I'll check the yard then. LEAVE.,yard,1.0
Bare anaphoric (It's in Y),81,soap,ledge,shelf,shared_truth,It's on the window ledge.,"Thanks, I'll check the window ledge. LEAVE.",ledge,1.0
Bare anaphoric (It's in Y),81,soap,ledge,shelf,ignorance,It's on the window ledge.,I'll check the window ledge then. LEAVE.,ledge,1.0
Bare anaphoric (It's in Y),82,sponge,counter,sink,shared_truth,It's on the counter.,"Thanks, I will check the counter. LEAVE.",counter,1.0
Bare anaphoric (It's in Y),82,sponge,counter,sink,ignorance,It's on the counter.,I'll check the counter then. LEAVE.,counter,1.0
Bare anaphoric (It's in Y),83,spoon,bowl,cup,shared_truth,It's in the bowl.,I'll check the bowl. LEAVE.,bowl,1.0
Bare anaphoric (It's in Y),83,spoon,bowl,cup,ignorance,It's in the bowl.,I will check the bowl. LEAVE,bowl,1.0
Bare anaphoric (It's in Y),84,stamp,drawer,tray,shared_truth,It's in the drawer.,"Thanks, I'll look in the drawer. LEAVE",drawer,1.0
Bare anaphoric (It's in Y),84,stamp,drawer,tray,ignorance,It's in the drawer.,I'll check the drawer then. LEAVE,drawer,1.0
Bare anaphoric (It's in Y),85,stapler,desk,drawer,shared_truth,It's on the desk.,I'll check the desk then. LEAVE,desk,1.0
Bare anaphoric (It's in Y),85,stapler,desk,drawer,ignorance,It's on the desk.,"Thanks, I'll check the desk. LEAVE.",desk,1.0
Bare anaphoric (It's in Y),86,stone,pot,window ledge,shared_truth,It's on the pot.,I'll check the pot. LEAVE.,pot,1.0
Bare anaphoric (It's in Y),86,stone,pot,window ledge,ignorance,It's on the pot.,I'll check the pot. LEAVE.,pot,1.0
Bare anaphoric (It's in Y),87,strap,drawer,hook,shared_truth,It's on the drawer.,"Great, I'll check the drawer. LEAVE",drawer,1.0
Bare anaphoric (It's in Y),87,strap,drawer,hook,ignorance,It's on the drawer.,I'll check the drawer then. LEAVE.,drawer,1.0
Bare anaphoric (It's in Y),88,tape,shelf,drawer,shared_truth,It's on the shelf.,"Thanks, I'll check the shelf. LEAVE",shelf,1.0
Bare anaphoric (It's in Y),88,tape,shelf,drawer,ignorance,It's on the shelf.,I'll check the shelf then. LEAVE,shelf,1.0
Bare anaphoric (It's in Y),89,ticket,pocket,bag,shared_truth,It's in the coat pocket.,I'll check the coat pocket. LEAVE,pocket,1.0
Bare anaphoric (It's in Y),89,ticket,pocket,bag,ignorance,It's in the coat pocket.,I will check the coat pocket. LEAVE,pocket,1.0
Bare anaphoric (It's in Y),90,towel,rack,laundry basket,shared_truth,It's on the rack.,I'll check the rack. LEAVE,rack,1.0
Bare anaphoric (It's in Y),90,towel,rack,laundry basket,ignorance,It's on the rack.,I'll check the towel rack. LEAVE.,rack,1.0
Bare anaphoric (It's in Y),91,toy,bin,rug,shared_truth,It's on the bin.,"Thanks, I'll check the bin. LEAVE",bin,1.0
Bare anaphoric (It's in Y),91,toy,bin,rug,ignorance,It's on the bin.,I will check the bin. LEAVE,bin,1.0
Bare anaphoric (It's in Y),92,tray,oven,counter,shared_truth,It's right there on the oven.,"Thanks, I'll check the oven. LEAVE.",oven,1.0
Bare anaphoric (It's in Y),92,tray,oven,counter,ignorance,It's right there on the oven.,"Got it, I'll look on the oven. LEAVE",oven,1.0
Bare anaphoric (It's in Y),93,umbrella,hook,umbrella stand,shared_truth,It's on the wall hook.,"Thanks, I'll check the wall hook. LEAVE",hook,1.0
Bare anaphoric (It's in Y),93,umbrella,hook,umbrella stand,ignorance,It's on the wall hook.,"Thanks, I'll check the wall hook. LEAVE.",hook,1.0
Bare anaphoric (It's in Y),94,vase,mantle,table,shared_truth,It's on the mantle.,"Thanks, I'll check the mantle. LEAVE",mantle,1.0
Bare anaphoric (It's in Y),94,vase,mantle,table,ignorance,It's on the mantle.,I'll look on the mantle. LEAVE,mantle,1.0
Bare anaphoric (It's in Y),95,wallet,drawer,desk,shared_truth,It's in the drawer.,I'll check the drawer then. LEAVE.,drawer,1.0
Bare anaphoric (It's in Y),95,wallet,drawer,desk,ignorance,It's in the drawer.,I will look in the drawer. LEAVE.,drawer,1.0
Bare anaphoric (It's in Y),96,watch,nightstand,dresser,shared_truth,It's on the nightstand.,I'll check the nightstand then. LEAVE.,nightstand,1.0
Bare anaphoric (It's in Y),96,watch,nightstand,dresser,ignorance,It's on the nightstand.,"Thanks, I'll check the nightstand. LEAVE",nightstand,1.0
Bare anaphoric (It's in Y),97,whisk,drawer,hook,shared_truth,It's on the drawer.,I'll check the drawer. LEAVE.,drawer,1.0
Bare anaphoric (It's in Y),97,whisk,drawer,hook,ignorance,It's on the drawer.,"Thanks, I'll check the drawer. LEAVE.",drawer,1.0
Bare anaphoric (It's in Y),98,wire,bench,drawer,shared_truth,It's on the bench.,I'll check the bench then. LEAVE,bench,1.0
Bare anaphoric (It's in Y),98,wire,bench,drawer,ignorance,It's on the bench.,I'll check the bench. LEAVE.,bench,1.0
Bare anaphoric (It's in Y),99,wrench,toolbox,workbench,shared_truth,It's on the toolbox.,I'll check the toolbox. LEAVE.,toolbox,1.0
Bare anaphoric (It's in Y),99,wrench,toolbox,workbench,ignorance,It's on the toolbox.,I'll check the toolbox. LEAVE,toolbox,1.0
Imperative (Check...),0,apron,drawer,hook,shared_truth,Check the drawer.,I will check the drawer. LEAVE,drawer,1.0
Imperative (Check...),0,apron,drawer,hook,ignorance,Check the drawer.,I will check the drawer. LEAVE,drawer,1.0
Imperative (Check...),1,badge,desk,hook by the door,shared_truth,Check the desk.,I'll check the desk. LEAVE,desk,1.0
Imperative (Check...),1,badge,desk,hook by the door,ignorance,Check the desk.,I'll check the desk. LEAVE,desk,1.0
Imperative (Check...),2,ball,garage,yard,shared_truth,Check the garage.,I'll check the garage then. LEAVE,garage,1.0
Imperative (Check...),2,ball,garage,yard,ignorance,Check the garage.,I will check the garage. LEAVE,garage,1.0
Imperative (Check...),3,belt,chair,closet,shared_truth,Check the chair.,I'll check the chair. LEAVE.,chair,1.0
Imperative (Check...),3,belt,chair,closet,ignorance,Check the chair.,I'll check the chair. LEAVE,chair,1.0
Imperative (Check...),4,binder,desk,shelf,shared_truth,Check the desk.,I will check the desk then. LEAVE.,desk,1.0
Imperative (Check...),4,binder,desk,shelf,ignorance,Check the desk.,"Okay, I'll check the desk. LEAVE.",desk,1.0
Imperative (Check...),5,blanket,bed,chair,shared_truth,Check the bed.,I'll check the bed. LEAVE,bed,1.0
Imperative (Check...),5,blanket,bed,chair,ignorance,Check the bed.,"Thanks, I'll check the bed. LEAVE.",bed,1.0
Imperative (Check...),6,book,shelf,bag,shared_truth,Check the shelf.,I'll check the shelf. LEAVE,shelf,1.0
Imperative (Check...),6,book,shelf,bag,ignorance,Check the shelf.,I will check the shelf. LEAVE,shelf,1.0
Imperative (Check...),7,bottle,counter,fridge,shared_truth,Check the counter.,I'll check the counter. LEAVE.,counter,1.0
Imperative (Check...),7,bottle,counter,fridge,ignorance,Check the counter.,I'll check the counter. LEAVE.,counter,1.0
Imperative (Check...),8,bowl,table,counter,shared_truth,Check the table.,"Thanks, I'll check the table. LEAVE",table,1.0
Imperative (Check...),8,bowl,table,counter,ignorance,Check the table.,"Thanks, I'll check the table. LEAVE.",table,1.0
Imperative (Check...),9,broom,closet,corner,shared_truth,Check the closet.,I'll check the closet. LEAVE.,closet,1.0
Imperative (Check...),9,broom,closet,corner,ignorance,Check the closet.,I'll check the closet. LEAVE.,closet,1.0
Imperative (Check...),10,brush,drawer,counter,shared_truth,Check the drawer.,I'll look in the drawer. LEAVE,drawer,1.0
Imperative (Check...),10,brush,drawer,counter,ignorance,Check the drawer.,"Thanks, I'll check the drawer. LEAVE",drawer,1.0
Imperative (Check...),11,bulb,box,shelf,shared_truth,Check the box.,I'll check the box. LEAVE,box,1.0
Imperative (Check...),11,bulb,box,shelf,ignorance,Check the box.,I'll check the box then. LEAVE.,box,1.0
Imperative (Check...),12,cable,desk,floor underneath,shared_truth,Check the desk.,I'll check the desk. LEAVE.,desk,1.0
Imperative (Check...),12,cable,desk,floor underneath,ignorance,Check the desk.,I'll check the desk. LEAVE,desk,1.0
Imperative (Check...),13,camera,shelf,bag,shared_truth,Check the shelf.,I'll check the shelf. LEAVE.,shelf,1.0
Imperative (Check...),13,camera,shelf,bag,ignorance,Check the shelf.,I will check the shelf. LEAVE,shelf,1.0
Imperative (Check...),14,candle,mantle,side table,shared_truth,Check the mantle.,I'll check the mantle. LEAVE,mantle,1.0
Imperative (Check...),14,candle,mantle,side table,ignorance,Check the mantle.,I will check the mantle then. LEAVE.,mantle,1.0
Imperative (Check...),15,chain,hook,box,shared_truth,Check the hook.,I will check the hook. LEAVE.,hook,1.0
Imperative (Check...),15,chain,hook,box,ignorance,Check the hook.,I will check the hook. LEAVE,hook,1.0
Imperative (Check...),16,chalk,box,chalk tray,shared_truth,Check the box.,I will check the box. LEAVE,box,1.0
Imperative (Check...),16,chalk,box,chalk tray,ignorance,Check the box.,I will check the box. LEAVE,box,1.0
Imperative (Check...),17,charger,desk,bed,shared_truth,Check the desk.,I'll check the desk then. LEAVE,desk,1.0
Imperative (Check...),17,charger,desk,bed,ignorance,Check the desk.,"Got it, I'll check the desk. LEAVE",desk,1.0
Imperative (Check...),18,clip,desk,paper tray,shared_truth,Check the desk.,"Thanks, I will check the desk. LEAVE",desk,1.0
Imperative (Check...),18,clip,desk,paper tray,ignorance,Check the desk.,"Okay, I'll check the desk. LEAVE.",desk,1.0
Imperative (Check...),19,clipboard,desk,shelf,shared_truth,Check the desk.,I'll check the desk. LEAVE,desk,1.0
Imperative (Check...),19,clipboard,desk,shelf,ignorance,Check the desk.,I will check the desk then. LEAVE.,desk,1.0
Imperative (Check...),20,cloth,basket,drying rack,shared_truth,Check the basket.,I will check the basket. LEAVE.,basket,1.0
Imperative (Check...),20,cloth,basket,drying rack,ignorance,Check the basket.,"Okay, I'll check the basket. LEAVE.",basket,1.0
Imperative (Check...),21,coin,pocket,jar,shared_truth,Check the pocket.,I'll check the pocket. LEAVE.,pocket,1.0
Imperative (Check...),21,coin,pocket,jar,ignorance,Check the pocket.,I'll check the pocket. LEAVE,pocket,1.0
Imperative (Check...),22,comb,drawer,shelf,shared_truth,Check the drawer.,I'll check the drawer. LEAVE.,drawer,1.0
Imperative (Check...),22,comb,drawer,shelf,ignorance,Check the drawer.,"Okay, I'll check the drawer. LEAVE",drawer,1.0
Imperative (Check...),23,cord,basket,desk,shared_truth,Check the basket.,I will check the basket. LEAVE.,basket,1.0
Imperative (Check...),23,cord,basket,desk,ignorance,Check the basket.,I will check the basket. LEAVE,basket,1.0
Imperative (Check...),24,cup,shelf,table,shared_truth,Check the shelf.,I'll check the shelf. LEAVE,shelf,1.0
Imperative (Check...),24,cup,shelf,table,ignorance,Check the shelf.,I'll check the shelf. LEAVE.,shelf,1.0
Imperative (Check...),25,dice,table,cup,shared_truth,Check the table.,I'll look on the table. LEAVE,table,1.0
Imperative (Check...),25,dice,table,cup,ignorance,Check the table.,I'll check the table. LEAVE,table,1.0
Imperative (Check...),26,drill,bench,tool case,shared_truth,Check the bench.,"Thanks, I'll check the bench. LEAVE",bench,1.0
Imperative (Check...),26,drill,bench,tool case,ignorance,Check the bench.,I'll check the workbench. LEAVE,bench,1.0
Imperative (Check...),27,fan,shelf,floor,shared_truth,Check the shelf.,I'll check the shelf. LEAVE,shelf,1.0
Imperative (Check...),27,fan,shelf,floor,ignorance,Check the shelf.,I will check the shelf. LEAVE,shelf,1.0
Imperative (Check...),28,film,shelf,drawer,shared_truth,Check the shelf.,I'll check the shelf then. LEAVE,shelf,1.0
Imperative (Check...),28,film,shelf,drawer,ignorance,Check the shelf.,I'll check the shelf. LEAVE,shelf,1.0
Imperative (Check...),29,flag,pole,storage box,shared_truth,Check the pole.,I'll check the pole. LEAVE.,pole,1.0
Imperative (Check...),29,flag,pole,storage box,ignorance,Check the pole.,I'll check the pole. LEAVE,pole,1.0
Imperative (Check...),30,flashlight,drawer,shelf,shared_truth,Check the drawer.,I will check the drawer. LEAVE.,drawer,1.0
Imperative (Check...),30,flashlight,drawer,shelf,ignorance,Check the drawer.,I will check the drawer then. LEAVE,drawer,1.0
Imperative (Check...),31,flask,locker,desk,shared_truth,Check the locker.,I'll check the locker. LEAVE,locker,1.0
Imperative (Check...),31,flask,locker,desk,ignorance,Check the locker.,"Thanks, I'll check the locker. LEAVE",locker,1.0
Imperative (Check...),32,fork,counter,drawer,shared_truth,Check the counter.,I will check the counter then. LEAVE.,counter,1.0
Imperative (Check...),32,fork,counter,drawer,ignorance,Check the counter.,I'll check the counter then. LEAVE,counter,1.0
Imperative (Check...),33,frame,wall,desk,shared_truth,Check the wall.,I'll check the wall. LEAVE.,wall,1.0
Imperative (Check...),33,frame,wall,desk,ignorance,Check the wall.,I will check the wall. LEAVE,wall,1.0
Imperative (Check...),34,glasses,shelf,counter,shared_truth,Check the shelf.,I'll check the shelf then. LEAVE.,shelf,1.0
Imperative (Check...),34,glasses,shelf,counter,ignorance,Check the shelf.,"Thanks, I will check the shelf. LEAVE",shelf,1.0
Imperative (Check...),35,globe,shelf,desk,shared_truth,Check the shelf.,I'll check the shelf. LEAVE,shelf,1.0
Imperative (Check...),35,globe,shelf,desk,ignorance,Check the shelf.,"Got it, I'll check the shelf. LEAVE",shelf,1.0
Imperative (Check...),36,glove,bench,coat pocket,shared_truth,Check the bench.,"Thanks, I'll check the bench. LEAVE",bench,1.0
Imperative (Check...),36,glove,bench,coat pocket,ignorance,Check the bench.,I'll check the bench. LEAVE,bench,1.0
Imperative (Check...),37,hammer,floor,shelf,shared_truth,Check the floor.,I'll check the floor. LEAVE,floor,1.0
Imperative (Check...),37,hammer,floor,shelf,ignorance,Check the floor.,I'll check the floor then. LEAVE,floor,1.0
Imperative (Check...),38,hat,hook,chair,shared_truth,Check the hook.,I'll check the hook. LEAVE,hook,1.0
Imperative (Check...),38,hat,hook,chair,ignorance,Check the hook.,I'll check the hook. LEAVE,hook,1.0
Imperative (Check...),39,jacket,hook,chair,shared_truth,Check the hook.,I'll check the hook. LEAVE,hook,1.0
Imperative (Check...),39,jacket,hook,chair,ignorance,Check the hook.,"Thanks, I'll check the hook. LEAVE.",hook,1.0
Imperative (Check...),40,jar,counter,shelf,shared_truth,Check the counter.,I'll check the counter. LEAVE,counter,1.0
Imperative (Check...),40,jar,counter,shelf,ignorance,Check the counter.,"Thanks, I'll check the counter. LEAVE",counter,1.0
Imperative (Check...),41,key,red box,blue box,shared_truth,Check the red box.,I will check the red box. LEAVE.,red box,1.0
Imperative (Check...),41,key,red box,blue box,ignorance,Check the red box.,I'll check the red box. LEAVE,red box,1.0
Imperative (Check...),42,knob,box,shelf,shared_truth,Check the box.,"Thanks, I will check the box. LEAVE",box,1.0
Imperative (Check...),42,knob,box,shelf,ignorance,Check the box.,I will check the box. LEAVE.,box,1.0
Imperative (Check...),43,lantern,truck,tent,shared_truth,Check the truck.,"Thanks, I'll check the truck. LEAVE.",truck,1.0
Imperative (Check...),43,lantern,truck,tent,ignorance,Check the truck.,"Got it, I'll check the truck. LEAVE",truck,1.0
Imperative (Check...),44,lanyard,locker,desk,shared_truth,Check the locker.,I'll check the locker then. LEAVE.,locker,1.0
Imperative (Check...),44,lanyard,locker,desk,ignorance,Check the locker.,"Thanks, I'll check the locker. LEAVE.",locker,1.0
Imperative (Check...),45,leash,hook,table,shared_truth,Check the hook.,"Thanks, I'll check the hook. LEAVE",hook,1.0
Imperative (Check...),45,leash,hook,table,ignorance,Check the hook.,"Thanks, I'll check the hook. LEAVE",hook,1.0
Imperative (Check...),46,lens,bag,lens case,shared_truth,Check the bag.,I'll check the bag then. LEAVE,bag,1.0
Imperative (Check...),46,lens,bag,lens case,ignorance,Check the bag.,I will check the camera bag. LEAVE,bag,1.0
Imperative (Check...),47,letter,mat,mailbox,shared_truth,Check the mat.,I'll check the mat. LEAVE,mat,1.0
Imperative (Check...),47,letter,mat,mailbox,ignorance,Check the mat.,"Thanks, I'll check the mat. LEAVE.",mat,1.0
Imperative (Check...),48,lighter,pocket,drawer,shared_truth,Check the pocket.,I'll check the pocket. LEAVE,pocket,1.0
Imperative (Check...),48,lighter,pocket,drawer,ignorance,Check the pocket.,I'll check the jacket pocket then. LEAVE.,pocket,1.0
Imperative (Check...),49,lock,gate,shed,shared_truth,Check the gate.,I will check the gate. LEAVE,gate,1.0
Imperative (Check...),49,lock,gate,shed,ignorance,Check the gate.,I will check the gate. LEAVE,gate,1.0
Imperative (Check...),50,map,wall,table,shared_truth,Check the wall.,"I agree, I will check the wall. LEAVE.",wall,1.0
Imperative (Check...),50,map,wall,table,ignorance,Check the wall.,I'll check the wall. LEAVE,wall,1.0
Imperative (Check...),51,marker,tray,cup,shared_truth,Check the tray.,I'll check the tray. LEAVE,tray,1.0
Imperative (Check...),51,marker,tray,cup,ignorance,Check the tray.,I'll check the tray. LEAVE.,tray,1.0
Imperative (Check...),52,mask,drawer,hook,shared_truth,Check the drawer.,"Thanks, I'll check the drawer. LEAVE",drawer,1.0
Imperative (Check...),52,mask,drawer,hook,ignorance,Check the drawer.,I'll check the drawer then. LEAVE,drawer,1.0
Imperative (Check...),53,mat,shelf,floor,shared_truth,Check the shelf.,I'll check the shelf. LEAVE.,shelf,1.0
Imperative (Check...),53,mat,shelf,floor,ignorance,Check the shelf.,I will check the shelf. LEAVE,shelf,1.0
Imperative (Check...),54,medal,box,shelf,shared_truth,Check the box.,I'll check the display box then. LEAVE.,box,1.0
Imperative (Check...),54,medal,box,shelf,ignorance,Check the box.,I will check the display box. LEAVE.,box,1.0
Imperative (Check...),55,mirror,shelf,wall,shared_truth,Check the shelf.,I will check the shelf. LEAVE.,shelf,1.0
Imperative (Check...),55,mirror,shelf,wall,ignorance,Check the shelf.,"Okay, I will check the shelf. LEAVE",shelf,1.0
Imperative (Check...),56,mug,rack,shelf,shared_truth,Check the rack.,I'll check the rack. LEAVE,rack,1.0
Imperative (Check...),56,mug,rack,shelf,ignorance,Check the rack.,I will check the rack. LEAVE,rack,1.0
Imperative (Check...),57,needle,drawer,box,shared_truth,Check the drawer.,I will check the drawer then. LEAVE.,drawer,1.0
Imperative (Check...),57,needle,drawer,box,ignorance,Check the drawer.,I'll check the drawer. LEAVE,drawer,1.0
Imperative (Check...),58,net,shed,yard,shared_truth,Check the shed.,I'll check the shed then. LEAVE.,shed,1.0
Imperative (Check...),58,net,shed,yard,ignorance,Check the shed.,"Okay, I'll look in the storage shed. LEAVE",shed,1.0
Imperative (Check...),59,notebook,desk,backpack,shared_truth,Check the desk.,"Thanks, I'll check the desk. LEAVE",desk,1.0
Imperative (Check...),59,notebook,desk,backpack,ignorance,Check the desk.,"Thanks, I will check the desk. LEAVE",desk,1.0
Imperative (Check...),60,package,back porch,,shared_truth,Check the back porch.,"Thanks, I will check the back porch. LEAVE",,
Imperative (Check...),60,package,back porch,,ignorance,Check the back porch.,"Thanks, I'll check the back porch. LEAVE",,
Imperative (Check...),61,pail,shed,porch,shared_truth,Check the shed.,I'll check the shed. LEAVE,shed,1.0
Imperative (Check...),61,pail,shed,porch,ignorance,Check the shed.,"Thanks, I'll check the shed. LEAVE",shed,1.0
Imperative (Check...),62,paint,shelf,workbench,shared_truth,Check the shelf.,I will check the shelf. LEAVE,shelf,1.0
Imperative (Check...),62,paint,shelf,workbench,ignorance,Check the shelf.,"Thanks, I'll check the shelf. LEAVE",shelf,1.0
Imperative (Check...),63,pan,shelf,stove,shared_truth,Check the shelf.,I'll look on the shelf then. LEAVE,shelf,1.0
Imperative (Check...),63,pan,shelf,stove,ignorance,Check the shelf.,"Got it, I'll check the shelf. LEAVE",shelf,1.0
Imperative (Check...),64,patch,drawer,table,shared_truth,Check the drawer.,I will check the drawer then. LEAVE,drawer,1.0
Imperative (Check...),64,patch,drawer,table,ignorance,Check the drawer.,I will check the drawer then. LEAVE.,drawer,1.0
Imperative (Check...),65,pen,tray,cup,shared_truth,Check the tray.,I'll check the tray. LEAVE,tray,1.0
Imperative (Check...),65,pen,tray,cup,ignorance,Check the tray.,I'll check the tray. LEAVE,tray,1.0
Imperative (Check...),66,phone,table,couch,shared_truth,Check the table.,"Thanks, I will check the table. LEAVE.",table,1.0
Imperative (Check...),66,phone,table,couch,ignorance,Check the table.,"Okay, I will check the table. LEAVE.",table,1.0
Imperative (Check...),67,photo,drawer,shelf,shared_truth,Check the drawer.,I'll check the drawer. LEAVE,drawer,1.0
Imperative (Check...),67,photo,drawer,shelf,ignorance,Check the drawer.,I will check the drawer. LEAVE,drawer,1.0
Imperative (Check...),68,pillow,bed,couch,shared_truth,Check the bed.,I'll check the bed then. LEAVE,bed,1.0
Imperative (Check...),68,pillow,bed,couch,ignorance,Check the bed.,I'll check the bed then. LEAVE.,bed,1.0
Imperative (Check...),69,plate,sink,table,shared_truth,Check the sink.,I'll check the sink then. LEAVE,sink,1.0
Imperative (Check...),69,plate,sink,table,ignorance,Check the sink.,"Thanks, I will check the sink. LEAVE.",sink,1.0
Imperative (Check...),70,plug,floor,desk,shared_truth,Check the floor.,I will check the floor. LEAVE,floor,1.0
Imperative (Check...),70,plug,floor,desk,ignorance,Check the floor.,I'll check the floor. LEAVE,floor,1.0
Imperative (Check...),71,rake,shed,fence,shared_truth,Check the shed.,"Great, I'll check the shed. LEAVE",shed,1.0
Imperative (Check...),71,rake,shed,fence,ignorance,Check the shed.,"Thanks, I'll check the shed. LEAVE",shed,1.0
Imperative (Check...),72,receipt,pocket,folder,shared_truth,Check the pocket.,I will check the pocket. LEAVE,pocket,1.0
Imperative (Check...),72,receipt,pocket,folder,ignorance,Check the pocket.,I'll check the coat pocket. LEAVE,pocket,1.0
Imperative (Check...),73,remote,table,sofa cushion,shared_truth,Check the table.,I will check the table. LEAVE,table,1.0
Imperative (Check...),73,remote,table,sofa cushion,ignorance,Check the table.,I'll check the coffee table then. LEAVE.,table,1.0
Imperative (Check...),74,ring,box,pouch,shared_truth,Check the box.,I'll check the box. LEAVE.,box,1.0
Imperative (Check...),74,ring,box,pouch,ignorance,Check the box.,I'll check the box. LEAVE.,box,1.0
Imperative (Check...),75,rope,shed,car trunk,shared_truth,Check the shed.,"Great, I'll check the shed. LEAVE",shed,1.0
Imperative (Check...),75,rope,shed,car trunk,ignorance,Check the shed.,I'll check the shed then. LEAVE.,shed,1.0
Imperative (Check...),76,scale,shelf,counter,shared_truth,Check the shelf.,"Thanks, I'll check the shelf. LEAVE.",shelf,1.0
Imperative (Check...),76,scale,shelf,counter,ignorance,Check the shelf.,I'll check the shelf. LEAVE,shelf,1.0
Imperative (Check...),77,scarf,closet,bench,shared_truth,Check the closet.,"Thanks, I'll check the closet. LEAVE",closet,1.0
Imperative (Check...),77,scarf,closet,bench,ignorance,Check the closet.,I'll check the closet then. LEAVE,closet,1.0
Imperative (Check...),78,scissors,desk,cabinet,shared_truth,Check the desk.,I will check the desk then. LEAVE,desk,1.0
Imperative (Check...),78,scissors,desk,cabinet,ignorance,Check the desk.,"Got it, I will check the desk. LEAVE.",desk,1.0
Imperative (Check...),79,seed,bag,pot,shared_truth,Check the bag.,I'll check the bag. LEAVE,bag,1.0
Imperative (Check...),79,seed,bag,pot,ignorance,Check the bag.,I'll check the bag. LEAVE,bag,1.0
Imperative (Check...),80,shovel,yard,tool shed,shared_truth,Check the yard.,I'll check the yard. LEAVE,yard,1.0
Imperative (Check...),80,shovel,yard,tool shed,ignorance,Check the yard.,"Thanks, I'll go check the yard. LEAVE",yard,1.0
Imperative (Check...),81,soap,ledge,shelf,shared_truth,Check the ledge.,I'll check the ledge. LEAVE,ledge,1.0
Imperative (Check...),81,soap,ledge,shelf,ignorance,Check the ledge.,I'll check the window ledge then. LEAVE,ledge,1.0
Imperative (Check...),82,sponge,counter,sink,shared_truth,Check the counter.,I'll check the counter. LEAVE,counter,1.0
Imperative (Check...),82,sponge,counter,sink,ignorance,Check the counter.,I'll check the counter. LEAVE,counter,1.0
Imperative (Check...),83,spoon,bowl,cup,shared_truth,Check the bowl.,I will check the bowl. LEAVE.,bowl,1.0
Imperative (Check...),83,spoon,bowl,cup,ignorance,Check the bowl.,"Okay, I will check the bowl. LEAVE",bowl,1.0
Imperative (Check...),84,stamp,drawer,tray,shared_truth,Check the drawer.,I will check the drawer. LEAVE.,drawer,1.0
Imperative (Check...),84,stamp,drawer,tray,ignorance,Check the drawer.,"Thanks, I'll check the drawer. LEAVE.",drawer,1.0
Imperative (Check...),85,stapler,desk,drawer,shared_truth,Check the desk.,I'll check the desk then. LEAVE,desk,1.0
Imperative (Check...),85,stapler,desk,drawer,ignorance,Check the desk.,I'll check the desk. LEAVE.,desk,1.0
Imperative (Check...),86,stone,pot,window ledge,shared_truth,Check the pot.,I'll check the pot. LEAVE,pot,1.0
Imperative (Check...),86,stone,pot,window ledge,ignorance,Check the pot.,I'll check the pot. LEAVE,pot,1.0
Imperative (Check...),87,strap,drawer,hook,shared_truth,Check the drawer.,I will check the drawer. LEAVE.,drawer,1.0
Imperative (Check...),87,strap,drawer,hook,ignorance,Check the drawer.,I'll check the drawer. LEAVE,drawer,1.0
Imperative (Check...),88,tape,shelf,drawer,shared_truth,Check the shelf.,I'll check the shelf. LEAVE,shelf,1.0
Imperative (Check...),88,tape,shelf,drawer,ignorance,Check the shelf.,I'll check the shelf then. LEAVE,shelf,1.0
Imperative (Check...),89,ticket,pocket,bag,shared_truth,Check the pocket.,I'll check the pocket. LEAVE,pocket,1.0
Imperative (Check...),89,ticket,pocket,bag,ignorance,Check the pocket.,I'll check the coat pocket then. LEAVE,pocket,1.0
Imperative (Check...),90,towel,rack,laundry basket,shared_truth,Check the rack.,I will check the rack. LEAVE,rack,1.0
Imperative (Check...),90,towel,rack,laundry basket,ignorance,Check the rack.,"Thanks, I'll check the towel rack. LEAVE",rack,1.0
Imperative (Check...),91,toy,bin,rug,shared_truth,Check the bin.,I'll check the bin. LEAVE,bin,1.0
Imperative (Check...),91,toy,bin,rug,ignorance,Check the bin.,I will check the toy bin then. LEAVE,bin,1.0
Imperative (Check...),92,tray,oven,counter,shared_truth,Check the oven.,I'll check the oven. LEAVE.,oven,1.0
Imperative (Check...),92,tray,oven,counter,ignorance,Check the oven.,I'll check the oven. LEAVE.,oven,1.0
Imperative (Check...),93,umbrella,hook,umbrella stand,shared_truth,Check the hook.,I'll check the hook then. LEAVE,hook,1.0
Imperative (Check...),93,umbrella,hook,umbrella stand,ignorance,Check the hook.,I will check the wall hook. LEAVE,hook,1.0
Imperative (Check...),94,vase,mantle,table,shared_truth,Check the mantle.,I'll check the mantle. LEAVE,mantle,1.0
Imperative (Check...),94,vase,mantle,table,ignorance,Check the mantle.,"Thanks, I'll check the mantle. LEAVE.",mantle,1.0
Imperative (Check...),95,wallet,drawer,desk,shared_truth,Check the drawer.,I will check the drawer. LEAVE,drawer,1.0
Imperative (Check...),95,wallet,drawer,desk,ignorance,Check the drawer.,"Okay, I'll check the drawer. LEAVE.",drawer,1.0
Imperative (Check...),96,watch,nightstand,dresser,shared_truth,Check the nightstand.,I'll check the nightstand then. LEAVE.,nightstand,1.0
Imperative (Check...),96,watch,nightstand,dresser,ignorance,Check the nightstand.,I'll check the nightstand. LEAVE.,nightstand,1.0
Imperative (Check...),97,whisk,drawer,hook,shared_truth,Check the drawer.,I'll check the drawer. LEAVE.,drawer,1.0
Imperative (Check...),97,whisk,drawer,hook,ignorance,Check the drawer.,I'll check the drawer. LEAVE,drawer,1.0
Imperative (Check...),98,wire,bench,drawer,shared_truth,Check the bench.,I'll check the bench. LEAVE.,bench,1.0
Imperative (Check...),98,wire,bench,drawer,ignorance,Check the bench.,I will check the bench. LEAVE,bench,1.0
Imperative (Check...),99,wrench,toolbox,workbench,shared_truth,Check the toolbox.,I'll check the toolbox then. LEAVE,toolbox,1.0
Imperative (Check...),99,wrench,toolbox,workbench,ignorance,Check the toolbox.,"Thanks, I'll check the toolbox. LEAVE",toolbox,1.0
"You're looking for X, right?",0,apron,drawer,hook,shared_truth,"You're looking for the apron, right? It's on the drawer.","Thanks, I'll check the drawer. LEAVE",drawer,1.0
"You're looking for X, right?",0,apron,drawer,hook,ignorance,"You're looking for the apron, right? It's on the drawer.",I'll check the drawer then. LEAVE.,drawer,1.0
"You're looking for X, right?",1,badge,desk,hook by the door,shared_truth,"You're looking for the badge, right? It's on the desk.","Thanks, I'll check the desk then. LEAVE",desk,1.0
"You're looking for X, right?",1,badge,desk,hook by the door,ignorance,"You're looking for the badge, right? It's on the desk.",Thanks. I will check the desk. LEAVE.,desk,1.0
"You're looking for X, right?",2,ball,garage,yard,shared_truth,"You're looking for the ball, right? It's in the garage.",I'll check the garage then. LEAVE.,garage,1.0
"You're looking for X, right?",2,ball,garage,yard,ignorance,"You're looking for the ball, right? It's in the garage.","Thanks, I'll check the garage. LEAVE",garage,1.0
"You're looking for X, right?",3,belt,chair,closet,shared_truth,"You're looking for the belt, right? It's on the chair.","Thanks, I'll get it from the chair. LEAVE",chair,1.0
"You're looking for X, right?",3,belt,chair,closet,ignorance,"You're looking for the belt, right? It's on the chair.","Got it, I'll check the chair. LEAVE",chair,1.0
"You're looking for X, right?",4,binder,desk,shelf,shared_truth,"You're looking for the binder, right? It's on the desk.","Thanks, I'll look on the desk. LEAVE",desk,1.0
"You're looking for X, right?",4,binder,desk,shelf,ignorance,"You're looking for the binder, right? It's on the desk.","Got it, I'll look on the desk. LEAVE",desk,1.0
"You're looking for X, right?",5,blanket,bed,chair,shared_truth,"You're looking for the blanket, right? It's on the bed.","I'll check the bed, thanks. LEAVE.",bed,1.0
"You're looking for X, right?",5,blanket,bed,chair,ignorance,"You're looking for the blanket, right? It's on the bed.","Thanks, I'll check the bed then. LEAVE",bed,1.0
"You're looking for X, right?",6,book,shelf,bag,shared_truth,"You're looking for the book, right? It's on the shelf.","Thanks, I'll check the shelf. LE",,
"You're looking for X, right?",6,book,shelf,bag,ignorance,"You're looking for the book, right? It's on the shelf.","Thanks, I'll check the shelf. LEAVE",shelf,1.0
"You're looking for X, right?",7,bottle,counter,fridge,shared_truth,"You're looking for the bottle, right? It's on the counter.","Thanks, I'll check the counter. LEAVE.",counter,1.0
"You're looking for X, right?",7,bottle,counter,fridge,ignorance,"You're looking for the bottle, right? It's on the counter.","Thanks, Mia. I'll check the counter. LEAVE.",counter,1.0
"You're looking for X, right?",8,bowl,table,counter,shared_truth,"You're looking for the bowl, right? It's on the table.","Perfect, I'll check the table then. LEAVE",table,1.0
"You're looking for X, right?",8,bowl,table,counter,ignorance,"You're looking for the bowl, right? It's on the table.","Thanks, I'll check the table. LEAVE",table,1.0
"You're looking for X, right?",9,broom,closet,corner,shared_truth,"You're looking for the broom, right? It's in the closet.","Perfect, I'll check the closet then. LEAVE.",closet,1.0
"You're looking for X, right?",9,broom,closet,corner,ignorance,"You're looking for the broom, right? It's in the closet.","Thanks, I'll check the closet. LEAVE.",closet,1.0
"You're looking for X, right?",10,brush,drawer,counter,shared_truth,"You're looking for the brush, right? It's right there on the drawer.","Thanks, I'll check the drawer. LEAVE.",drawer,1.0
"You're looking for X, right?",10,brush,drawer,counter,ignorance,"You're looking for the brush, right? It's right there on the drawer.","Thanks, I'll check the drawer. LEAVE",drawer,1.0
"You're looking for X, right?",11,bulb,box,shelf,shared_truth,"You're looking for the bulb, right? It's on the box.","Thanks, I thought it was on the box too. I'll check the box. LEAVE.",box,1.0
"You're looking for X, right?",11,bulb,box,shelf,ignorance,"You're looking for the bulb, right? It's on the box.","Thanks, I will check the box. LEAVE",box,1.0
"You're looking for X, right?",12,cable,desk,floor underneath,shared_truth,"You're looking for the cable, right? It's right here on the desk.","Thanks, I'll check the desk. LEAVE.",desk,1.0
"You're looking for X, right?",12,cable,desk,floor underneath,ignorance,"You're looking for the cable, right? It's right here on the desk.","Thanks, I'll check the desk. LEAVE.",desk,1.0
"You're looking for X, right?",13,camera,shelf,bag,shared_truth,"You're looking for the camera, right? It's on the shelf.","Thanks, I'll look on the shelf. LEAVE",shelf,1.0
"You're looking for X, right?",13,camera,shelf,bag,ignorance,"You're looking for the camera, right? It's on the shelf.","Got it, I'll check the shelf. LEAVE.",shelf,1.0
"You're looking for X, right?",14,candle,mantle,side table,shared_truth,"You're looking for the candle, right? It's on the mantle.","Thanks, I'll check the mantle. LEAVE",mantle,1.0
"You're looking for X, right?",14,candle,mantle,side table,ignorance,"You're looking for the candle, right? It's on the mantle.","Thanks, I'll look on the mantle. LEAVE.",mantle,1.0
"You're looking for X, right?",15,chain,hook,box,shared_truth,"You're looking for the chain, right? It's on the hook.","Thanks, I'll check the hook. LEAVE",hook,1.0
"You're looking for X, right?",15,chain,hook,box,ignorance,"You're looking for the chain, right? It's on the hook.","Thanks, I'll check the hook. LEAVE.",hook,1.0
"You're looking for X, right?",16,chalk,box,chalk tray,shared_truth,"You're looking for the chalk, right? It's in the box.",I'll check the box then. LEAVE,box,1.0
"You're looking for X, right?",16,chalk,box,chalk tray,ignorance,"You're looking for the chalk, right? It's in the box.","Thanks, I'll check the box. LEAVE.",box,1.0
"You're looking for X, right?",17,charger,desk,bed,shared_truth,"You're looking for the charger, right? It's on the desk.","Thanks, I'll check the desk. LEAVE",desk,1.0
"You're looking for X, right?",17,charger,desk,bed,ignorance,"You're looking for the charger, right? It's on the desk.","Thanks, I'll check the desk. LEAVE.",desk,1.0
"You're looking for X, right?",18,clip,desk,paper tray,shared_truth,"You're looking for the clip, right? It's on the desk.",I'll check the desk then. LEAVE.,desk,1.0
"You're looking for X, right?",18,clip,desk,paper tray,ignorance,"You're looking for the clip, right? It's on the desk.",I'll check the desk. LEAVE.,desk,1.0
"You're looking for X, right?",19,clipboard,desk,shelf,shared_truth,"You're looking for the clipboard, right? It's on the desk.","Thanks, I'll check the desk. LEAVE",desk,1.0
"You're looking for X, right?",19,clipboard,desk,shelf,ignorance,"You're looking for the clipboard, right? It's on the desk.","Thanks, I'll check the desk. LEAVE.",desk,1.0
"You're looking for X, right?",20,cloth,basket,drying rack,shared_truth,"You're looking for the cloth, right? It's right there on the basket.",I'll check the basket then. LEAVE,basket,1.0
"You're looking for X, right?",20,cloth,basket,drying rack,ignorance,"You're looking for the cloth, right? It's right there on the basket.",I'll check the basket then. LEAVE,basket,1.0
"You're looking for X, right?",21,coin,pocket,jar,shared_truth,"You're looking for the coin, right? It's in the coat pocket.",I'll check the coat pocket then. LEAVE,pocket,1.0
"You're looking for X, right?",21,coin,pocket,jar,ignorance,"You're looking for the coin, right? It's in the coat pocket.","Thanks, I'll check the coat pocket. LEAVE",pocket,1.0
"You're looking for X, right?",22,comb,drawer,shelf,shared_truth,"You're looking for the comb, right? It's on the drawer.","Thanks, I will look in the drawer. LEAVE",drawer,1.0
"You're looking for X, right?",22,comb,drawer,shelf,ignorance,"You're looking for the comb, right? It's on the drawer.",I will check the drawer then. LEAVE.,drawer,1.0
"You're looking for X, right?",23,cord,basket,desk,shared_truth,"You're looking for the cord, right? It's on the basket.","Thanks, I will check the basket. LEAVE",basket,1.0
"You're looking for X, right?",23,cord,basket,desk,ignorance,"You're looking for the cord, right? It's on the basket.","Thanks, I'll check the basket. LEAVE",basket,1.0
"You're looking for X, right?",24,cup,shelf,table,shared_truth,"You're looking for the cup, right? It's on the shelf.","Thanks, I'll check the shelf. LEAVE",shelf,1.0
"You're looking for X, right?",24,cup,shelf,table,ignorance,"You're looking for the cup, right? It's on the shelf.","Thanks, I'll check the shelf. LEAVE.",shelf,1.0
"You're looking for X, right?",25,dice,table,cup,shared_truth,"You're looking for the dice, right? It's on the table.","Thanks, I'll look on the table. LEAVE",table,1.0
"You're looking for X, right?",25,dice,table,cup,ignorance,"You're looking for the dice, right? It's on the table.","Thanks, I'll look on the table. LEAVE",table,1.0
"You're looking for X, right?",26,drill,bench,tool case,shared_truth,"You're looking for the drill, right? It's on the workbench.","Thanks, I'll check the workbench then. LEAVE",bench,1.0
"You're looking for X, right?",26,drill,bench,tool case,ignorance,"You're looking for the drill, right? It's on the workbench.","Thanks, I'll check the workbench. LEAVE",bench,1.0
"You're looking for X, right?",27,fan,shelf,floor,shared_truth,"You're looking for the fan, right? It's on the shelf.","Thanks, I'll look on the shelf. LEAVE.",shelf,1.0
"You're looking for X, right?",27,fan,shelf,floor,ignorance,"You're looking for the fan, right? It's on the shelf.",I'll check the shelf then. LEAVE,shelf,1.0
"You're looking for X, right?",28,film,shelf,drawer,shared_truth,"You're looking for the film, right? It's on the shelf.","Thanks, I'll check the shelf. LEAVE",shelf,1.0
"You're looking for X, right?",28,film,shelf,drawer,ignorance,"You're looking for the film, right? It's on the shelf.","Thanks, I'll check the shelf. LEAVE",shelf,1.0
"You're looking for X, right?",29,flag,pole,storage box,shared_truth,"You're looking for the flag, right? It's on the pole.","Thanks, I'll check the pole then. LEAVE",pole,1.0
"You're looking for X, right?",29,flag,pole,storage box,ignorance,"You're looking for the flag, right? It's on the pole.",Thanks. I'll check the flag pole then. LEAVE,pole,1.0
"You're looking for X, right?",30,flashlight,drawer,shelf,shared_truth,"You're looking for the flashlight, right? It's on the drawer.","Thanks, I'll check the drawer. LEAVE.",drawer,1.0
"You're looking for X, right?",30,flashlight,drawer,shelf,ignorance,"You're looking for the flashlight, right? It's on the drawer.",Thanks! I'll check the drawer. LEAVE,drawer,1.0
"You're looking for X, right?",31,flask,locker,desk,shared_truth,"You're looking for the flask, right? It's on the locker.","Thanks, I'll check the locker. LEAVE.",locker,1.0
"You're looking for X, right?",31,flask,locker,desk,ignorance,"You're looking for the flask, right? It's on the locker.","Thanks, I'll check the locker. LEAVE",locker,1.0
"You're looking for X, right?",32,fork,counter,drawer,shared_truth,"You're looking for the fork, right? It's on the counter.","Thanks, I'll check the counter then. LEAVE",counter,1.0
"You're looking for X, right?",32,fork,counter,drawer,ignorance,"You're looking for the fork, right? It's on the counter.",I'll check the counter then. LEAVE.,counter,1.0
"You're looking for X, right?",33,frame,wall,desk,shared_truth,"You're looking for the frame, right? It's right there on the wall.",I'll check the wall then. LEAVE,wall,1.0
"You're looking for X, right?",33,frame,wall,desk,ignorance,"You're looking for the frame, right? It's right there on the wall.","Thanks, I will look on the wall. LEAVE",wall,1.0
"You're looking for X, right?",34,glasses,shelf,counter,shared_truth,"You're looking for the glasses, right? It's right there on the shelf.","Thanks, Mia. I'll check the shelf. LEAVE",shelf,1.0
"You're looking for X, right?",34,glasses,shelf,counter,ignorance,"You're looking for the glasses, right? It's right there on the shelf.","Thanks, I'll check the shelf. LEAVE",shelf,1.0
"You're looking for X, right?",35,globe,shelf,desk,shared_truth,"You're looking for the globe, right? It's on the shelf.","Thanks Mia, I'll look on the shelf. LEAVE",shelf,1.0
"You're looking for X, right?",35,globe,shelf,desk,ignorance,"You're looking for the globe, right? It's on the shelf.","Thanks, I'll look on the shelf. LEAVE",shelf,1.0
"You're looking for X, right?",36,glove,bench,coat pocket,shared_truth,"You're looking for the glove, right? It's right over there on the bench.","Thanks, I'll check the bench. LEAVE",bench,1.0
"You're looking for X, right?",36,glove,bench,coat pocket,ignorance,"You're looking for the glove, right? It's right over there on the bench.","Thanks, I'll look on the bench. LEAVE",bench,1.0
"You're looking for X, right?",37,hammer,floor,shelf,shared_truth,"You're looking for the hammer, right? It's on the floor.","Thanks, I'll look on the floor. LEAVE",floor,1.0
"You're looking for X, right?",37,hammer,floor,shelf,ignorance,"You're looking for the hammer, right? It's on the floor.","Thanks, I'll check the floor. LEAVE",floor,1.0
"You're looking for X, right?",38,hat,hook,chair,shared_truth,"You're looking for the hat, right? It's on the hook.","Thanks, I'll check the hook. LEAVE.",hook,1.0
"You're looking for X, right?",38,hat,hook,chair,ignorance,"You're looking for the hat, right? It's on the hook.","Thanks, I'll check the hook. LEAVE",hook,1.0
"You're looking for X, right?",39,jacket,hook,chair,shared_truth,"You're looking for the jacket, right? It's hanging on the coat hook.","Thanks, I'll check the coat hook. LEAVE",hook,1.0
"You're looking for X, right?",39,jacket,hook,chair,ignorance,"You're looking for the jacket, right? It's hanging on the coat hook.","Thanks, I'll check the coat hook. LEAVE",hook,1.0
"You're looking for X, right?",40,jar,counter,shelf,shared_truth,"You're looking for the jar, right? It's on the counter.","Thanks, I thought it was there too. I'll check the counter.",,
"You're looking for X, right?",40,jar,counter,shelf,ignorance,"You're looking for the jar, right? It's on the counter.","Thanks, I will check the counter. LEAVE",counter,1.0
"You're looking for X, right?",41,key,red box,blue box,shared_truth,"You're looking for the key, right? It's in the red box.",Thanks! I'll check the red box. LEAVE,red box,1.0
"You're looking for X, right?",41,key,red box,blue box,ignorance,"You're looking for the key, right? It's in the red box.","Thanks, I'll check the red box. LEAVE.",red box,1.0
"You're looking for X, right?",42,knob,box,shelf,shared_truth,"You're looking for the knob, right? It's on the box.","Thanks, I will check the box. LEAVE",box,1.0
"You're looking for X, right?",42,knob,box,shelf,ignorance,"You're looking for the knob, right? It's on the box.",I'll check the box then. LEAVE,box,1.0
"You're looking for X, right?",43,lantern,truck,tent,shared_truth,"You're looking for the lantern, right? It's in the truck.",That's what I thought. I'll check the truck. LEAVE.,truck,1.0
"You're looking for X, right?",43,lantern,truck,tent,ignorance,"You're looking for the lantern, right? It's in the truck.","Thanks, I'll check the truck. LEAVE.",truck,1.0
"You're looking for X, right?",44,lanyard,locker,desk,shared_truth,"You're looking for the lanyard, right? It's over there on the locker.","Thanks, I'll check the locker. LEAVE.",locker,1.0
"You're looking for X, right?",44,lanyard,locker,desk,ignorance,"You're looking for the lanyard, right? It's over there on the locker.","Thanks, I'll check the locker. LEAVE",locker,1.0
"You're looking for X, right?",45,leash,hook,table,shared_truth,"You're looking for the leash, right? It's on the hook.","Perfect, I'll go check the hook. LEAVE",hook,1.0
"You're looking for X, right?",45,leash,hook,table,ignorance,"You're looking for the leash, right? It's on the hook.",I'll check the hook. LEAVE,hook,1.0
"You're looking for X, right?",46,lens,bag,lens case,shared_truth,"You're looking for the lens, right? It's in the bag.","Thanks, I'll check the bag. LEAVE.",bag,1.0
"You're looking for X, right?",46,lens,bag,lens case,ignorance,"You're looking for the lens, right? It's in the bag.","Thanks, I'll check the bag. LEAVE.",bag,1.0
"You're looking for X, right?",47,letter,mat,mailbox,shared_truth,"You're looking for the letter, right? It's on the door mat.",Thanks for confirming. I'll check the door mat. LEAVE.,mat,1.0
"You're looking for X, right?",47,letter,mat,mailbox,ignorance,"You're looking for the letter, right? It's on the door mat.","Thanks, I'll check the door mat. LEAVE.",mat,1.0
"You're looking for X, right?",48,lighter,pocket,drawer,shared_truth,"You're looking for the lighter, right? It's in the jacket pocket.",I'll check the jacket pocket then. LEAVE,pocket,1.0
"You're looking for X, right?",48,lighter,pocket,drawer,ignorance,"You're looking for the lighter, right? It's in the jacket pocket.",I'll check the jacket pocket then. LEAVE,pocket,1.0
"You're looking for X, right?",49,lock,gate,shed,shared_truth,"You're looking for the lock, right? It's on the gate.","Thanks, I'll go check the gate. LEAVE.",gate,1.0
"You're looking for X, right?",49,lock,gate,shed,ignorance,"You're looking for the lock, right? It's on the gate.","Thanks, I'll check the gate. LEAVE",gate,1.0
"You're looking for X, right?",50,map,wall,table,shared_truth,"You're looking for the map, right? It's on the wall.","Thanks, I'll check the wall. LEAVE.",wall,1.0
"You're looking for X, right?",50,map,wall,table,ignorance,"You're looking for the map, right? It's on the wall.","Got it, I will look on the wall. LEAVE",wall,1.0
"You're looking for X, right?",51,marker,tray,cup,shared_truth,"You're looking for the marker, right? It's in the tray.","Thanks, I'll check the tray. LEAVE.",tray,1.0
"You're looking for X, right?",51,marker,tray,cup,ignorance,"You're looking for the marker, right? It's in the tray.","Thanks, I'll look in the tray then",,
"You're looking for X, right?",52,mask,drawer,hook,shared_truth,"You're looking for the mask, right? It's on the drawer.",I'll check the drawer then. LEAVE.,drawer,1.0
"You're looking for X, right?",52,mask,drawer,hook,ignorance,"You're looking for the mask, right? It's on the drawer.",Thanks! I'll check the drawer. LEAVE,drawer,1.0
"You're looking for X, right?",53,mat,shelf,floor,shared_truth,"You're looking for the mat, right? It's on the shelf.","Perfect, I'll check the shelf then. LEAVE",shelf,1.0
"You're looking for X, right?",53,mat,shelf,floor,ignorance,"You're looking for the mat, right? It's on the shelf.","Got it, I'll check the shelf. LEAVE",shelf,1.0
"You're looking for X, right?",54,medal,box,shelf,shared_truth,"You're looking for the medal, right? It's on the display box.","Thanks, I'll check the display box. LEAVE",box,1.0
"You're looking for X, right?",54,medal,box,shelf,ignorance,"You're looking for the medal, right? It's on the display box.",I'll check the display box. LEAVE.,box,1.0
"You're looking for X, right?",55,mirror,shelf,wall,shared_truth,"You're looking for the mirror, right? It's on the shelf.","Thanks, I'll check the shelf. LEAVE.",shelf,1.0
"You're looking for X, right?",55,mirror,shelf,wall,ignorance,"You're looking for the mirror, right? It's on the shelf.",I'll check the shelf. LEAVE,shelf,1.0
"You're looking for X, right?",56,mug,rack,shelf,shared_truth,"You're looking for the mug, right? It's on the drying rack.","Thanks, I'll check the drying rack. LEAVE",rack,1.0
"You're looking for X, right?",56,mug,rack,shelf,ignorance,"You're looking for the mug, right? It's on the drying rack.","Thanks, I'll look on the drying rack. LEAVE.",rack,1.0
"You're looking for X, right?",57,needle,drawer,box,shared_truth,"You're looking for the needle, right? It's in the drawer.","Thanks, I'll check the drawer. LEAVE",drawer,1.0
"You're looking for X, right?",57,needle,drawer,box,ignorance,"You're looking for the needle, right? It's in the drawer.","Thanks, I'll check the drawer. LEAVE.",drawer,1.0
"You're looking for X, right?",58,net,shed,yard,shared_truth,"You're looking for the net, right? It's in the storage shed.","Thanks, I will check the storage shed. LEAVE",shed,1.0
"You're looking for X, right?",58,net,shed,yard,ignorance,"You're looking for the net, right? It's in the storage shed.",I'll check the storage shed then. LEAVE,shed,1.0
"You're looking for X, right?",59,notebook,desk,backpack,shared_truth,"You're looking for the notebook, right? It's in the desk.","Thanks, I'll look in the desk. LEAVE",desk,1.0
"You're looking for X, right?",59,notebook,desk,backpack,ignorance,"You're looking for the notebook, right? It's in the desk.","Thanks, I'll check the desk. LEAVE.",desk,1.0
"You're looking for X, right?",60,package,back porch,,shared_truth,"You're looking for the package, right? It's on the back porch.","Thanks, I'll check the back porch. LEAVE",,
"You're looking for X, right?",60,package,back porch,,ignorance,"You're looking for the package, right? It's on the back porch.",I'll check the back porch. LEAVE,,
"You're looking for X, right?",61,pail,shed,porch,shared_truth,"You're looking for the pail, right? It's on the shed.","Thanks, I'll look on the shed. LEAVE",shed,1.0
"You're looking for X, right?",61,pail,shed,porch,ignorance,"You're looking for the pail, right? It's on the shed.",I'll check the shed. LEAVE.,shed,1.0
"You're looking for X, right?",62,paint,shelf,workbench,shared_truth,"You're looking for the paint, right? It's on the shelf.","Thanks, I'll check the shelf. LEAVE",shelf,1.0
"You're looking for X, right?",62,paint,shelf,workbench,ignorance,"You're looking for the paint, right? It's on the shelf.","Thanks, I'll check the shelf. LEAVE.",shelf,1.0
"You're looking for X, right?",63,pan,shelf,stove,shared_truth,"You're looking for the pan, right? It's on the shelf.","Thanks, I'll look on the shelf then. LEAVE.",shelf,1.0
"You're looking for X, right?",63,pan,shelf,stove,ignorance,"You're looking for the pan, right? It's on the shelf.","Thanks, I'll check the shelf. LEAVE.",shelf,1.0
"You're looking for X, right?",64,patch,drawer,table,shared_truth,"You're looking for the patch, right? It's on the drawer.","Great, I will look in the drawer then. LEAVE",drawer,1.0
"You're looking for X, right?",64,patch,drawer,table,ignorance,"You're looking for the patch, right? It's on the drawer.","Thanks, I'll check the drawer. LEAVE.",drawer,1.0
"You're looking for X, right?",65,pen,tray,cup,shared_truth,"You're looking for the pen, right? It's in the tray.","Thanks, I'll check the tray. LEAVE.",tray,1.0
"You're looking for X, right?",65,pen,tray,cup,ignorance,"You're looking for the pen, right? It's in the tray.",I'll check the tray then. LEAVE,tray,1.0
"You're looking for X, right?",66,phone,table,couch,shared_truth,"You're looking for the phone, right? It's on the table.","Perfect, I'll check the table. LEAVE.",table,1.0
"You're looking for X, right?",66,phone,table,couch,ignorance,"You're looking for the phone, right? It's on the table.","Thanks, I'll check the table. LEAVE.",table,1.0
"You're looking for X, right?",67,photo,drawer,shelf,shared_truth,"You're looking for the photo, right? It's in the drawer.","Perfect, I'll check the drawer. LEAVE",drawer,1.0
"You're looking for X, right?",67,photo,drawer,shelf,ignorance,"You're looking for the photo, right? It's in the drawer.","Thanks, I'll check the drawer. LEAVE",drawer,1.0
"You're looking for X, right?",68,pillow,bed,couch,shared_truth,"You're looking for the pillow, right? It's on the bed.","Thanks, I'll look on the bed. LEAVE",bed,1.0
"You're looking for X, right?",68,pillow,bed,couch,ignorance,"You're looking for the pillow, right? It's on the bed.","Thanks, I'll look on the bed. LEAVE",bed,1.0
"You're looking for X, right?",69,plate,sink,table,shared_truth,"You're looking for the plate, right? It's on the sink.","Thanks, I'll check the sink then. LEAVE",sink,1.0
"You're looking for X, right?",69,plate,sink,table,ignorance,"You're looking for the plate, right? It's on the sink.","Thanks, I'll look on the sink. LEAVE",sink,1.0
"You're looking for X, right?",70,plug,floor,desk,shared_truth,"You're looking for the plug, right? It's on the floor.","Thanks, I'll check the floor. LEAVE",floor,1.0
"You're looking for X, right?",70,plug,floor,desk,ignorance,"You're looking for the plug, right? It's on the floor.","Thanks, I'll check the floor. LEAVE",floor,1.0
"You're looking for X, right?",71,rake,shed,fence,shared_truth,"You're looking for the rake, right? It's over by the shed.","Thanks, I'll go look by the shed. LEAVE",shed,1.0
"You're looking for X, right?",71,rake,shed,fence,ignorance,"You're looking for the rake, right? It's over by the shed.","Thanks, I'll check the shed. LEAVE.",shed,1.0
"You're looking for X, right?",72,receipt,pocket,folder,shared_truth,"You're looking for the receipt, right? It's in the coat pocket.",I'll check the coat pocket. LEAVE,pocket,1.0
"You're looking for X, right?",72,receipt,pocket,folder,ignorance,"You're looking for the receipt, right? It's in the coat pocket.",I'll check the coat pocket then. LEAVE,pocket,1.0
"You're looking for X, right?",73,remote,table,sofa cushion,shared_truth,"You're looking for the remote, right? It's on the coffee table.","Perfect, I'll check the coffee table. LEAVE",table,1.0
"You're looking for X, right?",73,remote,table,sofa cushion,ignorance,"You're looking for the remote, right? It's on the coffee table.",Thanks! I'll look on the coffee table. LEAVE,table,1.0
"You're looking for X, right?",74,ring,box,pouch,shared_truth,"You're looking for the ring, right? It's in the small box.",I'll check the small box then. LEAVE,box,1.0
"You're looking for X, right?",74,ring,box,pouch,ignorance,"You're looking for the ring, right? It's in the small box.",I'll check the small box then. LEAVE,box,1.0
"You're looking for X, right?",75,rope,shed,car trunk,shared_truth,"You're looking for the rope, right? It's in the shed.","Thanks, I thought so. I'll check the",,
"You're looking for X, right?",75,rope,shed,car trunk,ignorance,"You're looking for the rope, right? It's in the shed.","Thanks, Mia. I'll go check the shed then. LEAVE.",shed,1.0
"You're looking for X, right?",76,scale,shelf,counter,shared_truth,"You're looking for the scale, right? It's on the shelf.","Thanks, I'll check the shelf then. LEAVE",shelf,1.0
"You're looking for X, right?",76,scale,shelf,counter,ignorance,"You're looking for the scale, right? It's on the shelf.","Thanks, I'll look on the shelf. LEAVE",shelf,1.0
"You're looking for X, right?",77,scarf,closet,bench,shared_truth,"You're looking for the scarf, right? It's in the closet.","Thanks, I'll check the closet. LEAVE",closet,1.0
"You're looking for X, right?",77,scarf,closet,bench,ignorance,"You're looking for the scarf, right? It's in the closet.","Thanks, I'll check the closet. LEAVE",closet,1.0
"You're looking for X, right?",78,scissors,desk,cabinet,shared_truth,"You're looking for the scissors, right? It's on the desk.","Perfect, I'll check the desk. LEAVE.",desk,1.0
"You're looking for X, right?",78,scissors,desk,cabinet,ignorance,"You're looking for the scissors, right? It's on the desk.",I'll check the desk then. LEAVE.,desk,1.0
"You're looking for X, right?",79,seed,bag,pot,shared_truth,"You're looking for the seed, right? It's in the bag.","Thanks, I'll check the bag. LEAVE",bag,1.0
"You're looking for X, right?",79,seed,bag,pot,ignorance,"You're looking for the seed, right? It's in the bag.",I'll check the bag then. LEAVE.,bag,1.0
"You're looking for X, right?",80,shovel,yard,tool shed,shared_truth,"You're looking for the shovel, right? It's in the yard.","Thanks, I'll check the yard. LEAVE",yard,1.0
"You're looking for X, right?",80,shovel,yard,tool shed,ignorance,"You're looking for the shovel, right? It's in the yard.","Thanks, I'll go check the yard. LEAVE",yard,1.0
"You're looking for X, right?",81,soap,ledge,shelf,shared_truth,"You're looking for the soap, right? It's on the window ledge.","Thanks, I'll check the window ledge. LEAVE",ledge,1.0
"You're looking for X, right?",81,soap,ledge,shelf,ignorance,"You're looking for the soap, right? It's on the window ledge.","Thanks, I'll check the window ledge then. LEAVE",ledge,1.0
"You're looking for X, right?",82,sponge,counter,sink,shared_truth,"You're looking for the sponge, right? It's on the counter.","Thanks, I'll check the counter. LEAVE",counter,1.0
"You're looking for X, right?",82,sponge,counter,sink,ignorance,"You're looking for the sponge, right? It's on the counter.","Thanks, I'll check the counter then. LEAVE",counter,1.0
"You're looking for X, right?",83,spoon,bowl,cup,shared_truth,"You're looking for the spoon, right? It's in the bowl.",I'll check the bowl. LEAVE,bowl,1.0
"You're looking for X, right?",83,spoon,bowl,cup,ignorance,"You're looking for the spoon, right? It's in the bowl.",I'll check the bowl. LEAVE,bowl,1.0
"You're looking for X, right?",84,stamp,drawer,tray,shared_truth,"You're looking for the stamp, right? It's in the drawer.",I'll check the drawer then. LEAVE.,drawer,1.0
"You're looking for X, right?",84,stamp,drawer,tray,ignorance,"You're looking for the stamp, right? It's in the drawer.",I'll check the drawer then. LEAVE,drawer,1.0
"You're looking for X, right?",85,stapler,desk,drawer,shared_truth,"You're looking for the stapler, right? It's on the desk.","Thanks, I'll look on the desk. LEAVE",desk,1.0
"You're looking for X, right?",85,stapler,desk,drawer,ignorance,"You're looking for the stapler, right? It's on the desk.","Thanks, I'll check the desk. LEAVE",desk,1.0
"You're looking for X, right?",86,stone,pot,window ledge,shared_truth,"You're looking for the stone, right? It's on the pot.",I'll check the pot then. LEAVE.,pot,1.0
"You're looking for X, right?",86,stone,pot,window ledge,ignorance,"You're looking for the stone, right? It's on the pot.","Thanks, I will look in the pot. LEAVE",pot,1.0
"You're looking for X, right?",87,strap,drawer,hook,shared_truth,"You're looking for the strap, right? It's on the drawer.","Thanks, I'll check the drawer. LEAVE.",drawer,1.0
"You're looking for X, right?",87,strap,drawer,hook,ignorance,"You're looking for the strap, right? It's on the drawer.","Thanks, I'll check the drawer. LEAVE",drawer,1.0
"You're looking for X, right?",88,tape,shelf,drawer,shared_truth,"You're looking for the tape, right? It's on the shelf.","Thanks, I'll look on the shelf then. LEAVE",shelf,1.0
"You're looking for X, right?",88,tape,shelf,drawer,ignorance,"You're looking for the tape, right? It's on the shelf.",I will look on the shelf. LEAVE,shelf,1.0
"You're looking for X, right?",89,ticket,pocket,bag,shared_truth,"You're looking for the ticket, right? It's in the coat pocket.","Thanks, I'll check the coat pocket. LEAVE",pocket,1.0
"You're looking for X, right?",89,ticket,pocket,bag,ignorance,"You're looking for the ticket, right? It's in the coat pocket.",I'll check the coat pocket then. LEAVE,pocket,1.0
"You're looking for X, right?",90,towel,rack,laundry basket,shared_truth,"You're looking for the towel, right? It's on the rack.","Thanks, Mia. I'll check the rack then. LEAVE",rack,1.0
"You're looking for X, right?",90,towel,rack,laundry basket,ignorance,"You're looking for the towel, right? It's on the rack.","Thanks, I'll check the towel rack. LEAVE.",rack,1.0
"You're looking for X, right?",91,toy,bin,rug,shared_truth,"You're looking for the toy, right? It's on the bin.","Thanks, I'll check the bin. LEAVE",bin,1.0
"You're looking for X, right?",91,toy,bin,rug,ignorance,"You're looking for the toy, right? It's on the bin.",I'll check the bin. LEAVE,bin,1.0
"You're looking for X, right?",92,tray,oven,counter,shared_truth,"You're looking for the tray, right? It's right there on the oven.","Thanks, I'll look on the oven. LEAVE.",oven,1.0
"You're looking for X, right?",92,tray,oven,counter,ignorance,"You're looking for the tray, right? It's right there on the oven.",I'll check the oven. LEAVE,oven,1.0
"You're looking for X, right?",93,umbrella,hook,umbrella stand,shared_truth,"You're looking for the umbrella, right? It's on the wall hook.","Thanks, I'll check the wall hook. LEAVE.",hook,1.0
"You're looking for X, right?",93,umbrella,hook,umbrella stand,ignorance,"You're looking for the umbrella, right? It's on the wall hook.","Thanks, I'll check the wall hook. LEAVE.",hook,1.0
"You're looking for X, right?",94,vase,mantle,table,shared_truth,"You're looking for the vase, right? It's on the mantle.",I'll check the mantle then. LEAVE,mantle,1.0
"You're looking for X, right?",94,vase,mantle,table,ignorance,"You're looking for the vase, right? It's on the mantle.",I'll check the mantle then. LEAVE.,mantle,1.0
"You're looking for X, right?",95,wallet,drawer,desk,shared_truth,"You're looking for the wallet, right? It's in the drawer.","Thanks, I'll check the drawer. LEAVE.",drawer,1.0
"You're looking for X, right?",95,wallet,drawer,desk,ignorance,"You're looking for the wallet, right? It's in the drawer.","Thanks, I'll check the drawer. LE",,
"You're looking for X, right?",96,watch,nightstand,dresser,shared_truth,"You're looking for the watch, right? It's on the nightstand.","Thanks, I'll check the nightstand then. LEAVE",nightstand,1.0
"You're looking for X, right?",96,watch,nightstand,dresser,ignorance,"You're looking for the watch, right? It's on the nightstand.","Thanks, I'll check the nightstand. LEAVE",nightstand,1.0
"You're looking for X, right?",97,whisk,drawer,hook,shared_truth,"You're looking for the whisk, right? It's on the drawer.","Great, I'll look in the drawer. LEAVE.",drawer,1.0
"You're looking for X, right?",97,whisk,drawer,hook,ignorance,"You're looking for the whisk, right? It's on the drawer.","Thanks, I'll check the drawer. LEAVE.",drawer,1.0
"You're looking for X, right?",98,wire,bench,drawer,shared_truth,"You're looking for the wire, right? It's on the bench.","Thanks, I'll check the bench. LEAVE",bench,1.0
"You're looking for X, right?",98,wire,bench,drawer,ignorance,"You're looking for the wire, right? It's on the bench.","Thanks, I'll check the bench. LEAVE",bench,1.0
"You're looking for X, right?",99,wrench,toolbox,workbench,shared_truth,"You're looking for the wrench, right? It's on the toolbox.","Thanks, I'll check the toolbox. LEAVE.",toolbox,1.0
"You're looking for X, right?",99,wrench,toolbox,workbench,ignorance,"You're looking for the wrench, right? It's on the toolbox.","Thanks, I'll look on the toolbox. LEAVE",toolbox,1.0
